{"stat.pickup.minecraft.repeating_command_block":6,"stat.useItem.minecraft.chain_command_block":22,"stat.useItem.minecraft.quartz_block":11,"stat.pickup.minecraft.sign":1,"stat.useItem.minecraft.repeater":258,"stat.useItem.minecraft.quartz_stairs":20,"stat.leaveGame":17,"stat.useItem.minecraft.skull":43,"stat.useItem.minecraft.white_shulker_box":352,"stat.useItem.minecraft.repeating_command_block":47,"stat.jump":3405,"stat.climbOneCm":2080,"stat.fallOneCm":80831,"stat.crouchOneCm":48355,"stat.useItem.minecraft.dirt":10,"stat.useItem.minecraft.stone_button":15,"stat.pickup.minecraft.command_block":12,"stat.pickup.minecraft.comparator":10,"stat.pickup.minecraft.repeater":6,"stat.damageTaken":7100,"stat.useItem.minecraft.gold_block":20,"stat.drop.minecraft.concrete":6,"stat.useItem.minecraft.purple_shulker_box":1,"stat.flyOneCm":1605753,"stat.useItem.minecraft.yellow_shulker_box":2,"stat.pickup.minecraft.concrete":337,"stat.useItem.minecraft.wool":22,"stat.timeSinceDeath":5910,"stat.useItem.minecraft.sign":70,"stat.drop.minecraft.diamond":1,"stat.useItem.minecraft.wooden_slab":87,"stat.useItem.minecraft.command_block":210,"stat.walkOneCm":570951,"stat.useItem.minecraft.lever":11,"stat.useItem.minecraft.log":14,"stat.useItem.minecraft.comparator":48,"stat.useItem.minecraft.oak_stairs":2,"stat.drop.minecraft.diamond_block":2,"stat.talkedToVillager":1,"stat.useItem.minecraft.silver_shulker_box":10,"stat.drop.minecraft.iron_block":2,"stat.useItem.minecraft.redstone_block":6,"stat.useItem.minecraft.redstone":4,"stat.useItem.minecraft.sea_lantern":8,"stat.shulkerBoxOpened":71,"stat.useItem.minecraft.leaves":16,"stat.sprintOneCm":177771,"stat.useItem.minecraft.stained_glass":26,"stat.drop.minecraft.command_block":2,"stat.useItem.minecraft.concrete":1797,"stat.useItem.minecraft.birch_door":3,"stat.pickup.minecraft.barrier":2,"stat.useItem.minecraft.stone_slab":3,"stat.useItem.minecraft.barrier":50,"stat.pickup.minecraft.grass":5,"stat.useItem.minecraft.iron_block":159,"stat.useItem.minecraft.wooden_button":1,"stat.drop.minecraft.comparator":3,"stat.useItem.minecraft.hopper":4,"stat.deaths":146,"stat.drop":12,"stat.pickup.minecraft.diamond":1,"stat.useItem.minecraft.writable_book":1,"stat.playOneMinute":390783,"stat.pickup.minecraft.birch_door":1,"stat.useItem.minecraft.jungle_stairs":5,"stat.useItem.minecraft.ladder":5,"stat.sneakTime":23763,"stat.pickup.minecraft.wool":64,"stat.pickup.minecraft.diamond_block":2,"stat.pickup.minecraft.iron_block":1,"stat.pickup.minecraft.sea_lantern":2}