{"stat.useItem.minecraft.end_bricks":3,"stat.useItem.minecraft.chain_command_block":146,"stat.useItem.minecraft.quartz_block":688,"stat.leaveGame":44,"stat.useItem.minecraft.bookshelf":283,"stat.useItem.minecraft.soul_sand":4,"stat.drop.minecraft.redstone":2,"stat.useItem.minecraft.repeating_command_block":29,"stat.useItem.minecraft.glowstone":2,"stat.drop.minecraft.red_nether_brick":2,"stat.drop.minecraft.skull":10,"stat.useItem.minecraft.planks":903,"stat.useItem.minecraft.nether_brick_stairs":92,"stat.drop.minecraft.coal_block":3,"stat.useItem.minecraft.water_bucket":6,"stat.pickup.minecraft.sand":12,"stat.useItem.minecraft.red_nether_brick":190,"stat.useItem.minecraft.vine":1,"stat.drop.minecraft.brick_block":1,"stat.drop.minecraft.jukebox":1,"stat.useItem.minecraft.anvil":275,"stat.useItem.minecraft.brown_mushroom":6,"stat.drop.minecraft.sand":5,"stat.pickup.minecraft.stained_hardened_clay":12,"stat.useItem.minecraft.spawn_egg":2,"stat.pickup.minecraft.double_plant":1,"stat.useItem.minecraft.hardened_clay":1,"stat.pickup.minecraft.light_weighted_pressure_plate":1,"stat.drop.minecraft.gravel":7,"stat.furnaceInteraction":2,"stat.drop.minecraft.diamond_block":1,"stat.pickup.minecraft.wooden_button":4,"stat.drop.minecraft.hay_block":1,"stat.pickup.minecraft.sponge":64,"stat.drop.minecraft.stone_slab":1,"stat.pickup.minecraft.fence_gate":1,"stat.useItem.minecraft.green_shulker_box":1,"stat.useItem.minecraft.end_stone":26,"stat.pickup.minecraft.filled_map":1,"stat.useItem.minecraft.double_plant":58,"stat.pickup.minecraft.prismarine":1,"stat.useItem.minecraft.redstone":50,"stat.drop.minecraft.stained_hardened_clay":46,"stat.drop.minecraft.light_weighted_pressure_plate":1,"stat.drop.minecraft.wooden_button":7,"stat.useItem.minecraft.red_sandstone":20,"achievement.mineWood":2,"stat.useItem.minecraft.blue_shulker_box":5,"stat.useItem.minecraft.trapdoor":88,"stat.useItem.minecraft.stained_glass":1557,"stat.drop.minecraft.magma":1,"stat.useItem.minecraft.fence":187,"stat.drop.minecraft.stone_pressure_plate":2,"stat.useItem.minecraft.stone_stairs":4,"stat.useItem.minecraft.acacia_fence":3,"achievement.openInventory":1333,"stat.useItem.minecraft.flint_and_steel":55,"stat.useItem.minecraft.wooden_button":55,"stat.useItem.minecraft.dye":2,"stat.pickup.minecraft.lever":2,"stat.deaths":156,"stat.drop.minecraft.chain_command_block":32,"stat.playOneMinute":4418915,"stat.useItem.minecraft.jungle_stairs":5,"stat.useItem.minecraft.nether_brick":280,"stat.drop.minecraft.chest":4,"stat.useItem.minecraft.jukebox":3,"stat.chestOpened":54,"stat.drop.minecraft.quartz_ore":1,"stat.useItem.minecraft.stone":2523,"stat.drop.minecraft.packed_ice":1,"stat.useItem.minecraft.sponge":5,"stat.useItem.minecraft.ender_chest":5,"stat.useItem.minecraft.clay":3,"stat.useItem.minecraft.packed_ice":3,"stat.useItem.minecraft.quartz_ore":6,"stat.useItem.minecraft.experience_bottle":2,"stat.fallOneCm":440431,"stat.drop.minecraft.stone":17,"stat.drop.minecraft.dye":36,"stat.crouchOneCm":137633,"stat.useItem.minecraft.black_shulker_box":2,"stat.useItem.minecraft.nether_brick_fence":133,"stat.drop.minecraft.melon_block":1,"stat.drop.minecraft.stained_glass_pane":1,"stat.drop.minecraft.milk_bucket":1,"stat.pickup.minecraft.heavy_weighted_pressure_plate":1,"stat.useItem.minecraft.light_blue_shulker_box":1,"stat.pickup.minecraft.repeater":24,"stat.drop.minecraft.double_plant":1,"stat.useItem.minecraft.dark_oak_fence":82,"stat.pickup.minecraft.orange_shulker_box":11,"stat.useItem.minecraft.furnace":1,"stat.pickup.minecraft.dye":31,"stat.pickup.minecraft.planks":6,"stat.useItem.minecraft.yellow_shulker_box":2,"stat.pickup.minecraft.wheat_seeds":1,"stat.drop.minecraft.soul_sand":1,"stat.drop.minecraft.fence_gate":1,"stat.useItem.minecraft.orange_shulker_box":1,"stat.killEntity.Rabbit":5,"stat.useItem.minecraft.wool":1678,"stat.useItem.minecraft.iron_bars":52,"stat.flowerPotted":2,"stat.useItem.minecraft.bone_block":372,"stat.useItem.minecraft.torch":31,"stat.useItem.minecraft.log":2225,"stat.useItem.minecraft.comparator":13,"stat.useItem.minecraft.cobblestone":856,"stat.drop.minecraft.end_stone":1,"stat.useItem.minecraft.gravel":121,"stat.pickup.minecraft.log":3,"stat.useItem.minecraft.nether_wart_block":3,"stat.drop.minecraft.sign":21,"stat.drop.minecraft.coal_ore":2,"stat.pickup.minecraft.compass":39,"stat.drop.minecraft.planks":4,"stat.drop.minecraft.lapis_block":1,"stat.drop.minecraft.blue_shulker_box":1,"stat.pickup.minecraft.sapling":9,"stat.useItem.minecraft.tallgrass":41,"stat.drop.minecraft.clay":1,"stat.pickup.minecraft.coal_block":1,"stat.drop.minecraft.fish":5,"stat.useItem.minecraft.barrier":58,"stat.useItem.minecraft.stonebrick":192,"stat.pickup.minecraft.red_flower":1,"stat.pickup.minecraft.red_nether_brick":1,"stat.sneakTime":163293,"stat.pickup.minecraft.rabbit":1,"stat.drop.minecraft.sea_lantern":1,"stat.useItem.minecraft.wooden_axe":35,"stat.drop.minecraft.wooden_axe":86,"stat.useItem.minecraft.web":83,"stat.useItem.minecraft.lapis_block":59,"stat.drop.minecraft.pumpkin":1,"stat.pickup.minecraft.stone_pressure_plate":5,"stat.useItem.minecraft.repeater":258,"stat.useItem.minecraft.log2":25,"stat.drop.minecraft.mossy_cobblestone":2,"stat.useItem.minecraft.skull":153,"stat.useItem.minecraft.diamond_sword":43,"stat.swimOneCm":5146,"stat.useItem.minecraft.snow":234,"stat.climbOneCm":1437,"stat.drop.minecraft.cobblestone":3,"stat.useItem.minecraft.coal_block":639,"stat.enderchestOpened":7,"stat.useItem.minecraft.obsidian":7,"stat.useItem.minecraft.dirt":278,"achievement.exploreAllBiomes":{"value":0,"progress":["Jungle","Forest","The Void"]},"stat.useItem.minecraft.red_flower":9,"stat.pickup.minecraft.map":1,"stat.useItem.minecraft.magenta_shulker_box":1,"stat.pickup.minecraft.anvil":5,"stat.drop.minecraft.iron_trapdoor":1,"stat.pickup.minecraft.cobblestone":112,"stat.useItem.minecraft.brick_block":22,"stat.flyOneCm":37257601,"stat.pickup.minecraft.fish":7,"stat.useItem.minecraft.red_mushroom":10,"stat.pickup.minecraft.redstone":2,"stat.timeSinceDeath":248710,"stat.drop.minecraft.log":2,"stat.useItem.minecraft.sign":268,"stat.useItem.minecraft.melon_block":2,"stat.useItem.minecraft.wooden_slab":154,"stat.drop.minecraft.repeater":9,"stat.useItem.minecraft.noteblock":195,"stat.useItem.minecraft.lever":6,"stat.pickup.minecraft.cake":1,"stat.pickup.minecraft.wooden_axe":67,"stat.drop.minecraft.stained_glass":1,"stat.drop.minecraft.flint_and_steel":1,"stat.drop.minecraft.dirt":5,"stat.drop.minecraft.wool":16,"stat.useItem.minecraft.armor_stand":5,"stat.drop.minecraft.bedrock":1,"stat.drop.minecraft.log2":2,"stat.useItem.minecraft.milk_bucket":4,"stat.useItem.minecraft.sea_lantern":2,"stat.drop.minecraft.obsidian":1,"stat.drop.minecraft.compass":63,"stat.killEntity.Squid":1,"stat.useItem.minecraft.diamond_block":2,"stat.sprintOneCm":3518214,"stat.useItem.minecraft.hay_block":5,"stat.useItem.minecraft.stone_slab":335,"stat.drop.minecraft.carrot_on_a_stick":2,"stat.useItem.minecraft.structure_block":1,"stat.useItem.minecraft.stone_pressure_plate":4,"stat.pickup.minecraft.blue_shulker_box":4,"stat.drop":592,"stat.pickup.minecraft.stone_button":18,"stat.useItem.minecraft.cake":3,"stat.useItem.minecraft.purpur_block":4,"stat.drop.minecraft.redstone_block":4,"stat.useItem.minecraft.cyan_shulker_box":1,"stat.killEntity.Guardian":5,"stat.diveOneCm":138957,"stat.pickup.minecraft.sign":5,"stat.useItem.minecraft.quartz_stairs":102,"stat.pickup.minecraft.gravel":6,"stat.useItem.minecraft.heavy_weighted_pressure_plate":4,"stat.useItem.minecraft.potion":1,"stat.useItem.minecraft.stained_glass_pane":355,"stat.drop.minecraft.sponge":66,"stat.useItem.minecraft.flower_pot":4,"stat.useItem.minecraft.bedrock":2,"stat.useItem.minecraft.iron_trapdoor":51,"stat.useItem.minecraft.sand":116,"stat.jump":31258,"stat.pickup.minecraft.black_shulker_box":1,"stat.drop.minecraft.diamond_sword":2,"stat.useItem.minecraft.stone_button":109,"stat.useItem.minecraft.coal_ore":4,"stat.drop.minecraft.glowstone":2,"stat.useItem.minecraft.light_weighted_pressure_plate":4,"stat.useItem.minecraft.dispenser":1,"stat.useItem.minecraft.glass":75,"stat.useItem.minecraft.redstone_lamp":15,"stat.drop.minecraft.gold_block":1,"stat.useItem.minecraft.red_shulker_box":1,"stat.damageTaken":37950,"stat.useItem.minecraft.stone_brick_stairs":7,"stat.useItem.minecraft.gold_block":13,"stat.drop.minecraft.stone_button":3,"stat.pickup.minecraft.prismarine_shard":2,"stat.useItem.minecraft.carrot_on_a_stick":779,"stat.noteblockTuned":808,"stat.drop.minecraft.red_sandstone":2,"stat.pickup.minecraft.prismarine_crystals":1,"stat.pickup.minecraft.quartz_block":1,"stat.useItem.minecraft.magma":64,"stat.damageDealt":3897,"stat.useItem.minecraft.crafting_table":1,"stat.killEntity.Pig":1,"stat.drop.minecraft.emerald_block":1,"stat.useItem.minecraft.command_block":452,"stat.walkOneCm":2041387,"stat.useItem.minecraft.chest":13,"stat.playerKills":2,"stat.useItem.minecraft.pumpkin":4,"stat.useItem.minecraft.tnt":1,"stat.useItem.minecraft.emerald_block":2,"stat.useItem.minecraft.gold_ore":28,"stat.useItem.minecraft.lava_bucket":69,"stat.drop.minecraft.netherrack":1,"stat.useItem.minecraft.redstone_block":169,"stat.drop.minecraft.orange_shulker_box":1,"stat.useItem.minecraft.spruce_stairs":34,"stat.pickup.minecraft.stone":121,"stat.shulkerBoxOpened":5,"stat.useItem.minecraft.stained_hardened_clay":14640,"stat.useItem.minecraft.leaves":1842,"stat.drop.minecraft.command_block":137,"stat.useItem.minecraft.netherrack":813,"stat.useItem.minecraft.prismarine":422,"stat.drop.minecraft.purpur_block":1,"stat.drop.minecraft.nether_brick":1,"stat.useItem.minecraft.iron_block":307,"stat.drop.minecraft.yellow_shulker_box":1,"stat.drop.minecraft.nether_wart_block":1,"stat.drop.minecraft.filled_map":1,"stat.mobKills":15,"stat.drop.minecraft.repeating_command_block":3,"stat.useItem.minecraft.mossy_cobblestone":65,"stat.drop.minecraft.prismarine":3,"stat.useItem.minecraft.cobblestone_wall":46,"stat.drop.minecraft.quartz_block":4,"stat.useItem.minecraft.sandstone":3}