{"stat.useItem.minecraft.anvil":1,"stat.crouchOneCm":7124,"stat.pickup.minecraft.stained_hardened_clay":13,"stat.drop.minecraft.stained_hardened_clay":2,"stat.sneakTime":11263,"achievement.exploreAllBiomes":{"value":0,"progress":["Forest","The Void","Jungle"]},"stat.drop.minecraft.gravel":1,"stat.drop.minecraft.carrot_on_a_stick":153,"stat.drop.minecraft.sapling":1,"stat.useItem.minecraft.carrot_on_a_stick":2422,"achievement.openInventory":36,"stat.drop.minecraft.anvil":1,"stat.pickup.minecraft.sand":2,"stat.damageDealt":29,"stat.pickup.minecraft.sapling":2,"stat.pickup.minecraft.anvil":7,"stat.useItem.minecraft.stained_hardened_clay":878,"stat.fallOneCm":511991,"stat.useItem.minecraft.skull":13,"stat.flyOneCm":541368,"stat.pickup.minecraft.gravel":2,"stat.damageTaken":38140,"stat.useItem.minecraft.milk_bucket":2,"stat.drop.minecraft.map":1,"stat.pigOneCm":3281,"stat.drop.minecraft.wool":1,"stat.drop":160,"stat.pickup.minecraft.sign":1,"stat.timeSinceDeath":1655,"stat.leaveGame":16,"stat.pickup.minecraft.wool":5,"stat.pickup.minecraft.black_shulker_box":1,"stat.playOneMinute":339971,"stat.pickup.minecraft.skull":1,"stat.useItem.minecraft.wool":91,"stat.killEntity.Rabbit":1,"stat.useItem.minecraft.stone_slab":10,"stat.deaths":171,"stat.jump":1698,"stat.mobKills":1,"stat.pickup.minecraft.compass":1,"stat.walkOneCm":607296,"stat.chestOpened":1,"stat.useItem.minecraft.sign":7,"stat.sprintOneCm":31751,"stat.useItem.minecraft.dirt":1}