{"stat.crouchOneCm":11894,"stat.useItem.minecraft.stained_glass":2,"achievement.openInventory":40,"stat.sneakTime":9100,"stat.useItem.minecraft.cobblestone":273,"achievement.exploreAllBiomes":{"value":0,"progress":["The Void"]},"stat.useItem.minecraft.log":142,"stat.useItem.minecraft.brick_block":6,"stat.useItem.minecraft.leaves":6,"stat.useItem.minecraft.iron_block":4,"stat.drop.minecraft.splash_potion":1,"stat.useItem.minecraft.splash_potion":85,"stat.useItem.minecraft.milk_bucket":1,"stat.useItem.minecraft.stained_hardened_clay":33,"stat.flyOneCm":844802,"stat.drop":1,"stat.useItem.minecraft.bone_block":153,"stat.useItem.minecraft.torch":6,"stat.timeSinceDeath":117012,"stat.useItem.minecraft.barrier":10,"stat.leaveGame":2,"stat.useItem.minecraft.lapis_block":16,"stat.useItem.minecraft.glass":13,"stat.playOneMinute":117012,"stat.useItem.minecraft.wool":21,"stat.useItem.minecraft.lingering_potion":11,"stat.useItem.minecraft.stone_slab":4,"stat.walkOneCm":143024,"stat.useItem.minecraft.coal_block":158,"stat.jump":387,"stat.useItem.minecraft.trapdoor":72,"stat.sprintOneCm":17887}