{"stat.useItem.minecraft.fence_gate":2,"stat.useItem.minecraft.dark_oak_fence_gate":1,"stat.pickup.minecraft.redstone":1,"stat.useItem.minecraft.stone_button":16,"stat.pickup.minecraft.fish":2,"stat.useItem.minecraft.leaves":333,"stat.useItem.minecraft.netherrack":1005,"stat.drop.minecraft.comparator":1,"stat.pickup.minecraft.sponge":64,"stat.useItem.minecraft.map":1,"stat.useItem.minecraft.end_stone":1,"stat.craftingTableInteraction":1,"stat.useItem.minecraft.red_sandstone":1,"stat.damageDealt":10722,"stat.useItem.minecraft.fence":5,"stat.crouchOneCm":74256,"stat.drop.minecraft.light_weighted_pressure_plate":1,"stat.pickup.minecraft.rotten_flesh":4,"achievement.exploreAllBiomes":{"value":0,"progress":["Forest","The Void","Jungle"]},"stat.drop.minecraft.gravel":1,"stat.pickup.minecraft.stone_pressure_plate":1,"stat.drop.minecraft.command_block":23,"stat.useItem.minecraft.chest":5,"stat.useItem.minecraft.nether_brick_stairs":5,"stat.drop.minecraft.sponge":64,"stat.drop.minecraft.stone_axe":1,"stat.useItem.minecraft.web":4,"stat.useItem.minecraft.cobblestone":249,"stat.drop.minecraft.stained_hardened_clay":43,"stat.sneakTime":93496,"stat.drop.minecraft.barrier":1,"stat.useItem.minecraft.splash_potion":59,"stat.useItem.minecraft.heavy_weighted_pressure_plate":24,"stat.useItem.minecraft.quartz_block":1544,"stat.drop.minecraft.redstone":1,"stat.useItem.minecraft.command_block":192,"achievement.openInventory":1683,"stat.useItem.minecraft.stained_glass":63,"stat.pickup.minecraft.leather_boots":1,"stat.pickup.minecraft.stained_hardened_clay":2,"stat.useItem.minecraft.stained_glass_pane":56,"stat.drop.minecraft.repeater":8,"stat.killEntity.Ghast":2,"stat.pickup.minecraft.command_block":1,"stat.useItem.minecraft.log":147,"stat.pickup.minecraft.stone_button":3,"stat.drop.minecraft.stone_button":3,"stat.drop.minecraft.carrot_on_a_stick":17,"stat.drop.minecraft.prismarine_shard":3,"stat.useItem.minecraft.redstone_block":78,"stat.drop.minecraft.red_mushroom":13,"stat.useItem.minecraft.carrot_on_a_stick":405,"stat.useItem.minecraft.hay_block":1,"stat.drop.minecraft.splash_potion":3,"stat.useItem.minecraft.planks":68,"stat.drop.minecraft.bone":1,"stat.drop.minecraft.compass":3,"stat.fallOneCm":160871,"stat.useItem.minecraft.bone_block":86,"stat.useItem.minecraft.coal_ore":2,"stat.drop.minecraft.lava_bucket":3,"stat.useItem.minecraft.light_weighted_pressure_plate":10,"stat.useItem.minecraft.torch":3,"stat.useItem.minecraft.water_bucket":12,"stat.pickup.minecraft.carrot":41,"stat.drop.minecraft.map":2,"stat.useItem.minecraft.wheat_seeds":1,"stat.drop.minecraft.netherrack":2,"stat.useItem.minecraft.skull":43,"stat.drop.minecraft.skull":9,"stat.useItem.minecraft.stone":645,"stat.drop.minecraft.chain_command_block":81,"stat.pickup.minecraft.ender_pearl":2,"stat.useItem.minecraft.ladder":3,"stat.useItem.minecraft.double_plant":37,"stat.useItem.minecraft.repeating_command_block":67,"stat.useItem.minecraft.redstone":11,"stat.drop.minecraft.wool":3,"stat.drop.minecraft.cobblestone":1,"stat.useItem.minecraft.quartz_stairs":12,"stat.useItem.minecraft.noteblock":18,"stat.flyOneCm":15832365,"stat.useItem.minecraft.red_flower":3,"stat.pickup.minecraft.milk_bucket":69,"stat.useItem.minecraft.prismarine":15,"stat.drop.minecraft.filled_map":1,"stat.damageTaken":13475,"stat.useItem.minecraft.red_nether_brick":107,"stat.useItem.minecraft.milk_bucket":33,"stat.pickup.minecraft.string":2,"stat.useItem.minecraft.diamond_sword":157,"stat.drop.minecraft.planks":2,"stat.useItem.minecraft.sponge":1,"stat.useItem.minecraft.oak_stairs":26,"stat.useItem.minecraft.chain_command_block":343,"stat.useItem.minecraft.stained_hardened_clay":4391,"stat.useItem.minecraft.dye":33,"stat.drop.minecraft.noteblock":4,"stat.drop.minecraft.bone_block":1,"stat.drop.minecraft.torch":1,"stat.pickup.minecraft.torch":1,"stat.useItem.minecraft.log2":4,"stat.useItem.minecraft.flint_and_steel":3,"stat.climbOneCm":4431,"stat.drop.minecraft.stone":7,"stat.drop":377,"stat.drop.minecraft.arrow":2,"stat.pickup.minecraft.sign":13,"stat.useItem.minecraft.repeater":39,"stat.useItem.minecraft.stone_pressure_plate":7,"stat.useItem.minecraft.gold_block":192,"stat.drop.minecraft.feather":1,"stat.useItem.minecraft.diamond_ore":2,"stat.pickup.minecraft.repeating_command_block":1,"stat.useItem.minecraft.stone_slab":1,"stat.useItem.minecraft.barrier":65,"stat.killEntity.Creeper":7,"stat.useItem.minecraft.lapis_block":92,"stat.drop.minecraft.spawn_egg":3,"stat.useItem.minecraft.stone_hoe":2,"stat.pickup.minecraft.prismarine_shard":7,"stat.drop.minecraft.chest":1,"stat.killEntity.Enderman":3,"stat.leaveGame":46,"stat.useItem.minecraft.glass":141,"stat.killEntity.Villager":1,"stat.drop.minecraft.end_stone":2,"stat.drop.minecraft.diamond_sword":3,"stat.useItem.minecraft.lingering_potion":630,"stat.timeSinceDeath":4578,"stat.pickup.minecraft.planks":1,"stat.useItem.minecraft.iron_trapdoor":6,"stat.drop.minecraft.glass":6,"stat.useItem.minecraft.gravel":9,"stat.useItem.minecraft.wool":441,"stat.useItem.minecraft.tripwire_hook":2,"stat.drop.minecraft.fish":4,"stat.useItem.minecraft.mossy_cobblestone":32,"stat.useItem.minecraft.glowstone":50,"stat.useItem.minecraft.comparator":4,"stat.pickup.minecraft.bucket":3,"stat.useItem.minecraft.sand":10,"stat.drop.minecraft.stone_pressure_plate":1,"stat.drop.minecraft.log":1,"stat.useItem.minecraft.end_rod":4,"stat.playOneMinute":3226515,"stat.drop.minecraft.prismarine":1,"stat.useItem.minecraft.redstone_torch":19,"stat.drop.minecraft.wooden_axe":6,"stat.pickup.minecraft.map":1,"stat.drop.minecraft.rabbit":1,"stat.useItem.minecraft.iron_ore":3,"stat.diveOneCm":147274,"stat.useItem.minecraft.nether_wart_block":29,"stat.noteblockTuned":47,"stat.pickup.minecraft.wool":1,"stat.useItem.minecraft.lever":18,"stat.killEntity.Spider":2,"stat.pickup.minecraft.lever":2,"stat.drop.minecraft.lever":1,"stat.drop.minecraft.quartz_block":4,"stat.drop.minecraft.redstone_torch":2,"stat.useItem.minecraft.nether_brick":1,"stat.pickup.minecraft.heavy_weighted_pressure_plate":1,"stat.furnaceInteraction":1,"stat.pickup.minecraft.stick":2,"stat.pickup.minecraft.red_mushroom":13,"stat.playerKills":4,"stat.useItem.minecraft.sandstone":263,"stat.useItem.minecraft.dark_oak_fence":1,"stat.useItem.minecraft.redstone_ore":1,"stat.drop.minecraft.milk_bucket":2,"stat.pickup.minecraft.compass":2,"stat.drop.minecraft.cake":1,"stat.drop.minecraft.sand":1,"stat.useItem.minecraft.coal_block":1721,"stat.drop.minecraft.sign":38,"stat.mobKills":34,"stat.useItem.minecraft.bucket":16,"stat.killEntity.Zombie":7,"stat.drop.minecraft.heavy_weighted_pressure_plate":1,"stat.useItem.minecraft.sign":148,"stat.useItem.minecraft.bookshelf":43,"stat.useItem.minecraft.armor_stand":19,"stat.pickup.minecraft.stained_glass_pane":1,"stat.useItem.minecraft.tallgrass":42,"stat.useItem.minecraft.spawn_egg":28,"stat.pickup.minecraft.dye":5,"stat.useItem.minecraft.carrot":2,"stat.useItem.minecraft.trapdoor":6,"stat.killEntity.Guardian":3,"stat.pickup.minecraft.bone":3,"stat.pickup.minecraft.wheat_seeds":3,"stat.swimOneCm":5558,"stat.useItem.minecraft.lava_bucket":46,"stat.killEntity.Skeleton":2,"stat.useItem.minecraft.magma":21,"stat.walkOneCm":1587185,"stat.pickup.minecraft.arrow":4,"stat.drop.minecraft.coal_block":3,"stat.jump":16384,"stat.drop.minecraft.repeating_command_block":8,"stat.useItem.minecraft.wooden_button":8,"stat.killEntity.Witch":1,"stat.drop.minecraft.dye":34,"stat.drop.minecraft.redstone_block":11,"stat.killEntity.Shulker":1,"stat.useItem.minecraft.cobblestone_wall":1,"stat.deaths":106,"stat.useItem.minecraft.vine":89,"stat.useItem.minecraft.stone_stairs":25,"stat.drop.minecraft.ladder":1,"stat.drop.minecraft.stick":5,"stat.chestOpened":5,"stat.pickup.minecraft.gunpowder":9,"stat.useItem.minecraft.wooden_axe":11,"stat.useItem.minecraft.quartz_ore":10,"stat.drop.minecraft.dirt":5,"stat.pickup.minecraft.wooden_axe":1,"stat.useItem.minecraft.sea_lantern":4,"stat.sprintOneCm":2017600,"stat.useItem.minecraft.dirt":2858,"stat.pickup.minecraft.repeater":4}