{"stat.crouchOneCm":536,"stat.sneakTime":851,"stat.useItem.minecraft.stone_button":3,"achievement.exploreAllBiomes":{"value":0,"progress":["The Void"]},"stat.useItem.minecraft.command_block":1,"achievement.openInventory":7,"stat.useItem.minecraft.repeating_command_block":67,"stat.useItem.minecraft.stained_hardened_clay":2,"stat.drop.minecraft.wool":2,"stat.flyOneCm":289819,"stat.drop":2,"stat.useItem.minecraft.barrier":12,"stat.timeSinceDeath":47288,"stat.useItem.minecraft.repeater":1,"stat.leaveGame":4,"stat.pickup.minecraft.wool":1,"stat.playOneMinute":47288,"stat.useItem.minecraft.wool":46,"stat.walkOneCm":30392,"stat.jump":423,"stat.sprintOneCm":12811}