{"stat.useItem.minecraft.lapis_block":1,"stat.useItem.minecraft.chain_command_block":2,"stat.useItem.minecraft.quartz_block":294,"stat.useItem.minecraft.repeater":508,"stat.leaveGame":47,"stat.useItem.minecraft.skull":16,"stat.useItem.minecraft.diamond_sword":4,"stat.useItem.minecraft.glowstone":6,"stat.useItem.minecraft.snow":46,"stat.useItem.minecraft.planks":359,"stat.useItem.minecraft.nether_brick_stairs":2,"achievement.buildWorkBench":1,"stat.useItem.minecraft.coal_block":364,"stat.useItem.minecraft.dirt":187,"achievement.exploreAllBiomes":{"value":0,"progress":["Jungle","Forest","The Void"]},"stat.pickup.minecraft.map":7,"stat.drop.minecraft.leather_boots":1,"stat.useItem.minecraft.red_nether_brick":247,"stat.drop.minecraft.map":8,"stat.pickup.minecraft.bucket":2,"stat.pickup.minecraft.leather_boots":1,"stat.flyOneCm":6917603,"achievement.buildPickaxe":1,"stat.pickup.minecraft.redstone":2,"stat.timeSinceDeath":43389,"stat.useItem.minecraft.sign":63,"stat.useItem.minecraft.spawn_egg":1,"stat.useItem.minecraft.noteblock":671,"stat.useItem.minecraft.lever":3,"stat.pickup.minecraft.wooden_axe":1,"stat.useItem.minecraft.oak_stairs":20,"stat.furnaceInteraction":1,"stat.drop.minecraft.dirt":1,"stat.pickup.minecraft.wooden_button":3,"stat.pickup.minecraft.filled_map":1,"stat.useItem.minecraft.double_plant":1,"stat.useItem.minecraft.redstone":167,"stat.useItem.minecraft.milk_bucket":39,"stat.useItem.minecraft.red_sandstone":10,"stat.drop.minecraft.compass":66,"achievement.mineWood":1,"stat.useItem.minecraft.stained_glass":112,"stat.sprintOneCm":911132,"stat.useItem.minecraft.stone_slab":6,"stat.killEntity.Horse":1,"achievement.openInventory":980,"stat.useItem.minecraft.wooden_button":1,"stat.useItem.minecraft.structure_block":23,"stat.useItem.minecraft.lingering_potion":10,"achievement.buildFurnace":1,"stat.deaths":226,"stat.drop":90,"stat.playOneMinute":1925527,"stat.pickup.minecraft.stone_button":2,"stat.useItem.minecraft.nether_brick":1,"stat.diveOneCm":1263,"stat.chestOpened":18,"stat.useItem.minecraft.sticky_piston":5,"stat.pickup.minecraft.sign":2,"stat.useItem.minecraft.stone":160,"stat.useItem.minecraft.sponge":5,"stat.useItem.minecraft.stained_glass_pane":43,"stat.useItem.minecraft.packed_ice":9,"stat.useItem.minecraft.quartz_ore":6,"stat.useItem.minecraft.bedrock":72,"stat.useItem.minecraft.sand":3,"stat.jump":5209,"stat.fallOneCm":480814,"stat.pickup.minecraft.carrot":2,"stat.useItem.minecraft.piston":6,"stat.crouchOneCm":80951,"stat.useItem.minecraft.stone_button":40,"stat.craftingTableInteraction":2,"stat.drop.minecraft.milk_bucket":69,"stat.pickup.minecraft.milk_bucket":3,"stat.damageTaken":41237,"stat.pickup.minecraft.orange_shulker_box":2,"stat.useItem.minecraft.gold_block":50,"stat.drop.minecraft.stone_button":1,"stat.useItem.minecraft.carrot_on_a_stick":248,"stat.noteblockTuned":148,"stat.damageDealt":358,"stat.useItem.minecraft.wool":257,"stat.useItem.minecraft.crafting_table":1,"stat.useItem.minecraft.command_block":20,"stat.walkOneCm":975381,"stat.playerKills":2,"stat.drop.minecraft.noteblock":1,"stat.useItem.minecraft.log":1,"stat.pickup.minecraft.noteblock":1,"stat.useItem.minecraft.cobblestone":16,"stat.craftItem.minecraft.leather_boots":1,"stat.useItem.minecraft.lava_bucket":3,"stat.useItem.minecraft.nether_wart_block":202,"stat.drop.minecraft.sign":2,"stat.pickup.minecraft.compass":65,"stat.useItem.minecraft.redstone_block":22,"stat.pickup.minecraft.stone":1,"stat.useItem.minecraft.stained_hardened_clay":958,"stat.useItem.minecraft.leaves":4,"stat.pickup.minecraft.banner":2,"stat.useItem.minecraft.netherrack":90,"stat.pickup.minecraft.carrot_on_a_stick":1,"stat.useItem.minecraft.barrier":5,"stat.drop.minecraft.filled_map":1,"stat.mobKills":1,"stat.useItem.minecraft.monster_egg":6,"achievement.acquireIron":1,"stat.sneakTime":67323,"stat.pickup.minecraft.lava_bucket":1,"stat.drop.minecraft.bucket":2,"stat.drop.minecraft.wooden_axe":1,"stat.useItem.minecraft.sandstone":3}