{"stat.useItem.minecraft.brick_stairs":36,"stat.useItem.minecraft.lapis_block":339,"stat.useItem.minecraft.quartz_block":1853,"stat.useItem.minecraft.repeater":73,"stat.leaveGame":26,"stat.useItem.minecraft.log2":354,"stat.useItem.minecraft.bookshelf":381,"stat.useItem.minecraft.soul_sand":48,"stat.useItem.minecraft.skull":129,"stat.useItem.minecraft.lead":1,"stat.useItem.minecraft.diamond_sword":1,"stat.useItem.minecraft.glowstone":6789,"stat.swimOneCm":38860,"stat.useItem.minecraft.snow":72,"stat.climbOneCm":38943,"stat.useItem.minecraft.planks":2910,"stat.useItem.minecraft.nether_brick_stairs":126,"stat.useItem.minecraft.coal_block":1075,"stat.useItem.minecraft.redstone_torch":144,"stat.useItem.minecraft.obsidian":2284,"stat.useItem.minecraft.dirt":1761,"stat.useItem.minecraft.red_sandstone_stairs":2,"stat.useItem.minecraft.stone_slab2":1,"achievement.exploreAllBiomes":{"value":0,"progress":["Plains"]},"stat.useItem.minecraft.diamond_hoe":1,"stat.useItem.minecraft.red_flower":158,"stat.useItem.minecraft.sandstone_stairs":28,"stat.useItem.minecraft.egg":8,"stat.useItem.minecraft.vine":8,"stat.useItem.minecraft.leaves2":310,"stat.useItem.minecraft.iron_ore":21,"stat.useItem.minecraft.rail":112,"stat.useItem.minecraft.brick_block":55,"stat.useItem.minecraft.anvil":4,"stat.flyOneCm":28251917,"stat.useItem.minecraft.brown_mushroom":8,"stat.useItem.minecraft.red_mushroom":22,"stat.timeSinceDeath":4104,"stat.useItem.minecraft.fence_gate":21,"stat.useItem.minecraft.sign":362,"stat.useItem.minecraft.spawn_egg":229,"stat.useItem.minecraft.melon_block":25,"stat.useItem.minecraft.wooden_slab":455,"stat.useItem.minecraft.iron_door":22,"stat.useItem.minecraft.lever":23,"stat.useItem.minecraft.potato":12,"stat.useItem.minecraft.oak_stairs":163,"stat.useItem.minecraft.dark_oak_stairs":68,"stat.useItem.minecraft.end_stone":34,"stat.useItem.minecraft.minecart":3,"stat.useItem.minecraft.double_plant":82,"stat.useItem.minecraft.redstone":272,"stat.useItem.minecraft.sea_lantern":651,"stat.useItem.minecraft.milk_bucket":2,"stat.useItem.minecraft.red_sandstone":141,"stat.useItem.minecraft.spruce_fence":115,"stat.useItem.minecraft.dragon_egg":9,"stat.useItem.minecraft.trapdoor":61,"stat.sprintOneCm":2137183,"stat.useItem.minecraft.diamond_block":608,"stat.useItem.minecraft.stained_glass":9575,"stat.useItem.minecraft.hay_block":94,"stat.useItem.minecraft.fence":430,"stat.useItem.minecraft.stone_slab":2943,"stat.useItem.minecraft.acacia_fence":172,"stat.useItem.minecraft.ice":1,"achievement.openInventory":3575,"stat.useItem.minecraft.cauldron":7,"stat.useItem.minecraft.flint_and_steel":17,"stat.useItem.minecraft.wheat_seeds":52,"stat.useItem.minecraft.brown_mushroom_block":272,"stat.useItem.minecraft.wooden_button":14,"stat.useItem.minecraft.stone_pressure_plate":5,"stat.useItem.minecraft.carrot":10,"stat.useItem.minecraft.dye":1289,"stat.deaths":14,"stat.drop":2,"stat.playOneMinute":4835966,"stat.useItem.minecraft.cake":52,"stat.useItem.minecraft.jungle_stairs":6,"stat.useItem.minecraft.ladder":196,"stat.useItem.minecraft.nether_brick":353,"stat.useItem.minecraft.diamond_ore":2,"stat.useItem.minecraft.birch_stairs":49,"stat.diveOneCm":164311,"stat.useItem.minecraft.sticky_piston":28,"stat.useItem.minecraft.stone":5141,"stat.useItem.minecraft.quartz_stairs":397,"stat.useItem.minecraft.sponge":5,"stat.useItem.minecraft.waterlily":5,"stat.useItem.minecraft.carpet":236,"stat.useItem.minecraft.potion":45,"stat.useItem.minecraft.stained_glass_pane":1453,"stat.useItem.minecraft.packed_ice":1548,"stat.useItem.minecraft.quartz_ore":23,"stat.useItem.minecraft.bedrock":32,"stat.jump":15152,"stat.useItem.minecraft.sand":402,"stat.useItem.minecraft.piston":27,"stat.crouchOneCm":187050,"stat.useItem.minecraft.mycelium":5,"stat.useItem.minecraft.nether_brick_fence":310,"stat.useItem.minecraft.stone_button":115,"stat.useItem.minecraft.coal_ore":49,"stat.useItem.minecraft.light_weighted_pressure_plate":19,"stat.useItem.minecraft.glass":480,"stat.useItem.minecraft.dispenser":15,"stat.useItem.minecraft.sapling":349,"stat.useItem.minecraft.redstone_lamp":7,"stat.useItem.minecraft.golden_rail":2,"stat.useItem.minecraft.stone_brick_stairs":331,"stat.useItem.minecraft.gold_block":644,"stat.useItem.minecraft.furnace":22,"stat.useItem.minecraft.slime":663,"stat.useItem.minecraft.birch_fence":1,"stat.useItem.minecraft.enchanting_table":45,"stat.damageDealt":355,"stat.useItem.minecraft.wool":28864,"stat.killEntity.Cow":1,"stat.useItem.minecraft.crafting_table":139,"stat.killEntity.Pig":1,"stat.useItem.minecraft.iron_bars":33,"stat.useItem.minecraft.command_block":8,"stat.walkOneCm":5198134,"stat.useItem.minecraft.torch":1888,"stat.useItem.minecraft.chest":75,"stat.useItem.minecraft.pumpkin":69,"stat.useItem.minecraft.log":2448,"stat.useItem.minecraft.comparator":4,"stat.useItem.minecraft.cobblestone":303,"stat.useItem.minecraft.tnt":127,"stat.useItem.minecraft.gravel":32,"stat.useItem.minecraft.emerald_block":21,"stat.minecartOneCm":6573,"stat.useItem.minecraft.redstone_block":642,"stat.useItem.minecraft.item_frame":67,"stat.useItem.minecraft.yellow_flower":38,"stat.useItem.minecraft.spruce_stairs":148,"stat.useItem.minecraft.stained_hardened_clay":11013,"stat.useItem.minecraft.red_mushroom_block":305,"stat.useItem.minecraft.leaves":2063,"stat.useItem.minecraft.tallgrass":134,"stat.useItem.minecraft.cactus":281,"stat.useItem.minecraft.glass_pane":443,"stat.useItem.minecraft.netherrack":542,"stat.useItem.minecraft.deadbush":28,"stat.useItem.minecraft.prismarine":27,"stat.useItem.minecraft.barrier":2610,"stat.useItem.minecraft.iron_block":778,"stat.mobKills":7,"stat.useItem.minecraft.stonebrick":804,"stat.useItem.minecraft.stone_hoe":50,"stat.useItem.minecraft.wooden_door":1,"stat.useItem.minecraft.mossy_cobblestone":38,"stat.useItem.minecraft.spruce_door":11,"stat.useItem.minecraft.cobblestone_wall":59,"stat.useItem.minecraft.sandstone":591,"stat.useItem.minecraft.web":1820}