{"stats":{"minecraft:picked_up":{"minecraft:wheat_seeds":5},"minecraft:dropped":{"minecraft:wheat_seeds":1},"minecraft:custom":{"minecraft:jump":24,"minecraft:time_since_rest":3787,"minecraft:crouch_one_cm":6,"minecraft:play_one_minute":3787,"minecraft:leave_game":5,"minecraft:sprint_one_cm":1066,"minecraft:time_since_death":3787,"minecraft:walk_one_cm":6456,"minecraft:sneak_time":57,"minecraft:drop":1,"minecraft:fly_one_cm":24314},"minecraft:used":{"minecraft:redstone":9,"minecraft:oak_fence":1,"minecraft:dirt":1}},"DataVersion":2230}