{"stat.useItem.minecraft.string":21,"stat.craftItem.minecraft.leather_leggings":2,"stat.pickup.minecraft.repeating_command_block":2,"stat.useItem.minecraft.chain_command_block":31,"stat.useItem.minecraft.repeater":80,"stat.leaveGame":73,"stat.useItem.minecraft.repeating_command_block":28,"stat.useItem.minecraft.diamond_sword":1,"stat.drop.minecraft.red_nether_brick":1,"stat.swimOneCm":61871,"stat.useItem.minecraft.concrete_powder":1,"stat.climbOneCm":58289,"stat.useItem.minecraft.redstone_torch":4,"stat.useItem.minecraft.obsidian":7,"stat.useItem.minecraft.dirt":99,"stat.useItem.minecraft.stone_slab2":9475,"stat.useItem.minecraft.red_sandstone_stairs":19,"stat.useItem.minecraft.water_bucket":42,"stat.pickup.minecraft.sand":1,"stat.useItem.minecraft.sandstone_stairs":15,"stat.drop.minecraft.web":1,"stat.useItem.minecraft.egg":135,"stat.useItem.minecraft.anvil":1,"stat.flyOneCm":13641434,"stat.pickup.minecraft.chain_command_block":1,"stat.useItem.minecraft.cooked_beef":1,"stat.timeSinceDeath":7867,"stat.useItem.minecraft.sign":17,"stat.useItem.minecraft.spawn_egg":83,"stat.pickup.minecraft.stained_hardened_clay":1,"stat.pickup.minecraft.cake":9,"stat.drop.minecraft.stained_glass":2,"stat.drop.minecraft.dirt":1,"stat.drop.minecraft.diamond_block":1,"stat.pickup.minecraft.wooden_button":1,"stat.useItem.minecraft.armor_stand":2,"stat.pickup.minecraft.string":36,"stat.drop.minecraft.stone_slab":1,"stat.pickup.minecraft.beef":8,"stat.useItem.minecraft.redstone":14,"stat.drop.minecraft.stained_hardened_clay":3,"stat.useItem.minecraft.red_sandstone":21,"stat.drop.minecraft.obsidian":2,"stat.useItem.minecraft.dropper":2,"stat.sprintOneCm":1496951,"stat.useItem.minecraft.diamond_block":3,"stat.useItem.minecraft.stained_glass":189,"stat.useItem.minecraft.fence":2,"stat.drop.minecraft.stone_pressure_plate":1,"stat.useItem.minecraft.stone_slab":9,"stat.useItem.minecraft.flint_and_steel":28,"stat.useItem.minecraft.wooden_button":5,"stat.useItem.minecraft.stone_pressure_plate":3,"stat.deaths":45,"stat.drop":75,"stat.pickup.minecraft.egg":27,"stat.playOneMinute":2460112,"stat.craftItem.minecraft.leather_chestplate":2,"stat.pickup.minecraft.stone_button":4,"stat.drop.minecraft.string":1,"stat.useItem.minecraft.ladder":9,"stat.diveOneCm":28831,"stat.chestOpened":56,"stat.useItem.minecraft.sticky_piston":4,"stat.pickup.minecraft.sign":6,"stat.drop.minecraft.ladder":64,"stat.useItem.minecraft.waterlily":3,"stat.jump":12511,"stat.useItem.minecraft.sand":6,"stat.fallOneCm":1231797,"stat.drop.minecraft.diamond_sword":1,"stat.crouchOneCm":565776,"stat.pickup.minecraft.dropper":64,"stat.useItem.minecraft.stone_button":4,"stat.pickup.minecraft.dirt":1,"stat.craftingTableInteraction":2,"stat.dropperInspected":3,"stat.drop.minecraft.barrier":3,"stat.pickup.minecraft.command_block":2,"stat.pickup.minecraft.leather":5,"stat.damageTaken":29231,"stat.useItem.minecraft.stone_brick_stairs":1,"stat.useItem.minecraft.gold_block":8,"stat.dispenserInspected":3,"stat.pickup.minecraft.slime":15,"stat.drop.minecraft.red_sandstone":1,"stat.pickup.minecraft.stained_glass":2,"stat.damageDealt":897,"stat.killEntity.Rabbit":3,"stat.useItem.minecraft.wool":89,"stat.killEntity.Cow":1,"stat.drop.minecraft.emerald_block":1,"stat.useItem.minecraft.command_block":56,"stat.walkOneCm":1509184,"stat.playerKills":1,"stat.useItem.minecraft.chest":4,"stat.useItem.minecraft.observer":2,"stat.useItem.minecraft.comparator":3,"stat.useItem.minecraft.tnt":2,"stat.craftItem.minecraft.leather_boots":2,"stat.useItem.minecraft.lava_bucket":36,"stat.drop.minecraft.sign":17,"stat.drop.minecraft.stonebrick":3,"stat.useItem.minecraft.redstone_block":31,"stat.shulkerBoxOpened":21,"stat.drop.minecraft.slime":15,"stat.useItem.minecraft.stained_hardened_clay":221,"stat.drop.minecraft.egg":10,"stat.useItem.minecraft.leaves":195,"stat.useItem.minecraft.tallgrass":1,"stat.drop.minecraft.command_block":7,"stat.drop.minecraft.wooden_slab":1,"stat.useItem.minecraft.concrete":80,"stat.pickup.minecraft.barrier":2,"stat.useItem.minecraft.barrier":114,"stat.killEntity.Chicken":8,"stat.mobKills":15,"stat.useItem.minecraft.stonebrick":176,"stat.drop.minecraft.repeating_command_block":1,"stat.pickup.minecraft.diamond_boots":45,"stat.pickup.minecraft.water_bucket":2,"stat.useItem.minecraft.cobblestone_wall":4,"stat.sneakTime":217411,"stat.useItem.minecraft.sandstone":79}