{
"__comment": "Designed by Sibsib92 with BDcraft Cubik PRO 0.96 Beta - http://bdcraft.net",
"ambientocclusion": false,
"textures": {
    "texture": "blocks/planks_acacia",
    "metal": "blocks/cauldron_inner"
},
"elements": [ 
{
    "__comment": "Hinge",
    "from": [ 6.25, 4, -0.0625 ],
    "to": [ 9.75, 6, 0.9375 ],
    "faces": {
        "down":  { "uv": [ 3, 1, 0, 0 ], "texture": "#metal" },
        "up":    { "uv": [ 0, 0, 3, 1 ], "texture": "#metal" },
        "north": { "uv": [ 0, 0, 3, 2 ], "texture": "#metal" },
        "south": { "uv": [ 0, 0, 3, 2 ], "texture": "#metal" },
        "west":  { "uv": [ 0, 0, 1, 2 ], "texture": "#metal" },
        "east":  { "uv": [ 0, 0, 1, 2 ], "texture": "#metal" }
    }
},
{
    "__comment": "Hinge",
    "from": [ 6.25, 15, -0.0625 ],
    "to": [ 9.75, 17, 0.9375 ],
    "faces": {
        "down":  { "uv": [ 3, 1, 0, 0 ], "texture": "#metal" },
        "up":    { "uv": [ 0, 0, 3, 1 ], "texture": "#metal" },
        "north": { "uv": [ 0, 0, 3, 2 ], "texture": "#metal" },
        "south": { "uv": [ 0, 0, 3, 2 ], "texture": "#metal" },
        "west":  { "uv": [ 0, 0, 1, 2 ], "texture": "#metal" },
        "east":  { "uv": [ 0, 0, 1, 2 ], "texture": "#metal" }
    }
},
{
    "__comment": "Hinge",
    "from": [ 6.25, 26, -0.0625 ],
    "to": [ 9.75, 28, 0.9375 ],
    "faces": {
        "down":  { "uv": [ 3, 1, 0, 0 ], "texture": "#metal" },
        "up":    { "uv": [ 0, 0, 3, 1 ], "texture": "#metal" },
        "north": { "uv": [ 0, 0, 3, 2 ], "texture": "#metal" },
        "south": { "uv": [ 0, 0, 3, 2 ], "texture": "#metal" },
        "west":  { "uv": [ 0, 0, 1, 2 ], "texture": "#metal" },
        "east":  { "uv": [ 0, 0, 1, 2 ], "texture": "#metal" }
    }
},
{
    "__comment": "Handle",
    "from": [ 6, 16.25, 14.25 ],
    "to": [ 10, 16.75, 14.75 ],
    "faces": {
        "down":  { "uv": [ 16, 14.5, 12, 14 ], "texture": "#metal" },
        "up":    { "uv": [ 0, 14, 4, 14.5 ], "texture": "#metal" },
        "north": { "uv": [ 12, 15.25, 16, 15.75 ], "texture": "#metal" },
        "south": { "uv": [ 0, 15.25, 4, 15.75 ], "texture": "#metal" }
    }
},
{
    "__comment": "Handle",
    "from": [ 5.5, 16, 13 ],
    "to": [ 6, 17, 15 ],
    "faces": {
        "down":  { "uv": [ 16, 15, 15.5, 13 ], "texture": "#metal" },
        "up":    { "uv": [ 0, 13, 0.5, 15 ], "texture": "#metal" },
        "north": { "uv": [ 15.5, 15, 16, 16 ], "texture": "#metal" },
        "south": { "uv": [ 0, 15, 0.5, 16 ], "texture": "#metal" },
        "west":  { "uv": [ 13, 15, 15, 16 ], "texture": "#metal" },
        "east":  { "uv": [ 1, 15, 3, 16 ], "texture": "#metal" }
    }
},
{
    "__comment": "Handle",
    "from": [ 10, 16, 13 ],
    "to": [ 10.5, 17, 15 ],
    "faces": {
        "down":  { "uv": [ 12.5, 15, 12, 13 ], "texture": "#metal" },
        "up":    { "uv": [ 3.5, 13, 4, 15 ], "texture": "#metal" },
        "north": { "uv": [ 12, 15, 12.5, 16 ], "texture": "#metal" },
        "south": { "uv": [ 3.5, 15, 4, 16 ], "texture": "#metal" },
        "west":  { "uv": [ 13, 15, 15, 16 ], "texture": "#metal" },
        "east":  { "uv": [ 1, 15, 3, 16 ], "texture": "#metal" }
    }
},
{
    "__comment": "Handle",
    "from": [ 5, 16, 11.5 ],
    "to": [ 5.5, 17, 13.5 ],
    "faces": {
        "down":  { "uv": [ 16, 13.5, 15.5, 11.5 ], "texture": "#metal" },
        "up":    { "uv": [ 0, 11.5, 0.5, 13.5 ], "texture": "#metal" },
        "north": { "uv": [ 15.5, 15, 16, 16 ], "texture": "#metal" },
        "south": { "uv": [ 0, 15, 0.5, 16 ], "texture": "#metal" },
        "west":  { "uv": [ 11.5, 15, 13.5, 16 ], "texture": "#metal" },
        "east":  { "uv": [ 2.5, 15, 4.5, 16 ], "texture": "#metal" }
    }
},
{
    "__comment": "Handle",
    "from": [ 10.5, 16, 11.5 ],
    "to": [ 11, 17, 13.5 ],
    "faces": {
        "down":  { "uv": [ 12, 13.5, 11.5, 11.5 ], "texture": "#metal" },
        "up":    { "uv": [ 4, 11.5, 4.5, 13.5 ], "texture": "#metal" },
        "north": { "uv": [ 11.5, 15, 12, 16 ], "texture": "#metal" },
        "south": { "uv": [ 4, 15, 4.5, 16 ], "texture": "#metal" },
        "west":  { "uv": [ 11.5, 15, 13.5, 16 ], "texture": "#metal" },
        "east":  { "uv": [ 2.5, 15, 4.5, 16 ], "texture": "#metal" }
    }
},
{
    "__comment": "Handle",
    "from": [ 10, 16, 11 ],
    "to": [ 10.5, 17, 12 ],
    "faces": {
        "down":  { "uv": [ 12.5, 12, 12, 11 ], "texture": "#metal" },
        "up":    { "uv": [ 3.5, 11, 4, 12 ], "texture": "#metal" },
        "north": { "uv": [ 12, 15, 12.5, 16 ], "texture": "#metal" },
        "south": { "uv": [ 3.5, 15, 4, 16 ], "texture": "#metal" },
        "west":  { "uv": [ 11, 15, 12, 16 ], "texture": "#metal" },
        "east":  { "uv": [ 4, 15, 5, 16 ], "texture": "#metal" }
    }
},
{
    "__comment": "Handle",
    "from": [ 5.5, 16, 11 ],
    "to": [ 6, 17, 12 ],
    "faces": {
        "down":  { "uv": [ 12.5, 12, 12, 11 ], "texture": "#metal" },
        "up":    { "uv": [ 3.5, 11, 4, 12 ], "texture": "#metal" },
        "north": { "uv": [ 12, 15, 12.5, 16 ], "texture": "#metal" },
        "south": { "uv": [ 3.5, 15, 4, 16 ], "texture": "#metal" },
        "west":  { "uv": [ 11, 15, 12, 16 ], "texture": "#metal" },
        "east":  { "uv": [ 4, 15, 5, 16 ], "texture": "#metal" }
    }
},
{
    "__comment": "Top Diag Vert",
    "from": [ 6.5, 16, 14 ],
    "to": [ 8, 30, 15.5 ],
    "rotation": { "origin": [ 6.5, 16, 14 ], "axis": "y", "angle": 45 },
    "faces": {
        "north": { "uv": [ 13, 2, 14, 16 ], "texture": "#texture" }
    }
},
{
    "__comment": "Top Diag Vert",
    "from": [ 7.375, 16, 14 ],
    "to": [ 8.875, 30, 15.5 ],
    "rotation": { "origin": [ 7.375, 16, 14 ], "axis": "y", "angle": 45 },
    "faces": {
        "east":  { "uv": [ 2, 2, 3, 16 ], "texture": "#texture" }
    }
},
{
    "__comment": "Top Diag Vert",
    "from": [ 6.5, 16, 2 ],
    "to": [ 8, 30, 3.5 ],
    "rotation": { "origin": [ 6.5, 16, 2 ], "axis": "y", "angle": 45 },
    "faces": {
        "west":  { "uv": [ 2, 2, 3, 16 ], "texture": "#texture" }
    }
},
{
    "__comment": "Top Diag Vert",
    "from": [ 7.375, 16, 2 ],
    "to": [ 8.875, 30, 3.5 ],
    "rotation": { "origin": [ 7.375, 16, 2 ], "axis": "y", "angle": 45 },
    "faces": {
        "south": { "uv": [ 13, 2, 14, 16 ], "texture": "#texture" }
    }
},
{
    "__comment": "Bot Diag Horiz",
    "from": [ 6.5, 0.5, 2 ],
    "to": [ 8, 2, 14 ],
    "rotation": { "origin": [ 6.5, 2, 2 ], "axis": "z", "angle": 45 },
    "faces": {
        "up":    { "uv": [ 2, 13, 14, 14 ], "rotation": 90, "texture": "#texture" }
    }
},
{
    "__comment": "Bot Diag Horiz",
    "from": [ 7.375, 0.5, 2 ],
    "to": [ 8.875, 2, 14 ],
    "rotation": { "origin": [ 7.375, 2, 2 ], "axis": "z", "angle": 45 },
    "faces": {
        "east":  { "uv": [ 2, 13, 14, 14 ], "texture": "#texture" }
    }
},
{
    "__comment": "Top Diag Horiz",
    "from": [ 6.5, 28.5, 2 ],
    "to": [ 8, 30, 14 ],
    "rotation": { "origin": [ 6.5, 30, 2 ], "axis": "z", "angle": 45 },
    "faces": {
        "west":  { "uv": [ 2, 2, 14, 3 ], "texture": "#texture" }
    }
},
{
    "__comment": "Top Diag Horiz",
    "from": [ 7.375, 28.5, 2 ],
    "to": [ 8.875, 30, 14 ],
    "rotation": { "origin": [ 7.375, 30, 2 ], "axis": "z", "angle": 45 },
    "faces": {
        "down":  { "uv": [ 2, 2, 14, 3 ], "rotation": 90, "texture": "#texture" }
    }
},
{
    "__comment": "Door Bot",
    "from": [ 6.5, 2, 14 ],
    "to": [ 9.5, 16, 16 ],
    "faces": {
        "north": { "uv": [ 13, 0, 16, 14 ], "texture": "#texture" },
        "south": { "uv": [ 0, 0, 3, 14 ], "texture": "#texture" },
        "west":  { "uv": [ 14, 0, 16, 14 ], "texture": "#texture" },
        "east":  { "uv": [ 0, 0, 2, 14 ], "texture": "#texture" }
    }
},
{
    "__comment": "Door Bot",
    "from": [ 6.5, 2, 0 ],
    "to": [ 9.5, 16, 2 ],
    "faces": {
        "north": { "uv": [ 13, 0, 16, 14 ], "texture": "#texture" },
        "south": { "uv": [ 0, 0, 3, 14 ], "texture": "#texture" },
        "west":  { "uv": [ 0, 0, 2, 14 ], "texture": "#texture" },
        "east":  { "uv": [ 14, 0, 16, 14 ], "texture": "#texture" }
    }
},
{
    "__comment": "Door Bot",
    "from": [ 6.5, 0, 0 ],
    "to": [ 9.5, 2, 16 ],
    "faces": {
        "down":  { "uv": [ 16, 15, 0, 12 ], "rotation": 90, "texture": "#texture" },
        "up":    { "uv": [ 0, 4, 16, 7 ], "rotation": 90, "texture": "#texture" },
        "north": { "uv": [ 13, 14, 16, 16 ], "texture": "#texture" },
        "south": { "uv": [ 0, 14, 3, 16 ], "texture": "#texture" },
        "west":  { "uv": [ 0, 14, 16, 16 ], "texture": "#texture" },
        "east":  { "uv": [ 0, 14, 16, 16 ], "texture": "#texture" }
    }
},
{
    "__comment": "Door Top",
    "from": [ 6.5, 16, 14 ],
    "to": [ 9.5, 30, 16 ],
    "faces": {
        "north": { "uv": [ 13, 2, 16, 16 ], "texture": "#texture" },
        "south": { "uv": [ 0, 2, 3, 16 ], "texture": "#texture" },
        "west":  { "uv": [ 14, 2, 16, 16 ], "texture": "#texture" },
        "east":  { "uv": [ 0, 2, 2, 16 ], "texture": "#texture" }
    }
},
{
    "__comment": "Door Top",
    "from": [ 6.5, 16, 0 ],
    "to": [ 9.5, 30, 2 ],
    "faces": {
        "north": { "uv": [ 13, 2, 16, 16 ], "texture": "#texture" },
        "south": { "uv": [ 0, 2, 3, 16 ], "texture": "#texture" },
        "west":  { "uv": [ 0, 2, 2, 16 ], "texture": "#texture" },
        "east":  { "uv": [ 14, 2, 16, 16 ], "texture": "#texture" }
    }
},
{
    "__comment": "Door Top",
    "from": [ 6.5, 30, 0 ],
    "to": [ 9.5, 32, 16 ],
    "faces": {
        "down":  { "uv": [ 16, 15, 0, 12 ], "rotation": 90, "texture": "#texture" },
        "up":    { "uv": [ 0, 0, 16, 3 ], "rotation": 90, "texture": "#texture" },
        "north": { "uv": [ 13, 0, 16, 2 ], "texture": "#texture" },
        "south": { "uv": [ 0, 0, 3, 2 ], "texture": "#texture" },
        "west":  { "uv": [ 0, 0, 16, 2 ], "texture": "#texture" },
        "east":  { "uv": [ 0, 0, 16, 2 ], "texture": "#texture" }
    }
},
{
    "__comment": "Bot Diag Vert",
    "from": [ 6.5, 2, 14 ],
    "to": [ 8, 16, 15.5 ],
    "rotation": { "origin": [ 6.5, 2, 14 ], "axis": "y", "angle": 45 },
    "faces": {
        "north": { "uv": [ 13, 0, 14, 14 ], "texture": "#texture" }
    }
},
{
    "__comment": "Bot Diag Vert",
    "from": [ 7.375, 2, 14 ],
    "to": [ 8.875, 16, 15.5 ],
    "rotation": { "origin": [ 7.375, 2, 14 ], "axis": "y", "angle": 45 },
    "faces": {
        "east":  { "uv": [ 2, 0, 3, 14 ], "texture": "#texture" }
    }
},
{
    "__comment": "Bot Diag Vert",
    "from": [ 6.5, 2, 2 ],
    "to": [ 8, 16, 3.5 ],
    "rotation": { "origin": [ 6.5, 2, 2 ], "axis": "y", "angle": 45 },
    "faces": {
        "west":  { "uv": [ 2, 0, 3, 14 ], "texture": "#texture" }
    }
},
{
    "__comment": "Bot Diag Vert",
    "from": [ 7.375, 2, 2 ],
    "to": [ 8.875, 16, 3.5 ],
    "rotation": { "origin": [ 7.375, 2, 2 ], "axis": "y", "angle": 45 },
    "faces": {
        "south": { "uv": [ 13, 0, 14, 14 ], "texture": "#texture" }
    }
},
{
    "__comment": "Door Bot",
    "from": [ 7.5, 3, 13 ],
    "to": [ 8.5, 16, 14 ],
    "faces": {
        "north": { "uv": [ 14, 0, 15, 13 ], "texture": "#texture" },
        "west":  { "uv": [ 13, 0, 14, 13 ], "texture": "#texture" },
        "east":  { "uv": [ 2, 0, 3, 13 ], "texture": "#texture" }
    }
},
{
    "__comment": "Door Bot",
    "from": [ 7.5, 2, 2 ],
    "to": [ 8.5, 3, 14 ],
    "faces": {
        "up":    { "uv": [ 2, 2, 14, 3 ], "rotation": 90, "texture": "#texture" },
        "west":  { "uv": [ 2, 13, 14, 14 ], "texture": "#texture" },
        "east":  { "uv": [ 2, 13, 14, 14 ], "texture": "#texture" }
    }
},
{
    "__comment": "Door Bot",
    "from": [ 7.5, 3, 2 ],
    "to": [ 8.5, 16, 3 ],
    "faces": {
        "south": { "uv": [ 1, 0, 2, 13 ], "texture": "#texture" },
        "west":  { "uv": [ 2, 0, 3, 13 ], "texture": "#texture" },
        "east":  { "uv": [ 13, 0, 14, 13 ], "texture": "#texture" }
    }
},
{
    "__comment": "Door Top",
    "from": [ 7.5, 16, 13 ],
    "to": [ 8.5, 29, 14 ],
    "faces": {
        "north": { "uv": [ 14, 3, 15, 16 ], "texture": "#texture" },
        "west":  { "uv": [ 13, 3, 14, 16 ], "texture": "#texture" },
        "east":  { "uv": [ 2, 3, 3, 16 ], "texture": "#texture" }
    }
},
{
    "__comment": "Door Top",
    "from": [ 7.5, 29, 2 ],
    "to": [ 8.5, 30, 14 ],
    "faces": {
        "down":  { "uv": [ 14, 3, 2, 2 ], "rotation": 90, "texture": "#texture" },
        "west":  { "uv": [ 2, 0, 14, 1 ], "texture": "#texture" },
        "east":  { "uv": [ 2, 0, 14, 1 ], "texture": "#texture" }
    }
},
{
    "__comment": "Door Top",
    "from": [ 7.5, 16, 2 ],
    "to": [ 8.5, 29, 3 ],
    "faces": {
        "south": { "uv": [ 1, 3, 2, 16 ], "texture": "#texture" },
        "west":  { "uv": [ 2, 3, 3, 16 ], "texture": "#texture" },
        "east":  { "uv": [ 13, 3, 14, 16 ], "texture": "#texture" }
    }
},
{
    "__comment": "Diag Horiz Mid",
    "from": [ 7, 14.5, 2 ],
    "to": [ 8.5, 16, 14 ],
    "rotation": { "origin": [ 7, 16, 2 ], "axis": "z", "angle": 45 },
    "faces": {
        "down":  { "uv": [ 2, 0, 14, 1 ], "rotation": 90, "texture": "#texture" },
        "up":    { "uv": [ 2, 15, 14, 16 ], "rotation": 90, "texture": "#texture" },
        "west":  { "uv": [ 2, 0, 14, 1 ], "texture": "#texture" },
        "east":  { "uv": [ 2, 15, 14, 16 ], "texture": "#texture" }
    }
},
{
    "__comment": "Bot Diag Vert",
    "from": [ 7, 2, 6 ],
    "to": [ 8.5, 16, 7.5 ],
    "rotation": { "origin": [ 7, 2, 6 ], "axis": "y", "angle": 45 },
    "faces": {
        "north": { "uv": [ 5, 0, 6, 14 ], "texture": "#texture" },
        "south": { "uv": [ 9, 0, 10, 14 ], "texture": "#texture" },
        "west":  { "uv": [ 6, 0, 7, 14 ], "texture": "#texture" },
        "east":  { "uv": [ 10, 0, 11, 14 ], "texture": "#texture" }
    }
},
{
    "__comment": "Bot Diag Vert",
    "from": [ 7, 2, 10 ],
    "to": [ 8.5, 16, 11.5 ],
    "rotation": { "origin": [ 7, 2, 10 ], "axis": "y", "angle": 45 },
    "faces": {
        "north": { "uv": [ 9, 0, 10, 14 ], "texture": "#texture" },
        "south": { "uv": [ 5, 0, 6, 14 ], "texture": "#texture" },
        "west":  { "uv": [ 10, 0, 11, 14 ], "texture": "#texture" },
        "east":  { "uv": [ 6, 0, 7, 14 ], "texture": "#texture" }
    }
},
{
    "__comment": "Bot Diag Vert",
    "from": [ 7, 16, 6 ],
    "to": [ 8.5, 30, 7.5 ],
    "rotation": { "origin": [ 7, 16, 6 ], "axis": "y", "angle": 45 },
    "faces": {
        "north": { "uv": [ 5, 2, 6, 16 ], "texture": "#texture" },
        "south": { "uv": [ 9, 2, 10, 16 ], "texture": "#texture" },
        "west":  { "uv": [ 6, 2, 7, 16 ], "texture": "#texture" },
        "east":  { "uv": [ 10, 2, 11, 16 ], "texture": "#texture" }
    }
},
{
    "__comment": "Bot Diag Vert",
    "from": [ 7, 16, 10 ],
    "to": [ 8.5, 30, 11.5 ],
    "rotation": { "origin": [ 7, 16, 10 ], "axis": "y", "angle": 45 },
    "faces": {
        "north": { "uv": [ 9, 2, 10, 16 ], "texture": "#texture" },
        "south": { "uv": [ 5, 2, 6, 16 ], "texture": "#texture" },
        "west":  { "uv": [ 10, 2, 11, 16 ], "texture": "#texture" },
        "east":  { "uv": [ 6, 2, 7, 16 ], "texture": "#texture" }
    }
}
],
"display": {
    "thirdperson_righthand": {
        "rotation": [ 0, 180, 0 ],
        "translation": [ 0, -5, -1.5 ],
        "scale": [ 0.35, 0.35, 0.35 ]
    },
    "thirdperson_lefthand": {
        "rotation": [ 0, 180, 0 ],
        "translation": [ 0, -5, -1.5 ],
        "scale": [ 0.35, 0.35, 0.35 ]
    },
    "ground": {
        "rotation": [ 0, 0, 0 ],
        "translation": [ 0, 3, 0 ],
        "scale": [ 0.25, 0.25, 0.25 ]
    },
    "fixed": {
        "rotation": [ 0, 90, 0 ],
        "translation": [ 0, -4, 0 ],
        "scale": [ 0.5, 0.5, 0.5 ]
    },
    "firstperson_righthand": {
        "rotation": [ -60, 180, 0 ],
        "translation": [ 0, 0, 5 ],
        "scale": [ 0.25, 0.25, 0.25 ]
    },
    "firstperson_lefthand": {
        "rotation": [ -60, 180, 0 ],
        "translation": [ 0, 0, 5 ],
        "scale": [ 0.25, 0.25, 0.25 ]
    },
    "gui": {
        "rotation": [ 30, 75, 0 ],
        "translation": [ 0, -3.5, 0 ],
        "scale": [ 0.5, 0.5, 0.5 ]
    }
}
}