{
"__comment": "Designed by Sibsib92 with BDcraft Cubik PRO 0.96 Beta - http://bdcraft.net",
"ambientocclusion": false,
"textures": {
    "texture": "blocks/door_birch_upper",
    "metal": "blocks/cauldron_inner",
    "wood": "blocks/planks_birch",
    "particle": "blocks/door_birch_lower"
},
"elements": [ 
{
    "__comment": "Hinge",
    "from": [ 6.25, 4, -0.0625 ],
    "to": [ 9.75, 6, 0.9375 ],
    "faces": {
        "down":  { "uv": [ 3, 1, 0, 0 ], "texture": "#metal" },
        "up":    { "uv": [ 0, 0, 3, 1 ], "texture": "#metal" },
        "north": { "uv": [ 0, 0, 3, 2 ], "texture": "#metal" },
        "south": { "uv": [ 0, 0, 3, 2 ], "texture": "#metal" },
        "west":  { "uv": [ 0, 0, 1, 2 ], "texture": "#metal" },
        "east":  { "uv": [ 0, 0, 1, 2 ], "texture": "#metal" }
    }
},
{
    "__comment": "Hinge",
    "from": [ 6.25, 15, -0.0625 ],
    "to": [ 9.75, 17, 0.9375 ],
    "faces": {
        "down":  { "uv": [ 3, 1, 0, 0 ], "texture": "#metal" },
        "up":    { "uv": [ 0, 0, 3, 1 ], "texture": "#metal" },
        "north": { "uv": [ 0, 0, 3, 2 ], "texture": "#metal" },
        "south": { "uv": [ 0, 0, 3, 2 ], "texture": "#metal" },
        "west":  { "uv": [ 0, 0, 1, 2 ], "texture": "#metal" },
        "east":  { "uv": [ 0, 0, 1, 2 ], "texture": "#metal" }
    }
},
{
    "__comment": "Hinge",
    "from": [ 6.25, 26, -0.0625 ],
    "to": [ 9.75, 28, 0.9375 ],
    "faces": {
        "down":  { "uv": [ 3, 1, 0, 0 ], "texture": "#metal" },
        "up":    { "uv": [ 0, 0, 3, 1 ], "texture": "#metal" },
        "north": { "uv": [ 0, 0, 3, 2 ], "texture": "#metal" },
        "south": { "uv": [ 0, 0, 3, 2 ], "texture": "#metal" },
        "west":  { "uv": [ 0, 0, 1, 2 ], "texture": "#metal" },
        "east":  { "uv": [ 0, 0, 1, 2 ], "texture": "#metal" }
    }
},
{
    "__comment": "Handle",
    "from": [ 6, 15.75, 14.25 ],
    "to": [ 10, 16.25, 14.75 ],
    "faces": {
        "down":  { "uv": [ 16, 14.5, 12, 14 ], "texture": "#metal" },
        "up":    { "uv": [ 0, 14, 4, 14.5 ], "texture": "#metal" },
        "north": { "uv": [ 12, 15.25, 16, 15.75 ], "texture": "#metal" },
        "south": { "uv": [ 0, 15.25, 4, 15.75 ], "texture": "#metal" },
        "west":  { "uv": [ 14, 15.25, 14.5, 15.75 ], "texture": "#metal" },
        "east":  { "uv": [ 1.5, 15.25, 2, 15.75 ], "texture": "#metal" }
    }
},
{
    "__comment": "Handle",
    "from": [ 5.5, 15, 14 ],
    "to": [ 6, 16.5, 15 ],
    "faces": {
        "down":  { "uv": [ 16, 15, 15.5, 14 ], "texture": "#metal" },
        "up":    { "uv": [ 0, 14, 0.5, 15 ], "texture": "#metal" },
        "north": { "uv": [ 15.5, 0, 16, 1.5 ], "texture": "#metal" },
        "south": { "uv": [ 0, 0, 0.5, 1.5 ], "texture": "#metal" },
        "west":  { "uv": [ 14, 0, 15, 1.5 ], "texture": "#metal" },
        "east":  { "uv": [ 1, 0, 2, 1.5 ], "texture": "#metal" }
    }
},
{
    "__comment": "Handle",
    "from": [ 10, 15, 14 ],
    "to": [ 10.5, 16.5, 15 ],
    "faces": {
        "down":  { "uv": [ 12.5, 15, 12, 14 ], "texture": "#metal" },
        "up":    { "uv": [ 3.5, 14, 4, 15 ], "texture": "#metal" },
        "north": { "uv": [ 12, 0, 12.5, 1.5 ], "texture": "#metal" },
        "south": { "uv": [ 3.5, 0, 4, 1.5 ], "texture": "#metal" },
        "west":  { "uv": [ 14, 0, 15, 1.5 ], "texture": "#metal" },
        "east":  { "uv": [ 1, 0, 2, 1.5 ], "texture": "#metal" }
    }
},
{
    "__comment": "Handle",
    "from": [ 5, 14.5, 14 ],
    "to": [ 5.5, 15.5, 15 ],
    "faces": {
        "down":  { "uv": [ 16, 15, 15.5, 14 ], "texture": "#metal" },
        "up":    { "uv": [ 0, 14, 0.5, 15 ], "texture": "#metal" },
        "north": { "uv": [ 15.5, 0, 16, 2 ], "texture": "#metal" },
        "south": { "uv": [ 0, 0, 0.5, 2 ], "texture": "#metal" },
        "west":  { "uv": [ 14, 0, 15, 2 ], "texture": "#metal" },
        "east":  { "uv": [ 1, 0, 2, 2 ], "texture": "#metal" }
    }
},
{
    "__comment": "Handle",
    "from": [ 10.5, 14.5, 14 ],
    "to": [ 11, 15.5, 15 ],
    "faces": {
        "down":  { "uv": [ 16, 15, 15.5, 14 ], "texture": "#metal" },
        "up":    { "uv": [ 0, 14, 0.5, 15 ], "texture": "#metal" },
        "north": { "uv": [ 15.5, 0, 16, 2 ], "texture": "#metal" },
        "south": { "uv": [ 0, 0, 0.5, 2 ], "texture": "#metal" },
        "west":  { "uv": [ 14, 0, 15, 2 ], "texture": "#metal" },
        "east":  { "uv": [ 1, 0, 2, 2 ], "texture": "#metal" }
    }
},
{
    "__comment": "Top Diag Vert",
    "from": [ 6.5, 16, 14 ],
    "to": [ 8, 30, 15.5 ],
    "rotation": { "origin": [ 6.5, 16, 14 ], "axis": "y", "angle": 45 },
    "faces": {
        "north": { "uv": [ 13, 2, 14, 16 ], "texture": "#wood" }
    }
},
{
    "__comment": "Top Diag Vert",
    "from": [ 7.375, 16, 14 ],
    "to": [ 8.875, 30, 15.5 ],
    "rotation": { "origin": [ 7.375, 16, 14 ], "axis": "y", "angle": 45 },
    "faces": {
        "east":  { "uv": [ 2, 2, 3, 16 ], "texture": "#wood" }
    }
},
{
    "__comment": "Top Diag Vert",
    "from": [ 6.5, 16, 2 ],
    "to": [ 8, 30, 3.5 ],
    "rotation": { "origin": [ 6.5, 16, 2 ], "axis": "y", "angle": 45 },
    "faces": {
        "west":  { "uv": [ 2, 2, 3, 16 ], "texture": "#wood" }
    }
},
{
    "__comment": "Top Diag Vert",
    "from": [ 7.375, 16, 2 ],
    "to": [ 8.875, 30, 3.5 ],
    "rotation": { "origin": [ 7.375, 16, 2 ], "axis": "y", "angle": 45 },
    "faces": {
        "south": { "uv": [ 13, 2, 14, 16 ], "texture": "#wood" }
    }
},
{
    "__comment": "Top Diag Horiz",
    "from": [ 6.5, 9.5, 2 ],
    "to": [ 8, 11, 14 ],
    "rotation": { "origin": [ 6.5, 11, 2 ], "axis": "z", "angle": 45 },
    "faces": {
        "up":    { "uv": [ 2, 4, 14, 5 ], "rotation": 90, "texture": "#wood" }
    }
},
{
    "__comment": "Top Diag Horiz",
    "from": [ 7.375, 9.5, 2 ],
    "to": [ 8.875, 11, 14 ],
    "rotation": { "origin": [ 7.375, 11, 2 ], "axis": "z", "angle": 45 },
    "faces": {
        "east":  { "uv": [ 2, 4, 14, 5 ], "texture": "#wood" }
    }
},
{
    "__comment": "Top Diag Horiz",
    "from": [ 6.5, 28.5, 2 ],
    "to": [ 8, 30, 14 ],
    "rotation": { "origin": [ 6.5, 30, 2 ], "axis": "z", "angle": 45 },
    "faces": {
        "west":  { "uv": [ 2, 2, 14, 3 ], "texture": "#wood" }
    }
},
{
    "__comment": "Top Diag Horiz",
    "from": [ 7.375, 28.5, 2 ],
    "to": [ 8.875, 30, 14 ],
    "rotation": { "origin": [ 7.375, 30, 2 ], "axis": "z", "angle": 45 },
    "faces": {
        "down":  { "uv": [ 2, 2, 14, 3 ], "rotation": 90, "texture": "#wood" }
    }
},
{
    "__comment": "Door Bot",
    "from": [ 6.5, 11, 14 ],
    "to": [ 9.5, 16, 16 ],
    "faces": {
        "north": { "uv": [ 13, 0, 16, 5 ], "texture": "#wood" },
        "south": { "uv": [ 0, 0, 3, 5 ], "texture": "#wood" },
        "west":  { "uv": [ 14, 0, 16, 5 ], "texture": "#wood" },
        "east":  { "uv": [ 0, 0, 2, 5 ], "texture": "#wood" }
    }
},
{
    "__comment": "Door Bot",
    "from": [ 6.5, 11, 0 ],
    "to": [ 9.5, 16, 2 ],
    "faces": {
        "north": { "uv": [ 13, 0, 16, 5 ], "texture": "#wood" },
        "south": { "uv": [ 0, 0, 3, 5 ], "texture": "#wood" },
        "west":  { "uv": [ 0, 0, 2, 5 ], "texture": "#wood" },
        "east":  { "uv": [ 14, 0, 16, 5 ], "texture": "#wood" }
    }
},
{
    "__comment": "Door Bot",
    "from": [ 6.5, 0, 0 ],
    "to": [ 9.5, 11, 16 ],
    "faces": {
        "down":  { "uv": [ 16, 15, 0, 12 ], "rotation": 90, "texture": "#wood" },
        "up":    { "uv": [ 0, 4, 16, 7 ], "rotation": 90, "texture": "#wood" },
        "north": { "uv": [ 13, 5, 16, 16 ], "texture": "#wood" },
        "south": { "uv": [ 0, 5, 3, 16 ], "texture": "#wood" },
        "west":  { "uv": [ 0, 5, 16, 16 ], "texture": "#wood" },
        "east":  { "uv": [ 0, 5, 16, 16 ], "texture": "#wood" }
    }
},
{
    "__comment": "Door Bot",
    "from": [ 7.5, 11, 2 ],
    "to": [ 8.5, 16, 14 ],
    "faces": {
        "west":  { "uv": [ 2, 0, 14, 5 ], "texture": "#particle" },
        "east":  { "uv": [ 2, 0, 14, 5 ], "texture": "#particle" }
    }
},
{
    "__comment": "Door Top",
    "from": [ 6.5, 16, 14 ],
    "to": [ 9.5, 30, 16 ],
    "faces": {
        "north": { "uv": [ 13, 2, 16, 16 ], "texture": "#wood" },
        "south": { "uv": [ 0, 2, 3, 16 ], "texture": "#wood" },
        "west":  { "uv": [ 14, 2, 16, 16 ], "texture": "#wood" },
        "east":  { "uv": [ 0, 2, 2, 16 ], "texture": "#wood" }
    }
},
{
    "__comment": "Door Top",
    "from": [ 6.5, 16, 0 ],
    "to": [ 9.5, 30, 2 ],
    "faces": {
        "north": { "uv": [ 13, 2, 16, 16 ], "texture": "#wood" },
        "south": { "uv": [ 0, 2, 3, 16 ], "texture": "#wood" },
        "west":  { "uv": [ 0, 2, 2, 16 ], "texture": "#wood" },
        "east":  { "uv": [ 14, 2, 16, 16 ], "texture": "#wood" }
    }
},
{
    "__comment": "Door Top",
    "from": [ 6.5, 30, 0 ],
    "to": [ 9.5, 32, 16 ],
    "faces": {
        "down":  { "uv": [ 16, 15, 0, 12 ], "rotation": 90, "texture": "#wood" },
        "up":    { "uv": [ 0, 0, 16, 3 ], "rotation": 90, "texture": "#wood" },
        "north": { "uv": [ 13, 0, 16, 2 ], "texture": "#wood" },
        "south": { "uv": [ 0, 0, 3, 2 ], "texture": "#wood" },
        "west":  { "uv": [ 0, 0, 16, 2 ], "texture": "#wood" },
        "east":  { "uv": [ 0, 0, 16, 2 ], "texture": "#wood" }
    }
},
{
    "__comment": "Door Top",
    "from": [ 7.5, 16, 2 ],
    "to": [ 8.5, 30, 14 ],
    "faces": {
        "west":  { "uv": [ 2, 2, 14, 16 ], "texture": "#texture" },
        "east":  { "uv": [ 2, 2, 14, 16 ], "texture": "#texture" }
    }
},
{
    "__comment": "Top Diag Vert",
    "from": [ 6.5, 11, 14 ],
    "to": [ 8, 16, 15.5 ],
    "rotation": { "origin": [ 6.5, 11, 14 ], "axis": "y", "angle": 45 },
    "faces": {
        "north": { "uv": [ 13, 0, 14, 5 ], "texture": "#wood" }
    }
},
{
    "__comment": "Top Diag Vert",
    "from": [ 7.375, 11, 14 ],
    "to": [ 8.875, 16, 15.5 ],
    "rotation": { "origin": [ 7.375, 11, 14 ], "axis": "y", "angle": 45 },
    "faces": {
        "east":  { "uv": [ 2, 0, 3, 5 ], "texture": "#wood" }
    }
},
{
    "__comment": "Top Diag Vert",
    "from": [ 6.5, 11, 2 ],
    "to": [ 8, 16, 3.5 ],
    "rotation": { "origin": [ 6.5, 11, 2 ], "axis": "y", "angle": 45 },
    "faces": {
        "west":  { "uv": [ 2, 0, 3, 5 ], "texture": "#wood" }
    }
},
{
    "__comment": "Top Diag Vert",
    "from": [ 7.375, 11, 2 ],
    "to": [ 8.875, 16, 3.5 ],
    "rotation": { "origin": [ 7.375, 11, 2 ], "axis": "y", "angle": 45 },
    "faces": {
        "south": { "uv": [ 13, 0, 14, 5 ], "texture": "#wood" }
    }
}
],
"display": {
    "thirdperson_righthand": {
        "rotation": [ 0, 180, 0 ],
        "translation": [ 0, -5, -1.5 ],
        "scale": [ 0.35, 0.35, 0.35 ]
    },
    "thirdperson_lefthand": {
        "rotation": [ 0, 180, 0 ],
        "translation": [ 0, -5, -1.5 ],
        "scale": [ 0.35, 0.35, 0.35 ]
    },
    "ground": {
        "rotation": [ 0, 0, 0 ],
        "translation": [ 0, 3, 0 ],
        "scale": [ 0.25, 0.25, 0.25 ]
    },
    "fixed": {
        "rotation": [ 0, 90, 0 ],
        "translation": [ 0, -4, 0 ],
        "scale": [ 0.5, 0.5, 0.5 ]
    },
    "firstperson_righthand": {
        "rotation": [ -60, 180, 0 ],
        "translation": [ 0, 0, 5 ],
        "scale": [ 0.25, 0.25, 0.25 ]
    },
    "firstperson_lefthand": {
        "rotation": [ -60, 180, 0 ],
        "translation": [ 0, 0, 5 ],
        "scale": [ 0.25, 0.25, 0.25 ]
    },
    "gui": {
        "rotation": [ 30, 75, 0 ],
        "translation": [ 0, -3.5, 0 ],
        "scale": [ 0.5, 0.5, 0.5 ]
    }
}
}