{
"__comment": "Designed by Sibsib92 with BDcraft Cubik PRO 0.96 Beta - http://bdcraft.net",
"ambientocclusion": false,
"textures": {
    "particle": "items/bone",
    "texture": "blocks/quartz_block_bottom"
},
"elements": [ 
{
    "__comment": "Stick",
    "from": [ 2, 1.6875, 7 ],
    "to": [ 18, 2.6875, 9 ],
    "rotation": { "origin": [ 2, 2.6875, 7 ], "axis": "z", "angle": 45 },
    "faces": {
        "down":  { "uv": [ 0, 1, 16, 0 ], "texture": "#texture" },
        "up":    { "uv": [ 0, 0, 16, 1 ], "texture": "#texture" },
        "north": { "uv": [ 16, 0, 0, 1 ], "texture": "#texture" },
        "south": { "uv": [ 0, 0, 16, 1 ], "texture": "#texture" },
        "west":  { "uv": [ 0, 0, 1, 1 ], "texture": "#texture" },
        "east":  { "uv": [ 15, 0, 16, 1 ], "texture": "#texture" }
    }
},
{
    "__comment": "Stick",
    "from": [ 1.625, 1.0625, 7.5 ],
    "to": [ 17.625, 3.0625, 8.5 ],
    "rotation": { "origin": [ 1.625, 3.0625, 7.5 ], "axis": "z", "angle": 45 },
    "faces": {
        "down":  { "uv": [ 0, 1, 16, 0 ], "texture": "#texture" },
        "up":    { "uv": [ 0, 0, 16, 1 ], "texture": "#texture" },
        "north": { "uv": [ 16, 0, 0, 1 ], "texture": "#texture" },
        "south": { "uv": [ 0, 0, 16, 1 ], "texture": "#texture" },
        "west":  { "uv": [ 0, 0, 1, 1 ], "texture": "#texture" },
        "east":  { "uv": [ 15, 0, 16, 1 ], "texture": "#texture" }
    }
},
{
    "__comment": "End",
    "from": [ -0.375, 0.875, 6.75 ],
    "to": [ 2.125, 2.875, 9.25 ],
    "rotation": { "origin": [ -0.375, 2.875, 6.75 ], "axis": "z", "angle": 45 },
    "faces": {
        "down":  { "uv": [ 9.25, 9.25, 6.75, 6.75 ], "texture": "#texture" },
        "up":    { "uv": [ 6.75, 6.75, 9.25, 9.25 ], "texture": "#texture" },
        "north": { "uv": [ 6.75, 7, 9.25, 9 ], "texture": "#texture" },
        "south": { "uv": [ 6.75, 7, 9.25, 9 ], "texture": "#texture" },
        "west":  { "uv": [ 6.75, 7, 9.25, 9 ], "texture": "#texture" },
        "east":  { "uv": [ 6.75, 7, 9.25, 9 ], "texture": "#texture" }
    }
},
{
    "__comment": "End",
    "from": [ 1.5, -1, 6.75 ],
    "to": [ 4, 1, 9.25 ],
    "rotation": { "origin": [ 1.5, 1, 6.75 ], "axis": "z", "angle": 45 },
    "faces": {
        "down":  { "uv": [ 9.25, 9.25, 6.75, 6.75 ], "texture": "#texture" },
        "up":    { "uv": [ 6.75, 6.75, 9.25, 9.25 ], "texture": "#texture" },
        "north": { "uv": [ 6.75, 7, 9.25, 9 ], "texture": "#texture" },
        "south": { "uv": [ 6.75, 7, 9.25, 9 ], "texture": "#texture" },
        "west":  { "uv": [ 6.75, 7, 9.25, 9 ], "texture": "#texture" },
        "east":  { "uv": [ 6.75, 7, 9.25, 9 ], "texture": "#texture" }
    }
},
{
    "__comment": "End",
    "from": [ 13.375, 10.9375, 6.75 ],
    "to": [ 15.875, 12.9375, 9.25 ],
    "rotation": { "origin": [ 13.375, 12.9375, 6.75 ], "axis": "z", "angle": 45 },
    "faces": {
        "down":  { "uv": [ 9.25, 9.25, 6.75, 6.75 ], "texture": "#texture" },
        "up":    { "uv": [ 6.75, 6.75, 9.25, 9.25 ], "texture": "#texture" },
        "north": { "uv": [ 6.75, 7, 9.25, 9 ], "texture": "#texture" },
        "south": { "uv": [ 6.75, 7, 9.25, 9 ], "texture": "#texture" },
        "west":  { "uv": [ 6.75, 7, 9.25, 9 ], "texture": "#texture" },
        "east":  { "uv": [ 6.75, 7, 9.25, 9 ], "texture": "#texture" }
    }
},
{
    "__comment": "End",
    "from": [ 11.5, 12.75, 6.75 ],
    "to": [ 14, 14.75, 9.25 ],
    "rotation": { "origin": [ 11.5, 14.75, 6.75 ], "axis": "z", "angle": 45 },
    "faces": {
        "down":  { "uv": [ 9.25, 9.25, 6.75, 6.75 ], "texture": "#texture" },
        "up":    { "uv": [ 6.75, 6.75, 9.25, 9.25 ], "texture": "#texture" },
        "north": { "uv": [ 6.75, 7, 9.25, 9 ], "texture": "#texture" },
        "south": { "uv": [ 6.75, 7, 9.25, 9 ], "texture": "#texture" },
        "west":  { "uv": [ 6.75, 7, 9.25, 9 ], "texture": "#texture" },
        "east":  { "uv": [ 6.75, 7, 9.25, 9 ], "texture": "#texture" }
    }
}
],
"display": {
    "thirdperson_righthand": {
        "rotation": [ 0, -90, 55 ],
        "translation": [ 0, 2, 1 ],
        "scale": [ 0.5, 0.5, 0.5 ]
    },
    "thirdperson_lefthand": {
        "rotation": [ 0, 90, -55 ],
        "translation": [ 0, 2, 1 ],
        "scale": [ 0.5, 0.5, 0.5 ]
    },
    "head": {
        "rotation": [ 0, 0, -45 ],
        "translation": [ 0, -4, -7 ],
        "scale": [ 0.75, 0.75, 0.75 ]
    },
    "ground": {
        "rotation": [ 0, 0, 0 ],
        "translation": [ 0, 3, 0 ],
        "scale": [ 0.35, 0.35, 0.35 ]
    },
    "fixed": {
        "rotation": [ 0, 180, 0 ],
        "translation": [ 0, 0, 0 ],
        "scale": [ 0.75, 0.75, 0.75 ]
    },
    "firstperson_righthand": {
        "rotation": [ 0, -90, 25 ],
        "translation": [ 1.13, 2.2, 1.13 ],
        "scale": [ 0.5, 0.5, 0.5 ]
    },
    "firstperson_lefthand": {
        "rotation": [ 0, 90, -25 ],
        "translation": [ 1.13, 2.2, 1.13 ],
        "scale": [ 0.5, 0.5, 0.5 ]
    },
    "gui": {
        "rotation": [ 15, 15, 0 ],
        "translation": [ 0, 0, 0 ],
        "scale": [ 0.9, 0.9, 0.9 ]
    }
}
}