{
"__comment": "Designed by Sibsib92 with BDcraft Cubik PRO 0.95 Beta - http://bdcraft.net",
"ambientocclusion": false,
"textures": {
    "particle": "items/potion_bottle_drinkable",
    "texture": "blocks/glass",
    "inside": "items/potion_overlay",
    "brown": "blocks/hardened_clay_stained_brown",
    "top": "blocks/iron_block"
},
"elements": [ 
{
    "__comment": "Bot",
    "from": [ 4, 0, 4 ],
    "to": [ 12, 2, 12 ],
    "faces": {
        "down":  { "uv": [ 0.001, 0.001, 15.999, 15.999 ], "texture": "#texture" },
        "north": { "uv": [ 15.999, 12.001, 0.001, 15.999 ], "texture": "#texture" },
        "south": { "uv": [ 0.001, 3.999, 15.999, 0.001 ], "texture": "#texture" },
        "west":  { "uv": [ 3.999, 0.001, 0.001, 15.999 ], "rotation": 90, "texture": "#texture" },
        "east":  { "uv": [ 12.001, 15.999, 15.999, 0.001 ], "rotation": 90, "texture": "#texture" }
    }
},
{
    "__comment": "Top",
    "from": [ 4, 10, 4 ],
    "to": [ 12, 12, 12 ],
    "faces": {
        "up":    { "uv": [ 0.001, 0.001, 15.999, 15.999 ], "texture": "#texture" },
        "north": { "uv": [ 15.999, 0.001, 0.001, 3.999 ], "texture": "#texture" },
        "south": { "uv": [ 0.001, 15.999, 15.999, 12.001 ], "texture": "#texture" },
        "west":  { "uv": [ 0.001, 15.999, 3.999, 0.001 ], "rotation": 90, "texture": "#texture" },
        "east":  { "uv": [ 15.999, 0.001, 12.001, 15.999 ], "rotation": 90, "texture": "#texture" }
    }
},
{
    "__comment": "Top",
    "from": [ 6, 11.75, 6 ],
    "to": [ 10, 14, 10 ],
    "faces": {
        "down":  { "uv": [ 9.999, 9.999, 6.001, 6.001 ], "texture": "#top" },
        "up":    { "uv": [ 6.001, 6.001, 9.999, 9.999 ], "texture": "#top" },
        "north": { "uv": [ 6.001, 2.001, 9.999, 4.249 ], "texture": "#top" },
        "south": { "uv": [ 6.001, 2.001, 9.999, 4.249 ], "texture": "#top" },
        "west":  { "uv": [ 6.001, 2.001, 9.999, 4.249 ], "texture": "#top" },
        "east":  { "uv": [ 6.001, 2.001, 9.999, 4.249 ], "texture": "#top" }
    }
},
{
    "__comment": "Top",
    "from": [ 6, 16, 6 ],
    "to": [ 10, 17, 10 ],
    "faces": {
        "down":  { "uv": [ 3.999, 3.999, 0.001, 0.001 ], "texture": "#top" },
        "up":    { "uv": [ 0.001, 0.001, 3.999, 3.999 ], "texture": "#top" },
        "north": { "uv": [ 6.001, 0.001, 9.999, 0.999 ], "texture": "#top" },
        "south": { "uv": [ 6.001, 0.001, 9.999, 0.999 ], "texture": "#top" },
        "west":  { "uv": [ 7.001, 0.001, 8.999, 0.999 ], "texture": "#top" },
        "east":  { "uv": [ 7.001, 0.001, 8.999, 0.999 ], "texture": "#top" }
    }
},
{
    "__comment": "Top",
    "from": [ 7, 14, 7 ],
    "to": [ 9, 16, 9 ],
    "faces": {
        "north": { "uv": [ 6.001, 0.001, 7.999, 1.999 ], "texture": "#top" },
        "south": { "uv": [ 6.001, 0.001, 7.999, 1.999 ], "texture": "#top" },
        "west":  { "uv": [ 6.001, 0.001, 7.999, 1.999 ], "texture": "#top" },
        "east":  { "uv": [ 6.001, 0.001, 7.999, 1.999 ], "texture": "#top" }
    }
},
{
    "__comment": "Side",
    "from": [ 4, 2, 2 ],
    "to": [ 12, 10, 4 ],
    "faces": {
        "down":  { "uv": [ 15.999, 12.001, 0.001, 15.999 ], "texture": "#texture" },
        "up":    { "uv": [ 15.999, 0.001, 0.001, 3.999 ], "texture": "#texture" },
        "north": { "uv": [ 0.001, 0.001, 15.999, 15.999 ], "texture": "#texture" },
        "west":  { "uv": [ 15.999, 0.001, 12.001, 15.999 ], "texture": "#texture" },
        "east":  { "uv": [ 3.999, 0.001, 0.001, 15.999 ], "texture": "#texture" }
    }
},
{
    "__comment": "Side",
    "from": [ 12, 2, 4 ],
    "to": [ 14, 10, 12 ],
    "faces": {
        "down":  { "uv": [ 15.999, 12.001, 0.001, 15.999 ], "rotation": 270, "texture": "#texture" },
        "up":    { "uv": [ 15.999, 0.001, 0.001, 3.999 ], "rotation": 90, "texture": "#texture" },
        "north": { "uv": [ 15.999, 0.001, 12.001, 15.999 ], "texture": "#texture" },
        "south": { "uv": [ 3.999, 0.001, 0.001, 15.999 ], "texture": "#texture" },
        "east":  { "uv": [ 0.001, 0.001, 15.999, 15.999 ], "texture": "#texture" }
    }
},
{
    "__comment": "Side",
    "from": [ 4, 2, 12 ],
    "to": [ 12, 10, 14 ],
    "faces": {
        "down":  { "uv": [ 15.999, 12.001, 0.001, 15.999 ], "rotation": 180, "texture": "#texture" },
        "up":    { "uv": [ 15.999, 0.001, 0.001, 3.999 ], "rotation": 180, "texture": "#texture" },
        "south": { "uv": [ 0.001, 0.001, 15.999, 15.999 ], "texture": "#texture" },
        "west":  { "uv": [ 3.999, 0.001, 0.001, 15.999 ], "texture": "#texture" },
        "east":  { "uv": [ 15.999, 0.001, 12.001, 15.999 ], "texture": "#texture" }
    }
},
{
    "__comment": "Side",
    "from": [ 2, 2, 4 ],
    "to": [ 4, 10, 12 ],
    "faces": {
        "down":  { "uv": [ 15.999, 12.001, 0.001, 15.999 ], "rotation": 90, "texture": "#texture" },
        "up":    { "uv": [ 15.999, 0.001, 0.001, 3.999 ], "rotation": 270, "texture": "#texture" },
        "north": { "uv": [ 3.999, 0.001, 0.001, 15.999 ], "texture": "#texture" },
        "south": { "uv": [ 15.999, 0.001, 12.001, 15.999 ], "texture": "#texture" },
        "west":  { "uv": [ 0.001, 0.001, 15.999, 15.999 ], "texture": "#texture" }
    }
},
{
    "__comment": "Inside",
    "from": [ 4.125, 2.125, 2.125 ],
    "to": [ 11.875, 9.875, 13.875 ],
    "faces": {
        "down":  { "uv": [ 9.999, 12.999, 7.001, 9.001 ], "texture": "#inside", "tintindex": 0 },
        "up":    { "uv": [ 7.001, 9.001, 9.999, 12.999 ], "texture": "#inside", "tintindex": 0 },
        "north": { "uv": [ 7.001, 9.001, 9.999, 11.999 ], "texture": "#inside", "tintindex": 0 },
        "south": { "uv": [ 7.001, 9.001, 9.999, 11.999 ], "texture": "#inside", "tintindex": 0 },
        "west":  { "uv": [ 7.001, 9.001, 9.999, 12.999 ], "rotation": 90, "texture": "#inside", "tintindex": 0 },
        "east":  { "uv": [ 7.001, 9.001, 9.999, 12.999 ], "rotation": 90, "texture": "#inside", "tintindex": 0 }
    }
},
{
    "__comment": "Inside",
    "from": [ 2.125, 2.125, 4.125 ],
    "to": [ 4.125, 9.875, 11.875 ],
    "faces": {
        "down":  { "uv": [ 9.999, 12.999, 9.001, 9.001 ], "texture": "#inside", "tintindex": 0 },
        "up":    { "uv": [ 7.001, 9.001, 7.999, 12.999 ], "texture": "#inside", "tintindex": 0 },
        "north": { "uv": [ 9.001, 9.001, 9.999, 12.999 ], "texture": "#inside", "tintindex": 0 },
        "south": { "uv": [ 7.001, 9.001, 7.999, 12.999 ], "texture": "#inside", "tintindex": 0 },
        "west":  { "uv": [ 7.001, 9.001, 9.999, 11.999 ], "texture": "#inside", "tintindex": 0 }
    }
},
{
    "__comment": "Inside",
    "from": [ 11.875, 2.125, 4.125 ],
    "to": [ 13.875, 9.875, 11.875 ],
    "faces": {
        "down":  { "uv": [ 9.999, 12.999, 9.001, 9.001 ], "texture": "#inside", "tintindex": 0 },
        "up":    { "uv": [ 7.001, 9.001, 7.999, 12.999 ], "texture": "#inside", "tintindex": 0 },
        "north": { "uv": [ 9.001, 9.001, 9.999, 12.999 ], "texture": "#inside", "tintindex": 0 },
        "south": { "uv": [ 7.001, 9.001, 7.999, 12.999 ], "texture": "#inside", "tintindex": 0 },
        "east":  { "uv": [ 7.001, 9.001, 9.999, 11.999 ], "texture": "#inside", "tintindex": 0 }
    }
},
{
    "__comment": "Inside",
    "from": [ 4.125, 0.125, 4.125 ],
    "to": [ 11.875, 2.125, 11.875 ],
    "faces": {
        "down":  { "uv": [ 9.999, 11.999, 7.001, 9.001 ], "texture": "#inside", "tintindex": 0 },
        "north": { "uv": [ 7.001, 11.001, 9.999, 11.999 ], "texture": "#inside", "tintindex": 0 },
        "south": { "uv": [ 7.001, 11.001, 9.999, 11.999 ], "texture": "#inside", "tintindex": 0 },
        "west":  { "uv": [ 7.001, 11.001, 9.999, 11.999 ], "texture": "#inside", "tintindex": 0 },
        "east":  { "uv": [ 6.001, 11.001, 8.999, 11.999 ], "texture": "#inside", "tintindex": 0 }
    }
},
{
    "__comment": "Kork",
    "from": [ 7, 16, 7.0625 ],
    "to": [ 9, 18, 9.0625 ],
    "faces": {
        "up":    { "uv": [ 7.001, 7.001, 8.999, 8.999 ], "texture": "#brown" },
        "north": { "uv": [ 7.001, -0.001, 8.999, 0.001 ], "texture": "#brown" },
        "south": { "uv": [ 7.001, -0.001, 8.999, 0.001 ], "texture": "#brown" },
        "west":  { "uv": [ 7.001, -0.001, 8.999, 0.001 ], "texture": "#brown" },
        "east":  { "uv": [ 7.001, -0.001, 8.999, 0.001 ], "texture": "#brown" }
    }
}
],
"display": {
    "thirdperson_righthand": {
        "rotation": [ 0, 0, 0 ],
        "translation": [ 0, 0, 0 ],
        "scale": [ 0.25, 0.25, 0.25 ]
    },
    "thirdperson_lefthand": {
        "rotation": [ 0, 0, 0 ],
        "translation": [ 0, 0, 0 ],
        "scale": [ 0.25, 0.25, 0.25 ]
    },
    "head": {
        "rotation": [ 0, 0, 0 ],
        "translation": [ 0, 10, 0 ],
        "scale": [ 0.5, 0.5, 0.5 ]
    },
    "ground": {
        "rotation": [ 0, 0, 0 ],
        "translation": [ 0, 2, 0 ],
        "scale": [ 0.25, 0.25, 0.25 ]
    },
    "fixed": {
        "rotation": [ 0, 0, 0 ],
        "translation": [ 0, 0, 0 ],
        "scale": [ 0.5, 0.5, 0.5 ]
    },
    "firstperson_righthand": {
        "rotation": [ 25, 0, 0 ],
        "translation": [ 1, 0, 0 ],
        "scale": [ 0.25, 0.25, 0.25 ]
    },
    "firstperson_lefthand": {
        "rotation": [ 25, 0, 0 ],
        "translation": [ 1, 0, 0 ],
        "scale": [ 0.25, 0.25, 0.25 ]
    },
    "gui": {
        "rotation": [ 25, 25, 0 ],
        "translation": [ 0, 0, 0 ],
        "scale": [ 0.75, 0.75, 0.75 ]
    }
}
}