{
"__comment": "Designed by Sibsib92 with BDcraft Cubik PRO 0.96 Beta - http://bdcraft.net",
"ambientocclusion": false,
"textures": {
    "particle": "items/bow_standby",
    "texture": "blocks/log_oak",
    "wool": "blocks/wool_colored_white",
    "metal": "blocks/cauldron_inner",
    "iron": "blocks/iron_block"
},
"elements": [ 
{
    "__comment": "String",
    "from": [ 14.375, 1.75, 7.875 ],
    "to": [ 14.875, 12.625, 8.1875 ],
    "faces": {
        "north": { "uv": [ 1.126, 3.251, 1.624, 11.999 ], "texture": "#wool" },
        "south": { "uv": [ 14.376, 3.251, 14.874, 11.999 ], "texture": "#wool" },
        "west":  { "uv": [ 7.876, 3.251, 8.1865, 11.999 ], "texture": "#wool" },
        "east":  { "uv": [ 7.8135, 3.251, 8.124, 11.999 ], "texture": "#wool" }
    }
},
{
    "__comment": "String",
    "from": [ 3.5, 1.3125, 7.875 ],
    "to": [ 14.875, 1.8125, 8.125 ],
    "faces": {
        "down":  { "uv": [ 11.999, 4.249, 3.251, 4.001 ], "texture": "#wool" },
        "up":    { "uv": [ 4.001, 4.001, 12.749, 4.249 ], "texture": "#wool" },
        "north": { "uv": [ 3.251, 14.001, 11.999, 14.499 ], "texture": "#wool" },
        "south": { "uv": [ 4.001, 14.001, 12.749, 14.499 ], "texture": "#wool" },
        "west":  { "uv": [ 4.001, 14.001, 4.249, 14.499 ], "texture": "#wool" },
        "east":  { "uv": [ 11.751, 14.001, 11.999, 14.499 ], "texture": "#wool" }
    }
},
{
    "__comment": "Wood",
    "from": [ 5.0625, 11.25, 7.75 ],
    "to": [ 18.0625, 11.75, 8.25 ],
    "rotation": { "origin": [ 5.0625, 11.75, 7.75 ], "axis": "z", "angle": -45 },
    "faces": {
        "down":  { "uv": [ 13.999, 10.249, 1.001, 10.001 ], "texture": "#texture" },
        "up":    { "uv": [ 13.999, 10.001, 1.001, 10.249 ], "texture": "#texture" },
        "north": { "uv": [ 1.001, 10.001, 13.999, 10.499 ], "texture": "#texture" },
        "south": { "uv": [ 13.999, 10.001, 1.001, 10.499 ], "texture": "#texture" },
        "west":  { "uv": [ 7.876, 9.001, 8.124, 9.499 ], "texture": "#texture" },
        "east":  { "uv": [ 7.876, 9.001, 8.124, 9.499 ], "texture": "#texture" }
    }
},
{
    "__comment": "Feather",
    "from": [ 12.6875, 3.75, 7 ],
    "to": [ 15.6875, 3.875, 9 ],
    "rotation": { "origin": [ 12.6875, 3.875, 7 ], "axis": "z", "angle": -45 },
    "faces": {
        "down":  { "uv": [ 2.999, 8.999, 0.001, 7.001 ], "texture": "#wool" },
        "up":    { "uv": [ 13.001, 7.001, 15.999, 8.999 ], "texture": "#wool" }
    }
},
{
    "__comment": "Feather",
    "from": [ 13.375, 2.5, 7.9375 ],
    "to": [ 16.375, 4.5, 8.0625 ],
    "rotation": { "origin": [ 13.375, 4.5, 7.9375 ], "axis": "z", "angle": -45 },
    "faces": {
        "north": { "uv": [ 0.001, 7.001, 2.999, 8.999 ], "texture": "#wool" },
        "south": { "uv": [ 13.001, 7.001, 15.999, 8.999 ], "texture": "#wool" }
    }
},
{
    "__comment": "Head",
    "from": [ 5.25, 10.625, 7.875 ],
    "to": [ 7.75, 12.625, 8.125 ],
    "rotation": { "origin": [ 5.25, 12.625, 7.875 ], "axis": "z", "angle": -45 },
    "faces": {
        "down":  { "uv": [ 14.499, 8.124, 12.001, 7.876 ], "texture": "#metal" },
        "up":    { "uv": [ 1.501, 7.876, 3.999, 8.124 ], "texture": "#metal" },
        "north": { "uv": [ 12.001, 7.001, 14.499, 8.999 ], "texture": "#metal" },
        "south": { "uv": [ 1.501, 7.001, 3.999, 8.999 ], "texture": "#metal" },
        "west":  { "uv": [ 7.876, 7.001, 8.124, 8.999 ], "texture": "#metal" },
        "east":  { "uv": [ 7.876, 7.001, 8.124, 8.999 ], "texture": "#metal" }
    }
},
{
    "__comment": "Head",
    "from": [ 3.875, 12.25, 7.875 ],
    "to": [ 5.375, 13.25, 8.125 ],
    "rotation": { "origin": [ 3.875, 13.25, 7.875 ], "axis": "z", "angle": -45 },
    "faces": {
        "down":  { "uv": [ 15.999, 8.124, 14.501, 7.876 ], "texture": "#metal" },
        "up":    { "uv": [ 0.001, 7.876, 1.499, 8.124 ], "texture": "#metal" },
        "north": { "uv": [ 14.501, 7.501, 15.999, 8.499 ], "texture": "#metal" },
        "south": { "uv": [ 0.001, 7.501, 1.499, 8.499 ], "texture": "#metal" },
        "west":  { "uv": [ 7.876, 7.501, 8.124, 8.499 ], "texture": "#metal" }
    }
},
{
    "__comment": "Iron",
    "from": [ 4.1875, 8.1875, 6.5 ],
    "to": [ 6.1875, 9.1875, 9.5 ],
    "rotation": { "origin": [ 4.1875, 9.1875, 6.5 ], "axis": "z", "angle": -45 },
    "faces": {
        "down":  { "uv": [ 2.001, 9.499, 3.999, 6.501 ], "texture": "#iron" },
        "up":    { "uv": [ 2.001, 6.501, 3.999, 9.499 ], "texture": "#iron" },
        "north": { "uv": [ 12.001, 10.001, 13.999, 10.999 ], "texture": "#iron" },
        "south": { "uv": [ 2.001, 10.001, 3.999, 10.999 ], "texture": "#iron" },
        "west":  { "uv": [ 6.501, 10.001, 9.499, 10.999 ], "texture": "#iron" },
        "east":  { "uv": [ 6.501, 10.001, 9.499, 10.999 ], "texture": "#iron" }
    }
},
{
    "__comment": "Iron",
    "from": [ 3.875, 8.5, 7 ],
    "to": [ 6.875, 9.5, 9 ],
    "rotation": { "origin": [ 3.875, 9.5, 7 ], "axis": "z", "angle": -45 },
    "faces": {
        "down":  { "uv": [ 1.501, 8.999, 4.499, 7.001 ], "texture": "#iron" },
        "up":    { "uv": [ 1.501, 7.001, 4.499, 8.999 ], "texture": "#iron" },
        "north": { "uv": [ 11.501, 10.001, 14.499, 10.999 ], "texture": "#iron" },
        "south": { "uv": [ 1.501, 10.001, 4.499, 10.999 ], "texture": "#iron" },
        "west":  { "uv": [ 7.001, 10.001, 8.999, 10.999 ], "texture": "#iron" },
        "east":  { "uv": [ 7.001, 10.001, 8.999, 10.999 ], "texture": "#iron" }
    }
},
{
    "__comment": "Grip",
    "from": [ 7.375, 7.625, 7 ],
    "to": [ 8.375, 11.625, 9 ],
    "rotation": { "origin": [ 7.375, 11.625, 7 ], "axis": "z", "angle": -45 },
    "faces": {
        "north": { "uv": [ 13.001, 5.501, 13.999, 9.499 ], "texture": "#metal" },
        "south": { "uv": [ 12.001, 5.501, 12.999, 9.499 ], "texture": "#metal" },
        "west":  { "uv": [ 12.001, 5.501, 13.999, 9.499 ], "texture": "#metal" },
        "east":  { "uv": [ 12.001, 5.501, 13.999, 9.499 ], "texture": "#metal" }
    }
},
{
    "__comment": "Grip",
    "from": [ 7, 8, 7.5 ],
    "to": [ 9, 12, 8.5 ],
    "rotation": { "origin": [ 7, 12, 7.5 ], "axis": "z", "angle": -45 },
    "faces": {
        "north": { "uv": [ 12.001, 5.501, 13.999, 9.499 ], "texture": "#metal" },
        "south": { "uv": [ 12.001, 5.501, 13.999, 9.499 ], "texture": "#metal" },
        "west":  { "uv": [ 12.001, 5.501, 12.999, 9.499 ], "texture": "#metal" },
        "east":  { "uv": [ 12.001, 5.501, 12.999, 9.499 ], "texture": "#metal" }
    }
},
{
    "__comment": "Iron",
    "from": [ 7.6875, 11.6875, 6.5 ],
    "to": [ 9.6875, 12.6875, 9.5 ],
    "rotation": { "origin": [ 7.6875, 12.6875, 6.5 ], "axis": "z", "angle": -45 },
    "faces": {
        "down":  { "uv": [ 2.001, 9.499, 3.999, 6.501 ], "texture": "#iron" },
        "up":    { "uv": [ 2.001, 6.501, 3.999, 9.499 ], "texture": "#iron" },
        "north": { "uv": [ 12.001, 5.001, 13.999, 5.999 ], "texture": "#iron" },
        "south": { "uv": [ 2.001, 5.001, 3.999, 5.999 ], "texture": "#iron" },
        "west":  { "uv": [ 6.501, 5.001, 9.499, 5.999 ], "texture": "#iron" },
        "east":  { "uv": [ 6.501, 5.001, 9.499, 5.999 ], "texture": "#iron" }
    }
},
{
    "__comment": "Iron",
    "from": [ 7.3125, 12.0625, 7 ],
    "to": [ 10.3125, 13.0625, 9 ],
    "rotation": { "origin": [ 7.3125, 13.0625, 7 ], "axis": "z", "angle": -45 },
    "faces": {
        "down":  { "uv": [ 1.501, 8.999, 4.499, 7.001 ], "texture": "#iron" },
        "up":    { "uv": [ 1.501, 7.001, 4.499, 8.999 ], "texture": "#iron" },
        "north": { "uv": [ 11.501, 5.001, 14.499, 5.999 ], "texture": "#iron" },
        "south": { "uv": [ 1.501, 5.001, 4.499, 5.999 ], "texture": "#iron" },
        "west":  { "uv": [ 7.001, 5.001, 8.999, 5.999 ], "texture": "#iron" },
        "east":  { "uv": [ 7.001, 5.001, 8.999, 5.999 ], "texture": "#iron" }
    }
},
{
    "__comment": "Wood",
    "from": [ 7.625, 10.75, 7.5 ],
    "to": [ 11.625, 12.75, 8.5 ],
    "rotation": { "origin": [ 7.625, 12.75, 7.5 ], "axis": "z", "angle": 22.5 },
    "faces": {
        "down":  { "uv": [ 1.001, 0.001, 1.999, 3.999 ], "rotation": 90, "texture": "#texture" },
        "up":    { "uv": [ 0.001, 0.001, 0.999, 3.999 ], "rotation": 90, "texture": "#texture" },
        "north": { "uv": [ 0.001, 3.999, 1.999, 0.001 ], "rotation": 90, "texture": "#texture" },
        "south": { "uv": [ 0.001, 0.001, 1.999, 3.999 ], "rotation": 90, "texture": "#texture" },
        "east":  { "uv": [ 0.001, 0.001, 1.999, 0.999 ], "rotation": 90, "texture": "#texture" }
    }
},
{
    "__comment": "Wood",
    "from": [ 3.4375, 4.5625, 7.5 ],
    "to": [ 5.4375, 8.5625, 8.5 ],
    "rotation": { "origin": [ 3.4375, 8.5625, 7.5 ], "axis": "z", "angle": -22.5 },
    "faces": {
        "down":  { "uv": [ 0.001, 12.999, 1.999, 12.001 ], "texture": "#texture" },
        "north": { "uv": [ 1.999, 15.999, 0.001, 12.001 ], "texture": "#texture" },
        "south": { "uv": [ 0.001, 15.999, 1.999, 12.001 ], "texture": "#texture" },
        "west":  { "uv": [ 0.001, 15.999, 0.999, 12.001 ], "texture": "#texture" },
        "east":  { "uv": [ 1.001, 15.999, 1.999, 12.001 ], "texture": "#texture" }
    }
},
{
    "__comment": "Wood",
    "from": [ 11.375, 12.625, 7.75 ],
    "to": [ 14.875, 14.125, 8.25 ],
    "faces": {
        "down":  { "uv": [ 12.501, 1.001, 15.999, 1.499 ], "texture": "#texture" },
        "up":    { "uv": [ 12.501, 0.001, 15.999, 0.499 ], "texture": "#texture" },
        "north": { "uv": [ 15.999, 0.001, 12.501, 1.499 ], "texture": "#texture" },
        "south": { "uv": [ 12.501, 0.001, 15.999, 1.499 ], "texture": "#texture" },
        "east":  { "uv": [ 15.501, 0.001, 15.999, 1.499 ], "texture": "#texture" }
    }
},
{
    "__comment": "Wood",
    "from": [ 2.0625, 1.3125, 7.75 ],
    "to": [ 3.5625, 4.8125, 8.25 ],
    "faces": {
        "down":  { "uv": [ 13.999, 9.499, 12.501, 9.001 ], "texture": "#texture" },
        "north": { "uv": [ 12.501, 0.001, 15.999, 1.499 ], "rotation": 90, "texture": "#texture" },
        "south": { "uv": [ 12.501, 0.001, 15.999, 1.499 ], "rotation": 90, "texture": "#texture" },
        "west":  { "uv": [ 12.501, 0.001, 15.999, 0.499 ], "rotation": 90, "texture": "#texture" },
        "east":  { "uv": [ 12.501, 1.499, 15.999, 1.001 ], "rotation": 90, "texture": "#texture" }
    }
}
],
"display": {
    "thirdperson_righthand": {
        "rotation": [ -85, -90, -45 ],
        "translation": [ -1.5, -1.5, 5 ],
        "scale": [ 1.25, 1.25, 1.25 ]
    },
    "thirdperson_lefthand": {
        "rotation": [ -85, 90, 45 ],
        "translation": [ -1.5, -1.5, 5 ],
        "scale": [ 1.25, 1.25, 1.25 ]
    },
    "ground": {
        "rotation": [ 0, 0, 45 ],
        "translation": [ 3, 3, 0 ],
        "scale": [ 0.5, 0.5, 0.5 ]
    },
    "fixed": {
        "rotation": [ 0, 180, 45 ],
        "translation": [ 0, 0, 0 ],
        "scale": [ 0.75, 0.75, 0.75 ]
    },
    "firstperson_righthand": {
        "rotation": [ 0, -90, 25 ],
        "translation": [ 1.13, 2.2, 1.13 ],
        "scale": [ 0.68, 0.68, 0.68 ]
    },
    "firstperson_lefthand": {
        "rotation": [ 0, 90, -25 ],
        "translation": [ 1.13, 2.2, 1.13 ],
        "scale": [ 0.68, 0.68, 0.68 ]
    },
    "gui": {
        "rotation": [ 25, 25, 0 ],
        "translation": [ 0, 0, 0 ],
        "scale": [ 1, 1, 1 ]
    }
}
}