{
"__comment": "Designed by Sibsib92 with BDcraft Cubik PRO 0.96 Beta - http://bdcraft.net",
"ambientocclusion": false,
"textures": {
    "texture": "blocks/planks_big_oak",
    "metal": "blocks/cauldron_inner",
    "gold": "blocks/gold_block"
},
"elements": [ 
{
    "__comment": "Hinge",
    "from": [ 6.25, 4, -0.0625 ],
    "to": [ 9.75, 6, 0.9375 ],
    "faces": {
        "down":  { "uv": [ 3, 1, 0, 0 ], "texture": "#metal" },
        "up":    { "uv": [ 0, 0, 3, 1 ], "texture": "#metal" },
        "north": { "uv": [ 0, 0, 3, 2 ], "texture": "#metal" },
        "south": { "uv": [ 0, 0, 3, 2 ], "texture": "#metal" },
        "west":  { "uv": [ 0, 0, 1, 2 ], "texture": "#metal" },
        "east":  { "uv": [ 0, 0, 1, 2 ], "texture": "#metal" }
    }
},
{
    "__comment": "Hinge",
    "from": [ 6.25, 15, -0.0625 ],
    "to": [ 9.75, 17, 0.9375 ],
    "faces": {
        "down":  { "uv": [ 3, 1, 0, 0 ], "texture": "#metal" },
        "up":    { "uv": [ 0, 0, 3, 1 ], "texture": "#metal" },
        "north": { "uv": [ 0, 0, 3, 2 ], "texture": "#metal" },
        "south": { "uv": [ 0, 0, 3, 2 ], "texture": "#metal" },
        "west":  { "uv": [ 0, 0, 1, 2 ], "texture": "#metal" },
        "east":  { "uv": [ 0, 0, 1, 2 ], "texture": "#metal" }
    }
},
{
    "__comment": "Hinge",
    "from": [ 6.25, 26, -0.0625 ],
    "to": [ 9.75, 28, 0.9375 ],
    "faces": {
        "down":  { "uv": [ 3, 1, 0, 0 ], "texture": "#metal" },
        "up":    { "uv": [ 0, 0, 3, 1 ], "texture": "#metal" },
        "north": { "uv": [ 0, 0, 3, 2 ], "texture": "#metal" },
        "south": { "uv": [ 0, 0, 3, 2 ], "texture": "#metal" },
        "west":  { "uv": [ 0, 0, 1, 2 ], "texture": "#metal" },
        "east":  { "uv": [ 0, 0, 1, 2 ], "texture": "#metal" }
    }
},
{
    "__comment": "Handle",
    "from": [ 6, 15.75, 14.25 ],
    "to": [ 10, 16.25, 14.75 ],
    "faces": {
        "down":  { "uv": [ 16, 14.5, 12, 14 ], "texture": "#gold" },
        "up":    { "uv": [ 0, 14, 4, 14.5 ], "texture": "#gold" },
        "north": { "uv": [ 12, 15.25, 16, 15.75 ], "texture": "#gold" },
        "south": { "uv": [ 0, 15.25, 4, 15.75 ], "texture": "#gold" }
    }
},
{
    "__comment": "Handle",
    "from": [ 5.5, 15.5, 14 ],
    "to": [ 6, 16.5, 15 ],
    "faces": {
        "down":  { "uv": [ 16, 15, 15.5, 14 ], "texture": "#gold" },
        "up":    { "uv": [ 0, 14, 0.5, 15 ], "texture": "#gold" },
        "north": { "uv": [ 15.5, 0, 16, 1.5 ], "texture": "#gold" },
        "south": { "uv": [ 0, 0, 0.5, 1.5 ], "texture": "#gold" },
        "west":  { "uv": [ 14, 0, 15, 1.5 ], "texture": "#gold" },
        "east":  { "uv": [ 1, 0, 2, 1.5 ], "texture": "#gold" }
    }
},
{
    "__comment": "Handle",
    "from": [ 10, 15, 13.5 ],
    "to": [ 11, 16, 14.5 ],
    "faces": {
        "down":  { "uv": [ 12, 14.5, 11, 13.5 ], "texture": "#gold" },
        "up":    { "uv": [ 4, 13.5, 5, 14.5 ], "texture": "#gold" },
        "north": { "uv": [ 11, 15.5, 12, 16 ], "texture": "#gold" },
        "south": { "uv": [ 4, 15.5, 5, 16 ], "texture": "#gold" },
        "west":  { "uv": [ 13.5, 15.5, 14.5, 16 ], "texture": "#gold" },
        "east":  { "uv": [ 1.5, 15.5, 2.5, 16 ], "texture": "#gold" }
    }
},
{
    "__comment": "Handle",
    "from": [ 5, 15, 13.5 ],
    "to": [ 6, 16, 14.5 ],
    "faces": {
        "down":  { "uv": [ 16, 14.5, 15, 13.5 ], "texture": "#gold" },
        "up":    { "uv": [ 0, 13.5, 1, 14.5 ], "texture": "#gold" },
        "north": { "uv": [ 15, 15.5, 16, 16 ], "texture": "#gold" },
        "south": { "uv": [ 0, 15.5, 1, 16 ], "texture": "#gold" },
        "west":  { "uv": [ 13.5, 15.5, 14.5, 16 ], "texture": "#gold" },
        "east":  { "uv": [ 1.5, 15.5, 2.5, 16 ], "texture": "#gold" }
    }
},
{
    "__comment": "Handle",
    "from": [ 10, 15.5, 14 ],
    "to": [ 10.5, 16.5, 15 ],
    "faces": {
        "down":  { "uv": [ 16, 15, 15.5, 14 ], "texture": "#gold" },
        "up":    { "uv": [ 0, 14, 0.5, 15 ], "texture": "#gold" },
        "north": { "uv": [ 15.5, 0, 16, 2 ], "texture": "#gold" },
        "south": { "uv": [ 0, 0, 0.5, 2 ], "texture": "#gold" },
        "west":  { "uv": [ 14, 0, 15, 2 ], "texture": "#gold" },
        "east":  { "uv": [ 1, 0, 2, 2 ], "texture": "#gold" }
    }
},
{
    "__comment": "Handle",
    "from": [ 10.25, 15.25, 12.5 ],
    "to": [ 10.75, 15.75, 13.5 ],
    "faces": {
        "down":  { "uv": [ 12, 13.5, 11.5, 12.5 ], "texture": "#gold" },
        "up":    { "uv": [ 4, 12.5, 4.5, 13.5 ], "texture": "#gold" },
        "west":  { "uv": [ 12.5, 16, 13.5, 16 ], "texture": "#gold" },
        "east":  { "uv": [ 2.5, 16, 3.5, 16 ], "texture": "#gold" }
    }
},
{
    "__comment": "Handle",
    "from": [ 5.25, 15.25, 12.5 ],
    "to": [ 5.75, 15.75, 13.5 ],
    "faces": {
        "down":  { "uv": [ 16, 13.5, 15.5, 12.5 ], "texture": "#gold" },
        "up":    { "uv": [ 0, 12.5, 0.5, 13.5 ], "texture": "#gold" },
        "west":  { "uv": [ 12.5, 16, 13.5, 16 ], "texture": "#gold" },
        "east":  { "uv": [ 2.5, 16, 3.5, 16 ], "texture": "#gold" }
    }
},
{
    "__comment": "Handle",
    "from": [ 10, 15, 11.5 ],
    "to": [ 11, 16, 12.5 ],
    "faces": {
        "down":  { "uv": [ 12, 12.5, 11, 11.5 ], "texture": "#gold" },
        "up":    { "uv": [ 4, 11.5, 5, 12.5 ], "texture": "#gold" },
        "north": { "uv": [ 11, 15.5, 12, 16 ], "texture": "#gold" },
        "south": { "uv": [ 4, 15.5, 5, 16 ], "texture": "#gold" },
        "west":  { "uv": [ 11.5, 15.5, 12.5, 16 ], "texture": "#gold" },
        "east":  { "uv": [ 3.5, 15.5, 4.5, 16 ], "texture": "#gold" }
    }
},
{
    "__comment": "Handle",
    "from": [ 5, 15, 11.5 ],
    "to": [ 6, 16, 12.5 ],
    "faces": {
        "down":  { "uv": [ 16, 12.5, 15, 11.5 ], "texture": "#gold" },
        "up":    { "uv": [ 0, 11.5, 1, 12.5 ], "texture": "#gold" },
        "north": { "uv": [ 15, 15.5, 16, 16 ], "texture": "#gold" },
        "south": { "uv": [ 0, 15.5, 1, 16 ], "texture": "#gold" },
        "west":  { "uv": [ 11.5, 15.5, 12.5, 16 ], "texture": "#gold" },
        "east":  { "uv": [ 3.5, 15.5, 4.5, 16 ], "texture": "#gold" }
    }
},
{
    "__comment": "Top Diag Vert",
    "from": [ 6.5, 16, 14 ],
    "to": [ 8, 30, 15.5 ],
    "rotation": { "origin": [ 6.5, 16, 14 ], "axis": "y", "angle": 45 },
    "faces": {
        "north": { "uv": [ 13, 2, 14, 16 ], "texture": "#texture" }
    }
},
{
    "__comment": "Top Diag Vert",
    "from": [ 7.375, 16, 14 ],
    "to": [ 8.875, 30, 15.5 ],
    "rotation": { "origin": [ 7.375, 16, 14 ], "axis": "y", "angle": 45 },
    "faces": {
        "east":  { "uv": [ 2, 2, 3, 16 ], "texture": "#texture" }
    }
},
{
    "__comment": "Top Diag Vert",
    "from": [ 6.5, 16, 2 ],
    "to": [ 8, 30, 3.5 ],
    "rotation": { "origin": [ 6.5, 16, 2 ], "axis": "y", "angle": 45 },
    "faces": {
        "west":  { "uv": [ 2, 2, 3, 16 ], "texture": "#texture" }
    }
},
{
    "__comment": "Top Diag Vert",
    "from": [ 7.375, 16, 2 ],
    "to": [ 8.875, 30, 3.5 ],
    "rotation": { "origin": [ 7.375, 16, 2 ], "axis": "y", "angle": 45 },
    "faces": {
        "south": { "uv": [ 13, 2, 14, 16 ], "texture": "#texture" }
    }
},
{
    "__comment": "Bot Diag Horiz",
    "from": [ 6.5, 0.5, 2 ],
    "to": [ 8, 2, 14 ],
    "rotation": { "origin": [ 6.5, 2, 2 ], "axis": "z", "angle": 45 },
    "faces": {
        "up":    { "uv": [ 2, 13, 14, 14 ], "rotation": 90, "texture": "#texture" }
    }
},
{
    "__comment": "Bot Diag Horiz",
    "from": [ 7.375, 0.5, 2 ],
    "to": [ 8.875, 2, 14 ],
    "rotation": { "origin": [ 7.375, 2, 2 ], "axis": "z", "angle": 45 },
    "faces": {
        "east":  { "uv": [ 2, 13, 14, 14 ], "texture": "#texture" }
    }
},
{
    "__comment": "Top Diag Horiz",
    "from": [ 6.5, 28.5, 2 ],
    "to": [ 8, 30, 14 ],
    "rotation": { "origin": [ 6.5, 30, 2 ], "axis": "z", "angle": 45 },
    "faces": {
        "west":  { "uv": [ 2, 2, 14, 3 ], "texture": "#texture" }
    }
},
{
    "__comment": "Top Diag Horiz",
    "from": [ 7.375, 28.5, 2 ],
    "to": [ 8.875, 30, 14 ],
    "rotation": { "origin": [ 7.375, 30, 2 ], "axis": "z", "angle": 45 },
    "faces": {
        "down":  { "uv": [ 2, 2, 14, 3 ], "rotation": 90, "texture": "#texture" }
    }
},
{
    "__comment": "Door Bot",
    "from": [ 6.5, 2, 14 ],
    "to": [ 9.5, 16, 16 ],
    "faces": {
        "north": { "uv": [ 13, 0, 16, 14 ], "texture": "#texture" },
        "south": { "uv": [ 0, 0, 3, 14 ], "texture": "#texture" },
        "west":  { "uv": [ 14, 0, 16, 14 ], "texture": "#texture" },
        "east":  { "uv": [ 0, 0, 2, 14 ], "texture": "#texture" }
    }
},
{
    "__comment": "Door Bot",
    "from": [ 6.5, 2, 0 ],
    "to": [ 9.5, 16, 2 ],
    "faces": {
        "north": { "uv": [ 13, 0, 16, 14 ], "texture": "#texture" },
        "south": { "uv": [ 0, 0, 3, 14 ], "texture": "#texture" },
        "west":  { "uv": [ 0, 0, 2, 14 ], "texture": "#texture" },
        "east":  { "uv": [ 14, 0, 16, 14 ], "texture": "#texture" }
    }
},
{
    "__comment": "Door Bot",
    "from": [ 6.5, 0, 0 ],
    "to": [ 9.5, 2, 16 ],
    "faces": {
        "down":  { "uv": [ 16, 15, 0, 12 ], "rotation": 90, "texture": "#texture" },
        "up":    { "uv": [ 0, 4, 16, 7 ], "rotation": 90, "texture": "#texture" },
        "north": { "uv": [ 13, 14, 16, 16 ], "texture": "#texture" },
        "south": { "uv": [ 0, 14, 3, 16 ], "texture": "#texture" },
        "west":  { "uv": [ 0, 14, 16, 16 ], "texture": "#texture" },
        "east":  { "uv": [ 0, 14, 16, 16 ], "texture": "#texture" }
    }
},
{
    "__comment": "Door Bot",
    "from": [ 7.5, 2, 2 ],
    "to": [ 8.5, 16, 14 ],
    "faces": {
        "west":  { "uv": [ 2, 0, 14, 14 ], "texture": "#texture" },
        "east":  { "uv": [ 2, 0, 14, 14 ], "texture": "#texture" }
    }
},
{
    "__comment": "Door Top",
    "from": [ 6.5, 16, 14 ],
    "to": [ 9.5, 30, 16 ],
    "faces": {
        "north": { "uv": [ 13, 2, 16, 16 ], "texture": "#texture" },
        "south": { "uv": [ 0, 2, 3, 16 ], "texture": "#texture" },
        "west":  { "uv": [ 14, 2, 16, 16 ], "texture": "#texture" },
        "east":  { "uv": [ 0, 2, 2, 16 ], "texture": "#texture" }
    }
},
{
    "__comment": "Door Top",
    "from": [ 6.5, 16, 0 ],
    "to": [ 9.5, 30, 2 ],
    "faces": {
        "north": { "uv": [ 13, 2, 16, 16 ], "texture": "#texture" },
        "south": { "uv": [ 0, 2, 3, 16 ], "texture": "#texture" },
        "west":  { "uv": [ 0, 2, 2, 16 ], "texture": "#texture" },
        "east":  { "uv": [ 14, 2, 16, 16 ], "texture": "#texture" }
    }
},
{
    "__comment": "Door Top",
    "from": [ 6.5, 30, 0 ],
    "to": [ 9.5, 32, 16 ],
    "faces": {
        "down":  { "uv": [ 16, 15, 0, 12 ], "rotation": 90, "texture": "#texture" },
        "up":    { "uv": [ 0, 0, 16, 3 ], "rotation": 90, "texture": "#texture" },
        "north": { "uv": [ 13, 0, 16, 2 ], "texture": "#texture" },
        "south": { "uv": [ 0, 0, 3, 2 ], "texture": "#texture" },
        "west":  { "uv": [ 0, 0, 16, 2 ], "texture": "#texture" },
        "east":  { "uv": [ 0, 0, 16, 2 ], "texture": "#texture" }
    }
},
{
    "__comment": "Door Top",
    "from": [ 7.5, 16, 2 ],
    "to": [ 8.5, 30, 14 ],
    "faces": {
        "west":  { "uv": [ 2, 2, 14, 16 ], "texture": "#texture" },
        "east":  { "uv": [ 2, 2, 14, 16 ], "texture": "#texture" }
    }
},
{
    "__comment": "Bot Diag Vert",
    "from": [ 6.5, 2, 14 ],
    "to": [ 8, 15, 15.5 ],
    "rotation": { "origin": [ 6.5, 2, 14 ], "axis": "y", "angle": 45 },
    "faces": {
        "north": { "uv": [ 13, 1, 14, 14 ], "texture": "#texture" }
    }
},
{
    "__comment": "Bot Diag Vert",
    "from": [ 7.375, 2, 14 ],
    "to": [ 8.875, 15, 15.5 ],
    "rotation": { "origin": [ 7.375, 2, 14 ], "axis": "y", "angle": 45 },
    "faces": {
        "east":  { "uv": [ 2, 1, 3, 14 ], "texture": "#texture" }
    }
},
{
    "__comment": "Bot Diag Vert",
    "from": [ 6.5, 2, 2 ],
    "to": [ 8, 15, 3.5 ],
    "rotation": { "origin": [ 6.5, 2, 2 ], "axis": "y", "angle": 45 },
    "faces": {
        "west":  { "uv": [ 2, 1, 3, 14 ], "texture": "#texture" }
    }
},
{
    "__comment": "Bot Diag Vert",
    "from": [ 7.375, 2, 2 ],
    "to": [ 8.875, 15, 3.5 ],
    "rotation": { "origin": [ 7.375, 2, 2 ], "axis": "y", "angle": 45 },
    "faces": {
        "south": { "uv": [ 13, 1, 14, 14 ], "texture": "#texture" }
    }
},
{
    "__comment": "Door Bot",
    "from": [ 6.5, 15, 2 ],
    "to": [ 9.5, 16, 14 ],
    "faces": {
        "down":  { "uv": [ 2, 11, 14, 8 ], "rotation": 90, "texture": "#texture" },
        "west":  { "uv": [ 2, 0, 14, 1 ], "texture": "#texture" },
        "east":  { "uv": [ 2, 0, 14, 1 ], "texture": "#texture" }
    }
},
{
    "__comment": "Door Top",
    "from": [ 6.5, 16, 2 ],
    "to": [ 9.5, 17, 14 ],
    "faces": {
        "up":    { "uv": [ 2, 4, 14, 7 ], "rotation": 90, "texture": "#texture" },
        "west":  { "uv": [ 2, 15, 14, 16 ], "texture": "#texture" },
        "east":  { "uv": [ 2, 15, 14, 16 ], "texture": "#texture" }
    }
},
{
    "__comment": "Top Diag Horiz",
    "from": [ 6.5, 15.5, 2 ],
    "to": [ 8, 17, 14 ],
    "rotation": { "origin": [ 6.5, 17, 2 ], "axis": "z", "angle": 45 },
    "faces": {
        "up":    { "uv": [ 2, 14, 14, 15 ], "rotation": 90, "texture": "#texture" }
    }
},
{
    "__comment": "Top Diag Horiz",
    "from": [ 7.375, 15.5, 2 ],
    "to": [ 8.875, 17, 14 ],
    "rotation": { "origin": [ 7.375, 17, 2 ], "axis": "z", "angle": 45 },
    "faces": {
        "east":  { "uv": [ 2, 14, 14, 15 ], "texture": "#texture" }
    }
},
{
    "__comment": "Bot Diag Horiz",
    "from": [ 6.5, 13.5, 2 ],
    "to": [ 8, 15, 14 ],
    "rotation": { "origin": [ 6.5, 15, 2 ], "axis": "z", "angle": 45 },
    "faces": {
        "west":  { "uv": [ 2, 1, 14, 2 ], "texture": "#texture" }
    }
},
{
    "__comment": "Bot Diag Horiz",
    "from": [ 7.375, 13.5, 2 ],
    "to": [ 8.875, 15, 14 ],
    "rotation": { "origin": [ 7.375, 15, 2 ], "axis": "z", "angle": 45 },
    "faces": {
        "down":  { "uv": [ 2, 1, 14, 2 ], "rotation": 90, "texture": "#texture" }
    }
},
{
    "__comment": "Doot Bot",
    "from": [ 6.5, 2, 7 ],
    "to": [ 9.5, 15, 9 ],
    "faces": {
        "north": { "uv": [ 6.5, 1, 9.5, 14 ], "texture": "#texture" },
        "south": { "uv": [ 6.5, 1, 9.5, 14 ], "texture": "#texture" },
        "west":  { "uv": [ 7, 1, 9, 14 ], "texture": "#texture" },
        "east":  { "uv": [ 7, 1, 9, 14 ], "texture": "#texture" }
    }
},
{
    "__comment": "Door Top",
    "from": [ 6.5, 17, 7 ],
    "to": [ 9.5, 30, 9 ],
    "faces": {
        "north": { "uv": [ 13, 2, 16, 15 ], "texture": "#texture" },
        "south": { "uv": [ 0, 2, 3, 15 ], "texture": "#texture" },
        "west":  { "uv": [ 7, 2, 9, 15 ], "texture": "#texture" },
        "east":  { "uv": [ 7, 2, 9, 15 ], "texture": "#texture" }
    }
},
{
    "__comment": "Bot Diag Vert",
    "from": [ 6.5, 2, 7 ],
    "to": [ 8, 15, 8.5 ],
    "rotation": { "origin": [ 6.5, 2, 7 ], "axis": "y", "angle": 45 },
    "faces": {
        "north": { "uv": [ 6, 1, 7, 14 ], "texture": "#texture" }
    }
},
{
    "__comment": "Bot Diag Vert",
    "from": [ 7.375, 2, 7 ],
    "to": [ 8.875, 15, 8.5 ],
    "rotation": { "origin": [ 7.375, 2, 7 ], "axis": "y", "angle": 45 },
    "faces": {
        "east":  { "uv": [ 9, 1, 10, 14 ], "texture": "#texture" }
    }
},
{
    "__comment": "Bot Diag Vert",
    "from": [ 6.5, 2, 9 ],
    "to": [ 8, 15, 10.5 ],
    "rotation": { "origin": [ 6.5, 2, 9 ], "axis": "y", "angle": 45 },
    "faces": {
        "west":  { "uv": [ 9, 1, 10, 14 ], "texture": "#texture" }
    }
},
{
    "__comment": "Bot Diag Vert",
    "from": [ 7.375, 2, 9 ],
    "to": [ 8.875, 15, 10.5 ],
    "rotation": { "origin": [ 7.375, 2, 9 ], "axis": "y", "angle": 45 },
    "faces": {
        "south": { "uv": [ 6, 1, 7, 14 ], "texture": "#texture" }
    }
},
{
    "__comment": "Top Diag Vert",
    "from": [ 6.5, 17, 7 ],
    "to": [ 8, 30, 8.5 ],
    "rotation": { "origin": [ 6.5, 17, 7 ], "axis": "y", "angle": 45 },
    "faces": {
        "north": { "uv": [ 6, 2, 7, 15 ], "texture": "#texture" }
    }
},
{
    "__comment": "Top Diag Vert",
    "from": [ 7.375, 17, 7 ],
    "to": [ 8.875, 30, 8.5 ],
    "rotation": { "origin": [ 7.375, 17, 7 ], "axis": "y", "angle": 45 },
    "faces": {
        "east":  { "uv": [ 9, 2, 10, 15 ], "texture": "#texture" }
    }
},
{
    "__comment": "Top Diag Vert",
    "from": [ 6.5, 17, 9 ],
    "to": [ 8, 30, 10.5 ],
    "rotation": { "origin": [ 6.5, 17, 9 ], "axis": "y", "angle": 45 },
    "faces": {
        "west":  { "uv": [ 9, 2, 10, 15 ], "texture": "#texture" }
    }
},
{
    "__comment": "Top Diag Vert",
    "from": [ 7.375, 17, 9 ],
    "to": [ 8.875, 30, 10.5 ],
    "rotation": { "origin": [ 7.375, 17, 9 ], "axis": "y", "angle": 45 },
    "faces": {
        "south": { "uv": [ 6, 2, 7, 15 ], "texture": "#texture" }
    }
}
],
"display": {
    "thirdperson_righthand": {
        "rotation": [ 0, 180, 0 ],
        "translation": [ 0, -5, -1.5 ],
        "scale": [ 0.35, 0.35, 0.35 ]
    },
    "thirdperson_lefthand": {
        "rotation": [ 0, 180, 0 ],
        "translation": [ 0, -5, -1.5 ],
        "scale": [ 0.35, 0.35, 0.35 ]
    },
    "ground": {
        "rotation": [ 0, 0, 0 ],
        "translation": [ 0, 3, 0 ],
        "scale": [ 0.25, 0.25, 0.25 ]
    },
    "fixed": {
        "rotation": [ 0, 90, 0 ],
        "translation": [ 0, -4, 0 ],
        "scale": [ 0.5, 0.5, 0.5 ]
    },
    "firstperson_righthand": {
        "rotation": [ -60, 180, 0 ],
        "translation": [ 0, 0, 5 ],
        "scale": [ 0.25, 0.25, 0.25 ]
    },
    "firstperson_lefthand": {
        "rotation": [ -60, 180, 0 ],
        "translation": [ 0, 0, 5 ],
        "scale": [ 0.25, 0.25, 0.25 ]
    },
    "gui": {
        "rotation": [ 30, 75, 0 ],
        "translation": [ 0, -3.5, 0 ],
        "scale": [ 0.5, 0.5, 0.5 ]
    }
}
}