{
"__comment": "Designed by Sibsib92 with BDcraft Cubik PRO 0.96 Beta - http://bdcraft.net",
"ambientocclusion": false,
"textures": {
    "particle": "items/egg",
    "texture": "blocks/quartz_block_bottom"
},
"elements": [ 
{
    "__comment": "Egg",
    "from": [ 5, 6.25, 5 ],
    "to": [ 11, 8.5, 11 ],
    "faces": {
        "down":  { "uv": [ 11, 11, 5, 5 ], "texture": "#texture" },
        "up":    { "uv": [ 5, 5, 11, 11 ], "texture": "#texture" },
        "north": { "uv": [ 5, 7.5, 11, 9.75 ], "texture": "#texture" },
        "south": { "uv": [ 5, 7.5, 11, 9.75 ], "texture": "#texture" },
        "west":  { "uv": [ 5, 7.5, 11, 9.75 ], "texture": "#texture" },
        "east":  { "uv": [ 5, 7.5, 11, 9.75 ], "texture": "#texture" }
    }
},
{
    "__comment": "Egg",
    "from": [ 4.25, 5.5, 5.75 ],
    "to": [ 11.75, 9.25, 10.25 ],
    "faces": {
        "down":  { "uv": [ 11.75, 10.25, 4.25, 5.75 ], "texture": "#texture" },
        "up":    { "uv": [ 4.25, 5.75, 11.75, 10.25 ], "texture": "#texture" },
        "north": { "uv": [ 4.25, 6.75, 11.75, 10.5 ], "texture": "#texture" },
        "south": { "uv": [ 4.25, 6.75, 11.75, 10.5 ], "texture": "#texture" },
        "west":  { "uv": [ 5.75, 6.75, 10.25, 10.5 ], "texture": "#texture" },
        "east":  { "uv": [ 5.75, 6.75, 10.25, 10.5 ], "texture": "#texture" }
    }
},
{
    "__comment": "Egg",
    "from": [ 5.75, 5.5, 4.25 ],
    "to": [ 10.25, 9.25, 11.75 ],
    "faces": {
        "down":  { "uv": [ 10.25, 11.75, 5.75, 4.25 ], "texture": "#texture" },
        "up":    { "uv": [ 5.75, 4.25, 10.25, 11.75 ], "texture": "#texture" },
        "north": { "uv": [ 5.75, 6.75, 10.25, 10.5 ], "texture": "#texture" },
        "south": { "uv": [ 5.75, 6.75, 10.25, 10.5 ], "texture": "#texture" },
        "west":  { "uv": [ 4.25, 6.75, 11.75, 10.5 ], "texture": "#texture" },
        "east":  { "uv": [ 4.25, 6.75, 11.75, 10.5 ], "texture": "#texture" }
    }
},
{
    "__comment": "Egg",
    "from": [ 5.75, 4.75, 5 ],
    "to": [ 10.25, 10, 11 ],
    "faces": {
        "down":  { "uv": [ 10.25, 11, 5.75, 5 ], "texture": "#texture" },
        "up":    { "uv": [ 5.75, 5, 10.25, 11 ], "texture": "#texture" },
        "north": { "uv": [ 5.75, 6, 10.25, 11.25 ], "texture": "#texture" },
        "south": { "uv": [ 5.75, 6, 10.25, 11.25 ], "texture": "#texture" },
        "west":  { "uv": [ 5, 6, 11, 11.25 ], "texture": "#texture" },
        "east":  { "uv": [ 5, 6, 11, 11.25 ], "texture": "#texture" }
    }
},
{
    "__comment": "Egg",
    "from": [ 5, 4.75, 5.75 ],
    "to": [ 11, 10, 10.25 ],
    "faces": {
        "down":  { "uv": [ 11, 10.25, 5, 5.75 ], "texture": "#texture" },
        "up":    { "uv": [ 5, 5.75, 11, 10.25 ], "texture": "#texture" },
        "north": { "uv": [ 5, 6, 11, 11.25 ], "texture": "#texture" },
        "south": { "uv": [ 5, 6, 11, 11.25 ], "texture": "#texture" },
        "west":  { "uv": [ 5.75, 6, 10.25, 11.25 ], "texture": "#texture" },
        "east":  { "uv": [ 5.75, 6, 10.25, 11.25 ], "texture": "#texture" }
    }
},
{
    "__comment": "Egg",
    "from": [ 7.25, 12.25, 7.25 ],
    "to": [ 8.75, 13, 8.75 ],
    "faces": {
        "up":    { "uv": [ 7.25, 7.25, 8.75, 8.75 ], "texture": "#texture" },
        "north": { "uv": [ 7.25, 3, 8.75, 3.75 ], "texture": "#texture" },
        "south": { "uv": [ 7.25, 3, 8.75, 3.75 ], "texture": "#texture" },
        "west":  { "uv": [ 7.25, 3, 8.75, 3.75 ], "texture": "#texture" },
        "east":  { "uv": [ 7.25, 3, 8.75, 3.75 ], "texture": "#texture" }
    }
},
{
    "__comment": "Egg",
    "from": [ 5.75, 4, 5.75 ],
    "to": [ 10.25, 11.5, 10.25 ],
    "faces": {
        "down":  { "uv": [ 10.25, 10.25, 5.75, 5.75 ], "texture": "#texture" },
        "up":    { "uv": [ 5.75, 5.75, 10.25, 10.25 ], "texture": "#texture" },
        "north": { "uv": [ 5.75, 4.5, 10.25, 12 ], "texture": "#texture" },
        "south": { "uv": [ 5.75, 4.5, 10.25, 12 ], "texture": "#texture" },
        "west":  { "uv": [ 5.75, 4.5, 10.25, 12 ], "texture": "#texture" },
        "east":  { "uv": [ 5.75, 4.5, 10.25, 12 ], "texture": "#texture" }
    }
},
{
    "__comment": "Egg",
    "from": [ 7.25, 3.25, 6.5 ],
    "to": [ 8.75, 4, 7.25 ],
    "faces": {
        "down":  { "uv": [ 8.75, 7.25, 7.25, 6.5 ], "texture": "#texture" },
        "north": { "uv": [ 7.25, 12, 8.75, 12.75 ], "texture": "#texture" },
        "west":  { "uv": [ 6.5, 12, 7.25, 12.75 ], "texture": "#texture" },
        "east":  { "uv": [ 8.75, 12, 9.5, 12.75 ], "texture": "#texture" }
    }
},
{
    "__comment": "Egg",
    "from": [ 7.25, 3.25, 8.75 ],
    "to": [ 8.75, 4, 9.5 ],
    "faces": {
        "down":  { "uv": [ 8.75, 9.5, 7.25, 8.75 ], "texture": "#texture" },
        "south": { "uv": [ 7.25, 12, 8.75, 12.75 ], "texture": "#texture" },
        "west":  { "uv": [ 8.75, 12, 9.5, 12.75 ], "texture": "#texture" },
        "east":  { "uv": [ 6.5, 12, 7.25, 12.75 ], "texture": "#texture" }
    }
},
{
    "__comment": "Egg",
    "from": [ 7.25, 11.5, 5.75 ],
    "to": [ 8.75, 12.25, 10.25 ],
    "faces": {
        "up":    { "uv": [ 7.25, 5.75, 8.75, 10.25 ], "texture": "#texture" },
        "north": { "uv": [ 7.25, 3.75, 8.75, 4.5 ], "texture": "#texture" },
        "south": { "uv": [ 7.25, 3.75, 8.75, 4.5 ], "texture": "#texture" },
        "west":  { "uv": [ 5.75, 3.75, 10.25, 4.5 ], "texture": "#texture" },
        "east":  { "uv": [ 5.75, 3.75, 10.25, 4.5 ], "texture": "#texture" }
    }
},
{
    "__comment": "Egg",
    "from": [ 6.5, 4, 5 ],
    "to": [ 9.5, 11.5, 11 ],
    "faces": {
        "down":  { "uv": [ 9.5, 11, 6.5, 5 ], "texture": "#texture" },
        "up":    { "uv": [ 6.5, 5, 9.5, 11 ], "texture": "#texture" },
        "north": { "uv": [ 6.5, 4.5, 9.5, 12 ], "texture": "#texture" },
        "south": { "uv": [ 6.5, 4.5, 9.5, 12 ], "texture": "#texture" },
        "west":  { "uv": [ 5, 4.5, 11, 12 ], "texture": "#texture" },
        "east":  { "uv": [ 5, 4.5, 11, 12 ], "texture": "#texture" }
    }
},
{
    "__comment": "Egg",
    "from": [ 6.5, 4.75, 4.25 ],
    "to": [ 9.5, 10, 11.75 ],
    "faces": {
        "down":  { "uv": [ 9.5, 11.75, 6.5, 4.25 ], "texture": "#texture" },
        "up":    { "uv": [ 6.5, 4.25, 9.5, 11.75 ], "texture": "#texture" },
        "north": { "uv": [ 6.5, 6, 9.5, 11.25 ], "texture": "#texture" },
        "south": { "uv": [ 6.5, 6, 9.5, 11.25 ], "texture": "#texture" },
        "west":  { "uv": [ 4.25, 6, 11.75, 11.25 ], "texture": "#texture" },
        "east":  { "uv": [ 4.25, 6, 11.75, 11.25 ], "texture": "#texture" }
    }
},
{
    "__comment": "Egg",
    "from": [ 7.25, 8.5, 4.25 ],
    "to": [ 8.75, 10, 11.75 ],
    "faces": {
        "up":    { "uv": [ 7.25, 4.25, 8.75, 11.75 ], "texture": "#texture" },
        "north": { "uv": [ 7.25, 6, 8.75, 7.5 ], "texture": "#texture" },
        "south": { "uv": [ 7.25, 6, 8.75, 7.5 ], "texture": "#texture" },
        "west":  { "uv": [ 4.25, 6, 11.75, 7.5 ], "texture": "#texture" },
        "east":  { "uv": [ 4.25, 6, 11.75, 7.5 ], "texture": "#texture" }
    }
},
{
    "__comment": "Egg",
    "from": [ 7.25, 6.25, 3.5 ],
    "to": [ 8.75, 8.5, 12.5 ],
    "faces": {
        "down":  { "uv": [ 8.75, 12.5, 7.25, 3.5 ], "texture": "#texture" },
        "up":    { "uv": [ 7.25, 3.5, 8.75, 12.5 ], "texture": "#texture" },
        "north": { "uv": [ 7.25, 7.5, 8.75, 9.75 ], "texture": "#texture" },
        "south": { "uv": [ 7.25, 7.5, 8.75, 9.75 ], "texture": "#texture" },
        "west":  { "uv": [ 3.5, 7.5, 12.5, 9.75 ], "texture": "#texture" },
        "east":  { "uv": [ 3.5, 7.5, 12.5, 9.75 ], "texture": "#texture" }
    }
},
{
    "__comment": "Egg",
    "from": [ 6.5, 11.5, 6.5 ],
    "to": [ 9.5, 12.25, 9.5 ],
    "faces": {
        "up":    { "uv": [ 6.5, 6.5, 9.5, 9.5 ], "texture": "#texture" },
        "north": { "uv": [ 6.5, 3.75, 9.5, 4.5 ], "texture": "#texture" },
        "south": { "uv": [ 6.5, 3.75, 9.5, 4.5 ], "texture": "#texture" },
        "west":  { "uv": [ 6.5, 3.75, 9.5, 4.5 ], "texture": "#texture" },
        "east":  { "uv": [ 6.5, 3.75, 9.5, 4.5 ], "texture": "#texture" }
    }
},
{
    "__comment": "Egg",
    "from": [ 6.5, 3.25, 7.25 ],
    "to": [ 9.5, 4, 8.75 ],
    "faces": {
        "down":  { "uv": [ 9.5, 8.75, 6.5, 7.25 ], "texture": "#texture" },
        "north": { "uv": [ 6.5, 12, 9.5, 12.75 ], "texture": "#texture" },
        "south": { "uv": [ 6.5, 12, 9.5, 12.75 ], "texture": "#texture" },
        "west":  { "uv": [ 7.25, 12, 8.75, 12.75 ], "texture": "#texture" },
        "east":  { "uv": [ 7.25, 12, 8.75, 12.75 ], "texture": "#texture" }
    }
},
{
    "__comment": "Egg",
    "from": [ 5.75, 11.5, 7.25 ],
    "to": [ 10.25, 12.25, 8.75 ],
    "faces": {
        "up":    { "uv": [ 5.75, 7.25, 10.25, 8.75 ], "texture": "#texture" },
        "north": { "uv": [ 5.75, 3.75, 10.25, 4.5 ], "texture": "#texture" },
        "south": { "uv": [ 5.75, 3.75, 10.25, 4.5 ], "texture": "#texture" },
        "west":  { "uv": [ 7.25, 3.75, 8.75, 4.5 ], "texture": "#texture" },
        "east":  { "uv": [ 7.25, 3.75, 8.75, 4.5 ], "texture": "#texture" }
    }
},
{
    "__comment": "Egg",
    "from": [ 5, 4, 6.5 ],
    "to": [ 11, 11.5, 9.5 ],
    "faces": {
        "down":  { "uv": [ 11, 9.5, 5, 6.5 ], "texture": "#texture" },
        "up":    { "uv": [ 5, 6.5, 11, 9.5 ], "texture": "#texture" },
        "north": { "uv": [ 5, 4.5, 11, 12 ], "texture": "#texture" },
        "south": { "uv": [ 5, 4.5, 11, 12 ], "texture": "#texture" },
        "west":  { "uv": [ 6.5, 4.5, 9.5, 12 ], "texture": "#texture" },
        "east":  { "uv": [ 6.5, 4.5, 9.5, 12 ], "texture": "#texture" }
    }
},
{
    "__comment": "Egg",
    "from": [ 4.25, 4.75, 6.5 ],
    "to": [ 11.75, 10, 9.5 ],
    "faces": {
        "down":  { "uv": [ 11.75, 9.5, 4.25, 6.5 ], "texture": "#texture" },
        "up":    { "uv": [ 4.25, 6.5, 11.75, 9.5 ], "texture": "#texture" },
        "north": { "uv": [ 4.25, 6, 11.75, 11.25 ], "texture": "#texture" },
        "south": { "uv": [ 4.25, 6, 11.75, 11.25 ], "texture": "#texture" },
        "west":  { "uv": [ 6.5, 6, 9.5, 11.25 ], "texture": "#texture" },
        "east":  { "uv": [ 6.5, 6, 9.5, 11.25 ], "texture": "#texture" }
    }
},
{
    "__comment": "Egg",
    "from": [ 3.5, 6.25, 7.25 ],
    "to": [ 12.5, 8.5, 8.75 ],
    "faces": {
        "down":  { "uv": [ 12.5, 8.75, 3.5, 7.25 ], "texture": "#texture" },
        "up":    { "uv": [ 3.5, 7.25, 12.5, 8.75 ], "texture": "#texture" },
        "north": { "uv": [ 3.5, 7.5, 12.5, 9.75 ], "texture": "#texture" },
        "south": { "uv": [ 3.5, 7.5, 12.5, 9.75 ], "texture": "#texture" },
        "west":  { "uv": [ 7.25, 7.5, 8.75, 9.75 ], "texture": "#texture" },
        "east":  { "uv": [ 7.25, 7.5, 8.75, 9.75 ], "texture": "#texture" }
    }
}
],
"display": {
    "thirdperson_righthand": {
        "rotation": [ 40, 0, 0 ],
        "translation": [ 0, 0, 0 ],
        "scale": [ 0.25, 0.25, 0.25 ]
    },
    "thirdperson_lefthand": {
        "rotation": [ 40, 0, 0 ],
        "translation": [ 0, 0, 0 ],
        "scale": [ 0.25, 0.25, 0.25 ]
    },
    "ground": {
        "rotation": [ 0, 0, 0 ],
        "translation": [ 0, 3, 0 ],
        "scale": [ 0.25, 0.25, 0.25 ]
    },
    "fixed": {
        "rotation": [ 0, 0, 0 ],
        "translation": [ 0, 0, 0 ],
        "scale": [ 0.75, 0.75, 0.75 ]
    },
    "firstperson_righthand": {
        "rotation": [ 0, 0, 0 ],
        "translation": [ 0, 0.5, 0 ],
        "scale": [ 0.25, 0.25, 0.25 ]
    },
    "firstperson_lefthand": {
        "rotation": [ 0, 0, 0 ],
        "translation": [ 0, 0.5, 0 ],
        "scale": [ 0.25, 0.25, 0.25 ]
    },
    "gui": {
        "rotation": [ 20, 45, 0 ],
        "translation": [ 0, 0, 0 ],
        "scale": [ 1, 1, 1 ]
    }
}
}