{
"__comment": "Designed by Sibsib92 with BDcraft Cubik PRO 0.95 Beta - http://bdcraft.net",
"ambientocclusion": false,
"textures": {
    "particle": "items/book_enchanted",
    "texture": "blocks/hardened_clay_stained_brown",
    "material": "blocks/quartz_block_top",
    "red": "blocks/redstone_block",
    "gold": "blocks/gold_block"
},
"elements": [ 
{
    "__comment": "Paper",
    "from": [ 2.5, 0.5, 6.5 ],
    "to": [ 13.5, 15.5, 9.5 ],
    "faces": {
        "down":  { "uv": [ 2.501, 9.499, 13.499, 6.501 ], "rotation": 180, "texture": "#material" },
        "up":    { "uv": [ 2.501, 6.501, 13.499, 9.499 ], "rotation": 180, "texture": "#material" },
        "west":  { "uv": [ 6.501, 0.501, 9.499, 15.499 ], "texture": "#material" }
    }
},
{
    "__comment": "Outside",
    "from": [ 13.5, 0, 6.5 ],
    "to": [ 14, 16, 9.5 ],
    "faces": {
        "down":  { "uv": [ 2.001, 9.499, 2.499, 6.501 ], "rotation": 180, "texture": "#texture" },
        "up":    { "uv": [ 2.001, 6.501, 2.499, 9.499 ], "rotation": 180, "texture": "#texture" },
        "west":  { "uv": [ 6.501, 0.001, 9.499, 15.999 ], "texture": "#texture" },
        "east":  { "uv": [ 6.501, 0.001, 9.499, 15.999 ], "texture": "#texture" }
    }
},
{
    "__comment": "Outside",
    "from": [ 2, 0, 6 ],
    "to": [ 14, 16, 6.5 ],
    "faces": {
        "down":  { "uv": [ 2.001, 9.999, 13.999, 9.501 ], "rotation": 180, "texture": "#texture" },
        "up":    { "uv": [ 2.001, 9.501, 13.999, 9.999 ], "rotation": 180, "texture": "#texture" },
        "north": { "uv": [ 2.001, 0.001, 13.999, 15.999 ], "texture": "#texture" },
        "south": { "uv": [ 2.001, 0.001, 13.999, 15.999 ], "texture": "#texture" },
        "west":  { "uv": [ 6.001, 0.001, 6.499, 15.999 ], "texture": "#texture" },
        "east":  { "uv": [ 9.501, 0.001, 9.999, 15.999 ], "texture": "#texture" }
    }
},
{
    "__comment": "Outside",
    "from": [ 2, 0, 9.5 ],
    "to": [ 14, 16, 10 ],
    "faces": {
        "down":  { "uv": [ 2.001, 6.499, 13.999, 6.001 ], "rotation": 180, "texture": "#texture" },
        "up":    { "uv": [ 2.001, 6.001, 13.999, 6.499 ], "rotation": 180, "texture": "#texture" },
        "north": { "uv": [ 2.001, 0.001, 13.999, 15.999 ], "texture": "#texture" },
        "south": { "uv": [ 2.001, 0.001, 13.999, 15.999 ], "texture": "#texture" },
        "west":  { "uv": [ 9.501, 0.001, 9.999, 15.999 ], "texture": "#texture" },
        "east":  { "uv": [ 6.001, 0.001, 6.499, 15.999 ], "texture": "#texture" }
    }
},
{
    "__comment": "Red",
    "from": [ 2, 7.25, 5.75 ],
    "to": [ 14.25, 8.75, 6 ],
    "faces": {
        "down":  { "uv": [ 13.999, 5.999, 1.751, 5.751 ], "texture": "#red" },
        "up":    { "uv": [ 2.001, 5.751, 14.249, 5.999 ], "texture": "#red" },
        "north": { "uv": [ 1.751, 7.251, 13.999, 8.749 ], "texture": "#red" },
        "south": { "uv": [ 2.001, 7.251, 14.249, 8.749 ], "texture": "#red" },
        "east":  { "uv": [ 10.001, 7.251, 10.249, 8.749 ], "texture": "#red" }
    }
},
{
    "__comment": "Red",
    "from": [ 2, 7.25, 10 ],
    "to": [ 14.25, 8.75, 10.25 ],
    "faces": {
        "down":  { "uv": [ 13.999, 10.249, 1.751, 10.001 ], "texture": "#red" },
        "up":    { "uv": [ 2.001, 10.001, 14.249, 10.249 ], "texture": "#red" },
        "north": { "uv": [ 1.751, 7.251, 13.999, 8.749 ], "texture": "#red" },
        "south": { "uv": [ 2.001, 7.251, 14.249, 8.749 ], "texture": "#red" },
        "east":  { "uv": [ 5.751, 7.251, 5.999, 8.749 ], "texture": "#red" }
    }
},
{
    "__comment": "Red",
    "from": [ 14, 7.25, 6 ],
    "to": [ 14.25, 8.75, 10 ],
    "faces": {
        "down":  { "uv": [ 1.999, 9.999, 1.751, 6.001 ], "texture": "#red" },
        "up":    { "uv": [ 14.001, 6.001, 14.249, 9.999 ], "texture": "#red" },
        "east":  { "uv": [ 6.001, 7.251, 9.999, 8.749 ], "texture": "#red" }
    }
},
{
    "__comment": "Red",
    "from": [ 1.75, 7.25, 5.75 ],
    "to": [ 2, 8.75, 10.25 ],
    "faces": {
        "down":  { "uv": [ 14.249, 10.249, 14.001, 5.751 ], "texture": "#red" },
        "up":    { "uv": [ 1.751, 5.751, 1.999, 10.249 ], "texture": "#red" },
        "north": { "uv": [ 14.001, 7.251, 14.249, 8.749 ], "texture": "#red" },
        "south": { "uv": [ 1.751, 7.251, 1.999, 8.749 ], "texture": "#red" },
        "west":  { "uv": [ 5.751, 7.251, 10.249, 8.749 ], "texture": "#red" },
        "east":  { "uv": [ 5.751, 7.251, 10.249, 8.749 ], "texture": "#red" }
    }
},
{
    "__comment": "Gold",
    "from": [ 0.875, 7, 5.625 ],
    "to": [ 2.625, 9, 6.375 ],
    "rotation": { "origin": [ 0.875, 7, 5.625 ], "axis": "y", "angle": 22.5 },
    "faces": {
        "down":  { "uv": [ 15.749, 5.749, 14.001, 5.001 ], "texture": "#gold" },
        "up":    { "uv": [ 0.251, 5.001, 1.999, 5.749 ], "texture": "#gold" },
        "north": { "uv": [ 14.001, 7.001, 15.749, 8.999 ], "texture": "#gold" },
        "south": { "uv": [ 0.251, 7.001, 1.999, 8.999 ], "texture": "#gold" },
        "west":  { "uv": [ 5.001, 7.001, 5.749, 8.999 ], "texture": "#gold" },
        "east":  { "uv": [ 10.251, 7.001, 10.999, 8.999 ], "texture": "#gold" }
    }
}
],
"display": {
    "thirdperson_righthand": {
        "rotation": [ 0, 90, 0 ],
        "translation": [ 0, 0, 0 ],
        "scale": [ 0.5, 0.5, 0.5 ]
    },
    "thirdperson_lefthand": {
        "rotation": [ 0, -90, 0 ],
        "translation": [ 0, 0, 0 ],
        "scale": [ 0.5, 0.5, 0.5 ]
    },
    "head": {
        "rotation": [ 90, 0, -30 ],
        "translation": [ 0, 8, 0 ],
        "scale": [ 0.75, 0.75, 0.75 ]
    },
    "ground": {
        "rotation": [ 0, 0, 0 ],
        "translation": [ 0, 2.5, 0 ],
        "scale": [ 0.5, 0.5, 0.5 ]
    },
    "fixed": {
        "rotation": [ 0, 0, 0 ],
        "translation": [ 0, 0, 0 ],
        "scale": [ 0.75, 0.75, 0.75 ]
    },
    "firstperson_righthand": {
        "rotation": [ 0, 90, -30 ],
        "translation": [ 0, 0, 0 ],
        "scale": [ 0.5, 0.5, 0.5 ]
    },
    "firstperson_lefthand": {
        "rotation": [ 0, -90, 30 ],
        "translation": [ 0, 0, 0 ],
        "scale": [ 0.5, 0.5, 0.5 ]
    },
    "gui": {
        "rotation": [ 15, 165, 0 ],
        "translation": [ 0, 0, 0 ],
        "scale": [ 0.75, 0.75, 0.75 ]
    }
}
}