{
"__comment": "Designed by Sibsib92 with BDcraft Cubik PRO 0.96 Beta - http://bdcraft.net",
"ambientocclusion": false,
"textures": {
    "particle": "items/fireworks",
    "texture": "blocks/hardened_clay_stained_brown",
    "black": "blocks/coal_block",
    "wood": "blocks/planks_oak"
},
"elements": [ 
{
    "__comment": "Top",
    "from": [ 7, 12, 6.5 ],
    "to": [ 10, 14, 10.5 ],
    "faces": {
        "down":  { "uv": [ 8.999, 10.499, 6.001, 6.501 ], "texture": "#texture" },
        "up":    { "uv": [ 7.001, 6.501, 9.999, 10.499 ], "texture": "#texture" },
        "north": { "uv": [ 6.001, 2.001, 8.999, 3.999 ], "texture": "#texture" },
        "south": { "uv": [ 7.001, 2.001, 9.999, 3.999 ], "texture": "#texture" },
        "west":  { "uv": [ 6.501, 2.001, 10.499, 3.999 ], "texture": "#texture" },
        "east":  { "uv": [ 5.501, 2.001, 9.499, 3.999 ], "texture": "#texture" }
    }
},
{
    "__comment": "Top",
    "from": [ 6.5, 12, 7 ],
    "to": [ 10.5, 14, 10 ],
    "faces": {
        "down":  { "uv": [ 9.499, 9.999, 5.501, 7.001 ], "texture": "#texture" },
        "up":    { "uv": [ 6.501, 7.001, 10.499, 9.999 ], "texture": "#texture" },
        "north": { "uv": [ 5.501, 2.001, 9.499, 3.999 ], "texture": "#texture" },
        "south": { "uv": [ 6.501, 2.001, 10.499, 3.999 ], "texture": "#texture" },
        "west":  { "uv": [ 7.001, 2.001, 9.999, 3.999 ], "texture": "#texture" },
        "east":  { "uv": [ 6.001, 2.001, 8.999, 3.999 ], "texture": "#texture" }
    }
},
{
    "__comment": "Top",
    "from": [ 8, 14, 7 ],
    "to": [ 9, 15, 10 ],
    "faces": {
        "up":    { "uv": [ 8.001, 7.001, 8.999, 9.999 ], "texture": "#texture" },
        "north": { "uv": [ 7.001, 1.001, 7.999, 1.999 ], "texture": "#texture" },
        "south": { "uv": [ 8.001, 1.001, 8.999, 1.999 ], "texture": "#texture" },
        "west":  { "uv": [ 7.001, 1.001, 9.999, 1.999 ], "texture": "#texture" },
        "east":  { "uv": [ 6.001, 1.001, 8.999, 1.999 ], "texture": "#texture" }
    }
},
{
    "__comment": "Top",
    "from": [ 7, 14, 8 ],
    "to": [ 10, 15, 9 ],
    "faces": {
        "up":    { "uv": [ 7.001, 8.001, 9.999, 8.999 ], "texture": "#texture" },
        "north": { "uv": [ 6.001, 1.001, 8.999, 1.999 ], "texture": "#texture" },
        "south": { "uv": [ 7.001, 1.001, 9.999, 1.999 ], "texture": "#texture" },
        "west":  { "uv": [ 8.001, 1.001, 8.999, 1.999 ], "texture": "#texture" },
        "east":  { "uv": [ 7.001, 1.001, 7.999, 1.999 ], "texture": "#texture" }
    }
},
{
    "__comment": "Top",
    "from": [ 8, 15, 8 ],
    "to": [ 9, 16, 9 ],
    "faces": {
        "up":    { "uv": [ 8.001, 8.001, 8.999, 8.999 ], "texture": "#texture" },
        "north": { "uv": [ 7.001, 0.001, 7.999, 0.999 ], "texture": "#texture" },
        "south": { "uv": [ 8.001, 0.001, 8.999, 0.999 ], "texture": "#texture" },
        "west":  { "uv": [ 8.001, 0.001, 8.999, 0.999 ], "texture": "#texture" },
        "east":  { "uv": [ 7.001, 0.001, 7.999, 0.999 ], "texture": "#texture" }
    }
},
{
    "__comment": "Rocket",
    "from": [ 7.5, 4, 7 ],
    "to": [ 9.5, 12, 10 ],
    "faces": {
        "down":  { "uv": [ 9.499, 8.499, 7.501, 5.501 ], "texture": "#particle" },
        "north": { "uv": [ 9.499, 5.001, 7.501, 12.999 ], "texture": "#particle" },
        "south": { "uv": [ 9.499, 5.001, 7.501, 12.999 ], "texture": "#particle" },
        "west":  { "uv": [ 7.001, 5.001, 9.999, 12.999 ], "texture": "#particle" },
        "east":  { "uv": [ 7.001, 5.001, 9.999, 12.999 ], "texture": "#particle" }
    }
},
{
    "__comment": "Rocket",
    "from": [ 7, 4, 7.5 ],
    "to": [ 10, 12, 9.5 ],
    "faces": {
        "down":  { "uv": [ 9.999, 7.999, 7.001, 6.001 ], "texture": "#particle" },
        "north": { "uv": [ 9.999, 5.001, 7.001, 12.999 ], "texture": "#particle" },
        "south": { "uv": [ 9.999, 5.001, 7.001, 12.999 ], "texture": "#particle" },
        "west":  { "uv": [ 7.501, 5.001, 9.499, 12.999 ], "texture": "#particle" },
        "east":  { "uv": [ 7.501, 5.001, 9.499, 12.999 ], "texture": "#particle" }
    }
},
{
    "__comment": "Fuse",
    "from": [ 8.25, 3, 8.255 ],
    "to": [ 8.75, 4, 8.745 ],
    "faces": {
        "north": { "uv": [ 1.001, 14.001, 1.499, 14.999 ], "texture": "#black" },
        "south": { "uv": [ 1.001, 14.001, 1.499, 14.999 ], "texture": "#black" },
        "west":  { "uv": [ 1.001, 14.001, 1.499, 14.999 ], "texture": "#black" },
        "east":  { "uv": [ 1.001, 14.001, 1.499, 14.999 ], "texture": "#black" }
    }
},
{
    "__comment": "Fuse",
    "from": [ 8.25, 1, 8.25 ],
    "to": [ 8.75, 3, 8.75 ],
    "rotation": { "origin": [ 8.25, 3, 8.25 ], "axis": "z", "angle": 45 },
    "faces": {
        "north": { "uv": [ 1.001, 13.001, 1.499, 14.999 ], "texture": "#black" },
        "south": { "uv": [ 1.001, 13.001, 1.499, 14.999 ], "texture": "#black" },
        "west":  { "uv": [ 1.001, 13.001, 1.499, 14.999 ], "texture": "#black" },
        "east":  { "uv": [ 1.001, 13.001, 1.499, 14.999 ], "texture": "#black" }
    }
},
{
    "__comment": "Fuse",
    "from": [ 9.6625, 1.585, 8.25 ],
    "to": [ 11.1625, 2.085, 8.74 ],
    "faces": {
        "down":  { "uv": [ 1.001, 14.501, 2.499, 14.9365 ], "texture": "#black" },
        "up":    { "uv": [ 1.001, 14.501, 2.499, 14.9365 ], "texture": "#black" },
        "north": { "uv": [ 1.001, 14.501, 2.499, 14.999 ], "texture": "#black" },
        "south": { "uv": [ 1.001, 14.501, 2.499, 14.999 ], "texture": "#black" }
    }
},
{
    "__comment": "Fuse",
    "from": [ 10.97, 1.5475, 8.25 ],
    "to": [ 12.47, 2.0475, 8.75 ],
    "rotation": { "origin": [ 10.97, 2.0475, 8.25 ], "axis": "z", "angle": 22.5 },
    "faces": {
        "down":  { "uv": [ 1.001, 14.501, 2.499, 14.9365 ], "texture": "#black" },
        "up":    { "uv": [ 1.001, 14.501, 2.499, 14.9365 ], "texture": "#black" },
        "north": { "uv": [ 1.001, 14.501, 2.499, 14.999 ], "texture": "#black" },
        "south": { "uv": [ 1.001, 14.501, 2.499, 14.999 ], "texture": "#black" },
        "east":  { "uv": [ 1.001, 14.501, 1.4365, 14.999 ], "texture": "#black" }
    }
},
{
    "from": [ 7.5, -4, 8.25 ],
    "to": [ 8, 4, 8.75 ],
    "faces": {
        "down":  { "uv": [ 7.749, 8.749, 7.251, 8.251 ], "texture": "#wood" },
        "north": { "uv": [ 7.251, 8.001, 7.749, 15.999 ], "texture": "#wood" },
        "south": { "uv": [ 8.251, 8.001, 8.749, 15.999 ], "texture": "#wood" },
        "west":  { "uv": [ 8.251, 8.001, 8.749, 15.999 ], "texture": "#wood" },
        "east":  { "uv": [ 7.251, 8.001, 7.749, 15.999 ], "texture": "#wood" }
    }
}
],
"display": {
    "thirdperson_righthand": {
        "rotation": [ 45, 180, 0 ],
        "translation": [ 0, 0, 0 ],
        "scale": [ 0.5, 0.5, 0.5 ]
    },
    "thirdperson_lefthand": {
        "rotation": [ 45, 0, 0 ],
        "translation": [ 0, 0, 0 ],
        "scale": [ 0.5, 0.5, 0.5 ]
    },
    "head": {
        "rotation": [ 0, 0, 0 ],
        "translation": [ 0, 12, 0 ],
        "scale": [ 0.5, 0.5, 0.5 ]
    },
    "ground": {
        "rotation": [ 0, 0, 0 ],
        "translation": [ 0, 3, 0 ],
        "scale": [ 0.5, 0.5, 0.5 ]
    },
    "fixed": {
        "rotation": [ 0, 0, 0 ],
        "translation": [ 0, 0, -1 ],
        "scale": [ 0.75, 0.75, 0.75 ]
    },
    "firstperson_righthand": {
        "rotation": [ -10, 0, 0 ],
        "translation": [ 0, 0, 0 ],
        "scale": [ 0.25, 0.25, 0.25 ]
    },
    "firstperson_lefthand": {
        "rotation": [ -10, 0, 0 ],
        "translation": [ 0, 0, 0 ],
        "scale": [ 0.25, 0.25, 0.25 ]
    },
    "gui": {
        "rotation": [ 30, 6, -28 ],
        "translation": [ -1.5, 0.5, 0 ],
        "scale": [ 1.2, 1.2, 1.2 ]
    }
}
}