{
"__comment": "Designed by Sibsib92 with BDcraft Cubik PRO 0.96 Beta - http://bdcraft.net",
"ambientocclusion": false,
"textures": {
    "particle": "items/flint_and_steel",
    "texture": "blocks/cauldron_inner",
    "iron": "blocks/iron_block"
},
"elements": [ 
{
    "__comment": "Steel",
    "from": [ 3, 7, 7.5 ],
    "to": [ 4, 13, 8.5 ],
    "faces": {
        "down":  { "uv": [ 3, 8.5, 4, 7.5 ], "texture": "#texture" },
        "up":    { "uv": [ 3, 7.5, 4, 8.5 ], "texture": "#texture" },
        "north": { "uv": [ 12, 3, 13, 9 ], "texture": "#texture" },
        "south": { "uv": [ 3, 3, 4, 9 ], "texture": "#texture" },
        "west":  { "uv": [ 7.5, 3, 8.5, 9 ], "texture": "#texture" },
        "east":  { "uv": [ 7.5, 3, 8.5, 9 ], "texture": "#texture" }
    }
},
{
    "__comment": "Steel",
    "from": [ 4.8125, 12.25, 7.75 ],
    "to": [ 5.8125, 14.75, 8.25 ],
    "rotation": { "origin": [ 4.8125, 14.75, 7.75 ], "axis": "z", "angle": -45 },
    "faces": {
        "down":  { "uv": [ 4, 8.5, 5, 7.5 ], "texture": "#texture" },
        "up":    { "uv": [ 4, 7.5, 5, 8.5 ], "texture": "#texture" },
        "north": { "uv": [ 11, 2, 12, 4.5 ], "texture": "#texture" },
        "south": { "uv": [ 4, 2, 5, 4.5 ], "texture": "#texture" },
        "west":  { "uv": [ 7.5, 2, 8.5, 4.5 ], "texture": "#texture" },
        "east":  { "uv": [ 7.5, 2, 8.5, 4.5 ], "texture": "#texture" }
    }
},
{
    "__comment": "Steel",
    "from": [ 3, 4.5, 7.75 ],
    "to": [ 4, 7, 8.25 ],
    "rotation": { "origin": [ 3, 7, 7.75 ], "axis": "z", "angle": 45 },
    "faces": {
        "down":  { "uv": [ 4, 8.5, 5, 7.5 ], "texture": "#texture" },
        "up":    { "uv": [ 4, 7.5, 5, 8.5 ], "texture": "#texture" },
        "north": { "uv": [ 11, 8, 12, 10.5 ], "texture": "#texture" },
        "south": { "uv": [ 4, 8, 5, 10.5 ], "texture": "#texture" },
        "west":  { "uv": [ 7.5, 8, 8.5, 10.5 ], "texture": "#texture" },
        "east":  { "uv": [ 7.5, 8, 8.5, 10.5 ], "texture": "#texture" }
    }
},
{
    "__comment": "Steel",
    "from": [ 4.75, 5.25, 7.5 ],
    "to": [ 6.75, 6.25, 8.5 ],
    "faces": {
        "down":  { "uv": [ 4.75, 8.5, 6.75, 7.5 ], "texture": "#texture" },
        "up":    { "uv": [ 4.75, 7.5, 6.75, 8.5 ], "texture": "#texture" },
        "north": { "uv": [ 9.25, 9.75, 11.25, 10.75 ], "texture": "#texture" },
        "south": { "uv": [ 4.75, 9.75, 6.75, 10.75 ], "texture": "#texture" },
        "west":  { "uv": [ 7.5, 9.75, 8.5, 10.75 ], "texture": "#texture" },
        "east":  { "uv": [ 7.5, 9.75, 8.5, 10.75 ], "texture": "#texture" }
    }
},
{
    "__comment": "Steel",
    "from": [ 4.8125, 13.75, 7.5 ],
    "to": [ 6.8125, 14.75, 8.5 ],
    "faces": {
        "down":  { "uv": [ 4.8125, 8.5, 6.8125, 7.5 ], "texture": "#texture" },
        "up":    { "uv": [ 4.8125, 7.5, 6.8125, 8.5 ], "texture": "#texture" },
        "north": { "uv": [ 9.1875, 1.25, 11.1875, 2.25 ], "texture": "#texture" },
        "south": { "uv": [ 4.8125, 1.25, 6.8125, 2.25 ], "texture": "#texture" },
        "west":  { "uv": [ 7.5, 1.25, 8.5, 2.25 ], "texture": "#texture" },
        "east":  { "uv": [ 7.5, 1.25, 8.5, 2.25 ], "texture": "#texture" }
    }
},
{
    "__comment": "Steel",
    "from": [ 7.8125, 5.25, 7.75 ],
    "to": [ 8.8125, 7.75, 8.25 ],
    "rotation": { "origin": [ 7.8125, 7.75, 7.75 ], "axis": "z", "angle": -45 },
    "faces": {
        "down":  { "uv": [ 4, 8.5, 5, 7.5 ], "texture": "#texture" },
        "up":    { "uv": [ 4, 7.5, 5, 8.5 ], "texture": "#texture" },
        "north": { "uv": [ 11, 2, 12, 4.5 ], "texture": "#texture" },
        "south": { "uv": [ 4, 2, 5, 4.5 ], "texture": "#texture" },
        "west":  { "uv": [ 7.5, 2, 8.5, 4.5 ], "texture": "#texture" },
        "east":  { "uv": [ 7.5, 2, 8.5, 4.5 ], "texture": "#texture" }
    }
},
{
    "__comment": "Steel",
    "from": [ 6.125, 11.5, 7.75 ],
    "to": [ 7.125, 14, 8.25 ],
    "rotation": { "origin": [ 6.125, 14, 7.75 ], "axis": "z", "angle": 45 },
    "faces": {
        "down":  { "uv": [ 4, 8.5, 5, 7.5 ], "texture": "#texture" },
        "up":    { "uv": [ 4, 7.5, 5, 8.5 ], "texture": "#texture" },
        "north": { "uv": [ 11, 8, 12, 10.5 ], "texture": "#texture" },
        "south": { "uv": [ 4, 8, 5, 10.5 ], "texture": "#texture" },
        "west":  { "uv": [ 7.5, 8, 8.5, 10.5 ], "texture": "#texture" },
        "east":  { "uv": [ 7.5, 8, 8.5, 10.5 ], "texture": "#texture" }
    }
},
{
    "__comment": "Flint",
    "from": [ 8, 1, 7 ],
    "to": [ 13, 4.5, 9 ],
    "rotation": { "origin": [ 8, 4.5, 7 ], "axis": "z", "angle": 22.5 },
    "faces": {
        "down":  { "uv": [ 8, 5, 13, 4 ], "texture": "#texture" },
        "up":    { "uv": [ 8, 4, 13, 5 ], "texture": "#texture" },
        "north": { "uv": [ 3, 12, 8, 15.5 ], "texture": "#texture" },
        "south": { "uv": [ 8, 12, 13, 15.5 ], "texture": "#texture" },
        "west":  { "uv": [ 4, 12, 5, 15.5 ], "texture": "#texture" },
        "east":  { "uv": [ 11, 12, 12, 15.5 ], "texture": "#texture" }
    }
},
{
    "__comment": "Flint",
    "from": [ 9, 2.5, 7.5 ],
    "to": [ 12, 5, 8.5 ],
    "rotation": { "origin": [ 9, 5, 7.5 ], "axis": "z", "angle": 45 },
    "faces": {
        "down":  { "uv": [ 9.5, 5, 13.5, 4 ], "texture": "#iron" },
        "up":    { "uv": [ 9.5, 4, 13.5, 5 ], "texture": "#iron" },
        "north": { "uv": [ 2.5, 10.5, 6.5, 13 ], "texture": "#iron" },
        "south": { "uv": [ 9.5, 10.5, 13.5, 13 ], "texture": "#iron" },
        "west":  { "uv": [ 4, 10.5, 5, 13 ], "texture": "#iron" },
        "east":  { "uv": [ 11, 10.5, 12, 13 ], "texture": "#iron" }
    }
},
{
    "__comment": "Wire",
    "from": [ 7.5, 4.125, 7.75 ],
    "to": [ 8, 6.125, 8.25 ],
    "rotation": { "origin": [ 7.5, 6.125, 7.75 ], "axis": "z", "angle": 22.5 },
    "faces": {
        "down":  { "uv": [ 8.75, 8.25, 8.25, 7.75 ], "texture": "#iron" },
        "up":    { "uv": [ 7.25, 7.75, 7.75, 8.25 ], "texture": "#iron" },
        "north": { "uv": [ 8.25, 10.125, 8.75, 12.125 ], "texture": "#iron" },
        "south": { "uv": [ 7.25, 10.125, 7.75, 12.125 ], "texture": "#iron" },
        "west":  { "uv": [ 7.75, 10.125, 8.25, 12.125 ], "texture": "#iron" },
        "east":  { "uv": [ 7.75, 10.125, 8.25, 12.125 ], "texture": "#iron" }
    }
},
{
    "__comment": "Wire",
    "from": [ 6.625, 5.4375, 7.5 ],
    "to": [ 7.125, 6.9375, 8.5 ],
    "rotation": { "origin": [ 6.625, 6.9375, 7.5 ], "axis": "z", "angle": 45 },
    "faces": {
        "down":  { "uv": [ 5.5, 8.75, 6, 7.25 ], "texture": "#iron" },
        "up":    { "uv": [ 5.5, 7.25, 6, 8.75 ], "texture": "#iron" },
        "north": { "uv": [ 10, 9.5, 10.5, 11 ], "texture": "#iron" },
        "south": { "uv": [ 5.5, 9.5, 6, 11 ], "texture": "#iron" },
        "west":  { "uv": [ 7.25, 9.5, 8.75, 11 ], "texture": "#iron" },
        "east":  { "uv": [ 7.25, 9.5, 8.75, 11 ], "texture": "#iron" }
    }
}
],
"display": {
    "thirdperson_righthand": {
        "rotation": [ 60, 90, 0 ],
        "translation": [ 0, 0, 0 ],
        "scale": [ 0.5, 0.5, 0.5 ]
    },
    "thirdperson_lefthand": {
        "rotation": [ 60, -90, 0 ],
        "translation": [ 0, 0, 0 ],
        "scale": [ 0.5, 0.5, 0.5 ]
    },
    "head": {
        "rotation": [ 0, 0, -20 ],
        "translation": [ 0, 0, 7 ],
        "scale": [ 1, 1, 1 ]
    },
    "ground": {
        "rotation": [ 0, 0, 0 ],
        "translation": [ 0, 3, 0 ],
        "scale": [ 0.5, 0.5, 0.5 ]
    },
    "fixed": {
        "rotation": [ 0, 180, 0 ],
        "translation": [ 0, 0, 0 ],
        "scale": [ 0.75, 0.75, 0.75 ]
    },
    "firstperson_righthand": {
        "rotation": [ 0, 90, -25 ],
        "translation": [ 1.13, 3.2, 1.13 ],
        "scale": [ 0.68, 0.68, 0.68 ]
    },
    "firstperson_lefthand": {
        "rotation": [ 0, -90, 25 ],
        "translation": [ 1.13, 3.2, 1.13 ],
        "scale": [ 0.68, 0.68, 0.68 ]
    },
    "gui": {
        "rotation": [ 30, 20, 0 ],
        "translation": [ 0, 0, 0 ],
        "scale": [ 1, 1, 1 ]
    }
}
}