{
"__comment": "Designed by Sibsib92 with BDcraft Cubik PRO 0.96 Beta - http://bdcraft.net",
"ambientocclusion": false,
"textures": {
    "texture": "blocks/iron_block"
},
"elements": [ 
{
    "from": [ 0, 5.6, 6 ],
    "to": [ 16, 10.6, 10 ],
    "faces": {
        "up":    { "uv": [ 0, 6, 16, 10 ], "texture": "#texture" },
        "north": { "uv": [ 0, 5.4, 16, 10.4 ], "texture": "#texture" },
        "south": { "uv": [ 0, 5.4, 16, 10.4 ], "texture": "#texture" },
        "west":  { "uv": [ 6, 5.4, 10, 10.4 ], "texture": "#texture" },
        "east":  { "uv": [ 6, 5.4, 10, 10.4 ], "texture": "#texture" }
    }
},
{
    "from": [ 0.0625, 5.1625, 8.125 ],
    "to": [ 15.9375, 9.7875, 10.125 ],
    "rotation": { "origin": [ 0.0625, 9.7875, 8.125 ], "axis": "x", "angle": -22.5 },
    "faces": {
        "south": { "uv": [ 0, 6, 16, 11 ], "texture": "#texture" },
        "west":  { "uv": [ 9, 6, 11, 11 ], "texture": "#texture" },
        "east":  { "uv": [ 5, 6, 7, 11 ], "texture": "#texture" }
    }
},
{
    "from": [ 0.0625, 5.975, 6.0625 ],
    "to": [ 15.9375, 10.6, 8.0625 ],
    "rotation": { "origin": [ 0.0625, 10.6, 6.0625 ], "axis": "x", "angle": 22.5 },
    "faces": {
        "north": { "uv": [ 0.0625, 5.4, 15.9375, 10.025 ], "texture": "#texture" },
        "west":  { "uv": [ 6.0625, 5.4, 8.0625, 10.025 ], "texture": "#texture" },
        "east":  { "uv": [ 7.9375, 5.4, 9.9375, 10.025 ], "texture": "#texture" }
    }
},
{
    "from": [ 0, 5.475, 4.25 ],
    "to": [ 16, 6.35, 11.75 ],
    "faces": {
        "down":  { "uv": [ 16, 11.75, 0, 4.25 ], "texture": "#texture" },
        "up":    { "uv": [ 0, 4.25, 16, 11.75 ], "texture": "#texture" },
        "north": { "uv": [ 0, 9.65, 16, 10.525 ], "texture": "#texture" },
        "south": { "uv": [ 0, 9.65, 16, 10.525 ], "texture": "#texture" },
        "west":  { "uv": [ 4.25, 9.65, 11.75, 10.525 ], "texture": "#texture" },
        "east":  { "uv": [ 4.25, 9.65, 11.75, 10.525 ], "texture": "#texture" }
    }
}
],
"display": {
    "thirdperson_righthand": {
        "rotation": [ 10, 0, -90 ],
        "translation": [ 0, 0, 0 ],
        "scale": [ 0.5, 0.5, 0.5 ]
    },
    "thirdperson_lefthand": {
        "rotation": [ 0, 0, -90 ],
        "translation": [ 0, 0, 0 ],
        "scale": [ 0.5, 0.5, 0.5 ]
    },
    "head": {
        "rotation": [ 0, 45, 0 ],
        "translation": [ 0, 8, 0 ],
        "scale": [ 0.75, 0.75, 0.75 ]
    },
    "ground": {
        "rotation": [ 0, 0, 0 ],
        "translation": [ 0, 1, 0 ],
        "scale": [ 0.5, 0.5, 0.5 ]
    },
    "fixed": {
        "rotation": [ 0, 0, 0 ],
        "translation": [ 0, 0, 0 ],
        "scale": [ 0.75, 0.75, 0.75 ]
    },
    "firstperson_righthand": {
        "rotation": [ 0, 0, 75 ],
        "translation": [ 0, 0, 0 ],
        "scale": [ 0.5, 0.5, 0.5 ]
    },
    "firstperson_lefthand": {
        "rotation": [ 0, 0, 75 ],
        "translation": [ 0, 0, 0 ],
        "scale": [ 0.5, 0.5, 0.5 ]
    },
    "gui": {
        "rotation": [ 30, 45, 0 ],
        "translation": [ 0, 0, 0 ],
        "scale": [ 0.65, 0.65, 0.65 ]
    }
}
}