{
"__comment": "Designed by Sibsib92 with BDcraft Cubik PRO 0.96 Beta - http://bdcraft.net",
"ambientocclusion": false,
"textures": {
    "texture": "blocks/planks_jungle",
    "metal": "blocks/cauldron_inner"
},
"elements": [ 
{
    "__comment": "Hinge",
    "from": [ 6.25, 4, -0.0625 ],
    "to": [ 9.75, 6, 0.9375 ],
    "faces": {
        "down":  { "uv": [ 3, 1, 0, 0 ], "texture": "#metal" },
        "up":    { "uv": [ 0, 0, 3, 1 ], "texture": "#metal" },
        "north": { "uv": [ 0, 0, 3, 2 ], "texture": "#metal" },
        "south": { "uv": [ 0, 0, 3, 2 ], "texture": "#metal" },
        "west":  { "uv": [ 0, 0, 1, 2 ], "texture": "#metal" },
        "east":  { "uv": [ 0, 0, 1, 2 ], "texture": "#metal" }
    }
},
{
    "__comment": "Hinge",
    "from": [ 6.25, 15, -0.0625 ],
    "to": [ 9.75, 17, 0.9375 ],
    "faces": {
        "down":  { "uv": [ 3, 1, 0, 0 ], "texture": "#metal" },
        "up":    { "uv": [ 0, 0, 3, 1 ], "texture": "#metal" },
        "north": { "uv": [ 0, 0, 3, 2 ], "texture": "#metal" },
        "south": { "uv": [ 0, 0, 3, 2 ], "texture": "#metal" },
        "west":  { "uv": [ 0, 0, 1, 2 ], "texture": "#metal" },
        "east":  { "uv": [ 0, 0, 1, 2 ], "texture": "#metal" }
    }
},
{
    "__comment": "Hinge",
    "from": [ 6.25, 26, -0.0625 ],
    "to": [ 9.75, 28, 0.9375 ],
    "faces": {
        "down":  { "uv": [ 3, 1, 0, 0 ], "texture": "#metal" },
        "up":    { "uv": [ 0, 0, 3, 1 ], "texture": "#metal" },
        "north": { "uv": [ 0, 0, 3, 2 ], "texture": "#metal" },
        "south": { "uv": [ 0, 0, 3, 2 ], "texture": "#metal" },
        "west":  { "uv": [ 0, 0, 1, 2 ], "texture": "#metal" },
        "east":  { "uv": [ 0, 0, 1, 2 ], "texture": "#metal" }
    }
},
{
    "__comment": "Handle",
    "from": [ 6, 15.75, 14.25 ],
    "to": [ 10, 16.25, 14.75 ],
    "faces": {
        "down":  { "uv": [ 16, 14.75, 12.5, 14.25 ], "texture": "#metal" },
        "up":    { "uv": [ 0, 14.25, 3.5, 14.75 ], "texture": "#metal" },
        "north": { "uv": [ 12.5, 0, 16, 0.25 ], "texture": "#metal" },
        "south": { "uv": [ 0, 0, 3.5, 0.25 ], "texture": "#metal" }
    }
},
{
    "__comment": "Handle",
    "from": [ 10, 15.5, 14 ],
    "to": [ 11, 16.5, 15 ],
    "faces": {
        "down":  { "uv": [ 13, 14, 12, 13 ], "texture": "#metal" },
        "up":    { "uv": [ 3, 13, 4, 14 ], "texture": "#metal" },
        "north": { "uv": [ 12, 15, 13, 16 ], "texture": "#metal" },
        "south": { "uv": [ 3, 15, 4, 16 ], "texture": "#metal" },
        "west":  { "uv": [ 13, 15, 14, 16 ], "texture": "#metal" },
        "east":  { "uv": [ 2, 15, 3, 16 ], "texture": "#metal" }
    }
},
{
    "__comment": "Handle",
    "from": [ 10, 16, 11 ],
    "to": [ 11, 16.5, 12 ],
    "faces": {
        "down":  { "uv": [ 13, 13, 12, 12 ], "texture": "#metal" },
        "up":    { "uv": [ 3, 12, 4, 13 ], "texture": "#metal" },
        "north": { "uv": [ 12, 15.5, 13, 16 ], "texture": "#metal" },
        "south": { "uv": [ 3, 15.5, 4, 16 ], "texture": "#metal" },
        "west":  { "uv": [ 12, 15.5, 13, 16 ], "texture": "#metal" },
        "east":  { "uv": [ 3, 15.5, 4, 16 ], "texture": "#metal" }
    }
},
{
    "__comment": "Handle",
    "from": [ 10.25, 16.5, 11.5 ],
    "to": [ 10.75, 17, 13.5 ],
    "faces": {
        "down":  { "uv": [ 13, 12, 12, 10 ], "texture": "#metal" },
        "up":    { "uv": [ 3, 10, 4, 12 ], "texture": "#metal" },
        "north": { "uv": [ 12, 15.5, 13, 16 ], "texture": "#metal" },
        "south": { "uv": [ 3, 15.5, 4, 16 ], "texture": "#metal" },
        "west":  { "uv": [ 10, 15.5, 12, 16 ], "texture": "#metal" },
        "east":  { "uv": [ 4, 15.5, 6, 16 ], "texture": "#metal" }
    }
},
{
    "__comment": "Handle",
    "from": [ 10.25, 16, 13 ],
    "to": [ 10.75, 16.5, 14 ],
    "faces": {
        "down":  { "uv": [ 13, 13, 12, 12 ], "texture": "#metal" },
        "up":    { "uv": [ 3, 12, 4, 13 ], "texture": "#metal" },
        "north": { "uv": [ 12, 15.5, 13, 16 ], "texture": "#metal" },
        "west":  { "uv": [ 12, 15.5, 13, 16 ], "texture": "#metal" },
        "east":  { "uv": [ 3, 15.5, 4, 16 ], "texture": "#metal" }
    }
},
{
    "__comment": "Handle",
    "from": [ 5, 15.5, 14 ],
    "to": [ 6, 16.5, 15 ],
    "faces": {
        "down":  { "uv": [ 13, 14, 12, 13 ], "texture": "#metal" },
        "up":    { "uv": [ 3, 13, 4, 14 ], "texture": "#metal" },
        "north": { "uv": [ 12, 15, 13, 16 ], "texture": "#metal" },
        "south": { "uv": [ 3, 15, 4, 16 ], "texture": "#metal" },
        "west":  { "uv": [ 13, 15, 14, 16 ], "texture": "#metal" },
        "east":  { "uv": [ 2, 15, 3, 16 ], "texture": "#metal" }
    }
},
{
    "__comment": "Handle",
    "from": [ 5, 16, 11 ],
    "to": [ 6, 16.5, 12 ],
    "faces": {
        "down":  { "uv": [ 13, 13, 12, 12 ], "texture": "#metal" },
        "up":    { "uv": [ 3, 12, 4, 13 ], "texture": "#metal" },
        "north": { "uv": [ 12, 15.5, 13, 16 ], "texture": "#metal" },
        "south": { "uv": [ 3, 15.5, 4, 16 ], "texture": "#metal" },
        "west":  { "uv": [ 12, 15.5, 13, 16 ], "texture": "#metal" },
        "east":  { "uv": [ 3, 15.5, 4, 16 ], "texture": "#metal" }
    }
},
{
    "__comment": "Handle",
    "from": [ 5.25, 16.5, 11.5 ],
    "to": [ 5.75, 17, 13.5 ],
    "faces": {
        "down":  { "uv": [ 16, 12.5, 15.5, 10.5 ], "texture": "#metal" },
        "up":    { "uv": [ 0, 10.5, 0.5, 12.5 ], "texture": "#metal" },
        "north": { "uv": [ 15.5, 16, 16, 16 ], "texture": "#metal" },
        "south": { "uv": [ 0, 16, 0.5, 16 ], "texture": "#metal" },
        "west":  { "uv": [ 10.5, 16, 12.5, 16 ], "texture": "#metal" },
        "east":  { "uv": [ 3.5, 16, 5.5, 16 ], "texture": "#metal" }
    }
},
{
    "__comment": "Handle",
    "from": [ 5.25, 16, 13 ],
    "to": [ 5.75, 16.5, 14 ],
    "faces": {
        "down":  { "uv": [ 16, 13, 15.5, 12 ], "texture": "#metal" },
        "up":    { "uv": [ 0, 12, 0.5, 13 ], "texture": "#metal" },
        "north": { "uv": [ 15.5, 15.5, 16, 16 ], "texture": "#metal" },
        "west":  { "uv": [ 12, 15.5, 13, 16 ], "texture": "#metal" },
        "east":  { "uv": [ 3, 15.5, 4, 16 ], "texture": "#metal" }
    }
},
{
    "__comment": "Bot Diag Horiz",
    "from": [ 6.5, 0.5, 6 ],
    "to": [ 8, 2, 10 ],
    "rotation": { "origin": [ 6.5, 2, 6 ], "axis": "z", "angle": 45 },
    "faces": {
        "up":    { "uv": [ 6, 13, 10, 14 ], "rotation": 90, "texture": "#texture" }
    }
},
{
    "__comment": "Bot Diag Horiz",
    "from": [ 7.375, 0.5, 6 ],
    "to": [ 8.875, 2, 10 ],
    "rotation": { "origin": [ 7.375, 2, 6 ], "axis": "z", "angle": 45 },
    "faces": {
        "east":  { "uv": [ 6, 13, 10, 14 ], "texture": "#texture" }
    }
},
{
    "__comment": "Top Diag Horiz",
    "from": [ 6.5, 14.5, 6 ],
    "to": [ 8, 16, 10 ],
    "rotation": { "origin": [ 6.5, 16, 6 ], "axis": "z", "angle": 45 },
    "faces": {
        "west":  { "uv": [ 6, 2, 10, 3 ], "texture": "#texture" }
    }
},
{
    "__comment": "Top Diag Horiz",
    "from": [ 7.375, 14.5, 6 ],
    "to": [ 8.875, 16, 10 ],
    "rotation": { "origin": [ 7.375, 16, 6 ], "axis": "z", "angle": 45 },
    "faces": {
        "down":  { "uv": [ 6, 2, 10, 3 ], "rotation": 90, "texture": "#texture" }
    }
},
{
    "__comment": "Door Bot",
    "from": [ 6.5, 2, 10 ],
    "to": [ 9.5, 16, 16 ],
    "faces": {
        "north": { "uv": [ 13, 0, 16, 14 ], "texture": "#texture" },
        "south": { "uv": [ 0, 0, 3, 14 ], "texture": "#texture" },
        "west":  { "uv": [ 10, 0, 16, 14 ], "texture": "#texture" },
        "east":  { "uv": [ 0, 0, 6, 14 ], "texture": "#texture" }
    }
},
{
    "__comment": "Door Bot",
    "from": [ 6.5, 2, 0 ],
    "to": [ 9.5, 16, 6 ],
    "faces": {
        "north": { "uv": [ 13, 0, 16, 14 ], "texture": "#texture" },
        "south": { "uv": [ 0, 0, 3, 14 ], "texture": "#texture" },
        "west":  { "uv": [ 0, 0, 6, 14 ], "texture": "#texture" },
        "east":  { "uv": [ 10, 0, 16, 14 ], "texture": "#texture" }
    }
},
{
    "__comment": "Door Bot",
    "from": [ 6.5, 0, 0 ],
    "to": [ 9.5, 2, 16 ],
    "faces": {
        "down":  { "uv": [ 16, 15, 0, 12 ], "rotation": 90, "texture": "#texture" },
        "up":    { "uv": [ 0, 4, 16, 7 ], "rotation": 90, "texture": "#texture" },
        "north": { "uv": [ 13, 14, 16, 16 ], "texture": "#texture" },
        "south": { "uv": [ 0, 14, 3, 16 ], "texture": "#texture" },
        "west":  { "uv": [ 0, 14, 16, 16 ], "texture": "#texture" },
        "east":  { "uv": [ 0, 14, 16, 16 ], "texture": "#texture" }
    }
},
{
    "__comment": "Door Top",
    "from": [ 6.5, 16, 13 ],
    "to": [ 9.5, 30, 16 ],
    "faces": {
        "north": { "uv": [ 13, 2, 16, 16 ], "texture": "#texture" },
        "south": { "uv": [ 0, 2, 3, 16 ], "texture": "#texture" },
        "west":  { "uv": [ 13, 2, 16, 16 ], "texture": "#texture" },
        "east":  { "uv": [ 0, 2, 3, 16 ], "texture": "#texture" }
    }
},
{
    "__comment": "Door Top",
    "from": [ 6.5, 16, 0 ],
    "to": [ 9.5, 30, 3 ],
    "faces": {
        "north": { "uv": [ 13, 2, 16, 16 ], "texture": "#texture" },
        "south": { "uv": [ 0, 2, 3, 16 ], "texture": "#texture" },
        "west":  { "uv": [ 0, 2, 3, 16 ], "texture": "#texture" },
        "east":  { "uv": [ 13, 2, 16, 16 ], "texture": "#texture" }
    }
},
{
    "__comment": "Door Top",
    "from": [ 6.5, 30, 0 ],
    "to": [ 9.5, 32, 16 ],
    "faces": {
        "down":  { "uv": [ 16, 15, 0, 12 ], "rotation": 90, "texture": "#texture" },
        "up":    { "uv": [ 0, 0, 16, 3 ], "rotation": 90, "texture": "#texture" },
        "north": { "uv": [ 13, 0, 16, 2 ], "texture": "#texture" },
        "south": { "uv": [ 0, 0, 3, 2 ], "texture": "#texture" },
        "west":  { "uv": [ 0, 0, 16, 2 ], "texture": "#texture" },
        "east":  { "uv": [ 0, 0, 16, 2 ], "texture": "#texture" }
    }
},
{
    "__comment": "Bot Diag Vert",
    "from": [ 6.5, 2, 10 ],
    "to": [ 8, 16, 11.5 ],
    "rotation": { "origin": [ 6.5, 2, 10 ], "axis": "y", "angle": 45 },
    "faces": {
        "north": { "uv": [ 9, 0, 10, 14 ], "texture": "#texture" }
    }
},
{
    "__comment": "Bot Diag Vert",
    "from": [ 7.375, 2, 10 ],
    "to": [ 8.875, 16, 11.5 ],
    "rotation": { "origin": [ 7.375, 2, 10 ], "axis": "y", "angle": 45 },
    "faces": {
        "east":  { "uv": [ 6, 0, 7, 14 ], "texture": "#texture" }
    }
},
{
    "__comment": "Bot Diag Vert",
    "from": [ 6.5, 2, 6 ],
    "to": [ 8, 16, 7.5 ],
    "rotation": { "origin": [ 6.5, 2, 6 ], "axis": "y", "angle": 45 },
    "faces": {
        "west":  { "uv": [ 5, 0, 6, 14 ], "texture": "#texture" }
    }
},
{
    "__comment": "Bot Diag Vert",
    "from": [ 7.375, 2, 6 ],
    "to": [ 8.875, 16, 7.5 ],
    "rotation": { "origin": [ 7.375, 2, 6 ], "axis": "y", "angle": 45 },
    "faces": {
        "south": { "uv": [ 9, 0, 10, 14 ], "texture": "#texture" }
    }
},
{
    "__comment": "Door Bot",
    "from": [ 7.5, 3, 9 ],
    "to": [ 8.5, 15, 10 ],
    "faces": {
        "north": { "uv": [ 14, 1, 15, 13 ], "texture": "#texture" },
        "west":  { "uv": [ 9, 1, 10, 13 ], "texture": "#texture" },
        "east":  { "uv": [ 6, 1, 7, 13 ], "texture": "#texture" }
    }
},
{
    "__comment": "Door Bot",
    "from": [ 7.5, 2, 6 ],
    "to": [ 8.5, 3, 10 ],
    "faces": {
        "up":    { "uv": [ 1, 7, 2, 11 ], "texture": "#texture" },
        "west":  { "uv": [ 6, 13, 10, 14 ], "texture": "#texture" },
        "east":  { "uv": [ 6, 13, 10, 14 ], "texture": "#texture" }
    }
},
{
    "__comment": "Door Bot",
    "from": [ 7.5, 3, 6 ],
    "to": [ 8.5, 15, 7 ],
    "faces": {
        "south": { "uv": [ 1, 1, 2, 13 ], "texture": "#texture" },
        "west":  { "uv": [ 6, 1, 7, 13 ], "texture": "#texture" },
        "east":  { "uv": [ 9, 1, 10, 13 ], "texture": "#texture" }
    }
},
{
    "__comment": "Door Bot",
    "from": [ 7.5, 15, 6 ],
    "to": [ 8.5, 16, 10 ],
    "faces": {
        "down":  { "uv": [ 15, 10, 14, 6 ], "texture": "#texture" },
        "west":  { "uv": [ 6, 13, 10, 14 ], "texture": "#texture" },
        "east":  { "uv": [ 6, 13, 10, 14 ], "texture": "#texture" }
    }
},
{
    "__comment": "Door Top*",
    "from": [ 6.5, 16, 3 ],
    "to": [ 9.5, 21, 13 ],
    "faces": {
        "down":  { "uv": [ 16, 13, 13, 3 ], "texture": "#texture" },
        "up":    { "uv": [ 0, 3, 3, 13 ], "texture": "#texture" },
        "west":  { "uv": [ 3, 11, 13, 16 ], "texture": "#texture" },
        "east":  { "uv": [ 3, 11, 13, 16 ], "texture": "#texture" }
    }
},
{
    "from": [ 7.5, 21, 3 ],
    "to": [ 8.5, 22, 13 ],
    "faces": {
        "up":    { "uv": [ 3, 10, 13, 11 ], "rotation": 90, "texture": "#texture" },
        "west":  { "uv": [ 3, 0, 13, 0 ], "texture": "#texture" },
        "east":  { "uv": [ 3, 0, 13, 0 ], "texture": "#texture" }
    }
},
{
    "__comment": "Bot Diag Horiz*",
    "from": [ 6.5, 19.5, 3 ],
    "to": [ 8, 21, 13 ],
    "rotation": { "origin": [ 6.5, 21, 3 ], "axis": "z", "angle": 45 },
    "faces": {
        "up":    { "uv": [ 3, 10, 13, 11 ], "rotation": 90, "texture": "#texture" }
    }
},
{
    "__comment": "Bot Diag Horiz*",
    "from": [ 7.375, 19.5, 3 ],
    "to": [ 8.875, 21, 13 ],
    "rotation": { "origin": [ 7.375, 21, 3 ], "axis": "z", "angle": 45 },
    "faces": {
        "east":  { "uv": [ 3, 10, 13, 11 ], "texture": "#texture" }
    }
},
{
    "__comment": "Top Diag Horiz*",
    "from": [ 6.5, 28.5, 6 ],
    "to": [ 8, 30, 10 ],
    "rotation": { "origin": [ 6.5, 30, 6 ], "axis": "z", "angle": 45 },
    "faces": {
        "west":  { "uv": [ 6, 2, 10, 3 ], "texture": "#texture" }
    }
},
{
    "__comment": "Top Diag Horiz*",
    "from": [ 7.375, 28.5, 6 ],
    "to": [ 8.875, 30, 10 ],
    "rotation": { "origin": [ 7.375, 30, 6 ], "axis": "z", "angle": 45 },
    "faces": {
        "down":  { "uv": [ 6, 2, 10, 3 ], "rotation": 90, "texture": "#texture" }
    }
},
{
    "__comment": "Door Top",
    "from": [ 7.5, 29, 6 ],
    "to": [ 8.5, 30, 10 ],
    "faces": {
        "down":  { "uv": [ 15, 10, 14, 6 ], "texture": "#texture" },
        "west":  { "uv": [ 6, 13, 10, 14 ], "texture": "#texture" },
        "east":  { "uv": [ 6, 13, 10, 14 ], "texture": "#texture" }
    }
},
{
    "__comment": "Door Top",
    "from": [ 6.5, 29, 3 ],
    "to": [ 9.5, 30, 6 ],
    "faces": {
        "down":  { "uv": [ 16, 6, 13, 3 ], "texture": "#texture" },
        "south": { "uv": [ 0, 2, 3, 3 ], "texture": "#texture" },
        "west":  { "uv": [ 3, 2, 6, 3 ], "texture": "#texture" },
        "east":  { "uv": [ 10, 2, 13, 3 ], "texture": "#texture" }
    }
},
{
    "__comment": "Door Top",
    "from": [ 6.5, 28, 11 ],
    "to": [ 9.5, 29, 13 ],
    "faces": {
        "down":  { "uv": [ 16, 13, 13, 11 ], "texture": "#texture" },
        "north": { "uv": [ 13, 3, 16, 4 ], "texture": "#texture" },
        "west":  { "uv": [ 11, 3, 13, 4 ], "texture": "#texture" },
        "east":  { "uv": [ 3, 3, 5, 4 ], "texture": "#texture" }
    }
},
{
    "__comment": "Door Top",
    "from": [ 6.5, 28, 3 ],
    "to": [ 9.5, 29, 5 ],
    "faces": {
        "down":  { "uv": [ 16, 4, 13, 2 ], "texture": "#texture" },
        "south": { "uv": [ 0, 3, 3, 4 ], "texture": "#texture" },
        "west":  { "uv": [ 3, 3, 5, 4 ], "texture": "#texture" },
        "east":  { "uv": [ 11, 3, 13, 4 ], "texture": "#texture" }
    }
},
{
    "__comment": "Door Top",
    "from": [ 6.5, 29, 10 ],
    "to": [ 9.5, 30, 13 ],
    "faces": {
        "down":  { "uv": [ 16, 13, 13, 10 ], "texture": "#texture" },
        "north": { "uv": [ 13, 2, 16, 3 ], "texture": "#texture" },
        "west":  { "uv": [ 10, 2, 13, 3 ], "texture": "#texture" },
        "east":  { "uv": [ 3, 2, 6, 3 ], "texture": "#texture" }
    }
},
{
    "__comment": "Door Top",
    "from": [ 6.5, 26, 3 ],
    "to": [ 9.5, 28, 4 ],
    "faces": {
        "down":  { "uv": [ 16, 4, 13, 3 ], "texture": "#texture" },
        "south": { "uv": [ 0, 4, 3, 6 ], "texture": "#texture" },
        "west":  { "uv": [ 3, 4, 4, 6 ], "texture": "#texture" },
        "east":  { "uv": [ 12, 4, 13, 6 ], "texture": "#texture" }
    }
},
{
    "__comment": "Door Top",
    "from": [ 6.5, 26, 12 ],
    "to": [ 9.5, 28, 13 ],
    "faces": {
        "down":  { "uv": [ 16, 4, 13, 3 ], "texture": "#texture" },
        "north": { "uv": [ 13, 4, 16, 6 ], "texture": "#texture" },
        "west":  { "uv": [ 3, 4, 4, 6 ], "texture": "#texture" },
        "east":  { "uv": [ 12, 4, 13, 6 ], "texture": "#texture" }
    }
},
{
    "__comment": "Door Top",
    "from": [ 7.5, 22, 12 ],
    "to": [ 8.5, 26, 13 ],
    "faces": {
        "north": { "uv": [ 14, 6, 15, 10 ], "texture": "#texture" },
        "west":  { "uv": [ 12, 6, 13, 10 ], "texture": "#texture" },
        "east":  { "uv": [ 3, 6, 4, 10 ], "texture": "#texture" }
    }
},
{
    "__comment": "Door Top",
    "from": [ 7.5, 22, 3 ],
    "to": [ 8.5, 26, 4 ],
    "faces": {
        "south": { "uv": [ 1, 6, 2, 10 ], "texture": "#texture" },
        "west":  { "uv": [ 3, 6, 4, 10 ], "texture": "#texture" },
        "east":  { "uv": [ 12, 6, 13, 10 ], "texture": "#texture" }
    }
},
{
    "__comment": "Door Top",
    "from": [ 7.5, 26, 11 ],
    "to": [ 8.5, 28, 12 ],
    "faces": {
        "down":  { "uv": [ 15, 12, 14, 11 ], "texture": "#texture" },
        "north": { "uv": [ 14, 4, 15, 6 ], "texture": "#texture" },
        "west":  { "uv": [ 11, 4, 12, 6 ], "texture": "#texture" },
        "east":  { "uv": [ 4, 4, 5, 6 ], "texture": "#texture" }
    }
},
{
    "__comment": "Door Top",
    "from": [ 7.5, 26, 4 ],
    "to": [ 8.5, 28, 5 ],
    "faces": {
        "down":  { "uv": [ 15, 5, 14, 4 ], "texture": "#texture" },
        "south": { "uv": [ 1, 4, 2, 6 ], "texture": "#texture" },
        "west":  { "uv": [ 4, 4, 5, 6 ], "texture": "#texture" },
        "east":  { "uv": [ 11, 4, 12, 6 ], "texture": "#texture" }
    }
},
{
    "__comment": "Door Top",
    "from": [ 7.5, 28, 10 ],
    "to": [ 8.5, 29, 11 ],
    "faces": {
        "down":  { "uv": [ 15, 11, 14, 10 ], "texture": "#texture" },
        "north": { "uv": [ 14, 3, 15, 4 ], "texture": "#texture" },
        "west":  { "uv": [ 10, 3, 11, 4 ], "texture": "#texture" },
        "east":  { "uv": [ 5, 3, 6, 4 ], "texture": "#texture" }
    }
},
{
    "__comment": "Door Top",
    "from": [ 7.5, 28, 5 ],
    "to": [ 8.5, 29, 6 ],
    "faces": {
        "down":  { "uv": [ 15, 6, 14, 5 ], "texture": "#texture" },
        "south": { "uv": [ 1, 3, 2, 4 ], "texture": "#texture" },
        "west":  { "uv": [ 5, 3, 6, 4 ], "texture": "#texture" },
        "east":  { "uv": [ 10, 3, 11, 4 ], "texture": "#texture" }
    }
}
],
"display": {
    "thirdperson_righthand": {
        "rotation": [ 0, 180, 0 ],
        "translation": [ 0, -5, -1.5 ],
        "scale": [ 0.35, 0.35, 0.35 ]
    },
    "thirdperson_lefthand": {
        "rotation": [ 0, 180, 0 ],
        "translation": [ 0, -5, -1.5 ],
        "scale": [ 0.35, 0.35, 0.35 ]
    },
    "ground": {
        "rotation": [ 0, 0, 0 ],
        "translation": [ 0, 3, 0 ],
        "scale": [ 0.25, 0.25, 0.25 ]
    },
    "fixed": {
        "rotation": [ 0, 90, 0 ],
        "translation": [ 0, -4, 0 ],
        "scale": [ 0.5, 0.5, 0.5 ]
    },
    "firstperson_righthand": {
        "rotation": [ -60, 180, 0 ],
        "translation": [ 0, 0, 5 ],
        "scale": [ 0.25, 0.25, 0.25 ]
    },
    "firstperson_lefthand": {
        "rotation": [ -60, 180, 0 ],
        "translation": [ 0, 0, 5 ],
        "scale": [ 0.25, 0.25, 0.25 ]
    },
    "gui": {
        "rotation": [ 30, 75, 0 ],
        "translation": [ 0, -3.5, 0 ],
        "scale": [ 0.5, 0.5, 0.5 ]
    }
}
}