{
"__comment": "Designed by Sibsib92 with BDcraft Cubik PRO 0.95 Beta - http://bdcraft.net",
"ambientocclusion": false,
"textures": {
    "particle": "items/bucket_lava",
    "texture": "blocks/iron_block",
    "dark": "blocks/cauldron_inner",
    "filled": "blocks/lava_still"
},
"elements": [ 
{
    "__comment": "TOP",
    "from": [ 0, 8, 5 ],
    "to": [ 1, 16, 11 ],
    "faces": {
        "down":  { "uv": [ 15.999, 10.999, 15.001, 5.001 ], "texture": "#texture" },
        "up":    { "uv": [ 0.001, 5.001, 0.999, 10.999 ], "texture": "#texture" },
        "north": { "uv": [ 15.001, 0.001, 15.999, 7.999 ], "texture": "#texture" },
        "south": { "uv": [ 0.001, 0.001, 0.999, 7.999 ], "texture": "#texture" },
        "west":  { "uv": [ 5.001, 0.001, 10.999, 7.999 ], "texture": "#texture" },
        "east":  { "uv": [ 5.001, 0.001, 10.999, 7.999 ], "texture": "#texture" }
    }
},
{
    "__comment": "TOP",
    "from": [ 5, 8, 0 ],
    "to": [ 11, 16, 1 ],
    "faces": {
        "down":  { "uv": [ 10.999, 0.999, 5.001, 0.001 ], "texture": "#texture" },
        "up":    { "uv": [ 5.001, 0.001, 10.999, 0.999 ], "texture": "#texture" },
        "north": { "uv": [ 5.001, 0.001, 10.999, 7.999 ], "texture": "#texture" },
        "south": { "uv": [ 5.001, 0.001, 10.999, 7.999 ], "texture": "#texture" },
        "west":  { "uv": [ 0.001, 0.001, 0.999, 7.999 ], "texture": "#texture" },
        "east":  { "uv": [ 15.001, 0.001, 15.999, 7.999 ], "texture": "#texture" }
    }
},
{
    "__comment": "TOP",
    "from": [ 15, 8, 5 ],
    "to": [ 16, 16, 11 ],
    "faces": {
        "down":  { "uv": [ 0.999, 10.999, 0.001, 5.001 ], "texture": "#texture" },
        "up":    { "uv": [ 15.001, 5.001, 15.999, 10.999 ], "texture": "#texture" },
        "north": { "uv": [ 0.001, 0.001, 0.999, 7.999 ], "texture": "#texture" },
        "south": { "uv": [ 15.001, 0.001, 15.999, 7.999 ], "texture": "#texture" },
        "west":  { "uv": [ 5.001, 0.001, 10.999, 7.999 ], "texture": "#texture" },
        "east":  { "uv": [ 5.001, 0.001, 10.999, 7.999 ], "texture": "#texture" }
    }
},
{
    "__comment": "TOP",
    "from": [ 5, 8, 15 ],
    "to": [ 11, 16, 16 ],
    "faces": {
        "down":  { "uv": [ 10.999, 15.999, 5.001, 15.001 ], "texture": "#texture" },
        "up":    { "uv": [ 5.001, 15.001, 10.999, 15.999 ], "texture": "#texture" },
        "north": { "uv": [ 5.001, 0.001, 10.999, 7.999 ], "texture": "#texture" },
        "south": { "uv": [ 5.001, 0.001, 10.999, 7.999 ], "texture": "#texture" },
        "west":  { "uv": [ 15.001, 0.001, 15.999, 7.999 ], "texture": "#texture" },
        "east":  { "uv": [ 0.001, 0.001, 0.999, 7.999 ], "texture": "#texture" }
    }
},
{
    "__comment": "TOP",
    "from": [ 0, 8, 10.9375 ],
    "to": [ 1, 16, 18.0625 ],
    "rotation": { "origin": [ 0, 8, 10.9375 ], "axis": "y", "angle": 45 },
    "faces": {
        "down":  { "uv": [ 15.999, 11.999, 15.001, 5.001 ], "texture": "#texture" },
        "up":    { "uv": [ 0.001, 5.001, 0.999, 11.999 ], "texture": "#texture" },
        "north": { "uv": [ 15.001, 0.001, 15.999, 7.999 ], "texture": "#texture" },
        "south": { "uv": [ 0.001, 0.001, 0.999, 7.999 ], "texture": "#texture" },
        "west":  { "uv": [ 5.001, 0.001, 11.999, 7.999 ], "texture": "#texture" },
        "east":  { "uv": [ 4.001, 0.001, 10.999, 7.999 ], "texture": "#texture" }
    }
},
{
    "__comment": "TOP",
    "from": [ 0, 8, 5.0625 ],
    "to": [ 7.125, 16, 6.0625 ],
    "rotation": { "origin": [ 0, 8, 5.0625 ], "axis": "y", "angle": 45 },
    "faces": {
        "down":  { "uv": [ 15.999, 11.999, 15.001, 5.001 ], "rotation": 270, "texture": "#texture" },
        "up":    { "uv": [ 0.001, 5.001, 0.999, 11.999 ], "rotation": 90, "texture": "#texture" },
        "north": { "uv": [ 5.001, 0.001, 11.999, 7.999 ], "texture": "#texture" },
        "south": { "uv": [ 4.001, 0.001, 10.999, 7.999 ], "texture": "#texture" },
        "west":  { "uv": [ 0.001, 0.001, 0.999, 7.999 ], "texture": "#texture" },
        "east":  { "uv": [ 15.001, 0.001, 15.999, 7.999 ], "texture": "#texture" }
    }
},
{
    "__comment": "TOP",
    "from": [ 10.25, 8, 15.25 ],
    "to": [ 17.375, 16, 16.25 ],
    "rotation": { "origin": [ 10.25, 8, 15.25 ], "axis": "y", "angle": 45 },
    "faces": {
        "down":  { "uv": [ 15.999, 11.999, 15.001, 5.001 ], "rotation": 90, "texture": "#texture" },
        "up":    { "uv": [ 0.001, 5.001, 0.999, 11.999 ], "rotation": 270, "texture": "#texture" },
        "north": { "uv": [ 4.001, 0.001, 10.999, 7.999 ], "texture": "#texture" },
        "south": { "uv": [ 5.001, 0.001, 11.999, 7.999 ], "texture": "#texture" },
        "west":  { "uv": [ 15.001, 0.001, 15.999, 7.999 ], "texture": "#texture" },
        "east":  { "uv": [ 0.001, 0.001, 0.999, 7.999 ], "texture": "#texture" }
    }
},
{
    "__comment": "TOP",
    "from": [ 10.25, 8, 0.75 ],
    "to": [ 11.25, 16, 7.875 ],
    "rotation": { "origin": [ 10.25, 8, 0.75 ], "axis": "y", "angle": 45 },
    "faces": {
        "down":  { "uv": [ 15.999, 11.999, 15.001, 5.001 ], "rotation": 180, "texture": "#texture" },
        "up":    { "uv": [ 0.001, 5.001, 0.999, 11.999 ], "rotation": 180, "texture": "#texture" },
        "north": { "uv": [ 0.001, 0.001, 0.999, 7.999 ], "texture": "#texture" },
        "south": { "uv": [ 15.001, 0.001, 15.999, 7.999 ], "texture": "#texture" },
        "west":  { "uv": [ 4.001, 0.001, 10.999, 7.999 ], "texture": "#texture" },
        "east":  { "uv": [ 5.001, 0.001, 11.999, 7.999 ], "texture": "#texture" }
    }
},
{
    "__comment": "Mid",
    "from": [ 0.8125, 1.175, 5.3125 ],
    "to": [ 1.7125, 8.375, 10.7125 ],
    "faces": {
        "down":  { "uv": [ 15.999, 10.999, 15.001, 5.001 ], "texture": "#texture" },
        "up":    { "uv": [ 0.001, 5.001, 0.999, 10.999 ], "texture": "#texture" },
        "north": { "uv": [ 15.001, 0.001, 15.999, 7.999 ], "texture": "#texture" },
        "south": { "uv": [ 0.001, 0.001, 0.999, 7.999 ], "texture": "#texture" },
        "west":  { "uv": [ 5.001, 0.001, 10.999, 7.999 ], "texture": "#texture" },
        "east":  { "uv": [ 5.001, 0.001, 10.999, 7.999 ], "texture": "#texture" }
    }
},
{
    "__comment": "Mid",
    "from": [ 5.3125, 1.175, 0.8125 ],
    "to": [ 10.7125, 8.375, 1.7125 ],
    "faces": {
        "down":  { "uv": [ 10.999, 0.999, 5.001, 0.001 ], "texture": "#texture" },
        "up":    { "uv": [ 5.001, 0.001, 10.999, 0.999 ], "texture": "#texture" },
        "north": { "uv": [ 5.001, 0.001, 10.999, 7.999 ], "texture": "#texture" },
        "south": { "uv": [ 5.001, 0.001, 10.999, 7.999 ], "texture": "#texture" },
        "west":  { "uv": [ 0.001, 0.001, 0.999, 7.999 ], "texture": "#texture" },
        "east":  { "uv": [ 15.001, 0.001, 15.999, 7.999 ], "texture": "#texture" }
    }
},
{
    "__comment": "Mid",
    "from": [ 14.25, 1.175, 5.3125 ],
    "to": [ 15.15, 8.375, 10.7125 ],
    "faces": {
        "down":  { "uv": [ 0.999, 10.999, 0.001, 5.001 ], "texture": "#texture" },
        "up":    { "uv": [ 15.001, 5.001, 15.999, 10.999 ], "texture": "#texture" },
        "north": { "uv": [ 0.001, 0.001, 0.999, 7.999 ], "texture": "#texture" },
        "south": { "uv": [ 15.001, 0.001, 15.999, 7.999 ], "texture": "#texture" },
        "west":  { "uv": [ 5.001, 0.001, 10.999, 7.999 ], "texture": "#texture" },
        "east":  { "uv": [ 5.001, 0.001, 10.999, 7.999 ], "texture": "#texture" }
    }
},
{
    "__comment": "Mid",
    "from": [ 5.3125, 1.175, 14.25 ],
    "to": [ 10.7125, 8.375, 15.15 ],
    "faces": {
        "down":  { "uv": [ 10.999, 15.999, 5.001, 15.001 ], "texture": "#texture" },
        "up":    { "uv": [ 5.001, 15.001, 10.999, 15.999 ], "texture": "#texture" },
        "north": { "uv": [ 5.001, 0.001, 10.999, 7.999 ], "texture": "#texture" },
        "south": { "uv": [ 5.001, 0.001, 10.999, 7.999 ], "texture": "#texture" },
        "west":  { "uv": [ 15.001, 0.001, 15.999, 7.999 ], "texture": "#texture" },
        "east":  { "uv": [ 0.001, 0.001, 0.999, 7.999 ], "texture": "#texture" }
    }
},
{
    "__comment": "Mid",
    "from": [ 0.8125, 1.175, 10.625 ],
    "to": [ 1.7125, 8.375, 17.0375 ],
    "rotation": { "origin": [ 0.8125, 1.175, 10.625 ], "axis": "y", "angle": 45 },
    "faces": {
        "down":  { "uv": [ 15.999, 11.999, 15.001, 5.001 ], "texture": "#texture" },
        "up":    { "uv": [ 0.001, 5.001, 0.999, 11.999 ], "texture": "#texture" },
        "north": { "uv": [ 15.001, 0.001, 15.999, 7.999 ], "texture": "#texture" },
        "south": { "uv": [ 0.001, 0.001, 0.999, 7.999 ], "texture": "#texture" },
        "west":  { "uv": [ 5.001, 0.001, 11.999, 7.999 ], "texture": "#texture" },
        "east":  { "uv": [ 4.001, 0.001, 10.999, 7.999 ], "texture": "#texture" }
    }
},
{
    "__comment": "Mid",
    "from": [ 0.8125, 1.175, 5.375 ],
    "to": [ 7.225, 8.375, 6.275 ],
    "rotation": { "origin": [ 0.8125, 1.175, 5.375 ], "axis": "y", "angle": 45 },
    "faces": {
        "down":  { "uv": [ 15.999, 11.999, 15.001, 5.001 ], "rotation": 270, "texture": "#texture" },
        "up":    { "uv": [ 0.001, 5.001, 0.999, 11.999 ], "rotation": 90, "texture": "#texture" },
        "north": { "uv": [ 5.001, 0.001, 11.999, 7.999 ], "texture": "#texture" },
        "south": { "uv": [ 4.001, 0.001, 10.999, 7.999 ], "texture": "#texture" },
        "west":  { "uv": [ 0.001, 0.001, 0.999, 7.999 ], "texture": "#texture" },
        "east":  { "uv": [ 15.001, 0.001, 15.999, 7.999 ], "texture": "#texture" }
    }
},
{
    "__comment": "Mid",
    "from": [ 10, 1.175, 14.5 ],
    "to": [ 16.4125, 8.375, 15.4 ],
    "rotation": { "origin": [ 10, 1.175, 14.5 ], "axis": "y", "angle": 45 },
    "faces": {
        "down":  { "uv": [ 15.999, 11.999, 15.001, 5.001 ], "rotation": 90, "texture": "#texture" },
        "up":    { "uv": [ 0.001, 5.001, 0.999, 11.999 ], "rotation": 270, "texture": "#texture" },
        "north": { "uv": [ 4.001, 0.001, 10.999, 7.999 ], "texture": "#texture" },
        "south": { "uv": [ 5.001, 0.001, 11.999, 7.999 ], "texture": "#texture" },
        "west":  { "uv": [ 15.001, 0.001, 15.999, 7.999 ], "texture": "#texture" },
        "east":  { "uv": [ 0.001, 0.001, 0.999, 7.999 ], "texture": "#texture" }
    }
},
{
    "__comment": "Mid",
    "from": [ 10, 1.175, 1.5 ],
    "to": [ 10.9, 8.375, 7.9125 ],
    "rotation": { "origin": [ 10, 1.175, 1.5 ], "axis": "y", "angle": 45 },
    "faces": {
        "down":  { "uv": [ 15.999, 11.999, 15.001, 5.001 ], "rotation": 180, "texture": "#texture" },
        "up":    { "uv": [ 0.001, 5.001, 0.999, 11.999 ], "rotation": 180, "texture": "#texture" },
        "north": { "uv": [ 0.001, 0.001, 0.999, 7.999 ], "texture": "#texture" },
        "south": { "uv": [ 15.001, 0.001, 15.999, 7.999 ], "texture": "#texture" },
        "west":  { "uv": [ 4.001, 0.001, 10.999, 7.999 ], "texture": "#texture" },
        "east":  { "uv": [ 5.001, 0.001, 11.999, 7.999 ], "texture": "#texture" }
    }
},
{
    "__comment": "Bot",
    "from": [ 5, 1, 1.5 ],
    "to": [ 11, 2, 14.5 ],
    "faces": {
        "down":  { "uv": [ 10.999, 14.499, 5.001, 1.501 ], "texture": "#texture" },
        "up":    { "uv": [ 5.001, 1.501, 10.999, 14.499 ], "texture": "#texture" },
        "north": { "uv": [ 5.001, 14.001, 10.999, 14.999 ], "texture": "#texture" },
        "south": { "uv": [ 5.001, 14.001, 10.999, 14.999 ], "texture": "#texture" },
        "west":  { "uv": [ 1.501, 14.001, 14.499, 14.999 ], "texture": "#texture" },
        "east":  { "uv": [ 1.501, 14.001, 14.499, 14.999 ], "texture": "#texture" }
    }
},
{
    "__comment": "Bot",
    "from": [ 4, 1, 2.5 ],
    "to": [ 12, 2, 13.5 ],
    "faces": {
        "down":  { "uv": [ 11.999, 13.499, 4.001, 2.501 ], "texture": "#texture" },
        "up":    { "uv": [ 4.001, 2.501, 11.999, 13.499 ], "texture": "#texture" },
        "north": { "uv": [ 4.001, 14.001, 11.999, 14.999 ], "texture": "#texture" },
        "south": { "uv": [ 4.001, 14.001, 11.999, 14.999 ], "texture": "#texture" },
        "west":  { "uv": [ 2.501, 14.001, 13.499, 14.999 ], "texture": "#texture" },
        "east":  { "uv": [ 2.501, 14.001, 13.499, 14.999 ], "texture": "#texture" }
    }
},
{
    "__comment": "Bot",
    "from": [ 3, 1, 3.5 ],
    "to": [ 13, 2, 12.5 ],
    "faces": {
        "down":  { "uv": [ 12.999, 12.499, 3.001, 3.501 ], "texture": "#texture" },
        "up":    { "uv": [ 3.001, 3.501, 12.999, 12.499 ], "texture": "#texture" },
        "north": { "uv": [ 3.001, 14.001, 12.999, 14.999 ], "texture": "#texture" },
        "south": { "uv": [ 3.001, 14.001, 12.999, 14.999 ], "texture": "#texture" },
        "west":  { "uv": [ 3.501, 14.001, 12.499, 14.999 ], "texture": "#texture" },
        "east":  { "uv": [ 3.501, 14.001, 12.499, 14.999 ], "texture": "#texture" }
    }
},
{
    "__comment": "Bot",
    "from": [ 2, 1, 4.5 ],
    "to": [ 14, 2, 11.5 ],
    "faces": {
        "down":  { "uv": [ 13.999, 11.499, 2.001, 4.501 ], "texture": "#texture" },
        "up":    { "uv": [ 2.001, 4.501, 13.999, 11.499 ], "texture": "#texture" },
        "north": { "uv": [ 2.001, 14.001, 13.999, 14.999 ], "texture": "#texture" },
        "south": { "uv": [ 2.001, 14.001, 13.999, 14.999 ], "texture": "#texture" },
        "west":  { "uv": [ 4.501, 14.001, 11.499, 14.999 ], "texture": "#texture" },
        "east":  { "uv": [ 4.501, 14.001, 11.499, 14.999 ], "texture": "#texture" }
    }
},
{
    "__comment": "Bot",
    "from": [ 1, 1, 5.5 ],
    "to": [ 15, 2, 10.5 ],
    "faces": {
        "down":  { "uv": [ 14.999, 10.499, 1.001, 5.501 ], "texture": "#texture" },
        "up":    { "uv": [ 1.001, 5.501, 14.999, 10.499 ], "texture": "#texture" },
        "north": { "uv": [ 1.001, 14.001, 14.999, 14.999 ], "texture": "#texture" },
        "south": { "uv": [ 1.001, 14.001, 14.999, 14.999 ], "texture": "#texture" },
        "west":  { "uv": [ 5.501, 14.001, 10.499, 14.999 ], "texture": "#texture" },
        "east":  { "uv": [ 5.501, 14.001, 10.499, 14.999 ], "texture": "#texture" }
    }
},
{
    "__comment": "Grip",
    "from": [ 4.3125, 14.1875, 7.75 ],
    "to": [ 4.8125, 20.1875, 8.25 ],
    "rotation": { "origin": [ 4.3125, 20.1875, 7.75 ], "axis": "z", "angle": -45 },
    "faces": {
        "down":  { "uv": [ 15.499, 8.249, 15.001, 7.751 ], "texture": "#texture" },
        "up":    { "uv": [ 0.501, 7.751, 0.999, 8.249 ], "texture": "#texture" },
        "north": { "uv": [ 15.001, 0.001, 15.499, 5.999 ], "texture": "#texture" },
        "south": { "uv": [ 0.501, 0.001, 0.999, 5.999 ], "texture": "#texture" },
        "west":  { "uv": [ 7.751, 0.001, 8.249, 5.999 ], "texture": "#texture" },
        "east":  { "uv": [ 7.751, 0.001, 8.249, 5.999 ], "texture": "#texture" }
    }
},
{
    "__comment": "Grip",
    "from": [ 11.3125, 13.8125, 7.75 ],
    "to": [ 11.8125, 19.8125, 8.25 ],
    "rotation": { "origin": [ 11.3125, 19.8125, 7.75 ], "axis": "z", "angle": 45 },
    "faces": {
        "down":  { "uv": [ 15.499, 8.249, 15.001, 7.751 ], "rotation": 180, "texture": "#texture" },
        "up":    { "uv": [ 0.501, 7.751, 0.999, 8.249 ], "rotation": 180, "texture": "#texture" },
        "north": { "uv": [ 0.501, 0.001, 0.999, 5.999 ], "texture": "#texture" },
        "south": { "uv": [ 15.001, 0.001, 15.499, 5.999 ], "texture": "#texture" },
        "west":  { "uv": [ 7.751, 0.001, 8.249, 5.999 ], "texture": "#texture" },
        "east":  { "uv": [ 7.751, 0.001, 8.249, 5.999 ], "texture": "#texture" }
    }
},
{
    "__comment": "Grip",
    "from": [ 4.25, 19.625, 7.75 ],
    "to": [ 11.75, 20.125, 8.25 ],
    "faces": {
        "down":  { "uv": [ 11.999, 8.249, 4.501, 7.751 ], "texture": "#texture" },
        "up":    { "uv": [ 4.001, 7.751, 11.499, 8.249 ], "texture": "#texture" },
        "north": { "uv": [ 4.501, 0.001, 11.999, 0.499 ], "texture": "#texture" },
        "south": { "uv": [ 4.001, 0.001, 11.499, 0.499 ], "texture": "#texture" },
        "west":  { "uv": [ 7.751, 0.001, 8.249, 0.499 ], "texture": "#texture" },
        "east":  { "uv": [ 7.751, 0.001, 8.249, 0.499 ], "texture": "#texture" }
    }
},
{
    "__comment": "Grip Dark",
    "from": [ 5, 19.375, 7.5 ],
    "to": [ 11, 20.375, 8.5 ],
    "faces": {
        "down":  { "uv": [ 10.999, 8.499, 5.001, 7.501 ], "texture": "#dark" },
        "up":    { "uv": [ 5.001, 7.501, 10.999, 8.499 ], "texture": "#dark" },
        "north": { "uv": [ 5.001, 0.001, 10.999, 0.999 ], "texture": "#dark" },
        "south": { "uv": [ 5.001, 0.001, 10.999, 0.999 ], "texture": "#dark" },
        "west":  { "uv": [ 7.501, 0.001, 8.499, 0.999 ], "texture": "#dark" },
        "east":  { "uv": [ 7.501, 0.001, 8.499, 0.999 ], "texture": "#dark" }
    }
},
{
    "__comment": "Filled with",
    "from": [ 3, 14, 3 ],
    "to": [ 13, 15, 13 ],
    "faces": {
        "up":    { "uv": [ 3.001, 3.001, 12.999, 12.999 ], "texture": "#filled" }
    }
},
{
    "__comment": "Filled with",
    "from": [ 14, 14, 4.5 ],
    "to": [ 15, 15, 11.5 ],
    "faces": {
        "up":    { "uv": [ 14.001, 4.501, 14.999, 11.499 ], "texture": "#filled" }
    }
},
{
    "__comment": "Filled with",
    "from": [ 13, 14, 3.5 ],
    "to": [ 14, 15, 12.5 ],
    "faces": {
        "up":    { "uv": [ 13.001, 3.501, 13.999, 12.499 ], "texture": "#filled" }
    }
},
{
    "__comment": "Filled with",
    "from": [ 1, 14, 4.5 ],
    "to": [ 2, 15, 11.5 ],
    "faces": {
        "up":    { "uv": [ 1.001, 4.501, 1.999, 11.499 ], "texture": "#filled" }
    }
},
{
    "__comment": "Filled with",
    "from": [ 2, 14, 3.5 ],
    "to": [ 3, 15, 12.5 ],
    "faces": {
        "up":    { "uv": [ 2.001, 3.501, 2.999, 12.499 ], "texture": "#filled" }
    }
},
{
    "__comment": "Filled with",
    "from": [ 4.5, 14, 1 ],
    "to": [ 11.5, 15, 2 ],
    "faces": {
        "up":    { "uv": [ 4.501, 1.001, 11.499, 1.999 ], "texture": "#filled" }
    }
},
{
    "__comment": "Filled with",
    "from": [ 3.5, 14, 13 ],
    "to": [ 12.5, 15, 14 ],
    "faces": {
        "up":    { "uv": [ 3.501, 13.001, 12.499, 13.999 ], "texture": "#filled" }
    }
},
{
    "__comment": "Filled with",
    "from": [ 4.5, 14, 14 ],
    "to": [ 11.5, 15, 15 ],
    "faces": {
        "up":    { "uv": [ 4.501, 14.001, 11.499, 14.999 ], "texture": "#filled" }
    }
},
{
    "__comment": "Filled with",
    "from": [ 3.5, 14, 2 ],
    "to": [ 12.5, 15, 3 ],
    "faces": {
        "up":    { "uv": [ 3.501, 2.001, 12.499, 2.999 ], "texture": "#filled" }
    }
}
],
"display": {
    "thirdperson_righthand": {
        "rotation": [ 70, 0, 0 ],
        "translation": [ 0, -3, -4 ],
        "scale": [ 0.4, 0.4, 0.4 ]
    },
    "thirdperson_lefthand": {
        "rotation": [ 70, 0, 0 ],
        "translation": [ 0, -3, -4 ],
        "scale": [ 0.4, 0.4, 0.4 ]
    },
    "head": {
        "rotation": [ 0, 0, 0 ],
        "translation": [ 0, 10, 0 ],
        "scale": [ 0.5, 0.5, 0.5 ]
    },
    "ground": {
        "rotation": [ 0, 0, 0 ],
        "translation": [ 0, 2, 0 ],
        "scale": [ 0.4, 0.4, 0.4 ]
    },
    "fixed": {
        "rotation": [ -35, 0, 0 ],
        "translation": [ 0, 0, 0 ],
        "scale": [ 0.5, 0.5, 0.5 ]
    },
    "firstperson_righthand": {
        "rotation": [ 25, 0, 0 ],
        "translation": [ -1, 0, 2 ],
        "scale": [ 0.4, 0.4, 0.4 ]
    },
    "firstperson_lefthand": {
        "rotation": [ 25, 0, 0 ],
        "translation": [ -1, 0, 2 ],
        "scale": [ 0.4, 0.4, 0.4 ]
    },
    "gui": {
        "rotation": [ 25, 25, 0 ],
        "translation": [ 0, 0, 0 ],
        "scale": [ 0.5, 0.5, 0.5 ]
    }
}
}