{
"__comment": "Designed by Sibsib92 with BDcraft Cubik PRO 0.95 Beta - http://bdcraft.net",
"ambientocclusion": false,
"textures": {
    "particle": "items/map_empty",
    "texture": "blocks/sandstone_top"
},
"elements": [ 
{
    "__comment": "Map",
    "from": [ 4.5, 2, 7.75 ],
    "to": [ 12.5, 14, 8.25 ],
    "faces": {
        "down":  { "uv": [ 11.499, 8.249, 3.501, 7.751 ], "texture": "#texture" },
        "up":    { "uv": [ 4.501, 7.751, 12.499, 8.249 ], "texture": "#texture" },
        "north": { "uv": [ 3.501, 2.001, 11.499, 13.999 ], "texture": "#texture" },
        "south": { "uv": [ 4.501, 2.001, 12.499, 13.999 ], "texture": "#texture" },
        "west":  { "uv": [ 7.751, 2.001, 8.249, 13.999 ], "texture": "#texture" },
        "east":  { "uv": [ 7.751, 2.001, 8.249, 13.999 ], "texture": "#texture" }
    }
},
{
    "__comment": "Map",
    "from": [ 4, 10.5, 7.75 ],
    "to": [ 4.5, 13.5, 8.25 ],
    "faces": {
        "down":  { "uv": [ 11.999, 8.249, 11.501, 7.751 ], "texture": "#texture" },
        "up":    { "uv": [ 4.001, 7.751, 4.499, 8.249 ], "texture": "#texture" },
        "north": { "uv": [ 11.501, 2.501, 11.999, 5.499 ], "texture": "#texture" },
        "south": { "uv": [ 4.001, 2.501, 4.499, 5.499 ], "texture": "#texture" },
        "west":  { "uv": [ 7.751, 2.501, 8.249, 5.499 ], "texture": "#texture" }
    }
},
{
    "__comment": "Map",
    "from": [ 3.5, 5, 7.75 ],
    "to": [ 4, 6.5, 8.25 ],
    "faces": {
        "down":  { "uv": [ 12.499, 8.249, 12.001, 7.751 ], "texture": "#texture" },
        "up":    { "uv": [ 3.501, 7.751, 3.999, 8.249 ], "texture": "#texture" },
        "north": { "uv": [ 12.001, 9.501, 12.499, 10.999 ], "texture": "#texture" },
        "south": { "uv": [ 3.501, 9.501, 3.999, 10.999 ], "texture": "#texture" },
        "west":  { "uv": [ 7.751, 9.501, 8.249, 10.999 ], "texture": "#texture" }
    }
},
{
    "__comment": "Map",
    "from": [ 11.5, 1.5, 7.75 ],
    "to": [ 12, 2, 8.25 ],
    "faces": {
        "down":  { "uv": [ 4.499, 8.249, 4.001, 7.751 ], "texture": "#texture" },
        "north": { "uv": [ 4.001, 14.001, 4.499, 14.499 ], "texture": "#texture" },
        "south": { "uv": [ 11.501, 14.001, 11.999, 14.499 ], "texture": "#texture" },
        "west":  { "uv": [ 7.751, 14.001, 8.249, 14.499 ], "texture": "#texture" },
        "east":  { "uv": [ 7.751, 14.001, 8.249, 14.499 ], "texture": "#texture" }
    }
},
{
    "__comment": "Map",
    "from": [ 12.5, 2.5, 7.75 ],
    "to": [ 13, 4.5, 8.25 ],
    "faces": {
        "down":  { "uv": [ 3.499, 8.249, 3.001, 7.751 ], "texture": "#texture" },
        "up":    { "uv": [ 12.501, 7.751, 12.999, 8.249 ], "texture": "#texture" },
        "north": { "uv": [ 3.001, 11.501, 3.499, 13.499 ], "texture": "#texture" },
        "south": { "uv": [ 12.501, 11.501, 12.999, 13.499 ], "texture": "#texture" },
        "east":  { "uv": [ 7.751, 11.501, 8.249, 13.499 ], "texture": "#texture" }
    }
},
{
    "__comment": "Map",
    "from": [ 12.5, 12, 7.75 ],
    "to": [ 13, 13.5, 8.25 ],
    "faces": {
        "down":  { "uv": [ 2.999, 8.499, 2.001, 8.001 ], "texture": "#texture" },
        "up":    { "uv": [ 13.001, 8.001, 13.999, 8.499 ], "texture": "#texture" },
        "north": { "uv": [ 2.001, 1.001, 2.999, 3.999 ], "texture": "#texture" },
        "south": { "uv": [ 13.001, 1.001, 13.999, 3.999 ], "texture": "#texture" },
        "east":  { "uv": [ 7.501, 1.001, 7.999, 3.999 ], "texture": "#texture" }
    }
},
{
    "__comment": "Map",
    "from": [ 9.5, 14, 7.75 ],
    "to": [ 12, 14.5, 8.25 ],
    "faces": {
        "up":    { "uv": [ 9.501, 7.751, 11.999, 8.249 ], "texture": "#texture" },
        "north": { "uv": [ 4.001, 1.501, 6.499, 1.999 ], "texture": "#texture" },
        "south": { "uv": [ 9.501, 1.501, 11.999, 1.999 ], "texture": "#texture" },
        "west":  { "uv": [ 7.751, 1.501, 8.249, 1.999 ], "texture": "#texture" },
        "east":  { "uv": [ 7.751, 1.501, 8.249, 1.999 ], "texture": "#texture" }
    }
},
{
    "__comment": "Map",
    "from": [ 13, 7.5, 7.75 ],
    "to": [ 13.5, 9.5, 8.25 ],
    "faces": {
        "down":  { "uv": [ 2.999, 8.249, 2.501, 7.751 ], "texture": "#texture" },
        "up":    { "uv": [ 13.001, 7.751, 13.499, 8.249 ], "texture": "#texture" },
        "north": { "uv": [ 2.501, 6.501, 2.999, 8.499 ], "texture": "#texture" },
        "south": { "uv": [ 13.001, 6.501, 13.499, 8.499 ], "texture": "#texture" },
        "east":  { "uv": [ 7.751, 6.501, 8.249, 8.499 ], "texture": "#texture" }
    }
},
{
    "__comment": "Map",
    "from": [ 9.5, 1, 7.75 ],
    "to": [ 10.5, 1.5, 8.25 ],
    "faces": {
        "down":  { "uv": [ 6.499, 8.249, 5.501, 7.751 ], "texture": "#texture" },
        "north": { "uv": [ 5.501, 14.501, 6.499, 14.999 ], "texture": "#texture" },
        "south": { "uv": [ 9.501, 14.501, 10.499, 14.999 ], "texture": "#texture" },
        "west":  { "uv": [ 7.751, 14.501, 8.249, 14.999 ], "texture": "#texture" },
        "east":  { "uv": [ 7.751, 14.501, 8.249, 14.999 ], "texture": "#texture" }
    }
},
{
    "__comment": "Map",
    "from": [ 4, 4, 7.75 ],
    "to": [ 4.5, 8, 8.25 ],
    "faces": {
        "down":  { "uv": [ 11.999, 8.249, 11.501, 7.751 ], "texture": "#texture" },
        "up":    { "uv": [ 4.001, 7.751, 4.499, 8.249 ], "texture": "#texture" },
        "north": { "uv": [ 11.501, 8.001, 11.999, 11.999 ], "texture": "#texture" },
        "south": { "uv": [ 4.001, 8.001, 4.499, 11.999 ], "texture": "#texture" },
        "west":  { "uv": [ 7.751, 8.001, 8.249, 11.999 ], "texture": "#texture" }
    }
},
{
    "__comment": "Map",
    "from": [ 5.5, 1, 7.75 ],
    "to": [ 6.5, 1.5, 8.25 ],
    "faces": {
        "down":  { "uv": [ 10.499, 8.249, 9.501, 7.751 ], "texture": "#texture" },
        "north": { "uv": [ 9.501, 14.501, 10.499, 14.999 ], "texture": "#texture" },
        "south": { "uv": [ 5.501, 14.501, 6.499, 14.999 ], "texture": "#texture" },
        "west":  { "uv": [ 7.751, 14.501, 8.249, 14.999 ], "texture": "#texture" },
        "east":  { "uv": [ 7.751, 14.501, 8.249, 14.999 ], "texture": "#texture" }
    }
},
{
    "__comment": "Map",
    "from": [ 8.5, 1.5, 7.75 ],
    "to": [ 11, 2, 8.25 ],
    "faces": {
        "down":  { "uv": [ 7.499, 8.249, 5.001, 7.751 ], "texture": "#texture" },
        "north": { "uv": [ 5.001, 14.001, 7.499, 14.499 ], "texture": "#texture" },
        "south": { "uv": [ 8.501, 14.001, 10.999, 14.499 ], "texture": "#texture" },
        "west":  { "uv": [ 7.751, 14.001, 8.249, 14.499 ], "texture": "#texture" },
        "east":  { "uv": [ 7.751, 14.001, 8.249, 14.499 ], "texture": "#texture" }
    }
},
{
    "__comment": "Map",
    "from": [ 5, 1.5, 7.75 ],
    "to": [ 7, 2, 8.25 ],
    "faces": {
        "down":  { "uv": [ 10.999, 8.249, 9.001, 7.751 ], "texture": "#texture" },
        "north": { "uv": [ 9.001, 14.001, 10.999, 14.499 ], "texture": "#texture" },
        "south": { "uv": [ 5.001, 14.001, 6.999, 14.499 ], "texture": "#texture" },
        "west":  { "uv": [ 7.751, 14.001, 8.249, 14.499 ], "texture": "#texture" },
        "east":  { "uv": [ 7.751, 14.001, 8.249, 14.499 ], "texture": "#texture" }
    }
},
{
    "__comment": "Map",
    "from": [ 5.5, 14, 7.75 ],
    "to": [ 7.5, 14.5, 8.25 ],
    "faces": {
        "up":    { "uv": [ 5.501, 7.751, 7.499, 8.249 ], "texture": "#texture" },
        "north": { "uv": [ 8.501, 1.501, 10.499, 1.999 ], "texture": "#texture" },
        "south": { "uv": [ 5.501, 1.501, 7.499, 1.999 ], "texture": "#texture" },
        "west":  { "uv": [ 7.751, 1.501, 8.249, 1.999 ], "texture": "#texture" },
        "east":  { "uv": [ 7.751, 1.501, 8.249, 1.999 ], "texture": "#texture" }
    }
},
{
    "__comment": "Map",
    "from": [ 12.5, 5.5, 7.75 ],
    "to": [ 13, 10.5, 8.25 ],
    "faces": {
        "down":  { "uv": [ 3.499, 8.249, 3.001, 7.751 ], "texture": "#texture" },
        "up":    { "uv": [ 12.501, 7.751, 12.999, 8.249 ], "texture": "#texture" },
        "north": { "uv": [ 3.001, 5.501, 3.499, 10.499 ], "texture": "#texture" },
        "south": { "uv": [ 12.501, 5.501, 12.999, 10.499 ], "texture": "#texture" },
        "east":  { "uv": [ 7.751, 5.501, 8.249, 10.499 ], "texture": "#texture" }
    }
}
],
"display": {
    "thirdperson_righthand": {
        "rotation": [ 15, 0, 85 ],
        "translation": [ -5, 2, 1 ],
        "scale": [ 0.75, 0.75, 0.75 ]
    },
    "thirdperson_lefthand": {
        "rotation": [ 15, 0, 85 ],
        "translation": [ 5, 2, 1 ],
        "scale": [ 0.75, 0.75, 0.75 ]
    },
    "head": {
        "rotation": [ 0, 0, -30 ],
        "translation": [ -8, 5, 0 ],
        "scale": [ 1, 1, 1 ]
    },
    "ground": {
        "rotation": [ 90, 0, 0 ],
        "translation": [ 0, 0, 0 ],
        "scale": [ 0.5, 0.5, 0.5 ]
    },
    "fixed": {
        "rotation": [ 0, 0, 0 ],
        "translation": [ 0, 0, 0 ],
        "scale": [ 1, 1, 1 ]
    },
    "firstperson_righthand": {
        "rotation": [ 0, 0, 85 ],
        "translation": [ 0, 2, 0 ],
        "scale": [ 0.5, 0.5, 0.5 ]
    },
    "firstperson_lefthand": {
        "rotation": [ 0, 0, 85 ],
        "translation": [ 2, 2, 0 ],
        "scale": [ 0.5, 0.5, 0.5 ]
    },
    "gui": {
        "rotation": [ -60, -10, -40 ],
        "translation": [ 0, 0, 0 ],
        "scale": [ 1, 1, 1 ]
    }
}
}