{
"__comment": "Designed by Sibsib92 with BDcraft Cubik PRO 0.96 Beta - http://bdcraft.net",
"ambientocclusion": false,
"textures": {
    "texture": "blocks/planks_oak",
    "metal": "blocks/cauldron_inner"
},
"elements": [ 
{
    "__comment": "Hinge",
    "from": [ 6.25, 4, -0.0625 ],
    "to": [ 9.75, 6, 0.9375 ],
    "faces": {
        "down":  { "uv": [ 3, 1, 0, 0 ], "texture": "#metal" },
        "up":    { "uv": [ 0, 0, 3, 1 ], "texture": "#metal" },
        "north": { "uv": [ 0, 0, 3, 2 ], "texture": "#metal" },
        "south": { "uv": [ 0, 0, 3, 2 ], "texture": "#metal" },
        "west":  { "uv": [ 0, 0, 1, 2 ], "texture": "#metal" },
        "east":  { "uv": [ 0, 0, 1, 2 ], "texture": "#metal" }
    }
},
{
    "__comment": "Hinge",
    "from": [ 6.25, 15, -0.0625 ],
    "to": [ 9.75, 17, 0.9375 ],
    "faces": {
        "down":  { "uv": [ 3, 1, 0, 0 ], "texture": "#metal" },
        "up":    { "uv": [ 0, 0, 3, 1 ], "texture": "#metal" },
        "north": { "uv": [ 0, 0, 3, 2 ], "texture": "#metal" },
        "south": { "uv": [ 0, 0, 3, 2 ], "texture": "#metal" },
        "west":  { "uv": [ 0, 0, 1, 2 ], "texture": "#metal" },
        "east":  { "uv": [ 0, 0, 1, 2 ], "texture": "#metal" }
    }
},
{
    "__comment": "Hinge",
    "from": [ 6.25, 26, -0.0625 ],
    "to": [ 9.75, 28, 0.9375 ],
    "faces": {
        "down":  { "uv": [ 3, 1, 0, 0 ], "texture": "#metal" },
        "up":    { "uv": [ 0, 0, 3, 1 ], "texture": "#metal" },
        "north": { "uv": [ 0, 0, 3, 2 ], "texture": "#metal" },
        "south": { "uv": [ 0, 0, 3, 2 ], "texture": "#metal" },
        "west":  { "uv": [ 0, 0, 1, 2 ], "texture": "#metal" },
        "east":  { "uv": [ 0, 0, 1, 2 ], "texture": "#metal" }
    }
},
{
    "__comment": "Handle",
    "from": [ 6, 16.25, 14.25 ],
    "to": [ 10, 16.75, 14.75 ],
    "faces": {
        "down":  { "uv": [ 16, 14.75, 12.5, 14.25 ], "texture": "#metal" },
        "up":    { "uv": [ 0, 14.25, 3.5, 14.75 ], "texture": "#metal" },
        "north": { "uv": [ 12.5, 0, 16, 0 ], "texture": "#metal" },
        "south": { "uv": [ 0, 0, 3.5, 0 ], "texture": "#metal" }
    }
},
{
    "__comment": "Handle",
    "from": [ 10, 16, 14 ],
    "to": [ 11, 17, 15 ],
    "faces": {
        "down":  { "uv": [ 13, 14, 12, 13 ], "texture": "#metal" },
        "up":    { "uv": [ 3, 13, 4, 14 ], "texture": "#metal" },
        "north": { "uv": [ 12, 15, 13, 16 ], "texture": "#metal" },
        "south": { "uv": [ 3, 15, 4, 16 ], "texture": "#metal" },
        "west":  { "uv": [ 13, 15, 14, 16 ], "texture": "#metal" },
        "east":  { "uv": [ 2, 15, 3, 16 ], "texture": "#metal" }
    }
},
{
    "__comment": "Handle",
    "from": [ 10, 16, 11 ],
    "to": [ 11, 16.5, 12 ],
    "faces": {
        "down":  { "uv": [ 13, 13, 12, 12 ], "texture": "#metal" },
        "up":    { "uv": [ 3, 12, 4, 13 ], "texture": "#metal" },
        "north": { "uv": [ 12, 15.5, 13, 16 ], "texture": "#metal" },
        "south": { "uv": [ 3, 15.5, 4, 16 ], "texture": "#metal" },
        "west":  { "uv": [ 12, 15.5, 13, 16 ], "texture": "#metal" },
        "east":  { "uv": [ 3, 15.5, 4, 16 ], "texture": "#metal" }
    }
},
{
    "__comment": "Handle",
    "from": [ 10.25, 15.5, 11.5 ],
    "to": [ 10.75, 16, 13.5 ],
    "faces": {
        "down":  { "uv": [ 13, 12, 12, 10 ], "texture": "#metal" },
        "up":    { "uv": [ 3, 10, 4, 12 ], "texture": "#metal" },
        "north": { "uv": [ 12, 15.5, 13, 16 ], "texture": "#metal" },
        "south": { "uv": [ 3, 15.5, 4, 16 ], "texture": "#metal" },
        "west":  { "uv": [ 10, 15.5, 12, 16 ], "texture": "#metal" },
        "east":  { "uv": [ 4, 15.5, 6, 16 ], "texture": "#metal" }
    }
},
{
    "__comment": "Handle",
    "from": [ 10.25, 16, 13 ],
    "to": [ 10.75, 16.5, 14 ],
    "faces": {
        "down":  { "uv": [ 13, 13, 12, 12 ], "texture": "#metal" },
        "up":    { "uv": [ 3, 12, 4, 13 ], "texture": "#metal" },
        "north": { "uv": [ 12, 15.5, 13, 16 ], "texture": "#metal" },
        "west":  { "uv": [ 12, 15.5, 13, 16 ], "texture": "#metal" },
        "east":  { "uv": [ 3, 15.5, 4, 16 ], "texture": "#metal" }
    }
},
{
    "__comment": "Handle",
    "from": [ 5, 16, 14 ],
    "to": [ 6, 17, 15 ],
    "faces": {
        "down":  { "uv": [ 13, 14, 12, 13 ], "texture": "#metal" },
        "up":    { "uv": [ 3, 13, 4, 14 ], "texture": "#metal" },
        "north": { "uv": [ 12, 15, 13, 16 ], "texture": "#metal" },
        "south": { "uv": [ 3, 15, 4, 16 ], "texture": "#metal" },
        "west":  { "uv": [ 13, 15, 14, 16 ], "texture": "#metal" },
        "east":  { "uv": [ 2, 15, 3, 16 ], "texture": "#metal" }
    }
},
{
    "__comment": "Handle",
    "from": [ 5, 16, 11 ],
    "to": [ 6, 16.5, 12 ],
    "faces": {
        "down":  { "uv": [ 13, 13, 12, 12 ], "texture": "#metal" },
        "up":    { "uv": [ 3, 12, 4, 13 ], "texture": "#metal" },
        "north": { "uv": [ 12, 15.5, 13, 16 ], "texture": "#metal" },
        "south": { "uv": [ 3, 15.5, 4, 16 ], "texture": "#metal" },
        "west":  { "uv": [ 12, 15.5, 13, 16 ], "texture": "#metal" },
        "east":  { "uv": [ 3, 15.5, 4, 16 ], "texture": "#metal" }
    }
},
{
    "__comment": "Handle",
    "from": [ 5.25, 15.5, 11.5 ],
    "to": [ 5.75, 16, 13.5 ],
    "faces": {
        "down":  { "uv": [ 16, 12.5, 15.5, 10.5 ], "texture": "#metal" },
        "up":    { "uv": [ 0, 10.5, 0.5, 12.5 ], "texture": "#metal" },
        "north": { "uv": [ 15.5, 16, 16, 16 ], "texture": "#metal" },
        "south": { "uv": [ 0, 16, 0.5, 16 ], "texture": "#metal" },
        "west":  { "uv": [ 10.5, 16, 12.5, 16 ], "texture": "#metal" },
        "east":  { "uv": [ 3.5, 16, 5.5, 16 ], "texture": "#metal" }
    }
},
{
    "__comment": "Handle",
    "from": [ 5.25, 16, 13 ],
    "to": [ 5.75, 16.5, 14 ],
    "faces": {
        "down":  { "uv": [ 16, 13, 15.5, 12 ], "texture": "#metal" },
        "up":    { "uv": [ 0, 12, 0.5, 13 ], "texture": "#metal" },
        "north": { "uv": [ 15.5, 15.5, 16, 16 ], "texture": "#metal" },
        "west":  { "uv": [ 12, 15.5, 13, 16 ], "texture": "#metal" },
        "east":  { "uv": [ 3, 15.5, 4, 16 ], "texture": "#metal" }
    }
},
{
    "__comment": "Bot",
    "from": [ 6.5, 0, 0 ],
    "to": [ 9.5, 2, 16 ],
    "faces": {
        "down":  { "uv": [ 16, 15, 0, 12 ], "rotation": 90, "texture": "#texture" },
        "up":    { "uv": [ 0, 0, 16, 3 ], "rotation": 90, "texture": "#texture" },
        "north": { "uv": [ 13, 14, 16, 16 ], "texture": "#texture" },
        "south": { "uv": [ 0, 14, 3, 16 ], "texture": "#texture" },
        "west":  { "uv": [ 0, 14, 16, 16 ], "texture": "#texture" },
        "east":  { "uv": [ 0, 14, 16, 16 ], "texture": "#texture" }
    }
},
{
    "__comment": "Bot",
    "from": [ 6.5, 2, 0 ],
    "to": [ 9.5, 16, 2 ],
    "faces": {
        "north": { "uv": [ 13, 0, 16, 14 ], "texture": "#texture" },
        "south": { "uv": [ 0, 0, 3, 14 ], "texture": "#texture" },
        "west":  { "uv": [ 0, 0, 2, 14 ], "texture": "#texture" },
        "east":  { "uv": [ 14, 0, 16, 14 ], "texture": "#texture" }
    }
},
{
    "__comment": "Bot",
    "from": [ 6.5, 2, 14 ],
    "to": [ 9.5, 16, 16 ],
    "faces": {
        "north": { "uv": [ 13, 0, 16, 14 ], "texture": "#texture" },
        "south": { "uv": [ 0, 0, 3, 14 ], "texture": "#texture" },
        "west":  { "uv": [ 14, 0, 16, 14 ], "texture": "#texture" },
        "east":  { "uv": [ 0, 0, 2, 14 ], "texture": "#texture" }
    }
},
{
    "__comment": "Bot",
    "from": [ 6.5, 7, 2 ],
    "to": [ 9.5, 8, 14 ],
    "faces": {
        "down":  { "uv": [ 2, 12, 14, 15 ], "rotation": 90, "texture": "#texture" },
        "up":    { "uv": [ 2, 0, 14, 3 ], "rotation": 90, "texture": "#texture" },
        "west":  { "uv": [ 2, 8, 14, 9 ], "texture": "#texture" },
        "east":  { "uv": [ 2, 8, 14, 9 ], "texture": "#texture" }
    }
},
{
    "__comment": "Bot",
    "from": [ 6.5, 13, 2 ],
    "to": [ 9.5, 14, 14 ],
    "faces": {
        "down":  { "uv": [ 2, 8, 14, 11 ], "rotation": 90, "texture": "#texture" },
        "up":    { "uv": [ 2, 0, 14, 3 ], "rotation": 90, "texture": "#texture" },
        "west":  { "uv": [ 2, 2, 14, 3 ], "texture": "#texture" },
        "east":  { "uv": [ 2, 2, 14, 3 ], "texture": "#texture" }
    }
},
{
    "__comment": "Bot Diag Mid",
    "from": [ 6.5, 2, 8 ],
    "to": [ 8, 16, 9.5 ],
    "rotation": { "origin": [ 6.5, 2, 8 ], "axis": "y", "angle": 45 },
    "faces": {
        "north": { "uv": [ 7, 0, 8, 14 ], "texture": "#texture" },
        "west":  { "uv": [ 8, 0, 9, 14 ], "texture": "#texture" }
    }
},
{
    "__comment": "Bot Diag Mid",
    "from": [ 7.375, 2, 8 ],
    "to": [ 8.875, 16, 9.5 ],
    "rotation": { "origin": [ 7.375, 2, 8 ], "axis": "y", "angle": 45 },
    "faces": {
        "south": { "uv": [ 7, 0, 8, 14 ], "texture": "#texture" },
        "east":  { "uv": [ 8, 0, 9, 14 ], "texture": "#texture" }
    }
},
{
    "__comment": "Bot",
    "from": [ 7.5, 2, 2 ],
    "to": [ 8.5, 16, 14 ],
    "faces": {
        "west":  { "uv": [ 2, 0, 14, 14 ], "texture": "#texture" },
        "east":  { "uv": [ 2, 0, 14, 14 ], "texture": "#texture" }
    }
},
{
    "__comment": "Top",
    "from": [ 6.5, 30, 0 ],
    "to": [ 9.5, 32, 16 ],
    "faces": {
        "down":  { "uv": [ 16, 15, 0, 12 ], "rotation": 90, "texture": "#texture" },
        "up":    { "uv": [ 0, 0, 16, 3 ], "rotation": 90, "texture": "#texture" },
        "north": { "uv": [ 13, 0, 16, 2 ], "texture": "#texture" },
        "south": { "uv": [ 0, 0, 3, 2 ], "texture": "#texture" },
        "west":  { "uv": [ 0, 0, 16, 2 ], "texture": "#texture" },
        "east":  { "uv": [ 0, 0, 16, 2 ], "texture": "#texture" }
    }
},
{
    "__comment": "Top",
    "from": [ 6.5, 19, 2 ],
    "to": [ 9.5, 20, 14 ],
    "faces": {
        "down":  { "uv": [ 2, 15, 14, 12 ], "rotation": 90, "texture": "#texture" },
        "up":    { "uv": [ 2, 0, 14, 3 ], "rotation": 90, "texture": "#texture" },
        "west":  { "uv": [ 2, 12, 14, 13 ], "texture": "#texture" },
        "east":  { "uv": [ 2, 12, 14, 13 ], "texture": "#texture" }
    }
},
{
    "__comment": "Top",
    "from": [ 7.5, 29, 2 ],
    "to": [ 8.5, 30, 14 ],
    "faces": {
        "down":  { "uv": [ 2, 3, 14, 2 ], "rotation": 90, "texture": "#texture" },
        "west":  { "uv": [ 2, 2, 14, 3 ], "texture": "#texture" },
        "east":  { "uv": [ 2, 2, 14, 3 ], "texture": "#texture" }
    }
},
{
    "__comment": "Top",
    "from": [ 7.5, 20, 2 ],
    "to": [ 8.5, 21, 14 ],
    "faces": {
        "up":    { "uv": [ 2, 3, 14, 4 ], "rotation": 90, "texture": "#texture" },
        "west":  { "uv": [ 2, 11, 14, 12 ], "texture": "#texture" },
        "east":  { "uv": [ 2, 11, 14, 12 ], "texture": "#texture" }
    }
},
{
    "__comment": "Top",
    "from": [ 7.5, 21, 13 ],
    "to": [ 8.5, 29, 14 ],
    "faces": {
        "north": { "uv": [ 14, 3, 15, 11 ], "texture": "#texture" },
        "west":  { "uv": [ 13, 3, 14, 11 ], "texture": "#texture" },
        "east":  { "uv": [ 2, 3, 3, 11 ], "texture": "#texture" }
    }
},
{
    "__comment": "Top",
    "from": [ 7.5, 21, 2 ],
    "to": [ 8.5, 29, 3 ],
    "faces": {
        "south": { "uv": [ 1, 3, 2, 11 ], "texture": "#texture" },
        "west":  { "uv": [ 2, 3, 3, 11 ], "texture": "#texture" },
        "east":  { "uv": [ 13, 3, 14, 11 ], "texture": "#texture" }
    }
},
{
    "__comment": "Top",
    "from": [ 6.5, 16, 0 ],
    "to": [ 9.5, 30, 2 ],
    "faces": {
        "north": { "uv": [ 13, 2, 16, 16 ], "texture": "#texture" },
        "south": { "uv": [ 0, 2, 3, 16 ], "texture": "#texture" },
        "west":  { "uv": [ 0, 2, 2, 16 ], "texture": "#texture" },
        "east":  { "uv": [ 14, 2, 16, 16 ], "texture": "#texture" }
    }
},
{
    "__comment": "Top",
    "from": [ 6.5, 16, 14 ],
    "to": [ 9.5, 30, 16 ],
    "faces": {
        "north": { "uv": [ 13, 2, 16, 16 ], "texture": "#texture" },
        "south": { "uv": [ 0, 2, 3, 16 ], "texture": "#texture" },
        "west":  { "uv": [ 14, 2, 16, 16 ], "texture": "#texture" },
        "east":  { "uv": [ 0, 2, 2, 16 ], "texture": "#texture" }
    }
},
{
    "__comment": "Top",
    "from": [ 7.5, 16, 2 ],
    "to": [ 8.5, 19, 14 ],
    "faces": {
        "west":  { "uv": [ 2, 13, 14, 16 ], "texture": "#texture" },
        "east":  { "uv": [ 2, 13, 14, 16 ], "texture": "#texture" }
    }
},
{
    "__comment": "Top",
    "from": [ 6.5, 16, 8 ],
    "to": [ 8, 19, 9.5 ],
    "rotation": { "origin": [ 6.5, 16, 8 ], "axis": "y", "angle": 45 },
    "faces": {
        "north": { "uv": [ 7, 13, 8, 16 ], "texture": "#texture" },
        "west":  { "uv": [ 8, 13, 9, 16 ], "texture": "#texture" }
    }
},
{
    "__comment": "Top",
    "from": [ 7.375, 16, 8 ],
    "to": [ 8.875, 19, 9.5 ],
    "rotation": { "origin": [ 7.375, 16, 8 ], "axis": "y", "angle": 45 },
    "faces": {
        "south": { "uv": [ 7, 13, 8, 16 ], "texture": "#texture" },
        "east":  { "uv": [ 8, 13, 9, 16 ], "texture": "#texture" }
    }
},
{
    "__comment": "Top Diag Cross",
    "from": [ 6.875, 20, 8 ],
    "to": [ 8.375, 30, 9.5 ],
    "rotation": { "origin": [ 6.875, 20, 8 ], "axis": "y", "angle": 45 },
    "faces": {
        "north": { "uv": [ 7, 2, 8, 12 ], "texture": "#texture" },
        "south": { "uv": [ 7, 2, 8, 12 ], "texture": "#texture" },
        "west":  { "uv": [ 8, 2, 9, 12 ], "texture": "#texture" },
        "east":  { "uv": [ 8, 2, 9, 12 ], "texture": "#texture" }
    }
},
{
    "__comment": "Top Diag Cross",
    "from": [ 8, 24.5625, 2 ],
    "to": [ 9.5, 26.0625, 14 ],
    "rotation": { "origin": [ 8, 26.0625, 2 ], "axis": "z", "angle": -45 },
    "faces": {
        "down":  { "uv": [ 2, 8, 14, 7 ], "rotation": 90, "texture": "#texture" },
        "up":    { "uv": [ 2, 6, 14, 7 ], "rotation": 90, "texture": "#texture" },
        "west":  { "uv": [ 2, 6, 14, 7 ], "texture": "#texture" },
        "east":  { "uv": [ 2, 7, 14, 8 ], "texture": "#texture" }
    }
},
{
    "__comment": "Bot Diag Vert",
    "from": [ 6.5, 2, 14 ],
    "to": [ 8, 16, 15.5 ],
    "rotation": { "origin": [ 6.5, 2, 14 ], "axis": "y", "angle": 45 },
    "faces": {
        "north": { "uv": [ 13, 0, 14, 14 ], "texture": "#texture" }
    }
},
{
    "__comment": "Bot Diag Vert",
    "from": [ 7.375, 2, 14 ],
    "to": [ 8.875, 16, 15.5 ],
    "rotation": { "origin": [ 7.375, 2, 14 ], "axis": "y", "angle": 45 },
    "faces": {
        "east":  { "uv": [ 2, 0, 3, 14 ], "texture": "#texture" }
    }
},
{
    "__comment": "Bot Diag Vert",
    "from": [ 6.5, 2, 2 ],
    "to": [ 8, 16, 3.5 ],
    "rotation": { "origin": [ 6.5, 2, 2 ], "axis": "y", "angle": 45 },
    "faces": {
        "west":  { "uv": [ 2, 0, 3, 14 ], "texture": "#texture" }
    }
},
{
    "__comment": "Bot Diag Vert",
    "from": [ 7.375, 2, 2 ],
    "to": [ 8.875, 16, 3.5 ],
    "rotation": { "origin": [ 7.375, 2, 2 ], "axis": "y", "angle": 45 },
    "faces": {
        "south": { "uv": [ 13, 0, 14, 14 ], "texture": "#texture" }
    }
},
{
    "__comment": "Top Diag Vert",
    "from": [ 6.5, 16, 14 ],
    "to": [ 8, 30, 15.5 ],
    "rotation": { "origin": [ 6.5, 16, 14 ], "axis": "y", "angle": 45 },
    "faces": {
        "north": { "uv": [ 13, 2, 14, 16 ], "texture": "#texture" }
    }
},
{
    "__comment": "Top Diag Vert",
    "from": [ 7.375, 16, 14 ],
    "to": [ 8.875, 30, 15.5 ],
    "rotation": { "origin": [ 7.375, 16, 14 ], "axis": "y", "angle": 45 },
    "faces": {
        "east":  { "uv": [ 2, 2, 3, 16 ], "texture": "#texture" }
    }
},
{
    "__comment": "Top Diag Vert",
    "from": [ 6.5, 16, 2 ],
    "to": [ 8, 30, 3.5 ],
    "rotation": { "origin": [ 6.5, 16, 2 ], "axis": "y", "angle": 45 },
    "faces": {
        "west":  { "uv": [ 2, 2, 3, 16 ], "texture": "#texture" }
    }
},
{
    "__comment": "Top Diag Vert",
    "from": [ 7.375, 16, 2 ],
    "to": [ 8.875, 30, 3.5 ],
    "rotation": { "origin": [ 7.375, 16, 2 ], "axis": "y", "angle": 45 },
    "faces": {
        "south": { "uv": [ 13, 2, 14, 16 ], "texture": "#texture" }
    }
},
{
    "__comment": "Top Diag Horiz",
    "from": [ 6.5, 0.5, 2 ],
    "to": [ 8, 2, 14 ],
    "rotation": { "origin": [ 6.5, 2, 2 ], "axis": "z", "angle": 45 },
    "faces": {
        "up":    { "uv": [ 2, 13, 14, 14 ], "rotation": 90, "texture": "#texture" }
    }
},
{
    "__comment": "Top Diag Horiz",
    "from": [ 7.375, 0.5, 2 ],
    "to": [ 8.875, 2, 14 ],
    "rotation": { "origin": [ 7.375, 2, 2 ], "axis": "z", "angle": 45 },
    "faces": {
        "east":  { "uv": [ 2, 13, 14, 14 ], "texture": "#texture" }
    }
},
{
    "__comment": "Top Diag Horiz",
    "from": [ 6.5, 6.5, 2 ],
    "to": [ 8, 8, 14 ],
    "rotation": { "origin": [ 6.5, 8, 2 ], "axis": "z", "angle": 45 },
    "faces": {
        "up":    { "uv": [ 2, 7, 14, 8 ], "rotation": 90, "texture": "#texture" }
    }
},
{
    "__comment": "Top Diag Horiz",
    "from": [ 7.375, 6.5, 2 ],
    "to": [ 8.875, 8, 14 ],
    "rotation": { "origin": [ 7.375, 8, 2 ], "axis": "z", "angle": 45 },
    "faces": {
        "east":  { "uv": [ 2, 7, 14, 8 ], "texture": "#texture" }
    }
},
{
    "__comment": "Top Diag Horiz",
    "from": [ 6.5, 12.5, 2 ],
    "to": [ 8, 14, 14 ],
    "rotation": { "origin": [ 6.5, 14, 2 ], "axis": "z", "angle": 45 },
    "faces": {
        "up":    { "uv": [ 2, 1, 14, 2 ], "rotation": 90, "texture": "#texture" }
    }
},
{
    "__comment": "Top Diag Horiz",
    "from": [ 7.375, 12.5, 2 ],
    "to": [ 8.875, 14, 14 ],
    "rotation": { "origin": [ 7.375, 14, 2 ], "axis": "z", "angle": 45 },
    "faces": {
        "east":  { "uv": [ 2, 1, 14, 2 ], "texture": "#texture" }
    }
},
{
    "__comment": "Top Diag Horiz",
    "from": [ 6.5, 18.5, 2 ],
    "to": [ 8, 20, 14 ],
    "rotation": { "origin": [ 6.5, 20, 2 ], "axis": "z", "angle": 45 },
    "faces": {
        "up":    { "uv": [ 2, 11, 14, 12 ], "rotation": 90, "texture": "#texture" }
    }
},
{
    "__comment": "Top Diag Horiz",
    "from": [ 7.375, 18.5, 2 ],
    "to": [ 8.875, 20, 14 ],
    "rotation": { "origin": [ 7.375, 20, 2 ], "axis": "z", "angle": 45 },
    "faces": {
        "east":  { "uv": [ 2, 11, 14, 12 ], "texture": "#texture" }
    }
},
{
    "__comment": "Top Diag Horiz",
    "from": [ 6.5, 5.5, 2 ],
    "to": [ 8, 7, 14 ],
    "rotation": { "origin": [ 6.5, 7, 2 ], "axis": "z", "angle": 45 },
    "faces": {
        "west":  { "uv": [ 2, 9, 14, 10 ], "texture": "#texture" }
    }
},
{
    "__comment": "Top Diag Horiz",
    "from": [ 7.375, 5.5, 2 ],
    "to": [ 8.875, 7, 14 ],
    "rotation": { "origin": [ 7.375, 7, 2 ], "axis": "z", "angle": 45 },
    "faces": {
        "down":  { "uv": [ 2, 9, 14, 10 ], "rotation": 90, "texture": "#texture" }
    }
},
{
    "__comment": "Top Diag Horiz",
    "from": [ 6.5, 11.5, 2 ],
    "to": [ 8, 13, 14 ],
    "rotation": { "origin": [ 6.5, 13, 2 ], "axis": "z", "angle": 45 },
    "faces": {
        "west":  { "uv": [ 2, 3, 14, 4 ], "texture": "#texture" }
    }
},
{
    "__comment": "Top Diag Horiz",
    "from": [ 7.375, 11.5, 2 ],
    "to": [ 8.875, 13, 14 ],
    "rotation": { "origin": [ 7.375, 13, 2 ], "axis": "z", "angle": 45 },
    "faces": {
        "down":  { "uv": [ 2, 3, 14, 4 ], "rotation": 90, "texture": "#texture" }
    }
},
{
    "__comment": "Top Diag Horiz",
    "from": [ 6.5, 17.5, 2 ],
    "to": [ 8, 19, 14 ],
    "rotation": { "origin": [ 6.5, 19, 2 ], "axis": "z", "angle": 45 },
    "faces": {
        "west":  { "uv": [ 2, 13, 14, 14 ], "texture": "#texture" }
    }
},
{
    "__comment": "Top Diag Horiz",
    "from": [ 7.375, 17.5, 2 ],
    "to": [ 8.875, 19, 14 ],
    "rotation": { "origin": [ 7.375, 19, 2 ], "axis": "z", "angle": 45 },
    "faces": {
        "down":  { "uv": [ 2, 13, 14, 14 ], "rotation": 90, "texture": "#texture" }
    }
},
{
    "__comment": "Top Diag Horiz",
    "from": [ 6.5, 28.5, 2 ],
    "to": [ 8, 30, 14 ],
    "rotation": { "origin": [ 6.5, 30, 2 ], "axis": "z", "angle": 45 },
    "faces": {
        "west":  { "uv": [ 2, 2, 14, 3 ], "texture": "#texture" }
    }
},
{
    "__comment": "Top Diag Horiz",
    "from": [ 7.375, 28.5, 2 ],
    "to": [ 8.875, 30, 14 ],
    "rotation": { "origin": [ 7.375, 30, 2 ], "axis": "z", "angle": 45 },
    "faces": {
        "down":  { "uv": [ 2, 2, 14, 3 ], "rotation": 90, "texture": "#texture" }
    }
}
],
"display": {
    "thirdperson_righthand": {
        "rotation": [ 0, 180, 0 ],
        "translation": [ 0, -5, -1.5 ],
        "scale": [ 0.35, 0.35, 0.35 ]
    },
    "thirdperson_lefthand": {
        "rotation": [ 0, 180, 0 ],
        "translation": [ 0, -5, -1.5 ],
        "scale": [ 0.35, 0.35, 0.35 ]
    },
    "ground": {
        "rotation": [ 0, 0, 0 ],
        "translation": [ 0, 3, 0 ],
        "scale": [ 0.25, 0.25, 0.25 ]
    },
    "fixed": {
        "rotation": [ 0, 90, 0 ],
        "translation": [ 0, -4, 0 ],
        "scale": [ 0.5, 0.5, 0.5 ]
    },
    "firstperson_righthand": {
        "rotation": [ -60, 180, 0 ],
        "translation": [ 0, 0, 5 ],
        "scale": [ 0.25, 0.25, 0.25 ]
    },
    "firstperson_lefthand": {
        "rotation": [ -60, 180, 0 ],
        "translation": [ 0, 0, 5 ],
        "scale": [ 0.25, 0.25, 0.25 ]
    },
    "gui": {
        "rotation": [ 30, 75, 0 ],
        "translation": [ 0, -3.5, 0 ],
        "scale": [ 0.5, 0.5, 0.5 ]
    }
}
}