{
"__comment": "Designed by Sibsib92 with BDcraft Cubik PRO 0.95 Beta - http://bdcraft.net",
"ambientocclusion": false,
"textures": {
    "particle": "items/paper",
    "texture": "blocks/quartz_block_top"
},
"elements": [ 
{
    "from": [ 3, 1, 7.5 ],
    "to": [ 13, 15, 8 ],
    "faces": {
        "down":  { "uv": [ 12.999, 7.999, 3.001, 7.501 ], "texture": "#texture" },
        "up":    { "uv": [ 3.001, 7.501, 12.999, 7.999 ], "texture": "#texture" },
        "north": { "uv": [ 3.001, 1.001, 12.999, 14.999 ], "texture": "#texture" },
        "south": { "uv": [ 3.001, 1.001, 12.999, 14.999 ], "texture": "#texture" },
        "west":  { "uv": [ 7.501, 1.001, 7.999, 14.999 ], "texture": "#texture" },
        "east":  { "uv": [ 8.001, 1.001, 8.499, 14.999 ], "texture": "#texture" }
    }
}
],
"display": {
    "thirdperson_righthand": {
        "rotation": [ 0, 90, 0 ],
        "translation": [ 0, 0, 0 ],
        "scale": [ 0.5, 0.5, 0.5 ]
    },
    "thirdperson_lefthand": {
        "rotation": [ 0, 90, 0 ],
        "translation": [ 0, 0, 0 ],
        "scale": [ 0.5, 0.5, 0.5 ]
    },
    "head": {
        "rotation": [ 90, 0, -30 ],
        "translation": [ 0, 6.5, 0 ],
        "scale": [ 1, 1, 1 ]
    },
    "ground": {
        "rotation": [ 90, 0, 0 ],
        "translation": [ 0, 0, 0 ],
        "scale": [ 0.5, 0.5, 0.5 ]
    },
    "fixed": {
        "rotation": [ 0, 0, 0 ],
        "translation": [ 0, 0, 0 ],
        "scale": [ 1, 1, 1 ]
    },
    "firstperson_righthand": {
        "rotation": [ -30, 90, 0 ],
        "translation": [ 0, 0, 0 ],
        "scale": [ 0.5, 0.5, 0.5 ]
    },
    "firstperson_lefthand": {
        "rotation": [ -30, 90, 0 ],
        "translation": [ 0, 0, 0 ],
        "scale": [ 0.5, 0.5, 0.5 ]
    },
    "gui": {
        "rotation": [ -60, 0, -40 ],
        "translation": [ 0, 0, 0 ],
        "scale": [ 1, 1, 1 ]
    }
}
}