{
"__comment": "Designed by Sibsib92 with BDcraft Cubik PRO 0.95 Beta - http://bdcraft.net",
"ambientocclusion": false,
"textures": {
    "particle": "items/record_13",
    "texture": "blocks/cauldron_inner",
    "color": "blocks/wool_colored_yellow"
},
"elements": [ 
{
    "__comment": "Black",
    "from": [ 1, 6, 7.75 ],
    "to": [ 15, 10, 8.25 ],
    "faces": {
        "down":  { "uv": [ 14.999, 8.249, 1.001, 7.751 ], "texture": "#texture" },
        "up":    { "uv": [ 1.001, 7.751, 14.999, 8.249 ], "texture": "#texture" },
        "north": { "uv": [ 1.001, 6.001, 14.999, 9.999 ], "texture": "#texture" },
        "south": { "uv": [ 1.001, 6.001, 14.999, 9.999 ], "texture": "#texture" },
        "west":  { "uv": [ 7.751, 6.001, 8.249, 9.999 ], "texture": "#texture" },
        "east":  { "uv": [ 7.751, 6.001, 8.249, 9.999 ], "texture": "#texture" }
    }
},
{
    "__comment": "Black",
    "from": [ 6, 1, 7.75 ],
    "to": [ 10, 15, 8.25 ],
    "faces": {
        "down":  { "uv": [ 9.999, 8.249, 6.001, 7.751 ], "texture": "#texture" },
        "up":    { "uv": [ 6.001, 7.751, 9.999, 8.249 ], "texture": "#texture" },
        "north": { "uv": [ 6.001, 1.001, 9.999, 14.999 ], "texture": "#texture" },
        "south": { "uv": [ 6.001, 1.001, 9.999, 14.999 ], "texture": "#texture" },
        "west":  { "uv": [ 7.751, 1.001, 8.249, 14.999 ], "texture": "#texture" },
        "east":  { "uv": [ 7.751, 1.001, 8.249, 14.999 ], "texture": "#texture" }
    }
},
{
    "__comment": "Black",
    "from": [ 4, 2, 7.75 ],
    "to": [ 12, 14, 8.25 ],
    "faces": {
        "down":  { "uv": [ 11.999, 8.249, 4.001, 7.751 ], "texture": "#texture" },
        "up":    { "uv": [ 4.001, 7.751, 11.999, 8.249 ], "texture": "#texture" },
        "north": { "uv": [ 4.001, 2.001, 11.999, 13.999 ], "texture": "#texture" },
        "south": { "uv": [ 4.001, 2.001, 11.999, 13.999 ], "texture": "#texture" },
        "west":  { "uv": [ 7.751, 2.001, 8.249, 13.999 ], "texture": "#texture" },
        "east":  { "uv": [ 7.751, 2.001, 8.249, 13.999 ], "texture": "#texture" }
    }
},
{
    "__comment": "Black",
    "from": [ 2, 4, 7.75 ],
    "to": [ 14, 12, 8.25 ],
    "faces": {
        "down":  { "uv": [ 13.999, 8.249, 2.001, 7.751 ], "texture": "#texture" },
        "up":    { "uv": [ 2.001, 7.751, 13.999, 8.249 ], "texture": "#texture" },
        "north": { "uv": [ 2.001, 4.001, 13.999, 11.999 ], "texture": "#texture" },
        "south": { "uv": [ 2.001, 4.001, 13.999, 11.999 ], "texture": "#texture" },
        "west":  { "uv": [ 7.751, 4.001, 8.249, 11.999 ], "texture": "#texture" },
        "east":  { "uv": [ 7.751, 4.001, 8.249, 11.999 ], "texture": "#texture" }
    }
},
{
    "__comment": "Black",
    "from": [ 3, 3, 7.75 ],
    "to": [ 13, 13, 8.25 ],
    "faces": {
        "down":  { "uv": [ 12.999, 8.249, 3.001, 7.751 ], "texture": "#texture" },
        "up":    { "uv": [ 3.001, 7.751, 12.999, 8.249 ], "texture": "#texture" },
        "north": { "uv": [ 3.001, 3.001, 12.999, 12.999 ], "texture": "#texture" },
        "south": { "uv": [ 3.001, 3.001, 12.999, 12.999 ], "texture": "#texture" },
        "west":  { "uv": [ 7.751, 3.001, 8.249, 12.999 ], "texture": "#texture" },
        "east":  { "uv": [ 7.751, 3.001, 8.249, 12.999 ], "texture": "#texture" }
    }
},
{
    "__comment": "Color",
    "from": [ 7, 6, 7.5 ],
    "to": [ 9, 10, 8.5 ],
    "faces": {
        "down":  { "uv": [ 8.999, 8.499, 7.001, 7.501 ], "texture": "#color" },
        "up":    { "uv": [ 7.001, 7.501, 8.999, 8.499 ], "texture": "#color" },
        "north": { "uv": [ 7.001, 6.001, 8.999, 9.999 ], "texture": "#color" },
        "south": { "uv": [ 7.001, 6.001, 8.999, 9.999 ], "texture": "#color" },
        "west":  { "uv": [ 7.501, 6.001, 8.499, 9.999 ], "texture": "#color" },
        "east":  { "uv": [ 7.501, 6.001, 8.499, 9.999 ], "texture": "#color" }
    }
},
{
    "__comment": "Color",
    "from": [ 6, 7, 7.5 ],
    "to": [ 10, 9, 8.5 ],
    "faces": {
        "down":  { "uv": [ 9.999, 8.499, 6.001, 7.501 ], "texture": "#color" },
        "up":    { "uv": [ 6.001, 7.501, 9.999, 8.499 ], "texture": "#color" },
        "north": { "uv": [ 6.001, 7.001, 9.999, 8.999 ], "texture": "#color" },
        "south": { "uv": [ 6.001, 7.001, 9.999, 8.999 ], "texture": "#color" },
        "west":  { "uv": [ 7.501, 7.001, 8.499, 8.999 ], "texture": "#color" },
        "east":  { "uv": [ 7.501, 7.001, 8.499, 8.999 ], "texture": "#color" }
    }
}
],
"display": {
    "thirdperson_righthand": {
        "rotation": [ 0, 90, 0 ],
        "translation": [ 0, 0, 0 ],
        "scale": [ 0.5, 0.5, 0.5 ]
    },
    "thirdperson_lefthand": {
        "rotation": [ 0, 90, 0 ],
        "translation": [ 0, 0, 0 ],
        "scale": [ 0.5, 0.5, 0.5 ]
    },
    "head": {
        "rotation": [ 90, 0, 0 ],
        "translation": [ 0, 7, 0 ],
        "scale": [ 1, 1, 1 ]
    },
    "ground": {
        "rotation": [ 0, 0, 0 ],
        "translation": [ 0, 2, 0 ],
        "scale": [ 0.5, 0.5, 0.5 ]
    },
    "fixed": {
        "rotation": [ 0, 0, 0 ],
        "translation": [ 0, 0, 0 ],
        "scale": [ 1, 1, 1 ]
    },
    "firstperson_righthand": {
        "rotation": [ 0, 90, 0 ],
        "translation": [ 0, 0, 0 ],
        "scale": [ 0.5, 0.5, 0.5 ]
    },
    "firstperson_lefthand": {
        "rotation": [ 0, 90, 0 ],
        "translation": [ 0, 0, 0 ],
        "scale": [ 0.5, 0.5, 0.5 ]
    },
    "gui": {
        "rotation": [ 140, 0, 0 ],
        "translation": [ 0, 0, 0 ],
        "scale": [ 1, 1, 1 ]
    }
}
}