{
"__comment": "Designed by Sibsib92 with BDcraft Cubik PRO 0.95 Beta - http://bdcraft.net",
"ambientocclusion": false,
"textures": {
    "particle": "items/record_11",
    "texture": "blocks/cauldron_inner",
    "color": "blocks/wool_colored_black"
},
"elements": [ 
{
    "__comment": "Black",
    "from": [ 1.5, 5.5, 7.75 ],
    "to": [ 13, 10, 8.25 ],
    "faces": {
        "down":  { "uv": [ 14.499, 8.249, 3.001, 7.751 ], "texture": "#texture" },
        "up":    { "uv": [ 1.501, 7.751, 12.999, 8.249 ], "texture": "#texture" },
        "north": { "uv": [ 3.001, 6.001, 14.499, 10.499 ], "texture": "#texture" },
        "south": { "uv": [ 1.501, 6.001, 12.999, 10.499 ], "texture": "#texture" },
        "west":  { "uv": [ 7.751, 6.001, 8.249, 10.499 ], "texture": "#texture" },
        "east":  { "uv": [ 7.751, 6.001, 8.249, 10.499 ], "texture": "#texture" }
    }
},
{
    "__comment": "Black",
    "from": [ 5.5, 2.5, 7.75 ],
    "to": [ 9.5, 12.5, 8.25 ],
    "faces": {
        "down":  { "uv": [ 10.499, 8.249, 6.501, 7.751 ], "texture": "#texture" },
        "up":    { "uv": [ 5.501, 7.751, 9.499, 8.249 ], "texture": "#texture" },
        "north": { "uv": [ 6.501, 3.501, 10.499, 13.499 ], "texture": "#texture" },
        "south": { "uv": [ 5.501, 3.501, 9.499, 13.499 ], "texture": "#texture" },
        "west":  { "uv": [ 7.751, 3.501, 8.249, 13.499 ], "texture": "#texture" },
        "east":  { "uv": [ 7.751, 3.501, 8.249, 13.499 ], "texture": "#texture" }
    }
},
{
    "__comment": "Black",
    "from": [ 4, 5, 7.75 ],
    "to": [ 7, 14, 8.25 ],
    "faces": {
        "down":  { "uv": [ 11.999, 8.249, 9.001, 7.751 ], "texture": "#texture" },
        "up":    { "uv": [ 4.001, 7.751, 6.999, 8.249 ], "texture": "#texture" },
        "north": { "uv": [ 9.001, 2.001, 11.999, 10.999 ], "texture": "#texture" },
        "south": { "uv": [ 4.001, 2.001, 6.999, 10.999 ], "texture": "#texture" },
        "west":  { "uv": [ 7.751, 2.001, 8.249, 10.999 ], "texture": "#texture" },
        "east":  { "uv": [ 7.751, 2.001, 8.249, 10.999 ], "texture": "#texture" }
    }
},
{
    "__comment": "Black",
    "from": [ 2, 4.5, 7.75 ],
    "to": [ 3.5, 12, 8.25 ],
    "faces": {
        "down":  { "uv": [ 13.999, 8.249, 12.501, 7.751 ], "texture": "#texture" },
        "up":    { "uv": [ 2.001, 7.751, 3.499, 8.249 ], "texture": "#texture" },
        "north": { "uv": [ 12.501, 4.001, 13.999, 11.499 ], "texture": "#texture" },
        "south": { "uv": [ 2.001, 4.001, 3.499, 11.499 ], "texture": "#texture" },
        "west":  { "uv": [ 7.751, 4.001, 8.249, 11.499 ], "texture": "#texture" },
        "east":  { "uv": [ 7.751, 4.001, 8.249, 11.499 ], "texture": "#texture" }
    }
},
{
    "__comment": "Black",
    "from": [ 9.5, 10, 7.75 ],
    "to": [ 12.5, 12, 8.25 ],
    "faces": {
        "up":    { "uv": [ 9.501, 7.751, 12.499, 8.249 ], "texture": "#texture" },
        "north": { "uv": [ 3.501, 4.001, 6.499, 5.999 ], "texture": "#texture" },
        "south": { "uv": [ 9.501, 4.001, 12.499, 5.999 ], "texture": "#texture" },
        "east":  { "uv": [ 7.751, 4.001, 8.249, 5.999 ], "texture": "#texture" }
    }
},
{
    "__comment": "Color",
    "from": [ 7, 6, 7.5 ],
    "to": [ 9, 10, 8.5 ],
    "faces": {
        "down":  { "uv": [ 8.999, 8.499, 7.001, 7.501 ], "texture": "#color" },
        "up":    { "uv": [ 7.001, 7.501, 8.999, 8.499 ], "texture": "#color" },
        "north": { "uv": [ 7.001, 6.001, 8.999, 9.999 ], "texture": "#color" },
        "south": { "uv": [ 7.001, 6.001, 8.999, 9.999 ], "texture": "#color" },
        "west":  { "uv": [ 7.501, 6.001, 8.499, 9.999 ], "texture": "#color" },
        "east":  { "uv": [ 7.501, 6.001, 8.499, 9.999 ], "texture": "#color" }
    }
},
{
    "__comment": "Color",
    "from": [ 6, 7, 7.5 ],
    "to": [ 10, 9, 8.5 ],
    "faces": {
        "down":  { "uv": [ 9.999, 8.499, 6.001, 7.501 ], "texture": "#color" },
        "up":    { "uv": [ 6.001, 7.501, 9.999, 8.499 ], "texture": "#color" },
        "north": { "uv": [ 6.001, 7.001, 9.999, 8.999 ], "texture": "#color" },
        "south": { "uv": [ 6.001, 7.001, 9.999, 8.999 ], "texture": "#color" },
        "west":  { "uv": [ 7.501, 7.001, 8.499, 8.999 ], "texture": "#color" },
        "east":  { "uv": [ 7.501, 7.001, 8.499, 8.999 ], "texture": "#color" }
    }
},
{
    "__comment": "Black",
    "from": [ 8, 12.5, 7.75 ],
    "to": [ 11, 13.5, 8.25 ],
    "faces": {
        "down":  { "uv": [ 7.999, 8.249, 5.001, 7.751 ], "texture": "#texture" },
        "up":    { "uv": [ 8.001, 7.751, 10.999, 8.249 ], "texture": "#texture" },
        "north": { "uv": [ 5.001, 2.501, 7.999, 3.499 ], "texture": "#texture" },
        "south": { "uv": [ 8.001, 2.501, 10.999, 3.499 ], "texture": "#texture" },
        "west":  { "uv": [ 7.751, 2.501, 8.249, 3.499 ], "texture": "#texture" },
        "east":  { "uv": [ 7.751, 2.501, 8.249, 3.499 ], "texture": "#texture" }
    }
},
{
    "__comment": "Black",
    "from": [ 10.5, 3.5, 7.75 ],
    "to": [ 12, 5.5, 8.25 ],
    "faces": {
        "down":  { "uv": [ 5.499, 8.249, 4.001, 7.751 ], "texture": "#texture" },
        "north": { "uv": [ 4.001, 10.501, 5.499, 12.499 ], "texture": "#texture" },
        "south": { "uv": [ 10.501, 10.501, 11.999, 12.499 ], "texture": "#texture" },
        "west":  { "uv": [ 7.751, 10.501, 8.249, 12.499 ], "texture": "#texture" },
        "east":  { "uv": [ 7.751, 10.501, 8.249, 12.499 ], "texture": "#texture" }
    }
},
{
    "__comment": "Black",
    "from": [ 3.5, 3, 7.75 ],
    "to": [ 5.5, 4, 8.25 ],
    "faces": {
        "down":  { "uv": [ 12.499, 8.249, 10.501, 7.751 ], "texture": "#texture" },
        "up":    { "uv": [ 3.501, 7.751, 5.499, 8.249 ], "texture": "#texture" },
        "north": { "uv": [ 10.501, 12.001, 12.499, 12.999 ], "texture": "#texture" },
        "south": { "uv": [ 3.501, 12.001, 5.499, 12.999 ], "texture": "#texture" },
        "west":  { "uv": [ 7.751, 12.001, 8.249, 12.999 ], "texture": "#texture" }
    }
},
{
    "__comment": "Black",
    "from": [ 11, 12, 7.75 ],
    "to": [ 12, 13, 8.25 ],
    "faces": {
        "up":    { "uv": [ 11.001, 7.751, 11.999, 8.249 ], "texture": "#texture" },
        "north": { "uv": [ 4.001, 3.001, 4.999, 3.999 ], "texture": "#texture" },
        "south": { "uv": [ 11.001, 3.001, 11.999, 3.999 ], "texture": "#texture" },
        "west":  { "uv": [ 7.751, 3.001, 8.249, 3.999 ], "texture": "#texture" },
        "east":  { "uv": [ 7.751, 3.001, 8.249, 3.999 ], "texture": "#texture" }
    }
},
{
    "__comment": "Black",
    "from": [ 9.5, 3, 7.75 ],
    "to": [ 11, 3.5, 8.25 ],
    "faces": {
        "down":  { "uv": [ 6.499, 8.249, 5.001, 7.751 ], "texture": "#texture" },
        "up":    { "uv": [ 9.501, 7.751, 10.999, 8.249 ], "texture": "#texture" },
        "north": { "uv": [ 5.001, 12.501, 6.499, 12.999 ], "texture": "#texture" },
        "south": { "uv": [ 9.501, 12.501, 10.999, 12.999 ], "texture": "#texture" },
        "east":  { "uv": [ 7.751, 12.501, 8.249, 12.999 ], "texture": "#texture" }
    }
}
],
"display": {
    "thirdperson_righthand": {
        "rotation": [ 0, 90, 0 ],
        "translation": [ 0, 0, 0 ],
        "scale": [ 0.5, 0.5, 0.5 ]
    },
    "thirdperson_lefthand": {
        "rotation": [ 0, 90, 0 ],
        "translation": [ 0, 0, 0 ],
        "scale": [ 0.5, 0.5, 0.5 ]
    },
    "head": {
        "rotation": [ 90, 0, 0 ],
        "translation": [ 0, 7, 0 ],
        "scale": [ 1, 1, 1 ]
    },
    "ground": {
        "rotation": [ 0, 0, 0 ],
        "translation": [ 0, 2, 0 ],
        "scale": [ 0.5, 0.5, 0.5 ]
    },
    "fixed": {
        "rotation": [ 0, 0, 0 ],
        "translation": [ 0, 0, 0 ],
        "scale": [ 1, 1, 1 ]
    },
    "firstperson_righthand": {
        "rotation": [ 0, 90, 0 ],
        "translation": [ 0, 0, 0 ],
        "scale": [ 0.5, 0.5, 0.5 ]
    },
    "firstperson_lefthand": {
        "rotation": [ 0, 90, 0 ],
        "translation": [ 0, 0, 0 ],
        "scale": [ 0.5, 0.5, 0.5 ]
    },
    "gui": {
        "rotation": [ 140, 0, 0 ],
        "translation": [ 0, 0, 0 ],
        "scale": [ 1, 1, 1 ]
    }
}
}