{
"__comment": "Designed by Sibsib92 with BDcraft Cubik PRO 0.96 Beta - http://bdcraft.net",
"ambientocclusion": false,
"textures": {
    "particle": "items/shears",
    "texture": "blocks/iron_block",
    "grey": "blocks/cauldron_inner",
    "material": "blocks/hardened_clay_stained_brown"
},
"elements": [ 
{
    "__comment": "Blade",
    "from": [ 6.5, 8, 7.5 ],
    "to": [ 12.5, 10, 8 ],
    "rotation": { "origin": [ 6.5, 10, 7.5 ], "axis": "z", "angle": 45 },
    "faces": {
        "down":  { "uv": [ 5, 5, 11, 4 ], "texture": "#texture" },
        "up":    { "uv": [ 5, 4, 11, 5 ], "texture": "#texture" },
        "north": { "uv": [ 5, 5, 11, 7 ], "texture": "#texture" },
        "south": { "uv": [ 5, 5, 11, 7 ], "texture": "#texture" },
        "west":  { "uv": [ 4, 5, 5, 7 ], "texture": "#texture" },
        "east":  { "uv": [ 11, 5, 12, 7 ], "texture": "#texture" }
    }
},
{
    "__comment": "Blade",
    "from": [ 8.5, 6, 8 ],
    "to": [ 14.5, 8, 8.5 ],
    "rotation": { "origin": [ 8.5, 8, 8 ], "axis": "z", "angle": 45 },
    "faces": {
        "down":  { "uv": [ 5, 5, 11, 4 ], "texture": "#texture" },
        "up":    { "uv": [ 5, 4, 11, 5 ], "texture": "#texture" },
        "north": { "uv": [ 5, 5, 11, 7 ], "texture": "#texture" },
        "south": { "uv": [ 5, 5, 11, 7 ], "texture": "#texture" },
        "west":  { "uv": [ 4, 5, 5, 7 ], "texture": "#texture" },
        "east":  { "uv": [ 11, 5, 12, 7 ], "texture": "#texture" }
    }
},
{
    "__comment": "Holder",
    "from": [ 4, 6.6875, 6.875 ],
    "to": [ 12, 8.1875, 7.875 ],
    "rotation": { "origin": [ 4, 8.1875, 6.875 ], "axis": "z", "angle": 45 },
    "faces": {
        "down":  { "uv": [ 0, 8, 6, 7 ], "texture": "#material" },
        "up":    { "uv": [ 0, 7, 6, 8 ], "texture": "#material" },
        "north": { "uv": [ 10, 3, 16, 4.5 ], "texture": "#material" },
        "south": { "uv": [ 0, 3, 6, 4.5 ], "texture": "#material" },
        "west":  { "uv": [ 7, 3, 8, 4.5 ], "texture": "#material" },
        "east":  { "uv": [ 8, 3, 9, 4.5 ], "texture": "#material" }
    }
},
{
    "__comment": "Holder",
    "from": [ 7, 3.6875, 8.125 ],
    "to": [ 15, 5.1875, 9.125 ],
    "rotation": { "origin": [ 7, 5.1875, 8.125 ], "axis": "z", "angle": 45 },
    "faces": {
        "down":  { "uv": [ 0, 8, 6, 7 ], "texture": "#material" },
        "up":    { "uv": [ 0, 7, 6, 8 ], "texture": "#material" },
        "north": { "uv": [ 10, 3, 16, 4.5 ], "texture": "#material" },
        "south": { "uv": [ 0, 3, 6, 4.5 ], "texture": "#material" },
        "west":  { "uv": [ 7, 3, 8, 4.5 ], "texture": "#material" },
        "east":  { "uv": [ 8, 3, 9, 4.5 ], "texture": "#material" }
    }
},
{
    "__comment": "Grey",
    "from": [ 2.5, 3, 7.5 ],
    "to": [ 3, 5, 8.5 ],
    "faces": {
        "down":  { "uv": [ 2.5, 8.5, 3, 7.5 ], "texture": "#grey" },
        "up":    { "uv": [ 2.5, 7.5, 3, 8.5 ], "texture": "#grey" },
        "north": { "uv": [ 13, 11, 13.5, 13 ], "texture": "#grey" },
        "south": { "uv": [ 2.5, 11, 3, 13 ], "texture": "#grey" },
        "west":  { "uv": [ 7.5, 11, 8.5, 13 ], "texture": "#grey" },
        "east":  { "uv": [ 7.5, 11, 8.5, 13 ], "texture": "#grey" }
    }
},
{
    "__comment": "Grey",
    "from": [ 5, 3, 7.5 ],
    "to": [ 5.5, 5, 8.5 ],
    "faces": {
        "down":  { "uv": [ 5, 8.5, 5.5, 7.5 ], "texture": "#grey" },
        "up":    { "uv": [ 5, 7.5, 5.5, 8.5 ], "texture": "#grey" },
        "north": { "uv": [ 10.5, 11, 11, 13 ], "texture": "#grey" },
        "south": { "uv": [ 5, 11, 5.5, 13 ], "texture": "#grey" },
        "west":  { "uv": [ 7.5, 11, 8.5, 13 ], "texture": "#grey" },
        "east":  { "uv": [ 7.5, 11, 8.5, 13 ], "texture": "#grey" }
    }
},
{
    "__comment": "Grey",
    "from": [ 3, 5, 7.5 ],
    "to": [ 5, 5.5, 8.5 ],
    "faces": {
        "down":  { "uv": [ 3, 8.5, 5, 7.5 ], "texture": "#grey" },
        "up":    { "uv": [ 3, 7.5, 5, 8.5 ], "texture": "#grey" },
        "north": { "uv": [ 11, 10.5, 13, 11 ], "texture": "#grey" },
        "south": { "uv": [ 3, 10.5, 5, 11 ], "texture": "#grey" },
        "west":  { "uv": [ 7.5, 10.5, 8.5, 11 ], "texture": "#grey" },
        "east":  { "uv": [ 7.5, 10.5, 8.5, 11 ], "texture": "#grey" }
    }
},
{
    "__comment": "Grey",
    "from": [ 3, 2.5, 7.5 ],
    "to": [ 5, 3, 8.5 ],
    "faces": {
        "down":  { "uv": [ 3, 8.5, 5, 7.5 ], "texture": "#grey" },
        "up":    { "uv": [ 3, 7.5, 5, 8.5 ], "texture": "#grey" },
        "north": { "uv": [ 11, 13, 13, 13.5 ], "texture": "#grey" },
        "south": { "uv": [ 3, 13, 5, 13.5 ], "texture": "#grey" },
        "west":  { "uv": [ 7.5, 13, 8.5, 13.5 ], "texture": "#grey" },
        "east":  { "uv": [ 7.5, 13, 8.5, 13.5 ], "texture": "#grey" }
    }
},
{
    "__comment": "Grey",
    "from": [ 4, 5.5, 7.5 ],
    "to": [ 5, 8, 8 ],
    "faces": {
        "down":  { "uv": [ 4, 8, 5, 7.5 ], "texture": "#grey" },
        "up":    { "uv": [ 4, 7.5, 5, 8 ], "texture": "#grey" },
        "north": { "uv": [ 11, 8, 12, 10.5 ], "texture": "#grey" },
        "south": { "uv": [ 4, 8, 5, 10.5 ], "texture": "#grey" },
        "west":  { "uv": [ 7.5, 8, 8, 10.5 ], "texture": "#grey" },
        "east":  { "uv": [ 8, 8, 8.5, 10.5 ], "texture": "#grey" }
    }
},
{
    "__comment": "Grey",
    "from": [ 5.5, 4, 8 ],
    "to": [ 8, 5, 8.5 ],
    "faces": {
        "down":  { "uv": [ 5.5, 8.5, 8, 8 ], "texture": "#grey" },
        "up":    { "uv": [ 5.5, 8, 8, 8.5 ], "texture": "#grey" },
        "north": { "uv": [ 8, 11, 10.5, 12 ], "texture": "#grey" },
        "south": { "uv": [ 5.5, 11, 8, 12 ], "texture": "#grey" },
        "west":  { "uv": [ 8, 11, 8.5, 12 ], "texture": "#grey" },
        "east":  { "uv": [ 7.5, 11, 8, 12 ], "texture": "#grey" }
    }
}
],
"display": {
    "thirdperson_righthand": {
        "rotation": [ 30, 90, 0 ],
        "translation": [ 0, 0, 0 ],
        "scale": [ 0.5, 0.5, 0.5 ]
    },
    "thirdperson_lefthand": {
        "rotation": [ -60, 90, 0 ],
        "translation": [ 0, 0, 0 ],
        "scale": [ 0.5, 0.5, 0.5 ]
    },
    "head": {
        "rotation": [ 0, 0, 180 ],
        "translation": [ 9, 9, 0 ],
        "scale": [ 1, 1, 1 ]
    },
    "ground": {
        "rotation": [ 0, 0, 0 ],
        "translation": [ 0, 3, 0 ],
        "scale": [ 0.5, 0.5, 0.5 ]
    },
    "fixed": {
        "rotation": [ 0, 180, 0 ],
        "translation": [ 0, 0, 0 ],
        "scale": [ 0.75, 0.75, 0.75 ]
    },
    "firstperson_righthand": {
        "rotation": [ 0, -90, 90 ],
        "translation": [ 1.13, 3.2, 1.13 ],
        "scale": [ 0.68, 0.68, 0.68 ]
    },
    "firstperson_lefthand": {
        "rotation": [ 0, 90, -90 ],
        "translation": [ 1.13, 3.2, 1.13 ],
        "scale": [ 0.68, 0.68, 0.68 ]
    },
    "gui": {
        "rotation": [ 30, 20, 0 ],
        "translation": [ 0, 0, 0 ],
        "scale": [ 1, 1, 1 ]
    }
}
}