{
"__comment": "Designed by Sibsib92 with BDcraft Cubik PRO 0.96 Beta - http://bdcraft.net",
"ambientocclusion": false,
"textures": {
    "particle": "items/snowball",
    "texture": "blocks/snow"
},
"elements": [ 
{
    "__comment": "Ball",
    "from": [ 6, 7, 2 ],
    "to": [ 10, 9, 14 ],
    "faces": {
        "down":  { "uv": [ 10, 14, 6, 2 ], "texture": "#texture" },
        "up":    { "uv": [ 6, 2, 10, 14 ], "texture": "#texture" },
        "north": { "uv": [ 6, 7, 10, 9 ], "texture": "#texture" },
        "south": { "uv": [ 6, 7, 10, 9 ], "texture": "#texture" },
        "west":  { "uv": [ 2, 7, 14, 9 ], "texture": "#texture" },
        "east":  { "uv": [ 2, 7, 14, 9 ], "texture": "#texture" }
    }
},
{
    "__comment": "Ball",
    "from": [ 2, 7, 6 ],
    "to": [ 14, 9, 10 ],
    "faces": {
        "down":  { "uv": [ 14, 10, 2, 6 ], "texture": "#texture" },
        "up":    { "uv": [ 2, 6, 14, 10 ], "texture": "#texture" },
        "north": { "uv": [ 2, 7, 14, 9 ], "texture": "#texture" },
        "south": { "uv": [ 2, 7, 14, 9 ], "texture": "#texture" },
        "west":  { "uv": [ 6, 7, 10, 9 ], "texture": "#texture" },
        "east":  { "uv": [ 6, 7, 10, 9 ], "texture": "#texture" }
    }
},
{
    "__comment": "Ball",
    "from": [ 6, 2, 7 ],
    "to": [ 10, 14, 9 ],
    "faces": {
        "down":  { "uv": [ 10, 9, 6, 7 ], "texture": "#texture" },
        "up":    { "uv": [ 6, 7, 10, 9 ], "texture": "#texture" },
        "north": { "uv": [ 6, 2, 10, 14 ], "texture": "#texture" },
        "south": { "uv": [ 6, 2, 10, 14 ], "texture": "#texture" },
        "west":  { "uv": [ 7, 2, 9, 14 ], "texture": "#texture" },
        "east":  { "uv": [ 7, 2, 9, 14 ], "texture": "#texture" }
    }
},
{
    "__comment": "Ball",
    "from": [ 2, 6, 7 ],
    "to": [ 14, 10, 9 ],
    "faces": {
        "down":  { "uv": [ 14, 9, 2, 7 ], "texture": "#texture" },
        "up":    { "uv": [ 2, 7, 14, 9 ], "texture": "#texture" },
        "north": { "uv": [ 2, 6, 14, 10 ], "texture": "#texture" },
        "south": { "uv": [ 2, 6, 14, 10 ], "texture": "#texture" },
        "west":  { "uv": [ 7, 6, 9, 10 ], "texture": "#texture" },
        "east":  { "uv": [ 7, 6, 9, 10 ], "texture": "#texture" }
    }
},
{
    "__comment": "Ball",
    "from": [ 7, 2, 6 ],
    "to": [ 9, 14, 10 ],
    "faces": {
        "down":  { "uv": [ 9, 10, 7, 6 ], "texture": "#texture" },
        "up":    { "uv": [ 7, 6, 9, 10 ], "texture": "#texture" },
        "north": { "uv": [ 7, 2, 9, 14 ], "texture": "#texture" },
        "south": { "uv": [ 7, 2, 9, 14 ], "texture": "#texture" },
        "west":  { "uv": [ 6, 2, 10, 14 ], "texture": "#texture" },
        "east":  { "uv": [ 6, 2, 10, 14 ], "texture": "#texture" }
    }
},
{
    "__comment": "Ball",
    "from": [ 7, 6, 2 ],
    "to": [ 9, 10, 14 ],
    "faces": {
        "down":  { "uv": [ 9, 14, 7, 2 ], "texture": "#texture" },
        "up":    { "uv": [ 7, 2, 9, 14 ], "texture": "#texture" },
        "north": { "uv": [ 7, 6, 9, 10 ], "texture": "#texture" },
        "south": { "uv": [ 7, 6, 9, 10 ], "texture": "#texture" },
        "west":  { "uv": [ 2, 6, 14, 10 ], "texture": "#texture" },
        "east":  { "uv": [ 2, 6, 14, 10 ], "texture": "#texture" }
    }
},
{
    "__comment": "Ball",
    "from": [ 4, 5, 3 ],
    "to": [ 12, 11, 13 ],
    "faces": {
        "down":  { "uv": [ 12, 13, 4, 3 ], "texture": "#texture" },
        "up":    { "uv": [ 4, 3, 12, 13 ], "texture": "#texture" },
        "north": { "uv": [ 4, 5, 12, 11 ], "texture": "#texture" },
        "south": { "uv": [ 4, 5, 12, 11 ], "texture": "#texture" },
        "west":  { "uv": [ 3, 5, 13, 11 ], "texture": "#texture" },
        "east":  { "uv": [ 3, 5, 13, 11 ], "texture": "#texture" }
    }
},
{
    "__comment": "Ball",
    "from": [ 3, 5, 4 ],
    "to": [ 13, 11, 12 ],
    "faces": {
        "down":  { "uv": [ 13, 12, 3, 4 ], "texture": "#texture" },
        "up":    { "uv": [ 3, 4, 13, 12 ], "texture": "#texture" },
        "north": { "uv": [ 3, 5, 13, 11 ], "texture": "#texture" },
        "south": { "uv": [ 3, 5, 13, 11 ], "texture": "#texture" },
        "west":  { "uv": [ 4, 5, 12, 11 ], "texture": "#texture" },
        "east":  { "uv": [ 4, 5, 12, 11 ], "texture": "#texture" }
    }
},
{
    "__comment": "Ball",
    "from": [ 4, 3, 5 ],
    "to": [ 12, 13, 11 ],
    "faces": {
        "down":  { "uv": [ 12, 11, 4, 5 ], "texture": "#texture" },
        "up":    { "uv": [ 4, 5, 12, 11 ], "texture": "#texture" },
        "north": { "uv": [ 4, 3, 12, 13 ], "texture": "#texture" },
        "south": { "uv": [ 4, 3, 12, 13 ], "texture": "#texture" },
        "west":  { "uv": [ 5, 3, 11, 13 ], "texture": "#texture" },
        "east":  { "uv": [ 5, 3, 11, 13 ], "texture": "#texture" }
    }
},
{
    "__comment": "Ball",
    "from": [ 3, 4, 5 ],
    "to": [ 13, 12, 11 ],
    "faces": {
        "down":  { "uv": [ 13, 11, 3, 5 ], "texture": "#texture" },
        "up":    { "uv": [ 3, 5, 13, 11 ], "texture": "#texture" },
        "north": { "uv": [ 3, 4, 13, 12 ], "texture": "#texture" },
        "south": { "uv": [ 3, 4, 13, 12 ], "texture": "#texture" },
        "west":  { "uv": [ 5, 4, 11, 12 ], "texture": "#texture" },
        "east":  { "uv": [ 5, 4, 11, 12 ], "texture": "#texture" }
    }
},
{
    "__comment": "Ball",
    "from": [ 5, 3, 4 ],
    "to": [ 11, 13, 12 ],
    "faces": {
        "down":  { "uv": [ 11, 12, 5, 4 ], "texture": "#texture" },
        "up":    { "uv": [ 5, 4, 11, 12 ], "texture": "#texture" },
        "north": { "uv": [ 5, 3, 11, 13 ], "texture": "#texture" },
        "south": { "uv": [ 5, 3, 11, 13 ], "texture": "#texture" },
        "west":  { "uv": [ 4, 3, 12, 13 ], "texture": "#texture" },
        "east":  { "uv": [ 4, 3, 12, 13 ], "texture": "#texture" }
    }
},
{
    "__comment": "Ball",
    "from": [ 5, 4, 3 ],
    "to": [ 11, 12, 13 ],
    "faces": {
        "down":  { "uv": [ 11, 13, 5, 3 ], "texture": "#texture" },
        "up":    { "uv": [ 5, 3, 11, 13 ], "texture": "#texture" },
        "north": { "uv": [ 5, 4, 11, 12 ], "texture": "#texture" },
        "south": { "uv": [ 5, 4, 11, 12 ], "texture": "#texture" },
        "west":  { "uv": [ 3, 4, 13, 12 ], "texture": "#texture" },
        "east":  { "uv": [ 3, 4, 13, 12 ], "texture": "#texture" }
    }
},
{
    "__comment": "Ball",
    "from": [ 4, 4, 4 ],
    "to": [ 12, 12, 12 ],
    "faces": {
        "down":  { "uv": [ 12, 12, 4, 4 ], "texture": "#texture" },
        "up":    { "uv": [ 4, 4, 12, 12 ], "texture": "#texture" },
        "north": { "uv": [ 4, 4, 12, 12 ], "texture": "#texture" },
        "south": { "uv": [ 4, 4, 12, 12 ], "texture": "#texture" },
        "west":  { "uv": [ 4, 4, 12, 12 ], "texture": "#texture" },
        "east":  { "uv": [ 4, 4, 12, 12 ], "texture": "#texture" }
    }
}
],
"display": {
    "thirdperson_righthand": {
        "rotation": [ 0, 0, 0 ],
        "translation": [ 0, 0, 0 ],
        "scale": [ 0.25, 0.25, 0.25 ]
    },
    "thirdperson_lefthand": {
        "rotation": [ 0, 0, 0 ],
        "translation": [ 0, 0, 0 ],
        "scale": [ 0.25, 0.25, 0.25 ]
    },
    "head": {
        "rotation": [ 70, 35, 70 ],
        "translation": [ -2, 2, -5 ],
        "scale": [ 0.5, 0.5, 0.5 ]
    },
    "ground": {
        "rotation": [ 0, 0, 0 ],
        "translation": [ 0, 3, 0 ],
        "scale": [ 0.25, 0.25, 0.25 ]
    },
    "fixed": {
        "rotation": [ 0, 0, 0 ],
        "translation": [ 0, 0, 0 ],
        "scale": [ 0.5, 0.5, 0.5 ]
    },
    "firstperson_righthand": {
        "rotation": [ 0, 0, 0 ],
        "translation": [ 0, 0, 0 ],
        "scale": [ 0.25, 0.25, 0.25 ]
    },
    "firstperson_lefthand": {
        "rotation": [ 0, 0, 0 ],
        "translation": [ 0, 0, 0 ],
        "scale": [ 0.25, 0.25, 0.25 ]
    },
    "gui": {
        "rotation": [ 30, 45, 0 ],
        "translation": [ 0, 0, 0 ],
        "scale": [ 0.65, 0.65, 0.65 ]
    }
}
}