{
"__comment": "Designed by Sibsib92 with BDcraft Cubik PRO 0.95 Beta - http://bdcraft.net",
"ambientocclusion": false,
"textures": {
    "particle": "items/spawn_egg",
    "texture": "items/spawn_egg_overlay"
},
"elements": [ 
{
    "__comment": "Egg",
    "from": [ 2, 6, 7 ],
    "to": [ 14, 9, 9 ],
    "faces": {
        "down":  { "uv": [ 11.001, 12.001, 11.999, 12.999 ], "texture": "#texture", "tintindex": 0 },
        "up":    { "uv": [ 11.001, 12.001, 11.999, 12.999 ], "texture": "#texture", "tintindex": 0 },
        "north": { "uv": [ 11.001, 12.001, 11.999, 12.999 ], "texture": "#texture", "tintindex": 0 },
        "south": { "uv": [ 11.001, 12.001, 11.999, 12.999 ], "texture": "#texture", "tintindex": 0 },
        "west":  { "uv": [ 11.001, 12.001, 11.999, 12.999 ], "texture": "#texture", "tintindex": 0 },
        "east":  { "uv": [ 11.001, 12.001, 11.999, 12.999 ], "texture": "#texture", "tintindex": 0 }
    }
},
{
    "__comment": "Egg",
    "from": [ 3, 4, 7 ],
    "to": [ 13, 11, 9 ],
    "faces": {
        "down":  { "uv": [ 11.001, 12.001, 11.999, 12.999 ], "texture": "#texture", "tintindex": 0 },
        "up":    { "uv": [ 11.001, 12.001, 11.999, 12.999 ], "texture": "#texture", "tintindex": 0 },
        "north": { "uv": [ 11.001, 12.001, 11.999, 12.999 ], "texture": "#texture", "tintindex": 0 },
        "south": { "uv": [ 11.001, 12.001, 11.999, 12.999 ], "texture": "#texture", "tintindex": 0 },
        "west":  { "uv": [ 11.001, 12.001, 11.999, 12.999 ], "texture": "#texture", "tintindex": 0 },
        "east":  { "uv": [ 11.001, 12.001, 11.999, 12.999 ], "texture": "#texture", "tintindex": 0 }
    }
},
{
    "__comment": "Egg",
    "from": [ 6, 2, 7 ],
    "to": [ 10, 3, 9 ],
    "faces": {
        "down":  { "uv": [ 11.001, 12.001, 11.999, 12.999 ], "texture": "#texture", "tintindex": 0 },
        "north": { "uv": [ 11.001, 12.001, 11.999, 12.999 ], "texture": "#texture", "tintindex": 0 },
        "south": { "uv": [ 11.001, 12.001, 11.999, 12.999 ], "texture": "#texture", "tintindex": 0 },
        "west":  { "uv": [ 11.001, 12.001, 11.999, 12.999 ], "texture": "#texture", "tintindex": 0 },
        "east":  { "uv": [ 11.001, 12.001, 11.999, 12.999 ], "texture": "#texture", "tintindex": 0 }
    }
},
{
    "__comment": "Egg",
    "from": [ 4, 3, 7 ],
    "to": [ 12, 13, 9 ],
    "faces": {
        "down":  { "uv": [ 11.001, 12.001, 11.999, 12.999 ], "texture": "#texture", "tintindex": 0 },
        "up":    { "uv": [ 11.001, 12.001, 11.999, 12.999 ], "texture": "#texture", "tintindex": 0 },
        "north": { "uv": [ 11.001, 12.001, 11.999, 12.999 ], "texture": "#texture", "tintindex": 0 },
        "south": { "uv": [ 11.001, 12.001, 11.999, 12.999 ], "texture": "#texture", "tintindex": 0 },
        "west":  { "uv": [ 11.001, 12.001, 11.999, 12.999 ], "texture": "#texture", "tintindex": 0 },
        "east":  { "uv": [ 11.001, 12.001, 11.999, 12.999 ], "texture": "#texture", "tintindex": 0 }
    }
},
{
    "__comment": "Egg",
    "from": [ 7, 14, 7 ],
    "to": [ 9, 15, 9 ],
    "faces": {
        "up":    { "uv": [ 11.001, 12.001, 11.999, 12.999 ], "texture": "#texture", "tintindex": 0 },
        "north": { "uv": [ 11.001, 12.001, 11.999, 12.999 ], "texture": "#texture", "tintindex": 0 },
        "south": { "uv": [ 11.001, 12.001, 11.999, 12.999 ], "texture": "#texture", "tintindex": 0 },
        "west":  { "uv": [ 11.001, 12.001, 11.999, 12.999 ], "texture": "#texture", "tintindex": 0 },
        "east":  { "uv": [ 11.001, 12.001, 11.999, 12.999 ], "texture": "#texture", "tintindex": 0 }
    }
},
{
    "__comment": "Egg",
    "from": [ 7, 6, 2 ],
    "to": [ 9, 9, 14 ],
    "faces": {
        "down":  { "uv": [ 11.001, 12.001, 11.999, 12.999 ], "rotation": 270, "texture": "#texture", "tintindex": 0 },
        "up":    { "uv": [ 11.001, 12.001, 11.999, 12.999 ], "rotation": 90, "texture": "#texture", "tintindex": 0 },
        "north": { "uv": [ 11.001, 12.001, 11.999, 12.999 ], "texture": "#texture", "tintindex": 0 },
        "south": { "uv": [ 11.001, 12.001, 11.999, 12.999 ], "texture": "#texture", "tintindex": 0 },
        "west":  { "uv": [ 11.001, 12.001, 11.999, 12.999 ], "texture": "#texture", "tintindex": 0 },
        "east":  { "uv": [ 11.001, 12.001, 11.999, 12.999 ], "texture": "#texture", "tintindex": 0 }
    }
},
{
    "__comment": "Egg",
    "from": [ 7, 4, 3 ],
    "to": [ 9, 11, 13 ],
    "faces": {
        "down":  { "uv": [ 11.001, 12.001, 11.999, 12.999 ], "rotation": 270, "texture": "#texture", "tintindex": 0 },
        "up":    { "uv": [ 11.001, 12.001, 11.999, 12.999 ], "rotation": 90, "texture": "#texture", "tintindex": 0 },
        "north": { "uv": [ 11.001, 12.001, 11.999, 12.999 ], "texture": "#texture", "tintindex": 0 },
        "south": { "uv": [ 11.001, 12.001, 11.999, 12.999 ], "texture": "#texture", "tintindex": 0 },
        "west":  { "uv": [ 11.001, 12.001, 11.999, 12.999 ], "texture": "#texture", "tintindex": 0 },
        "east":  { "uv": [ 11.001, 12.001, 11.999, 12.999 ], "texture": "#texture", "tintindex": 0 }
    }
},
{
    "__comment": "Egg",
    "from": [ 7, 2, 6 ],
    "to": [ 9, 3, 10 ],
    "faces": {
        "down":  { "uv": [ 11.001, 12.001, 11.999, 12.999 ], "rotation": 270, "texture": "#texture", "tintindex": 0 },
        "north": { "uv": [ 11.001, 12.001, 11.999, 12.999 ], "texture": "#texture", "tintindex": 0 },
        "south": { "uv": [ 11.001, 12.001, 11.999, 12.999 ], "texture": "#texture", "tintindex": 0 },
        "west":  { "uv": [ 11.001, 12.001, 11.999, 12.999 ], "texture": "#texture", "tintindex": 0 },
        "east":  { "uv": [ 11.001, 12.001, 11.999, 12.999 ], "texture": "#texture", "tintindex": 0 }
    }
},
{
    "__comment": "Egg",
    "from": [ 7, 3, 4 ],
    "to": [ 9, 13, 12 ],
    "faces": {
        "down":  { "uv": [ 11.001, 12.001, 11.999, 12.999 ], "rotation": 270, "texture": "#texture", "tintindex": 0 },
        "up":    { "uv": [ 11.001, 12.001, 11.999, 12.999 ], "rotation": 90, "texture": "#texture", "tintindex": 0 },
        "north": { "uv": [ 11.001, 12.001, 11.999, 12.999 ], "texture": "#texture", "tintindex": 0 },
        "south": { "uv": [ 11.001, 12.001, 11.999, 12.999 ], "texture": "#texture", "tintindex": 0 },
        "west":  { "uv": [ 11.001, 12.001, 11.999, 12.999 ], "texture": "#texture", "tintindex": 0 },
        "east":  { "uv": [ 11.001, 12.001, 11.999, 12.999 ], "texture": "#texture", "tintindex": 0 }
    }
},
{
    "__comment": "Egg",
    "from": [ 7, 13, 5 ],
    "to": [ 9, 14, 11 ],
    "faces": {
        "up":    { "uv": [ 11.001, 12.001, 11.999, 12.999 ], "rotation": 90, "texture": "#texture", "tintindex": 0 },
        "north": { "uv": [ 11.001, 12.001, 11.999, 12.999 ], "texture": "#texture", "tintindex": 0 },
        "south": { "uv": [ 11.001, 12.001, 11.999, 12.999 ], "texture": "#texture", "tintindex": 0 },
        "west":  { "uv": [ 11.001, 12.001, 11.999, 12.999 ], "texture": "#texture", "tintindex": 0 },
        "east":  { "uv": [ 11.001, 12.001, 11.999, 12.999 ], "texture": "#texture", "tintindex": 0 }
    }
},
{
    "__comment": "Egg",
    "from": [ 6, 13, 6 ],
    "to": [ 7, 14, 10 ],
    "faces": {
        "up":    { "uv": [ 11.001, 12.001, 11.999, 12.999 ], "rotation": 90, "texture": "#texture", "tintindex": 0 },
        "north": { "uv": [ 11.001, 12.001, 11.999, 12.999 ], "texture": "#texture", "tintindex": 0 },
        "south": { "uv": [ 11.001, 12.001, 11.999, 12.999 ], "texture": "#texture", "tintindex": 0 },
        "west":  { "uv": [ 11.001, 12.001, 11.999, 12.999 ], "texture": "#texture", "tintindex": 0 }
    }
},
{
    "__comment": "Egg",
    "from": [ 9, 13, 6 ],
    "to": [ 10, 14, 10 ],
    "faces": {
        "up":    { "uv": [ 11.001, 12.001, 11.999, 12.999 ], "rotation": 90, "texture": "#texture", "tintindex": 0 },
        "north": { "uv": [ 11.001, 12.001, 11.999, 12.999 ], "texture": "#texture", "tintindex": 0 },
        "south": { "uv": [ 11.001, 12.001, 11.999, 12.999 ], "texture": "#texture", "tintindex": 0 },
        "east":  { "uv": [ 11.001, 12.001, 11.999, 12.999 ], "texture": "#texture", "tintindex": 0 }
    }
},
{
    "__comment": "Egg",
    "from": [ 10, 13, 7 ],
    "to": [ 11, 14, 9 ],
    "faces": {
        "up":    { "uv": [ 11.001, 12.001, 11.999, 12.999 ], "rotation": 90, "texture": "#texture", "tintindex": 0 },
        "north": { "uv": [ 11.001, 12.001, 11.999, 12.999 ], "texture": "#texture", "tintindex": 0 },
        "south": { "uv": [ 11.001, 12.001, 11.999, 12.999 ], "texture": "#texture", "tintindex": 0 },
        "east":  { "uv": [ 11.001, 12.001, 11.999, 12.999 ], "texture": "#texture", "tintindex": 0 }
    }
},
{
    "__comment": "Egg",
    "from": [ 5, 13, 7 ],
    "to": [ 6, 14, 9 ],
    "faces": {
        "up":    { "uv": [ 11.001, 12.001, 11.999, 12.999 ], "rotation": 90, "texture": "#texture", "tintindex": 0 },
        "north": { "uv": [ 11.001, 12.001, 11.999, 12.999 ], "texture": "#texture", "tintindex": 0 },
        "south": { "uv": [ 11.001, 12.001, 11.999, 12.999 ], "texture": "#texture", "tintindex": 0 },
        "west":  { "uv": [ 11.001, 12.001, 11.999, 12.999 ], "texture": "#texture", "tintindex": 0 }
    }
},
{
    "__comment": "Egg",
    "from": [ 4, 4, 5 ],
    "to": [ 12, 11, 11 ],
    "faces": {
        "down":  { "uv": [ 11.001, 12.001, 11.999, 12.999 ], "texture": "#texture", "tintindex": 0 },
        "up":    { "uv": [ 11.001, 12.001, 11.999, 12.999 ], "texture": "#texture", "tintindex": 0 },
        "north": { "uv": [ 11.001, 12.001, 11.999, 12.999 ], "texture": "#texture", "tintindex": 0 },
        "south": { "uv": [ 11.001, 12.001, 11.999, 12.999 ], "texture": "#texture", "tintindex": 0 },
        "west":  { "uv": [ 11.001, 12.001, 11.999, 12.999 ], "texture": "#texture", "tintindex": 0 },
        "east":  { "uv": [ 11.001, 12.001, 11.999, 12.999 ], "texture": "#texture", "tintindex": 0 }
    }
},
{
    "__comment": "Egg",
    "from": [ 5, 4, 4 ],
    "to": [ 11, 11, 12 ],
    "faces": {
        "down":  { "uv": [ 11.001, 12.001, 11.999, 12.999 ], "texture": "#texture", "tintindex": 0 },
        "up":    { "uv": [ 11.001, 12.001, 11.999, 12.999 ], "texture": "#texture", "tintindex": 0 },
        "north": { "uv": [ 11.001, 12.001, 11.999, 12.999 ], "texture": "#texture", "tintindex": 0 },
        "south": { "uv": [ 11.001, 12.001, 11.999, 12.999 ], "texture": "#texture", "tintindex": 0 },
        "west":  { "uv": [ 11.001, 12.001, 11.999, 12.999 ], "texture": "#texture", "tintindex": 0 },
        "east":  { "uv": [ 11.001, 12.001, 11.999, 12.999 ], "texture": "#texture", "tintindex": 0 }
    }
},
{
    "__comment": "Egg",
    "from": [ 4, 6, 4 ],
    "to": [ 12, 9, 12 ],
    "faces": {
        "down":  { "uv": [ 11.001, 12.001, 11.999, 12.999 ], "texture": "#texture", "tintindex": 0 },
        "up":    { "uv": [ 11.001, 12.001, 11.999, 12.999 ], "texture": "#texture", "tintindex": 0 },
        "north": { "uv": [ 11.001, 12.001, 11.999, 12.999 ], "texture": "#texture", "tintindex": 0 },
        "south": { "uv": [ 11.001, 12.001, 11.999, 12.999 ], "texture": "#texture", "tintindex": 0 },
        "west":  { "uv": [ 11.001, 12.001, 11.999, 12.999 ], "texture": "#texture", "tintindex": 0 },
        "east":  { "uv": [ 11.001, 12.001, 11.999, 12.999 ], "texture": "#texture", "tintindex": 0 }
    }
},
{
    "__comment": "Egg",
    "from": [ 5, 6, 3 ],
    "to": [ 11, 9, 13 ],
    "faces": {
        "down":  { "uv": [ 11.001, 12.001, 11.999, 12.999 ], "texture": "#texture", "tintindex": 0 },
        "up":    { "uv": [ 11.001, 12.001, 11.999, 12.999 ], "texture": "#texture", "tintindex": 0 },
        "north": { "uv": [ 11.001, 12.001, 11.999, 12.999 ], "texture": "#texture", "tintindex": 0 },
        "south": { "uv": [ 11.001, 12.001, 11.999, 12.999 ], "texture": "#texture", "tintindex": 0 },
        "west":  { "uv": [ 11.001, 12.001, 11.999, 12.999 ], "texture": "#texture", "tintindex": 0 },
        "east":  { "uv": [ 11.001, 12.001, 11.999, 12.999 ], "texture": "#texture", "tintindex": 0 }
    }
},
{
    "__comment": "Egg",
    "from": [ 3, 6, 5 ],
    "to": [ 13, 9, 11 ],
    "faces": {
        "down":  { "uv": [ 11.001, 12.001, 11.999, 12.999 ], "texture": "#texture", "tintindex": 0 },
        "up":    { "uv": [ 11.001, 12.001, 11.999, 12.999 ], "texture": "#texture", "tintindex": 0 },
        "north": { "uv": [ 11.001, 12.001, 11.999, 12.999 ], "texture": "#texture", "tintindex": 0 },
        "south": { "uv": [ 11.001, 12.001, 11.999, 12.999 ], "texture": "#texture", "tintindex": 0 },
        "west":  { "uv": [ 11.001, 12.001, 11.999, 12.999 ], "texture": "#texture", "tintindex": 0 },
        "east":  { "uv": [ 11.001, 12.001, 11.999, 12.999 ], "texture": "#texture", "tintindex": 0 }
    }
},
{
    "__comment": "Egg",
    "from": [ 5, 3, 5 ],
    "to": [ 11, 13, 11 ],
    "faces": {
        "down":  { "uv": [ 11.001, 12.001, 11.999, 12.999 ], "rotation": 270, "texture": "#texture", "tintindex": 0 },
        "up":    { "uv": [ 11.001, 12.001, 11.999, 12.999 ], "rotation": 90, "texture": "#texture", "tintindex": 0 },
        "north": { "uv": [ 11.001, 12.001, 11.999, 12.999 ], "texture": "#texture", "tintindex": 0 },
        "south": { "uv": [ 11.001, 12.001, 11.999, 12.999 ], "texture": "#texture", "tintindex": 0 },
        "west":  { "uv": [ 11.001, 12.001, 11.999, 12.999 ], "texture": "#texture", "tintindex": 0 },
        "east":  { "uv": [ 11.001, 12.001, 11.999, 12.999 ], "texture": "#texture", "tintindex": 0 }
    }
},
{
    "__comment": "Overlays Side",
    "from": [ 3.75, 9, 5.5 ],
    "to": [ 12.25, 10.5, 7 ],
    "faces": {
        "up":    { "uv": [ 11.501, 8.501, 12.499, 9.499 ], "texture": "#particle", "tintindex": 1 },
        "north": { "uv": [ 11.501, 8.501, 12.499, 9.499 ], "texture": "#particle", "tintindex": 1 },
        "west":  { "uv": [ 11.501, 8.501, 12.499, 9.499 ], "texture": "#particle", "tintindex": 1 },
        "east":  { "uv": [ 11.501, 8.501, 12.499, 9.499 ], "texture": "#particle", "tintindex": 1 }
    }
},
{
    "__comment": "Overlays Side",
    "from": [ 3.75, 4.5, 9.25 ],
    "to": [ 4, 5.5, 10.75 ],
    "faces": {
        "down":  { "uv": [ 11.501, 8.501, 12.499, 9.499 ], "texture": "#particle", "tintindex": 1 },
        "up":    { "uv": [ 11.501, 8.501, 12.499, 9.499 ], "texture": "#particle", "tintindex": 1 },
        "north": { "uv": [ 11.501, 8.501, 12.499, 9.499 ], "texture": "#particle", "tintindex": 1 },
        "south": { "uv": [ 11.501, 8.501, 12.499, 9.499 ], "texture": "#particle", "tintindex": 1 },
        "west":  { "uv": [ 11.501, 8.501, 12.499, 9.499 ], "texture": "#particle", "tintindex": 1 }
    }
},
{
    "__comment": "Overlays Side",
    "from": [ 1.75, 6.75, 8 ],
    "to": [ 3, 8.5, 9.25 ],
    "faces": {
        "down":  { "uv": [ 11.501, 8.501, 12.499, 9.499 ], "texture": "#particle", "tintindex": 1 },
        "up":    { "uv": [ 11.501, 8.501, 12.499, 9.499 ], "texture": "#particle", "tintindex": 1 },
        "north": { "uv": [ 11.501, 8.501, 12.499, 9.499 ], "texture": "#particle", "tintindex": 1 },
        "south": { "uv": [ 11.501, 8.501, 12.499, 9.499 ], "texture": "#particle", "tintindex": 1 },
        "west":  { "uv": [ 11.501, 8.501, 12.499, 9.499 ], "texture": "#particle", "tintindex": 1 }
    }
},
{
    "__comment": "Overlays Side",
    "from": [ 3.75, 9.75, 9.5 ],
    "to": [ 12.25, 10.75, 10.75 ],
    "faces": {
        "down":  { "uv": [ 11.501, 8.501, 12.499, 9.499 ], "texture": "#particle", "tintindex": 1 },
        "up":    { "uv": [ 11.501, 8.501, 12.499, 9.499 ], "texture": "#particle", "tintindex": 1 },
        "north": { "uv": [ 11.501, 8.501, 12.499, 9.499 ], "texture": "#particle", "tintindex": 1 },
        "south": { "uv": [ 11.501, 8.501, 12.499, 9.499 ], "texture": "#particle", "tintindex": 1 },
        "west":  { "uv": [ 11.501, 8.501, 12.499, 9.499 ], "texture": "#particle", "tintindex": 1 },
        "east":  { "uv": [ 11.501, 8.501, 12.499, 9.499 ], "texture": "#particle", "tintindex": 1 }
    }
},
{
    "__comment": "Overlays Side",
    "from": [ 3.75, 11.5, 7.25 ],
    "to": [ 12.25, 12.5, 8.5 ],
    "faces": {
        "down":  { "uv": [ 11.501, 8.501, 12.499, 9.499 ], "texture": "#particle", "tintindex": 1 },
        "up":    { "uv": [ 11.501, 8.501, 12.499, 9.499 ], "texture": "#particle", "tintindex": 1 },
        "north": { "uv": [ 11.501, 8.501, 12.499, 9.499 ], "texture": "#particle", "tintindex": 1 },
        "south": { "uv": [ 11.501, 8.501, 12.499, 9.499 ], "texture": "#particle", "tintindex": 1 },
        "west":  { "uv": [ 11.501, 8.501, 12.499, 9.499 ], "texture": "#particle", "tintindex": 1 },
        "east":  { "uv": [ 11.501, 8.501, 12.499, 9.499 ], "texture": "#particle", "tintindex": 1 }
    }
},
{
    "__comment": "Overlays Side",
    "from": [ 3.75, 4.5, 4.75 ],
    "to": [ 4.75, 5.75, 6.5 ],
    "faces": {
        "down":  { "uv": [ 11.501, 8.501, 12.499, 9.499 ], "texture": "#particle", "tintindex": 1 },
        "up":    { "uv": [ 11.501, 8.501, 12.499, 9.499 ], "texture": "#particle", "tintindex": 1 },
        "north": { "uv": [ 11.501, 8.501, 12.499, 9.499 ], "texture": "#particle", "tintindex": 1 },
        "south": { "uv": [ 11.501, 8.501, 12.499, 9.499 ], "texture": "#particle", "tintindex": 1 },
        "west":  { "uv": [ 11.501, 8.501, 12.499, 9.499 ], "texture": "#particle", "tintindex": 1 },
        "east":  { "uv": [ 11.501, 8.501, 12.499, 9.499 ], "texture": "#particle", "tintindex": 1 }
    }
},
{
    "__comment": "Overlays Top",
    "from": [ 7.25, 15, 7.25 ],
    "to": [ 8.25, 15.25, 8.25 ],
    "faces": {
        "up":    { "uv": [ 11.501, 8.501, 12.499, 9.499 ], "texture": "#particle", "tintindex": 1 },
        "north": { "uv": [ 11.501, 8.501, 12.499, 9.499 ], "texture": "#particle", "tintindex": 1 },
        "south": { "uv": [ 11.501, 8.501, 12.499, 9.499 ], "texture": "#particle", "tintindex": 1 },
        "west":  { "uv": [ 11.501, 8.501, 12.499, 9.499 ], "texture": "#particle", "tintindex": 1 },
        "east":  { "uv": [ 11.501, 8.501, 12.499, 9.499 ], "texture": "#particle", "tintindex": 1 }
    }
},
{
    "__comment": "Overlays Top",
    "from": [ 6.5, 14, 7.5 ],
    "to": [ 8, 14.25, 9.25 ],
    "faces": {
        "down":  { "uv": [ 11.501, 8.501, 12.499, 9.499 ], "texture": "#particle", "tintindex": 1 },
        "up":    { "uv": [ 11.501, 8.501, 12.499, 9.499 ], "texture": "#particle", "tintindex": 1 },
        "north": { "uv": [ 11.501, 8.501, 12.499, 9.499 ], "texture": "#particle", "tintindex": 1 },
        "south": { "uv": [ 11.501, 8.501, 12.499, 9.499 ], "texture": "#particle", "tintindex": 1 },
        "west":  { "uv": [ 11.501, 8.501, 12.499, 9.499 ], "texture": "#particle", "tintindex": 1 },
        "east":  { "uv": [ 11.501, 8.501, 12.499, 9.499 ], "texture": "#particle", "tintindex": 1 }
    }
},
{
    "__comment": "Overlays Side",
    "from": [ 13, 6.5, 6 ],
    "to": [ 13.25, 8.25, 7 ],
    "faces": {
        "down":  { "uv": [ 11.501, 8.501, 12.499, 9.499 ], "texture": "#particle", "tintindex": 1 },
        "up":    { "uv": [ 11.501, 8.501, 12.499, 9.499 ], "texture": "#particle", "tintindex": 1 },
        "north": { "uv": [ 11.501, 8.501, 12.499, 9.499 ], "texture": "#particle", "tintindex": 1 },
        "east":  { "uv": [ 11.501, 8.501, 12.499, 9.499 ], "texture": "#particle", "tintindex": 1 }
    }
},
{
    "__comment": "Overlays Side",
    "from": [ 13, 6.25, 9.75 ],
    "to": [ 13.25, 7.25, 10.75 ],
    "faces": {
        "down":  { "uv": [ 11.501, 8.501, 12.499, 9.499 ], "texture": "#particle", "tintindex": 1 },
        "up":    { "uv": [ 11.501, 8.501, 12.499, 9.499 ], "texture": "#particle", "tintindex": 1 },
        "north": { "uv": [ 11.501, 8.501, 12.499, 9.499 ], "texture": "#particle", "tintindex": 1 },
        "south": { "uv": [ 11.501, 8.501, 12.499, 9.499 ], "texture": "#particle", "tintindex": 1 },
        "east":  { "uv": [ 11.501, 8.501, 12.499, 9.499 ], "texture": "#particle", "tintindex": 1 }
    }
},
{
    "__comment": "Overlays Side",
    "from": [ 9, 9, 3.75 ],
    "to": [ 10.5, 10.5, 12.25 ],
    "faces": {
        "up":    { "uv": [ 11.501, 8.501, 12.499, 9.499 ], "rotation": 90, "texture": "#particle", "tintindex": 1 },
        "north": { "uv": [ 11.501, 8.501, 12.499, 9.499 ], "texture": "#particle", "tintindex": 1 },
        "south": { "uv": [ 11.501, 8.501, 12.499, 9.499 ], "texture": "#particle", "tintindex": 1 },
        "east":  { "uv": [ 11.501, 8.501, 12.499, 9.499 ], "texture": "#particle", "tintindex": 1 }
    }
},
{
    "__comment": "Overlays Side",
    "from": [ 5.25, 4.5, 3.75 ],
    "to": [ 6.75, 5.5, 4 ],
    "faces": {
        "down":  { "uv": [ 11.501, 8.501, 12.499, 9.499 ], "rotation": 270, "texture": "#particle", "tintindex": 1 },
        "up":    { "uv": [ 11.501, 8.501, 12.499, 9.499 ], "rotation": 90, "texture": "#particle", "tintindex": 1 },
        "north": { "uv": [ 11.501, 8.501, 12.499, 9.499 ], "texture": "#particle", "tintindex": 1 },
        "west":  { "uv": [ 11.501, 8.501, 12.499, 9.499 ], "texture": "#particle", "tintindex": 1 },
        "east":  { "uv": [ 11.501, 8.501, 12.499, 9.499 ], "texture": "#particle", "tintindex": 1 }
    }
},
{
    "__comment": "Overlays Side",
    "from": [ 6.75, 6.75, 1.75 ],
    "to": [ 8, 8.5, 3 ],
    "faces": {
        "down":  { "uv": [ 11.501, 8.501, 12.499, 9.499 ], "rotation": 270, "texture": "#particle", "tintindex": 1 },
        "up":    { "uv": [ 11.501, 8.501, 12.499, 9.499 ], "rotation": 90, "texture": "#particle", "tintindex": 1 },
        "north": { "uv": [ 11.501, 8.501, 12.499, 9.499 ], "texture": "#particle", "tintindex": 1 },
        "west":  { "uv": [ 11.501, 8.501, 12.499, 9.499 ], "texture": "#particle", "tintindex": 1 },
        "east":  { "uv": [ 11.501, 8.501, 12.499, 9.499 ], "texture": "#particle", "tintindex": 1 }
    }
},
{
    "__comment": "Overlays Side",
    "from": [ 5.25, 9.75, 3.75 ],
    "to": [ 6.5, 10.75, 12.25 ],
    "faces": {
        "down":  { "uv": [ 11.501, 8.501, 12.499, 9.499 ], "rotation": 270, "texture": "#particle", "tintindex": 1 },
        "up":    { "uv": [ 11.501, 8.501, 12.499, 9.499 ], "rotation": 90, "texture": "#particle", "tintindex": 1 },
        "north": { "uv": [ 11.501, 8.501, 12.499, 9.499 ], "texture": "#particle", "tintindex": 1 },
        "south": { "uv": [ 11.501, 8.501, 12.499, 9.499 ], "texture": "#particle", "tintindex": 1 },
        "west":  { "uv": [ 11.501, 8.501, 12.499, 9.499 ], "texture": "#particle", "tintindex": 1 },
        "east":  { "uv": [ 11.501, 8.501, 12.499, 9.499 ], "texture": "#particle", "tintindex": 1 }
    }
},
{
    "__comment": "Overlays Side",
    "from": [ 7.5, 11.5, 3.75 ],
    "to": [ 8.75, 12.5, 12.25 ],
    "faces": {
        "down":  { "uv": [ 11.501, 8.501, 12.499, 9.499 ], "rotation": 270, "texture": "#particle", "tintindex": 1 },
        "up":    { "uv": [ 11.501, 8.501, 12.499, 9.499 ], "rotation": 90, "texture": "#particle", "tintindex": 1 },
        "north": { "uv": [ 11.501, 8.501, 12.499, 9.499 ], "texture": "#particle", "tintindex": 1 },
        "south": { "uv": [ 11.501, 8.501, 12.499, 9.499 ], "texture": "#particle", "tintindex": 1 },
        "west":  { "uv": [ 11.501, 8.501, 12.499, 9.499 ], "texture": "#particle", "tintindex": 1 },
        "east":  { "uv": [ 11.501, 8.501, 12.499, 9.499 ], "texture": "#particle", "tintindex": 1 }
    }
},
{
    "__comment": "Overlays Side",
    "from": [ 9.5, 4.5, 3.75 ],
    "to": [ 11.25, 5.75, 4.75 ],
    "faces": {
        "down":  { "uv": [ 11.501, 8.501, 12.499, 9.499 ], "rotation": 270, "texture": "#particle", "tintindex": 1 },
        "up":    { "uv": [ 11.501, 8.501, 12.499, 9.499 ], "rotation": 90, "texture": "#particle", "tintindex": 1 },
        "north": { "uv": [ 11.501, 8.501, 12.499, 9.499 ], "texture": "#particle", "tintindex": 1 },
        "south": { "uv": [ 11.501, 8.501, 12.499, 9.499 ], "texture": "#particle", "tintindex": 1 },
        "west":  { "uv": [ 11.501, 8.501, 12.499, 9.499 ], "texture": "#particle", "tintindex": 1 },
        "east":  { "uv": [ 11.501, 8.501, 12.499, 9.499 ], "texture": "#particle", "tintindex": 1 }
    }
},
{
    "__comment": "Overlays Side",
    "from": [ 9, 6.5, 13 ],
    "to": [ 10, 8.25, 13.25 ],
    "faces": {
        "down":  { "uv": [ 11.501, 8.501, 12.499, 9.499 ], "rotation": 270, "texture": "#particle", "tintindex": 1 },
        "up":    { "uv": [ 11.501, 8.501, 12.499, 9.499 ], "rotation": 90, "texture": "#particle", "tintindex": 1 },
        "south": { "uv": [ 11.501, 8.501, 12.499, 9.499 ], "texture": "#particle", "tintindex": 1 },
        "east":  { "uv": [ 11.501, 8.501, 12.499, 9.499 ], "texture": "#particle", "tintindex": 1 }
    }
},
{
    "__comment": "Overlays Side",
    "from": [ 5.25, 6.25, 13 ],
    "to": [ 6.25, 7.25, 13.25 ],
    "faces": {
        "down":  { "uv": [ 11.501, 8.501, 12.499, 9.499 ], "rotation": 270, "texture": "#particle", "tintindex": 1 },
        "up":    { "uv": [ 11.501, 8.501, 12.499, 9.499 ], "rotation": 90, "texture": "#particle", "tintindex": 1 },
        "south": { "uv": [ 11.501, 8.501, 12.499, 9.499 ], "texture": "#particle", "tintindex": 1 },
        "west":  { "uv": [ 11.501, 8.501, 12.499, 9.499 ], "texture": "#particle", "tintindex": 1 },
        "east":  { "uv": [ 11.501, 8.501, 12.499, 9.499 ], "texture": "#particle", "tintindex": 1 }
    }
}
],
"display": {
    "thirdperson_righthand": {
        "rotation": [ 30, 0, 0 ],
        "translation": [ 0, 0, 0 ],
        "scale": [ 0.4, 0.4, 0.4 ]
    },
    "thirdperson_lefthand": {
        "rotation": [ 30, 0, 0 ],
        "translation": [ 0, 0, 0 ],
        "scale": [ 0.4, 0.4, 0.4 ]
    },
    "head": {
        "rotation": [ 0, 0, 0 ],
        "translation": [ 0, 10, 0 ],
        "scale": [ 0.75, 0.75, 0.75 ]
    },
    "ground": {
        "rotation": [ 0, 0, 0 ],
        "translation": [ 0, 1.5, 0 ],
        "scale": [ 0.5, 0.5, 0.5 ]
    },
    "fixed": {
        "rotation": [ 0, 0, 0 ],
        "translation": [ 0, -0.5, 0 ],
        "scale": [ 1, 1, 1 ]
    },
    "firstperson_righthand": {
        "rotation": [ -15, 15, 0 ],
        "translation": [ 1, 0, -1 ],
        "scale": [ 0.5, 0.5, 0.5 ]
    },
    "firstperson_lefthand": {
        "rotation": [ -15, 15, 0 ],
        "translation": [ 1, 0, -1 ],
        "scale": [ 0.5, 0.5, 0.5 ]
    },
    "gui": {
        "rotation": [ 15, 30, 0 ],
        "translation": [ 0, -0.5, 0 ],
        "scale": [ 1, 1, 1 ]
    }
}
}