{
"__comment": "Designed by Sibsib92 with BDcraft Cubik PRO 0.96 Beta - http://bdcraft.net",
"ambientocclusion": false,
"textures": {
    "particle": "items/arrow",
    "texture": "blocks/planks_oak",
    "feather": "blocks/cauldron_inner",
    "head": "items/spectral_arrow"
},
"elements": [ 
{
    "__comment": "Wood",
    "from": [ 2, 7.75, 7.75 ],
    "to": [ 15, 8.25, 8.25 ],
    "faces": {
        "down":  { "uv": [ 14, 10.25, 1, 10 ], "texture": "#texture" },
        "up":    { "uv": [ 14, 10, 1, 10.25 ], "texture": "#texture" },
        "north": { "uv": [ 1, 10, 14, 10.5 ], "texture": "#texture" },
        "south": { "uv": [ 14, 10, 1, 10.5 ], "texture": "#texture" },
        "west":  { "uv": [ 7.875, 9, 8.125, 9.5 ], "texture": "#texture" },
        "east":  { "uv": [ 7.875, 9, 8.125, 9.5 ], "texture": "#texture" }
    }
},
{
    "__comment": "Feather",
    "from": [ 13, 7.9375, 7 ],
    "to": [ 16, 8.0625, 9 ],
    "faces": {
        "down":  { "uv": [ 3, 9, 0, 7 ], "texture": "#feather" },
        "up":    { "uv": [ 13, 7, 16, 9 ], "texture": "#feather" }
    }
},
{
    "__comment": "Feather",
    "from": [ 13, 7, 7.9375 ],
    "to": [ 16, 9, 8.0625 ],
    "faces": {
        "north": { "uv": [ 0, 7, 3, 9 ], "texture": "#feather" },
        "south": { "uv": [ 13, 7, 16, 9 ], "texture": "#feather" }
    }
},
{
    "__comment": "Head",
    "from": [ 1.5, 7, 7.875 ],
    "to": [ 4, 9, 8.125 ],
    "faces": {
        "down":  { "uv": [ 12.5, 2.5, 13.5, 3.5 ], "texture": "#head" },
        "up":    { "uv": [ 12.5, 2.5, 13.5, 3.5 ], "texture": "#head" },
        "north": { "uv": [ 12.5, 2.5, 13.5, 3.5 ], "texture": "#head" },
        "south": { "uv": [ 12.5, 2.5, 13.5, 3.5 ], "texture": "#head" },
        "west":  { "uv": [ 12.5, 2.5, 13.5, 3.5 ], "texture": "#head" },
        "east":  { "uv": [ 12.5, 2.5, 13.5, 3.5 ], "texture": "#head" }
    }
},
{
    "__comment": "Head",
    "from": [ 0, 7.5, 7.875 ],
    "to": [ 1.5, 8.5, 8.125 ],
    "faces": {
        "down":  { "uv": [ 12.5, 2.5, 13.5, 3.5 ], "texture": "#head" },
        "up":    { "uv": [ 12.5, 2.5, 13.5, 3.5 ], "texture": "#head" },
        "north": { "uv": [ 12.5, 2.5, 13.5, 3.5 ], "texture": "#head" },
        "south": { "uv": [ 12.5, 2.5, 13.5, 3.5 ], "texture": "#head" },
        "west":  { "uv": [ 12.5, 2.5, 13.5, 3.5 ], "texture": "#head" }
    }
}
],
"display": {
    "thirdperson_righthand": {
        "rotation": [ 0, -90, -80 ],
        "translation": [ 0, 0, 1 ],
        "scale": [ 0.85, 0.85, 0.85 ]
    },
    "thirdperson_lefthand": {
        "rotation": [ 0, 90, 80 ],
        "translation": [ 0, 0, 1 ],
        "scale": [ 0.85, 0.85, 0.85 ]
    },
    "head": {
        "rotation": [ 0, 0, 45 ],
        "translation": [ 0, 6, 0 ],
        "scale": [ 1, 1, 1 ]
    },
    "ground": {
        "rotation": [ 0, 0, 0 ],
        "translation": [ 0, 0, 0 ],
        "scale": [ 0.5, 0.5, 0.5 ]
    },
    "fixed": {
        "rotation": [ 0, 180, -135 ],
        "translation": [ 0, 0, 0 ],
        "scale": [ 0.75, 0.75, 0.75 ]
    },
    "firstperson_righthand": {
        "rotation": [ 0, -90, -100 ],
        "translation": [ 1.13, 2.2, 1.13 ],
        "scale": [ 0.68, 0.68, 0.68 ]
    },
    "firstperson_lefthand": {
        "rotation": [ 0, 90, 110 ],
        "translation": [ 1.13, 2.2, 1.13 ],
        "scale": [ 0.68, 0.68, 0.68 ]
    },
    "gui": {
        "rotation": [ -30, 165, -45 ],
        "translation": [ 0, 0, 0 ],
        "scale": [ 1.25, 1.25, 1.25 ]
    }
}
}