{
"__comment": "Designed by Sibsib92 with BDcraft Cubik PRO 0.96 Beta - http://bdcraft.net",
"ambientocclusion": false,
"textures": {
    "texture": "blocks/planks_spruce",
    "metal": "blocks/cauldron_inner",
    "iron": "blocks/iron_block"
},
"elements": [ 
{
    "__comment": "Hinge",
    "from": [ 6.25, 4, -0.0625 ],
    "to": [ 9.75, 6, 0.9375 ],
    "faces": {
        "down":  { "uv": [ 3, 1, 0, 0 ], "texture": "#metal" },
        "up":    { "uv": [ 0, 0, 3, 1 ], "texture": "#metal" },
        "north": { "uv": [ 0, 0, 3, 2 ], "texture": "#metal" },
        "south": { "uv": [ 0, 0, 3, 2 ], "texture": "#metal" },
        "west":  { "uv": [ 0, 0, 1, 2 ], "texture": "#metal" },
        "east":  { "uv": [ 0, 0, 1, 2 ], "texture": "#metal" }
    }
},
{
    "__comment": "Hinge extra",
    "from": [ 7, 3.5, 2 ],
    "to": [ 8.5, 5, 14 ],
    "rotation": { "origin": [ 7, 5, 2 ], "axis": "z", "angle": 45 },
    "faces": {
        "down":  { "uv": [ 14.5, 14, 13, 2 ], "texture": "#metal" },
        "up":    { "uv": [ 1.5, 2, 3, 14 ], "texture": "#metal" },
        "west":  { "uv": [ 2, 0, 14, 1.5 ], "texture": "#metal" },
        "east":  { "uv": [ 2, 0, 14, 1.5 ], "texture": "#metal" }
    }
},
{
    "__comment": "Door Bot",
    "from": [ 6.5, 2, 14 ],
    "to": [ 9.5, 16, 16 ],
    "faces": {
        "north": { "uv": [ 13, 0, 16, 14 ], "texture": "#texture" },
        "south": { "uv": [ 0, 0, 3, 14 ], "texture": "#texture" },
        "west":  { "uv": [ 14, 0, 16, 14 ], "texture": "#texture" },
        "east":  { "uv": [ 0, 0, 2, 14 ], "texture": "#texture" }
    }
},
{
    "__comment": "Door Bot",
    "from": [ 6.5, 2, 0 ],
    "to": [ 9.5, 16, 2 ],
    "faces": {
        "north": { "uv": [ 13, 0, 16, 14 ], "texture": "#texture" },
        "south": { "uv": [ 0, 0, 3, 14 ], "texture": "#texture" },
        "west":  { "uv": [ 0, 0, 2, 14 ], "texture": "#texture" },
        "east":  { "uv": [ 14, 0, 16, 14 ], "texture": "#texture" }
    }
},
{
    "__comment": "Door Bot",
    "from": [ 6.5, 0, 0 ],
    "to": [ 9.5, 2, 16 ],
    "faces": {
        "down":  { "uv": [ 16, 15, 0, 12 ], "rotation": 90, "texture": "#texture" },
        "up":    { "uv": [ 0, 4, 16, 7 ], "rotation": 90, "texture": "#texture" },
        "north": { "uv": [ 13, 14, 16, 16 ], "texture": "#texture" },
        "south": { "uv": [ 0, 14, 3, 16 ], "texture": "#texture" },
        "west":  { "uv": [ 0, 14, 16, 16 ], "texture": "#texture" },
        "east":  { "uv": [ 0, 14, 16, 16 ], "texture": "#texture" }
    }
},
{
    "__comment": "Bot Diag Mid",
    "from": [ 7, 2, 3 ],
    "to": [ 8.5, 16, 4.5 ],
    "rotation": { "origin": [ 7, 2, 3 ], "axis": "y", "angle": 45 },
    "faces": {
        "north": { "uv": [ 2, 0, 3, 14 ], "texture": "#texture" },
        "south": { "uv": [ 12, 0, 13, 14 ], "texture": "#texture" },
        "west":  { "uv": [ 3, 0, 4, 14 ], "texture": "#texture" },
        "east":  { "uv": [ 13, 0, 14, 14 ], "texture": "#texture" }
    }
},
{
    "__comment": "Bot Diag Mid",
    "from": [ 7, 2, 5 ],
    "to": [ 8.5, 16, 6.5 ],
    "rotation": { "origin": [ 7, 2, 5 ], "axis": "y", "angle": 45 },
    "faces": {
        "north": { "uv": [ 4, 0, 5, 14 ], "texture": "#texture" },
        "south": { "uv": [ 10, 0, 11, 14 ], "texture": "#texture" },
        "west":  { "uv": [ 5, 0, 6, 14 ], "texture": "#texture" },
        "east":  { "uv": [ 11, 0, 12, 14 ], "texture": "#texture" }
    }
},
{
    "__comment": "Bot Diag Mid",
    "from": [ 7, 2, 7 ],
    "to": [ 8.5, 16, 8.5 ],
    "rotation": { "origin": [ 7, 2, 7 ], "axis": "y", "angle": 45 },
    "faces": {
        "north": { "uv": [ 6, 0, 7, 14 ], "texture": "#texture" },
        "south": { "uv": [ 8, 0, 9, 14 ], "texture": "#texture" },
        "west":  { "uv": [ 7, 0, 8, 14 ], "texture": "#texture" },
        "east":  { "uv": [ 9, 0, 10, 14 ], "texture": "#texture" }
    }
},
{
    "__comment": "Bot Diag Mid",
    "from": [ 7, 2, 9 ],
    "to": [ 8.5, 16, 10.5 ],
    "rotation": { "origin": [ 7, 2, 9 ], "axis": "y", "angle": 45 },
    "faces": {
        "north": { "uv": [ 8, 0, 9, 14 ], "texture": "#texture" },
        "south": { "uv": [ 6, 0, 7, 14 ], "texture": "#texture" },
        "west":  { "uv": [ 9, 0, 10, 14 ], "texture": "#texture" },
        "east":  { "uv": [ 7, 0, 8, 14 ], "texture": "#texture" }
    }
},
{
    "__comment": "Bot Diag Mid",
    "from": [ 7, 2, 11 ],
    "to": [ 8.5, 16, 12.5 ],
    "rotation": { "origin": [ 7, 2, 11 ], "axis": "y", "angle": 45 },
    "faces": {
        "north": { "uv": [ 10, 0, 11, 14 ], "texture": "#texture" },
        "south": { "uv": [ 4, 0, 5, 14 ], "texture": "#texture" },
        "west":  { "uv": [ 11, 0, 12, 14 ], "texture": "#texture" },
        "east":  { "uv": [ 5, 0, 6, 14 ], "texture": "#texture" }
    }
},
{
    "__comment": "Bot Diag Mid",
    "from": [ 7, 2, 13 ],
    "to": [ 8.5, 16, 14.5 ],
    "rotation": { "origin": [ 7, 2, 13 ], "axis": "y", "angle": 45 },
    "faces": {
        "north": { "uv": [ 12, 0, 13, 14 ], "texture": "#texture" },
        "south": { "uv": [ 2, 0, 3, 14 ], "texture": "#texture" },
        "west":  { "uv": [ 13, 0, 14, 14 ], "texture": "#texture" },
        "east":  { "uv": [ 3, 0, 4, 14 ], "texture": "#texture" }
    }
},
{
    "__comment": "Hinge",
    "from": [ 6.25, 15, -0.0625 ],
    "to": [ 9.75, 17, 0.9375 ],
    "faces": {
        "down":  { "uv": [ 3, 1, 0, 0 ], "texture": "#metal" },
        "up":    { "uv": [ 0, 0, 3, 1 ], "texture": "#metal" },
        "north": { "uv": [ 0, 0, 3, 2 ], "texture": "#metal" },
        "south": { "uv": [ 0, 0, 3, 2 ], "texture": "#metal" },
        "west":  { "uv": [ 0, 0, 1, 2 ], "texture": "#metal" },
        "east":  { "uv": [ 0, 0, 1, 2 ], "texture": "#metal" }
    }
},
{
    "__comment": "Hinge",
    "from": [ 6.25, 26, -0.0625 ],
    "to": [ 9.75, 28, 0.9375 ],
    "faces": {
        "down":  { "uv": [ 3, 1, 0, 0 ], "texture": "#metal" },
        "up":    { "uv": [ 0, 0, 3, 1 ], "texture": "#metal" },
        "north": { "uv": [ 0, 0, 3, 2 ], "texture": "#metal" },
        "south": { "uv": [ 0, 0, 3, 2 ], "texture": "#metal" },
        "west":  { "uv": [ 0, 0, 1, 2 ], "texture": "#metal" },
        "east":  { "uv": [ 0, 0, 1, 2 ], "texture": "#metal" }
    }
},
{
    "__comment": "Hinge extra",
    "from": [ 7, 25.5, 2 ],
    "to": [ 8.5, 27, 14 ],
    "rotation": { "origin": [ 7, 27, 2 ], "axis": "z", "angle": 45 },
    "faces": {
        "down":  { "uv": [ 14.5, 14, 13, 2 ], "texture": "#metal" },
        "up":    { "uv": [ 1.5, 2, 3, 14 ], "texture": "#metal" },
        "west":  { "uv": [ 2, 0, 14, 1.5 ], "texture": "#metal" },
        "east":  { "uv": [ 2, 0, 14, 1.5 ], "texture": "#metal" }
    }
},
{
    "__comment": "Handle",
    "from": [ 10, 13.5, 11 ],
    "to": [ 11, 15.5, 12 ],
    "faces": {
        "down":  { "uv": [ 12, 15, 11, 14 ], "texture": "#iron" },
        "up":    { "uv": [ 4, 14, 5, 15 ], "texture": "#iron" },
        "north": { "uv": [ 11, 14, 12, 16 ], "texture": "#iron" },
        "south": { "uv": [ 4, 14, 5, 16 ], "texture": "#iron" },
        "west":  { "uv": [ 14, 14, 15, 16 ], "texture": "#iron" },
        "east":  { "uv": [ 1, 14, 2, 16 ], "texture": "#iron" }
    }
},
{
    "__comment": "Handle",
    "from": [ 10, 13.5, 14 ],
    "to": [ 11, 15.5, 15 ],
    "faces": {
        "down":  { "uv": [ 12, 15, 11, 14 ], "texture": "#iron" },
        "up":    { "uv": [ 4, 14, 5, 15 ], "texture": "#iron" },
        "north": { "uv": [ 11, 14, 12, 16 ], "texture": "#iron" },
        "south": { "uv": [ 4, 14, 5, 16 ], "texture": "#iron" },
        "west":  { "uv": [ 14, 14, 15, 16 ], "texture": "#iron" },
        "east":  { "uv": [ 1, 14, 2, 16 ], "texture": "#iron" }
    }
},
{
    "__comment": "Handle",
    "from": [ 10, 15.5, 12 ],
    "to": [ 11, 16.5, 14 ],
    "faces": {
        "down":  { "uv": [ 12, 13, 11, 11 ], "texture": "#iron" },
        "up":    { "uv": [ 4, 11, 5, 13 ], "texture": "#iron" },
        "north": { "uv": [ 11, 12, 12, 13 ], "texture": "#iron" },
        "south": { "uv": [ 4, 12, 5, 13 ], "texture": "#iron" },
        "west":  { "uv": [ 11, 12, 13, 13 ], "texture": "#iron" },
        "east":  { "uv": [ 3, 12, 5, 13 ], "texture": "#iron" }
    }
},
{
    "__comment": "Handle",
    "from": [ 10, 12.5, 12 ],
    "to": [ 11, 13.5, 14 ],
    "faces": {
        "down":  { "uv": [ 12, 13, 11, 11 ], "texture": "#iron" },
        "up":    { "uv": [ 4, 11, 5, 13 ], "texture": "#iron" },
        "north": { "uv": [ 11, 12, 12, 13 ], "texture": "#iron" },
        "south": { "uv": [ 4, 12, 5, 13 ], "texture": "#iron" },
        "west":  { "uv": [ 11, 12, 13, 13 ], "texture": "#iron" },
        "east":  { "uv": [ 3, 12, 5, 13 ], "texture": "#iron" }
    }
},
{
    "__comment": "Handle",
    "from": [ 6, 15.75, 12.75 ],
    "to": [ 10, 16.25, 13.25 ],
    "faces": {
        "down":  { "uv": [ 16, 14.5, 12, 14 ], "texture": "#iron" },
        "up":    { "uv": [ 0, 14, 4, 14.5 ], "texture": "#iron" },
        "north": { "uv": [ 12, 15.25, 16, 15.75 ], "texture": "#iron" },
        "south": { "uv": [ 0, 15.25, 4, 15.75 ], "texture": "#iron" }
    }
},
{
    "__comment": "Handle",
    "from": [ 5, 13.5, 11 ],
    "to": [ 6, 15.5, 12 ],
    "faces": {
        "down":  { "uv": [ 12, 15, 11, 14 ], "texture": "#iron" },
        "up":    { "uv": [ 4, 14, 5, 15 ], "texture": "#iron" },
        "north": { "uv": [ 11, 14, 12, 16 ], "texture": "#iron" },
        "south": { "uv": [ 4, 14, 5, 16 ], "texture": "#iron" },
        "west":  { "uv": [ 14, 14, 15, 16 ], "texture": "#iron" },
        "east":  { "uv": [ 1, 14, 2, 16 ], "texture": "#iron" }
    }
},
{
    "__comment": "Handle",
    "from": [ 5, 13.5, 14 ],
    "to": [ 6, 15.5, 15 ],
    "faces": {
        "down":  { "uv": [ 12, 15, 11, 14 ], "texture": "#iron" },
        "up":    { "uv": [ 4, 14, 5, 15 ], "texture": "#iron" },
        "north": { "uv": [ 11, 14, 12, 16 ], "texture": "#iron" },
        "south": { "uv": [ 4, 14, 5, 16 ], "texture": "#iron" },
        "west":  { "uv": [ 14, 14, 15, 16 ], "texture": "#iron" },
        "east":  { "uv": [ 1, 14, 2, 16 ], "texture": "#iron" }
    }
},
{
    "__comment": "Handle",
    "from": [ 5, 15.5, 12 ],
    "to": [ 6, 16.5, 14 ],
    "faces": {
        "down":  { "uv": [ 12, 13, 11, 11 ], "texture": "#iron" },
        "up":    { "uv": [ 4, 11, 5, 13 ], "texture": "#iron" },
        "north": { "uv": [ 11, 12, 12, 13 ], "texture": "#iron" },
        "south": { "uv": [ 4, 12, 5, 13 ], "texture": "#iron" },
        "west":  { "uv": [ 11, 12, 13, 13 ], "texture": "#iron" },
        "east":  { "uv": [ 3, 12, 5, 13 ], "texture": "#iron" }
    }
},
{
    "__comment": "Handle",
    "from": [ 5, 12.5, 12 ],
    "to": [ 6, 13.5, 14 ],
    "faces": {
        "down":  { "uv": [ 12, 13, 11, 11 ], "texture": "#iron" },
        "up":    { "uv": [ 4, 11, 5, 13 ], "texture": "#iron" },
        "north": { "uv": [ 11, 12, 12, 13 ], "texture": "#iron" },
        "south": { "uv": [ 4, 12, 5, 13 ], "texture": "#iron" },
        "west":  { "uv": [ 11, 12, 13, 13 ], "texture": "#iron" },
        "east":  { "uv": [ 3, 12, 5, 13 ], "texture": "#iron" }
    }
},
{
    "__comment": "Door Top",
    "from": [ 6.5, 16, 14 ],
    "to": [ 9.5, 30, 16 ],
    "faces": {
        "north": { "uv": [ 13, 2, 16, 16 ], "texture": "#texture" },
        "south": { "uv": [ 0, 2, 3, 16 ], "texture": "#texture" },
        "west":  { "uv": [ 14, 2, 16, 16 ], "texture": "#texture" },
        "east":  { "uv": [ 0, 2, 2, 16 ], "texture": "#texture" }
    }
},
{
    "__comment": "Door Top",
    "from": [ 6.5, 16, 0 ],
    "to": [ 9.5, 30, 2 ],
    "faces": {
        "north": { "uv": [ 13, 2, 16, 16 ], "texture": "#texture" },
        "south": { "uv": [ 0, 2, 3, 16 ], "texture": "#texture" },
        "west":  { "uv": [ 0, 2, 2, 16 ], "texture": "#texture" },
        "east":  { "uv": [ 14, 2, 16, 16 ], "texture": "#texture" }
    }
},
{
    "__comment": "Door Top",
    "from": [ 6.5, 30, 0 ],
    "to": [ 9.5, 32, 16 ],
    "faces": {
        "down":  { "uv": [ 16, 15, 0, 12 ], "rotation": 90, "texture": "#texture" },
        "up":    { "uv": [ 0, 0, 16, 3 ], "rotation": 90, "texture": "#texture" },
        "north": { "uv": [ 13, 0, 16, 2 ], "texture": "#texture" },
        "south": { "uv": [ 0, 0, 3, 2 ], "texture": "#texture" },
        "west":  { "uv": [ 0, 0, 16, 2 ], "texture": "#texture" },
        "east":  { "uv": [ 0, 0, 16, 2 ], "texture": "#texture" }
    }
},
{
    "__comment": "Bot Diag Top",
    "from": [ 7, 16, 3 ],
    "to": [ 8.5, 30, 4.5 ],
    "rotation": { "origin": [ 7, 16, 3 ], "axis": "y", "angle": 45 },
    "faces": {
        "north": { "uv": [ 2, 2, 3, 16 ], "texture": "#texture" },
        "south": { "uv": [ 12, 2, 13, 16 ], "texture": "#texture" },
        "west":  { "uv": [ 3, 2, 4, 16 ], "texture": "#texture" },
        "east":  { "uv": [ 13, 2, 14, 16 ], "texture": "#texture" }
    }
},
{
    "__comment": "Bot Diag Top",
    "from": [ 7, 16, 5 ],
    "to": [ 8.5, 30, 6.5 ],
    "rotation": { "origin": [ 7, 16, 5 ], "axis": "y", "angle": 45 },
    "faces": {
        "north": { "uv": [ 4, 2, 5, 16 ], "texture": "#texture" },
        "south": { "uv": [ 10, 2, 11, 16 ], "texture": "#texture" },
        "west":  { "uv": [ 5, 2, 6, 16 ], "texture": "#texture" },
        "east":  { "uv": [ 11, 2, 12, 16 ], "texture": "#texture" }
    }
},
{
    "__comment": "Bot Diag Top",
    "from": [ 7, 16, 7 ],
    "to": [ 8.5, 30, 8.5 ],
    "rotation": { "origin": [ 7, 16, 7 ], "axis": "y", "angle": 45 },
    "faces": {
        "north": { "uv": [ 6, 2, 7, 16 ], "texture": "#texture" },
        "south": { "uv": [ 8, 2, 9, 16 ], "texture": "#texture" },
        "west":  { "uv": [ 7, 2, 8, 16 ], "texture": "#texture" },
        "east":  { "uv": [ 9, 2, 10, 16 ], "texture": "#texture" }
    }
},
{
    "__comment": "Bot Diag Top",
    "from": [ 7, 16, 9 ],
    "to": [ 8.5, 30, 10.5 ],
    "rotation": { "origin": [ 7, 16, 9 ], "axis": "y", "angle": 45 },
    "faces": {
        "north": { "uv": [ 8, 2, 9, 16 ], "texture": "#texture" },
        "south": { "uv": [ 6, 2, 7, 16 ], "texture": "#texture" },
        "west":  { "uv": [ 9, 2, 10, 16 ], "texture": "#texture" },
        "east":  { "uv": [ 7, 2, 8, 16 ], "texture": "#texture" }
    }
},
{
    "__comment": "Bot Diag Top",
    "from": [ 7, 16, 11 ],
    "to": [ 8.5, 30, 12.5 ],
    "rotation": { "origin": [ 7, 16, 11 ], "axis": "y", "angle": 45 },
    "faces": {
        "north": { "uv": [ 10, 2, 11, 16 ], "texture": "#texture" },
        "south": { "uv": [ 4, 2, 5, 16 ], "texture": "#texture" },
        "west":  { "uv": [ 11, 2, 12, 16 ], "texture": "#texture" },
        "east":  { "uv": [ 5, 2, 6, 16 ], "texture": "#texture" }
    }
},
{
    "__comment": "Bot Diag Top",
    "from": [ 7, 16, 13 ],
    "to": [ 8.5, 30, 14.5 ],
    "rotation": { "origin": [ 7, 16, 13 ], "axis": "y", "angle": 45 },
    "faces": {
        "north": { "uv": [ 12, 2, 13, 16 ], "texture": "#texture" },
        "south": { "uv": [ 2, 2, 3, 16 ], "texture": "#texture" },
        "west":  { "uv": [ 13, 2, 14, 16 ], "texture": "#texture" },
        "east":  { "uv": [ 3, 2, 4, 16 ], "texture": "#texture" }
    }
}
],
"display": {
    "thirdperson_righthand": {
        "rotation": [ 0, 180, 0 ],
        "translation": [ 0, -5, -1.5 ],
        "scale": [ 0.35, 0.35, 0.35 ]
    },
    "thirdperson_lefthand": {
        "rotation": [ 0, 180, 0 ],
        "translation": [ 0, -5, -1.5 ],
        "scale": [ 0.35, 0.35, 0.35 ]
    },
    "ground": {
        "rotation": [ 0, 0, 0 ],
        "translation": [ 0, 3, 0 ],
        "scale": [ 0.25, 0.25, 0.25 ]
    },
    "fixed": {
        "rotation": [ 0, 90, 0 ],
        "translation": [ 0, -4, 0 ],
        "scale": [ 0.5, 0.5, 0.5 ]
    },
    "firstperson_righthand": {
        "rotation": [ -60, 180, 0 ],
        "translation": [ 0, 0, 5 ],
        "scale": [ 0.25, 0.25, 0.25 ]
    },
    "firstperson_lefthand": {
        "rotation": [ -60, 180, 0 ],
        "translation": [ 0, 0, 5 ],
        "scale": [ 0.25, 0.25, 0.25 ]
    },
    "gui": {
        "rotation": [ 30, 75, 0 ],
        "translation": [ 0, -3.5, 0 ],
        "scale": [ 0.5, 0.5, 0.5 ]
    }
}
}