{
"__comment": "Designed by Sibsib92 with BDcraft Cubik PRO 0.96 Beta - http://bdcraft.net",
"ambientocclusion": false,
"textures": {
    "particle": "items/stone_sword",
    "texture": "blocks/stone",
    "wood": "blocks/planks_oak",
    "steel": "blocks/cauldron_inner"
},
"elements": [ 
{
    "__comment": "Blade",
    "from": [ 13, 4, 7.75 ],
    "to": [ 15.8125, 15, 8.25 ],
    "rotation": { "origin": [ 13, 15, 7.75 ], "axis": "z", "angle": -45 },
    "faces": {
        "down":  { "uv": [ 9, 13, 6.25, 12 ], "texture": "#texture" },
        "up":    { "uv": [ 5.25, 12, 8, 13 ], "texture": "#texture" },
        "north": { "uv": [ 6, 2, 9, 13 ], "texture": "#texture" },
        "south": { "uv": [ 6, 2, 9, 13 ], "texture": "#texture" },
        "west":  { "uv": [ 7, 2, 8, 13 ], "texture": "#texture" },
        "east":  { "uv": [ 7, 2, 8, 13 ], "texture": "#texture" }
    }
},
{
    "__comment": "Blade",
    "from": [ 13, 13, 7.8125 ],
    "to": [ 15, 15, 8.1875 ],
    "faces": {
        "down":  { "uv": [ 7, 9, 5, 8 ], "texture": "#texture" },
        "up":    { "uv": [ 5, 8, 7, 9 ], "texture": "#texture" },
        "north": { "uv": [ 5, 7, 7.0625, 9 ], "texture": "#texture" },
        "south": { "uv": [ 5, 7, 7.0625, 9 ], "texture": "#texture" },
        "west":  { "uv": [ 5, 7, 6, 9 ], "texture": "#texture" },
        "east":  { "uv": [ 5, 7, 6, 9 ], "texture": "#texture" }
    }
},
{
    "__comment": "Blade",
    "from": [ 13, 13, 7.875 ],
    "to": [ 16, 16, 8.125 ],
    "faces": {
        "down":  { "uv": [ 16, 0.25, 13, 0 ], "texture": "#texture" },
        "up":    { "uv": [ 13, 0, 16, 0.25 ], "texture": "#texture" },
        "north": { "uv": [ 0, 0, 3, 3 ], "texture": "#texture" },
        "south": { "uv": [ 13, 0, 16, 3 ], "texture": "#texture" },
        "west":  { "uv": [ 15.75, 0, 16, 3 ], "texture": "#texture" },
        "east":  { "uv": [ 15.75, 0, 16, 3 ], "texture": "#texture" }
    }
},
{
    "__comment": "Blade",
    "from": [ 12, 12, 7.875 ],
    "to": [ 15, 15, 8.125 ],
    "faces": {
        "down":  { "uv": [ 16, 0.25, 13, 0 ], "texture": "#texture" },
        "up":    { "uv": [ 13, 0, 16, 0.25 ], "texture": "#texture" },
        "north": { "uv": [ 0, 0, 3, 3 ], "texture": "#texture" },
        "south": { "uv": [ 13, 0, 16, 3 ], "texture": "#texture" },
        "west":  { "uv": [ 15.75, 0, 16, 3 ], "texture": "#texture" },
        "east":  { "uv": [ 15.75, 0, 16, 3 ], "texture": "#texture" }
    }
},
{
    "__comment": "Blade",
    "from": [ 10, 10, 7.875 ],
    "to": [ 13, 13, 8.125 ],
    "faces": {
        "down":  { "uv": [ 16, 0.25, 13, 0 ], "texture": "#texture" },
        "up":    { "uv": [ 13, 0, 16, 0.25 ], "texture": "#texture" },
        "north": { "uv": [ 0, 0, 3, 3 ], "texture": "#texture" },
        "south": { "uv": [ 13, 0, 16, 3 ], "texture": "#texture" },
        "west":  { "uv": [ 15.75, 0, 16, 3 ], "texture": "#texture" },
        "east":  { "uv": [ 15.75, 0, 16, 3 ], "texture": "#texture" }
    }
},
{
    "__comment": "Blade",
    "from": [ 11, 11, 7.875 ],
    "to": [ 14, 14, 8.125 ],
    "faces": {
        "down":  { "uv": [ 16, 0.25, 13, 0 ], "texture": "#texture" },
        "up":    { "uv": [ 13, 0, 16, 0.25 ], "texture": "#texture" },
        "north": { "uv": [ 0, 0, 3, 3 ], "texture": "#texture" },
        "south": { "uv": [ 13, 0, 16, 3 ], "texture": "#texture" },
        "west":  { "uv": [ 15.75, 0, 16, 3 ], "texture": "#texture" },
        "east":  { "uv": [ 15.75, 0, 16, 3 ], "texture": "#texture" }
    }
},
{
    "__comment": "Blade",
    "from": [ 9, 9, 7.875 ],
    "to": [ 12, 12, 8.125 ],
    "faces": {
        "down":  { "uv": [ 16, 0.25, 13, 0 ], "texture": "#texture" },
        "up":    { "uv": [ 13, 0, 16, 0.25 ], "texture": "#texture" },
        "north": { "uv": [ 0, 0, 3, 3 ], "texture": "#texture" },
        "south": { "uv": [ 13, 0, 16, 3 ], "texture": "#texture" },
        "west":  { "uv": [ 15.75, 0, 16, 3 ], "texture": "#texture" },
        "east":  { "uv": [ 15.75, 0, 16, 3 ], "texture": "#texture" }
    }
},
{
    "__comment": "Blade",
    "from": [ 8, 8, 7.875 ],
    "to": [ 11, 11, 8.125 ],
    "faces": {
        "down":  { "uv": [ 16, 0.25, 13, 0 ], "texture": "#texture" },
        "up":    { "uv": [ 13, 0, 16, 0.25 ], "texture": "#texture" },
        "north": { "uv": [ 0, 0, 3, 3 ], "texture": "#texture" },
        "south": { "uv": [ 13, 0, 16, 3 ], "texture": "#texture" },
        "west":  { "uv": [ 15.75, 0, 16, 3 ], "texture": "#texture" },
        "east":  { "uv": [ 15.75, 0, 16, 3 ], "texture": "#texture" }
    }
},
{
    "__comment": "Blade",
    "from": [ 7, 7, 7.875 ],
    "to": [ 10, 10, 8.125 ],
    "faces": {
        "down":  { "uv": [ 16, 0.25, 13, 0 ], "texture": "#texture" },
        "up":    { "uv": [ 13, 0, 16, 0.25 ], "texture": "#texture" },
        "north": { "uv": [ 0, 0, 3, 3 ], "texture": "#texture" },
        "south": { "uv": [ 13, 0, 16, 3 ], "texture": "#texture" },
        "west":  { "uv": [ 15.75, 0, 16, 3 ], "texture": "#texture" },
        "east":  { "uv": [ 15.75, 0, 16, 3 ], "texture": "#texture" }
    }
},
{
    "__comment": "Blade",
    "from": [ 6, 6, 7.875 ],
    "to": [ 9, 9, 8.125 ],
    "faces": {
        "down":  { "uv": [ 16, 0.25, 13, 0 ], "texture": "#texture" },
        "up":    { "uv": [ 13, 0, 16, 0.25 ], "texture": "#texture" },
        "north": { "uv": [ 0, 0, 3, 3 ], "texture": "#texture" },
        "south": { "uv": [ 13, 0, 16, 3 ], "texture": "#texture" },
        "west":  { "uv": [ 15.75, 0, 16, 3 ], "texture": "#texture" },
        "east":  { "uv": [ 15.75, 0, 16, 3 ], "texture": "#texture" }
    }
},
{
    "__comment": "Blade",
    "from": [ 5, 5, 7.875 ],
    "to": [ 8, 8, 8.125 ],
    "faces": {
        "down":  { "uv": [ 16, 0.25, 13, 0 ], "texture": "#texture" },
        "up":    { "uv": [ 13, 0, 16, 0.25 ], "texture": "#texture" },
        "north": { "uv": [ 0, 0, 3, 3 ], "texture": "#texture" },
        "south": { "uv": [ 13, 0, 16, 3 ], "texture": "#texture" },
        "west":  { "uv": [ 15.75, 0, 16, 3 ], "texture": "#texture" },
        "east":  { "uv": [ 15.75, 0, 16, 3 ], "texture": "#texture" }
    }
},
{
    "__comment": "Wood",
    "from": [ 5.5, 0.1875, 7 ],
    "to": [ 6.5, 6.1875, 9 ],
    "rotation": { "origin": [ 5.5, 6.1875, 7 ], "axis": "z", "angle": -45 },
    "faces": {
        "north": { "uv": [ 15, 11, 16, 16 ], "texture": "#wood" },
        "south": { "uv": [ 15, 11, 16, 16 ], "texture": "#wood" },
        "west":  { "uv": [ 14, 11, 16, 16 ], "texture": "#wood" },
        "east":  { "uv": [ 14, 11, 16, 16 ], "texture": "#wood" }
    }
},
{
    "__comment": "Wood",
    "from": [ 5.1875, 0.4375, 7.5 ],
    "to": [ 7.1875, 6.5625, 8.5 ],
    "rotation": { "origin": [ 5.1875, 6.5625, 7.5 ], "axis": "z", "angle": -45 },
    "faces": {
        "north": { "uv": [ 14, 11, 16, 16 ], "texture": "#wood" },
        "south": { "uv": [ 14, 11, 16, 16 ], "texture": "#wood" },
        "west":  { "uv": [ 15, 11, 16, 16 ], "texture": "#wood" },
        "east":  { "uv": [ 15, 11, 16, 16 ], "texture": "#wood" }
    }
},
{
    "__comment": "Grip",
    "from": [ 0, 0, 7.75 ],
    "to": [ 3, 3, 8.25 ],
    "faces": {
        "down":  { "uv": [ 16, 8.25, 13, 7.75 ], "texture": "#steel" },
        "up":    { "uv": [ 0, 7.75, 3, 8.25 ], "texture": "#steel" },
        "north": { "uv": [ 13, 13, 16, 16 ], "texture": "#steel" },
        "south": { "uv": [ 0, 13, 3, 16 ], "texture": "#steel" },
        "west":  { "uv": [ 7.75, 13, 8.25, 16 ], "texture": "#steel" },
        "east":  { "uv": [ 7.75, 13, 8.25, 16 ], "texture": "#steel" }
    }
},
{
    "__comment": "Grip",
    "from": [ 1, 1, 6.9375 ],
    "to": [ 2, 2, 9.0625 ],
    "faces": {
        "down":  { "uv": [ 15, 9.0625, 14, 6.9375 ], "texture": "#steel" },
        "up":    { "uv": [ 1, 6.9375, 2, 9.0625 ], "texture": "#steel" },
        "north": { "uv": [ 14, 14, 15, 15 ], "texture": "#steel" },
        "south": { "uv": [ 1, 14, 2, 15 ], "texture": "#steel" },
        "west":  { "uv": [ 6.9375, 14, 9.0625, 15 ], "texture": "#steel" },
        "east":  { "uv": [ 6.9375, 14, 9.0625, 15 ], "texture": "#steel" }
    }
},
{
    "__comment": "Grip",
    "from": [ 2, 8, 7.75 ],
    "to": [ 4, 10, 8.25 ],
    "faces": {
        "down":  { "uv": [ 14, 8.25, 12, 7.75 ], "texture": "#steel" },
        "up":    { "uv": [ 2, 7.75, 4, 8.25 ], "texture": "#steel" },
        "north": { "uv": [ 12, 6, 14, 8 ], "texture": "#steel" },
        "south": { "uv": [ 2, 6, 4, 8 ], "texture": "#steel" },
        "west":  { "uv": [ 7.75, 6, 8.25, 8 ], "texture": "#steel" },
        "east":  { "uv": [ 7.75, 6, 8.25, 8 ], "texture": "#steel" }
    }
},
{
    "__comment": "Grip",
    "from": [ 8, 2, 7.75 ],
    "to": [ 10, 4, 8.25 ],
    "faces": {
        "down":  { "uv": [ 8, 8.25, 6, 7.75 ], "texture": "#steel" },
        "up":    { "uv": [ 8, 7.75, 10, 8.25 ], "texture": "#steel" },
        "north": { "uv": [ 6, 12, 8, 14 ], "texture": "#steel" },
        "south": { "uv": [ 8, 12, 10, 14 ], "texture": "#steel" },
        "west":  { "uv": [ 7.75, 12, 8.25, 14 ], "texture": "#steel" },
        "east":  { "uv": [ 7.75, 12, 8.25, 14 ], "texture": "#steel" }
    }
},
{
    "__comment": "Grip",
    "from": [ 3, 0.5, 7.5 ],
    "to": [ 3.6875, 8.5, 8.5 ],
    "rotation": { "origin": [ 3, 8.5, 7.5 ], "axis": "z", "angle": 45 },
    "faces": {
        "north": { "uv": [ 15.5, 0, 16, 8 ], "texture": "#steel" },
        "south": { "uv": [ 0, 0, 0.5, 8 ], "texture": "#steel" },
        "west":  { "uv": [ 7.5, 0, 8.5, 8 ], "texture": "#steel" },
        "east":  { "uv": [ 7.5, 0, 8.5, 8 ], "texture": "#steel" }
    }
},
{
    "__comment": "Grip",
    "from": [ 3.75, 5, 7.75 ],
    "to": [ 4.25, 7.75, 8.25 ],
    "faces": {
        "north": { "uv": [ 11.75, 8.25, 12.25, 11 ], "texture": "#steel" },
        "south": { "uv": [ 3.75, 8.25, 4.25, 11 ], "texture": "#steel" },
        "west":  { "uv": [ 7.75, 8.25, 8.25, 11 ], "texture": "#steel" },
        "east":  { "uv": [ 7.75, 8.25, 8.25, 11 ], "texture": "#steel" }
    }
},
{
    "__comment": "Grip",
    "from": [ 5.1875, 3.75, 7.75 ],
    "to": [ 7.6875, 4.25, 8.25 ],
    "faces": {
        "down":  { "uv": [ 10.8125, 8.25, 8.3125, 7.75 ], "texture": "#steel" },
        "up":    { "uv": [ 5.1875, 7.75, 7.6875, 8.25 ], "texture": "#steel" },
        "north": { "uv": [ 8.3125, 11.75, 10.8125, 12.25 ], "texture": "#steel" },
        "south": { "uv": [ 5.1875, 11.75, 7.6875, 12.25 ], "texture": "#steel" }
    }
},
{
    "__comment": "Grip",
    "from": [ 4.4375, 3.4375, 6.9375 ],
    "to": [ 5.4375, 6.9375, 9.0625 ],
    "rotation": { "origin": [ 4.4375, 6.9375, 6.9375 ], "axis": "z", "angle": 45 },
    "faces": {
        "down":  { "uv": [ 16, 16, 15, 14.25 ], "texture": "#steel" },
        "up":    { "uv": [ 15, 14.25, 16, 16 ], "texture": "#steel" },
        "north": { "uv": [ 15, 12, 16, 16 ], "texture": "#steel" },
        "south": { "uv": [ 15, 12, 16, 16 ], "texture": "#steel" },
        "west":  { "uv": [ 14.25, 12, 16, 16 ], "texture": "#steel" },
        "east":  { "uv": [ 14.25, 12, 16, 16 ], "texture": "#steel" }
    }
},
{
    "__comment": "Grip Highlights",
    "from": [ 2.5, 8.5, 7.25 ],
    "to": [ 3.5, 9.5, 8.75 ],
    "faces": {
        "down":  { "uv": [ 6, 10, 5, 9 ], "texture": "#texture" },
        "up":    { "uv": [ 5, 9, 6, 10 ], "texture": "#texture" },
        "north": { "uv": [ 5, 9, 6, 10 ], "texture": "#texture" },
        "south": { "uv": [ 5, 9, 6, 10 ], "texture": "#texture" },
        "west":  { "uv": [ 5, 9, 6, 10 ], "texture": "#texture" },
        "east":  { "uv": [ 5, 9, 6, 10 ], "texture": "#texture" }
    }
},
{
    "__comment": "Grip Highlights",
    "from": [ 8.5, 2.5, 7.25 ],
    "to": [ 9.5, 3.5, 8.75 ],
    "faces": {
        "down":  { "uv": [ 6, 10, 5, 9 ], "texture": "#texture" },
        "up":    { "uv": [ 5, 9, 6, 10 ], "texture": "#texture" },
        "north": { "uv": [ 5, 9, 6, 10 ], "texture": "#texture" },
        "south": { "uv": [ 5, 9, 6, 10 ], "texture": "#texture" },
        "west":  { "uv": [ 5, 9, 6, 10 ], "texture": "#texture" },
        "east":  { "uv": [ 5, 9, 6, 10 ], "texture": "#texture" }
    }
},
{
    "__comment": "Grip Highlights",
    "from": [ 0.75, 0.75, 7.4375 ],
    "to": [ 2.25, 2.25, 8.5625 ],
    "faces": {
        "down":  { "uv": [ 7, 9.75, 5, 9 ], "texture": "#texture" },
        "up":    { "uv": [ 5, 9, 7, 9.75 ], "texture": "#texture" },
        "north": { "uv": [ 5, 9, 7, 11 ], "texture": "#texture" },
        "south": { "uv": [ 5, 9, 7, 11 ], "texture": "#texture" },
        "west":  { "uv": [ 5, 9, 5.75, 11 ], "texture": "#texture" },
        "east":  { "uv": [ 5, 9, 5.75, 11 ], "texture": "#texture" }
    }
}
],
"display": {
    "thirdperson_righthand": {
        "rotation": [ 0, -90, 55 ],
        "translation": [ 0, 3, 1 ],
        "scale": [ 0.85, 0.85, 0.85 ]
    },
    "thirdperson_lefthand": {
        "rotation": [ 0, 90, -55 ],
        "translation": [ 0, 3, 1 ],
        "scale": [ 0.85, 0.85, 0.85 ]
    },
    "head": {
        "rotation": [ 0, 0, -100 ],
        "translation": [ -3, 10, 0 ],
        "scale": [ 1, 1, 1 ]
    },
    "ground": {
        "rotation": [ 0, 0, 0 ],
        "translation": [ 0, 3, 0 ],
        "scale": [ 0.5, 0.5, 0.5 ]
    },
    "fixed": {
        "rotation": [ 0, 180, 0 ],
        "translation": [ 0, 0, 0 ],
        "scale": [ 0.75, 0.75, 0.75 ]
    },
    "firstperson_righthand": {
        "rotation": [ 0, -90, 25 ],
        "translation": [ 1.13, 2.2, 1.13 ],
        "scale": [ 0.68, 0.68, 0.68 ]
    },
    "firstperson_lefthand": {
        "rotation": [ 0, 90, -25 ],
        "translation": [ 1.13, 2.2, 1.13 ],
        "scale": [ 0.68, 0.68, 0.68 ]
    },
    "gui": {
        "rotation": [ 30, 10, 0 ],
        "translation": [ 0, 0, 0 ],
        "scale": [ 1, 1, 1 ]
    }
}
}