{
"__comment": "Designed by Sibsib92 with BDcraft Cubik PRO 0.96 Beta - http://bdcraft.net",
"ambientocclusion": false,
"textures": {
    "particle": "items/wood_pickaxe",
    "texture": "blocks/planks_spruce",
    "material": "blocks/log_oak_top"
},
"elements": [ 
{
    "__comment": "Material",
    "from": [ 1.3125, 1.4375, 7.5 ],
    "to": [ 18.0625, 2.4375, 8.5 ],
    "rotation": { "origin": [ 1.3125, 2.4375, 7.5 ], "axis": "z", "angle": 45 },
    "faces": {
        "down":  { "uv": [ 13, 8, 3, 7 ], "texture": "#material" },
        "up":    { "uv": [ 3, 7, 13, 8 ], "texture": "#material" },
        "north": { "uv": [ 3, 7, 13, 8.5 ], "texture": "#material" },
        "south": { "uv": [ 3, 7, 13, 8 ], "texture": "#material" },
        "west":  { "uv": [ 12, 7, 13, 8 ], "texture": "#material" },
        "east":  { "uv": [ 3, 7, 4, 8 ], "texture": "#material" }
    }
},
{
    "__comment": "Wood",
    "from": [ 1.5625, 1.6875, 7 ],
    "to": [ 17.5625, 2.6875, 9 ],
    "rotation": { "origin": [ 1.5625, 2.6875, 7 ], "axis": "z", "angle": 45 },
    "faces": {
        "down":  { "uv": [ 0, 1, 16, 0 ], "texture": "#texture" },
        "up":    { "uv": [ 0, 0, 16, 1 ], "texture": "#texture" },
        "north": { "uv": [ 16, 0, 0, 1 ], "texture": "#texture" },
        "south": { "uv": [ 0, 0, 16, 1 ], "texture": "#texture" },
        "west":  { "uv": [ 0, 0, 1, 1 ], "texture": "#texture" },
        "east":  { "uv": [ 15, 0, 16, 1 ], "texture": "#texture" }
    }
},
{
    "__comment": "Wood",
    "from": [ 1.1875, 1.0625, 7.5 ],
    "to": [ 17.1875, 3.0625, 8.5 ],
    "rotation": { "origin": [ 1.1875, 3.0625, 7.5 ], "axis": "z", "angle": 45 },
    "faces": {
        "down":  { "uv": [ 0, 1, 16, 0 ], "texture": "#texture" },
        "up":    { "uv": [ 0, 0, 16, 1 ], "texture": "#texture" },
        "north": { "uv": [ 16, 0, 0, 1 ], "texture": "#texture" },
        "south": { "uv": [ 0, 0, 16, 1 ], "texture": "#texture" },
        "west":  { "uv": [ 0, 0, 1, 1 ], "texture": "#texture" },
        "east":  { "uv": [ 15, 0, 16, 1 ], "texture": "#texture" }
    }
},
{
    "__comment": "Material",
    "from": [ 5.8125, 15.6875, 6.5 ],
    "to": [ 13.8125, 16.6875, 9.5 ],
    "rotation": { "origin": [ 5.8125, 16.6875, 6.5 ], "axis": "z", "angle": -22.5 },
    "faces": {
        "down":  { "uv": [ 6, 11, 9, 3 ], "rotation": 90, "texture": "#material" },
        "up":    { "uv": [ 6, 12, 9, 4 ], "rotation": 90, "texture": "#material" },
        "north": { "uv": [ 6, 4, 7, 12 ], "rotation": 90, "texture": "#material" },
        "south": { "uv": [ 6, 12, 7, 4 ], "rotation": 90, "texture": "#material" },
        "west":  { "uv": [ 6, 4, 9, 5 ], "texture": "#material" },
        "east":  { "uv": [ 6, 11, 9, 12 ], "texture": "#material" }
    }
},
{
    "__comment": "Material",
    "from": [ 12.3125, 5.25, 6.5 ],
    "to": [ 13.3125, 13.25, 9.5 ],
    "rotation": { "origin": [ 12.3125, 13.25, 6.5 ], "axis": "z", "angle": 22.5 },
    "faces": {
        "down":  { "uv": [ 6, 12, 5, 9 ], "texture": "#material" },
        "up":    { "uv": [ 5, 9, 6, 12 ], "texture": "#material" },
        "north": { "uv": [ 6, 4, 7, 12 ], "texture": "#material" },
        "south": { "uv": [ 6, 4, 7, 12 ], "texture": "#material" },
        "west":  { "uv": [ 6, 4, 9, 12 ], "texture": "#material" },
        "east":  { "uv": [ 6, 4, 9, 12 ], "texture": "#material" }
    }
},
{
    "__comment": "Material",
    "from": [ 6.5625, 15.3125, 7.75 ],
    "to": [ 19.0625, 15.8125, 8.25 ],
    "rotation": { "origin": [ 6.5625, 15.8125, 7.75 ], "axis": "z", "angle": -45 },
    "faces": {
        "down":  { "uv": [ 3.5, 8, 12.5, 9 ], "texture": "#material" },
        "up":    { "uv": [ 3.5, 8, 12.5, 9 ], "texture": "#material" },
        "north": { "uv": [ 12.5, 8, 3.5, 9 ], "texture": "#material" },
        "south": { "uv": [ 3.5, 8, 12.5, 9 ], "texture": "#material" }
    }
}
],
"display": {
    "thirdperson_righthand": {
        "rotation": [ 0, -90, 55 ],
        "translation": [ 0, 2, 1 ],
        "scale": [ 0.85, 0.85, 0.85 ]
    },
    "thirdperson_lefthand": {
        "rotation": [ 0, 90, -55 ],
        "translation": [ 0, 2, 1 ],
        "scale": [ 0.85, 0.85, 0.85 ]
    },
    "head": {
        "rotation": [ 0, 0, 165 ],
        "translation": [ 0, 11, 0 ],
        "scale": [ 1, 1, 1 ]
    },
    "ground": {
        "rotation": [ 0, 0, 0 ],
        "translation": [ 0, 3, 0 ],
        "scale": [ 0.5, 0.5, 0.5 ]
    },
    "fixed": {
        "rotation": [ 0, 180, 0 ],
        "translation": [ 0, 0, 0 ],
        "scale": [ 0.75, 0.75, 0.75 ]
    },
    "firstperson_righthand": {
        "rotation": [ 0, -90, 25 ],
        "translation": [ 1.13, 2.2, 1.13 ],
        "scale": [ 0.68, 0.68, 0.68 ]
    },
    "firstperson_lefthand": {
        "rotation": [ 0, 90, -25 ],
        "translation": [ 1.13, 2.2, 1.13 ],
        "scale": [ 0.68, 0.68, 0.68 ]
    },
    "gui": {
        "rotation": [ 30, 20, 0 ],
        "translation": [ -1, -0.5, 0 ],
        "scale": [ 1, 1, 1 ]
    }
}
}