{
"__comment": "Designed by Sibsib92 with BDcraft Cubik PRO 0.96 Beta - http://bdcraft.net",
"ambientocclusion": false,
"textures": {
    "particle": "items/wood_shovel",
    "texture": "blocks/planks_spruce",
    "material": "blocks/log_oak_top"
},
"elements": [ 
{
    "__comment": "Material",
    "from": [ 1.3125, 1.4375, 7.5 ],
    "to": [ 18.0625, 2.4375, 8.5 ],
    "rotation": { "origin": [ 1.3125, 2.4375, 7.5 ], "axis": "z", "angle": 45 },
    "faces": {
        "down":  { "uv": [ 13, 8, 3, 7 ], "texture": "#material" },
        "up":    { "uv": [ 3, 7, 13, 8 ], "texture": "#material" },
        "north": { "uv": [ 3, 7, 13, 8.5 ], "texture": "#material" },
        "south": { "uv": [ 3, 7, 13, 8 ], "texture": "#material" },
        "west":  { "uv": [ 12, 7, 13, 8 ], "texture": "#material" },
        "east":  { "uv": [ 3, 7, 4, 8 ], "texture": "#material" }
    }
},
{
    "__comment": "Wood",
    "from": [ 1.5625, 1.6875, 7 ],
    "to": [ 17.5625, 2.6875, 9 ],
    "rotation": { "origin": [ 1.5625, 2.6875, 7 ], "axis": "z", "angle": 45 },
    "faces": {
        "down":  { "uv": [ 0, 1, 16, 0 ], "texture": "#texture" },
        "up":    { "uv": [ 0, 0, 16, 1 ], "texture": "#texture" },
        "north": { "uv": [ 16, 0, 0, 1 ], "texture": "#texture" },
        "south": { "uv": [ 0, 0, 16, 1 ], "texture": "#texture" },
        "west":  { "uv": [ 0, 0, 1, 1 ], "texture": "#texture" },
        "east":  { "uv": [ 15, 0, 16, 1 ], "texture": "#texture" }
    }
},
{
    "__comment": "Wood",
    "from": [ 1.1875, 1.0625, 7.5 ],
    "to": [ 17.1875, 3.0625, 8.5 ],
    "rotation": { "origin": [ 1.1875, 3.0625, 7.5 ], "axis": "z", "angle": 45 },
    "faces": {
        "down":  { "uv": [ 0, 1, 16, 0 ], "texture": "#texture" },
        "up":    { "uv": [ 0, 0, 16, 1 ], "texture": "#texture" },
        "north": { "uv": [ 16, 0, 0, 1 ], "texture": "#texture" },
        "south": { "uv": [ 0, 0, 16, 1 ], "texture": "#texture" },
        "west":  { "uv": [ 0, 0, 1, 1 ], "texture": "#texture" },
        "east":  { "uv": [ 15, 0, 16, 1 ], "texture": "#texture" }
    }
},
{
    "__comment": "Material",
    "from": [ 11.4375, 10.6875, 7.375 ],
    "to": [ 15.4375, 14.6875, 7.875 ],
    "rotation": { "origin": [ 11.4375, 14.6875, 7.375 ], "axis": "z", "angle": 45 },
    "faces": {
        "down":  { "uv": [ 12, 7.875, 7, 7.375 ], "texture": "#material" },
        "up":    { "uv": [ 4, 7.375, 9, 7.875 ], "texture": "#material" },
        "north": { "uv": [ 7, 6, 12, 10 ], "texture": "#material" },
        "south": { "uv": [ 4, 6, 9, 10 ], "texture": "#material" },
        "west":  { "uv": [ 7.375, 6, 7.875, 10 ], "texture": "#material" },
        "east":  { "uv": [ 8.125, 6, 8.625, 10 ], "texture": "#material" }
    }
},
{
    "__comment": "Material",
    "from": [ 14.5625, 14.125, 7.375 ],
    "to": [ 15.5625, 17.125, 7.875 ],
    "rotation": { "origin": [ 14.5625, 17.125, 7.375 ], "axis": "z", "angle": 45 },
    "faces": {
        "down":  { "uv": [ 7, 7.875, 6.5, 7.375 ], "texture": "#material" },
        "up":    { "uv": [ 9, 7.375, 9.5, 7.875 ], "texture": "#material" },
        "north": { "uv": [ 6.5, 6.5, 7, 9.5 ], "texture": "#material" },
        "south": { "uv": [ 9, 6.5, 9.5, 9.5 ], "texture": "#material" },
        "west":  { "uv": [ 7.375, 6.5, 7.875, 9.5 ], "texture": "#material" },
        "east":  { "uv": [ 8.125, 6.5, 8.625, 9.5 ], "texture": "#material" }
    }
}
],
"display": {
    "thirdperson_righthand": {
        "rotation": [ 0, -90, 55 ],
        "translation": [ 0, 2, 1 ],
        "scale": [ 0.85, 0.85, 0.85 ]
    },
    "thirdperson_lefthand": {
        "rotation": [ 0, -90, -35 ],
        "translation": [ 0, 2, 0.5 ],
        "scale": [ 0.85, 0.85, 0.85 ]
    },
    "head": {
        "rotation": [ 0, 0, -100 ],
        "translation": [ -5, 14, 0 ],
        "scale": [ 1, 1, 1 ]
    },
    "ground": {
        "rotation": [ 0, 0, 0 ],
        "translation": [ 0, 3, 0 ],
        "scale": [ 0.5, 0.5, 0.5 ]
    },
    "fixed": {
        "rotation": [ 0, 180, 0 ],
        "translation": [ 0, 0, 0 ],
        "scale": [ 0.75, 0.75, 0.75 ]
    },
    "firstperson_righthand": {
        "rotation": [ 0, -90, 25 ],
        "translation": [ 1.13, 2.2, 1.13 ],
        "scale": [ 0.68, 0.68, 0.68 ]
    },
    "firstperson_lefthand": {
        "rotation": [ 0, -90, -65 ],
        "translation": [ 1.13, 2.2, 1.13 ],
        "scale": [ 0.68, 0.68, 0.68 ]
    },
    "gui": {
        "rotation": [ 30, 20, 0 ],
        "translation": [ -1, -1.5, 0 ],
        "scale": [ 1, 1, 1 ]
    }
}
}