{"stat.useItem.minecraft.bow":8,"stat.useItem.minecraft.repeater":81,"stat.leaveGame":12,"stat.useItem.minecraft.log2":42,"stat.entityKilledBy.Witch":1,"stat.useItem.minecraft.skull":9,"stat.useItem.minecraft.diamond_sword":58,"stat.useItem.minecraft.glowstone":4527,"stat.useItem.minecraft.planks":280,"achievement.buildWorkBench":16,"stat.useItem.minecraft.redstone_torch":18,"stat.useItem.minecraft.dirt":166,"achievement.exploreAllBiomes":{"value":0,"progress":["Plains"]},"stat.craftItem.minecraft.furnace":4,"stat.useItem.minecraft.egg":1,"stat.useItem.minecraft.spruce_fence_gate":4,"stat.useItem.minecraft.brick_block":3,"stat.flyOneCm":3242798,"achievement.buildPickaxe":15,"stat.killEntity.Witch":6,"stat.killEntity.Villager":1,"stat.timeSinceDeath":321979,"stat.useItem.minecraft.sign":141,"stat.useItem.minecraft.spawn_egg":90,"stat.craftItem.minecraft.wooden_pickaxe":8,"stat.useItem.minecraft.wooden_slab":80,"stat.useItem.minecraft.iron_door":1,"stat.useItem.minecraft.lever":4,"stat.furnaceInteraction":8,"stat.killEntity.Creeper":1,"stat.talkedToVillager":1,"stat.useItem.minecraft.redstone":102,"stat.useItem.minecraft.sea_lantern":1,"stat.useItem.minecraft.golden_axe":63,"achievement.mineWood":27,"stat.useItem.minecraft.spruce_fence":2,"stat.sprintOneCm":570502,"stat.useItem.minecraft.diamond_block":51,"stat.useItem.minecraft.stained_glass":9,"stat.craftItem.minecraft.stick":60,"achievement.openInventory":724,"stat.craftItem.minecraft.stone":4,"stat.useItem.minecraft.wooden_button":24,"stat.useItem.minecraft.diamond_pickaxe":17,"achievement.buildFurnace":8,"stat.mineBlock.minecraft.planks":26,"stat.deaths":3,"stat.drop":326,"stat.playOneMinute":722395,"stat.useItem.minecraft.banner":54,"stat.useItem.minecraft.nether_brick":2,"stat.killEntity.Zombie":1,"stat.chestOpened":18,"stat.useItem.minecraft.stone":125,"stat.killEntity.Slime":2,"stat.useItem.minecraft.diamond_axe":27,"stat.useItem.minecraft.potion":28,"stat.jump":1874,"stat.fallOneCm":5116,"stat.useItem.minecraft.piston":9,"stat.crouchOneCm":27005,"stat.useItem.minecraft.stone_button":29,"stat.craftingTableInteraction":26,"stat.useItem.minecraft.dispenser":1,"stat.mineBlock.minecraft.log2":24,"stat.damageTaken":2870,"stat.useItem.minecraft.wooden_pickaxe":38,"stat.useItem.minecraft.furnace":5,"stat.useItem.minecraft.slime":10,"stat.useItem.minecraft.stone_sword":10,"stat.damageDealt":5730,"stat.killEntity.Rabbit":2,"stat.useItem.minecraft.wool":82,"stat.killEntity.Silverfish":2,"stat.killEntity.Cow":4,"stat.useItem.minecraft.crafting_table":21,"stat.mineBlock.minecraft.dirt":1,"stat.useItem.minecraft.command_block":687,"stat.walkOneCm":2016313,"stat.useItem.minecraft.chest":3,"stat.useItem.minecraft.log":118,"stat.useItem.minecraft.comparator":95,"stat.useItem.minecraft.cobblestone":1,"stat.craftItem.minecraft.crafting_table":9,"stat.useItem.minecraft.emerald_block":2,"stat.killEntity.LavaSlime":1,"stat.useItem.minecraft.redstone_block":56,"stat.craftItem.minecraft.stone_button":4,"stat.useItem.minecraft.spruce_stairs":44,"stat.useItem.minecraft.stained_hardened_clay":915,"stat.mineBlock.minecraft.iron_block":17,"stat.craftItem.minecraft.planks":64,"stat.useItem.minecraft.iron_block":55,"stat.mobKills":21,"stat.useItem.minecraft.stonebrick":17,"stat.mineBlock.minecraft.log":39,"stat.useItem.minecraft.monster_egg":2,"stat.mineBlock.minecraft.stone":38}