{
"__comment": "Designed by Sibsib92 with BDcraft Cubik PRO 0.96 Beta - http://bdcraft.net",
"ambientocclusion": false,
"textures": {
    "particle": "blocks/door_acacia_upper",
    "texture": "blocks/planks_acacia",
    "metal": "blocks/cauldron_inner"
},
"elements": [ 
{
    "__comment": "Hinge",
    "from": [ -0.25, -1, -0.0625 ],
    "to": [ 3.25, 1, 0.9375 ],
    "faces": {
        "down":  { "uv": [ 3, 1, 0, 0 ], "texture": "#metal" },
        "up":    { "uv": [ 0, 0, 3, 1 ], "texture": "#metal" },
        "north": { "uv": [ 0, 0, 3, 2 ], "texture": "#metal" },
        "south": { "uv": [ 0, 0, 3, 2 ], "texture": "#metal" },
        "west":  { "uv": [ 0, 0, 1, 2 ], "texture": "#metal" },
        "east":  { "uv": [ 0, 0, 1, 2 ], "texture": "#metal" }
    }
},
{
    "__comment": "Hinge",
    "from": [ -0.25, 10, -0.0625 ],
    "to": [ 3.25, 12, 0.9375 ],
    "faces": {
        "down":  { "uv": [ 3, 1, 0, 0 ], "texture": "#metal" },
        "up":    { "uv": [ 0, 0, 3, 1 ], "texture": "#metal" },
        "north": { "uv": [ 0, 0, 3, 2 ], "texture": "#metal" },
        "south": { "uv": [ 0, 0, 3, 2 ], "texture": "#metal" },
        "west":  { "uv": [ 0, 0, 1, 2 ], "texture": "#metal" },
        "east":  { "uv": [ 0, 0, 1, 2 ], "texture": "#metal" }
    }
},
{
    "__comment": "Handle",
    "from": [ -0.5, -0.25, 14.25 ],
    "to": [ 3.5, 0.25, 14.75 ],
    "faces": {
        "down":  { "uv": [ 16, 14.5, 12, 14 ], "texture": "#metal" },
        "up":    { "uv": [ 0, 14, 4, 14.5 ], "texture": "#metal" },
        "north": { "uv": [ 12, 15.25, 16, 15.75 ], "texture": "#metal" },
        "south": { "uv": [ 0, 15.25, 4, 15.75 ], "texture": "#metal" }
    }
},
{
    "__comment": "Handle",
    "from": [ -1, -0.5, 13 ],
    "to": [ -0.5, 0.5, 15 ],
    "faces": {
        "down":  { "uv": [ 16, 15, 15.5, 13 ], "texture": "#metal" },
        "up":    { "uv": [ 0, 13, 0.5, 15 ], "texture": "#metal" },
        "north": { "uv": [ 15.5, 15, 16, 16 ], "texture": "#metal" },
        "south": { "uv": [ 0, 15, 0.5, 16 ], "texture": "#metal" },
        "west":  { "uv": [ 13, 15, 15, 16 ], "texture": "#metal" },
        "east":  { "uv": [ 1, 15, 3, 16 ], "texture": "#metal" }
    }
},
{
    "__comment": "Handle",
    "from": [ 3.5, -0.5, 13 ],
    "to": [ 4, 0.5, 15 ],
    "faces": {
        "down":  { "uv": [ 12.5, 15, 12, 13 ], "texture": "#metal" },
        "up":    { "uv": [ 3.5, 13, 4, 15 ], "texture": "#metal" },
        "north": { "uv": [ 12, 15, 12.5, 16 ], "texture": "#metal" },
        "south": { "uv": [ 3.5, 15, 4, 16 ], "texture": "#metal" },
        "west":  { "uv": [ 13, 15, 15, 16 ], "texture": "#metal" },
        "east":  { "uv": [ 1, 15, 3, 16 ], "texture": "#metal" }
    }
},
{
    "__comment": "Handle",
    "from": [ -1.5, -0.5, 11.5 ],
    "to": [ -1, 0.5, 13.5 ],
    "faces": {
        "down":  { "uv": [ 16, 13.5, 15.5, 11.5 ], "texture": "#metal" },
        "up":    { "uv": [ 0, 11.5, 0.5, 13.5 ], "texture": "#metal" },
        "north": { "uv": [ 15.5, 15, 16, 16 ], "texture": "#metal" },
        "south": { "uv": [ 0, 15, 0.5, 16 ], "texture": "#metal" },
        "west":  { "uv": [ 11.5, 15, 13.5, 16 ], "texture": "#metal" },
        "east":  { "uv": [ 2.5, 15, 4.5, 16 ], "texture": "#metal" }
    }
},
{
    "__comment": "Handle",
    "from": [ 4, -0.5, 11.5 ],
    "to": [ 4.5, 0.5, 13.5 ],
    "faces": {
        "down":  { "uv": [ 12, 13.5, 11.5, 11.5 ], "texture": "#metal" },
        "up":    { "uv": [ 4, 11.5, 4.5, 13.5 ], "texture": "#metal" },
        "north": { "uv": [ 11.5, 15, 12, 16 ], "texture": "#metal" },
        "south": { "uv": [ 4, 15, 4.5, 16 ], "texture": "#metal" },
        "west":  { "uv": [ 11.5, 15, 13.5, 16 ], "texture": "#metal" },
        "east":  { "uv": [ 2.5, 15, 4.5, 16 ], "texture": "#metal" }
    }
},
{
    "__comment": "Handle",
    "from": [ 3.5, -0.5, 11 ],
    "to": [ 4, 0.5, 12 ],
    "faces": {
        "down":  { "uv": [ 12.5, 12, 12, 11 ], "texture": "#metal" },
        "up":    { "uv": [ 3.5, 11, 4, 12 ], "texture": "#metal" },
        "north": { "uv": [ 12, 15, 12.5, 16 ], "texture": "#metal" },
        "south": { "uv": [ 3.5, 15, 4, 16 ], "texture": "#metal" },
        "west":  { "uv": [ 11, 15, 12, 16 ], "texture": "#metal" },
        "east":  { "uv": [ 4, 15, 5, 16 ], "texture": "#metal" }
    }
},
{
    "__comment": "Handle",
    "from": [ -1, -0.5, 11 ],
    "to": [ -0.5, 0.5, 12 ],
    "faces": {
        "down":  { "uv": [ 12.5, 12, 12, 11 ], "texture": "#metal" },
        "up":    { "uv": [ 3.5, 11, 4, 12 ], "texture": "#metal" },
        "north": { "uv": [ 12, 15, 12.5, 16 ], "texture": "#metal" },
        "south": { "uv": [ 3.5, 15, 4, 16 ], "texture": "#metal" },
        "west":  { "uv": [ 11, 15, 12, 16 ], "texture": "#metal" },
        "east":  { "uv": [ 4, 15, 5, 16 ], "texture": "#metal" }
    }
},
{
    "__comment": "Top Diag Vert",
    "from": [ 0, 0, 14 ],
    "to": [ 1.5, 14, 15.5 ],
    "rotation": { "origin": [ 0, 0, 14 ], "axis": "y", "angle": 45 },
    "faces": {
        "north": { "uv": [ 13, 2, 14, 16 ], "texture": "#texture" }
    }
},
{
    "__comment": "Top Diag Vert",
    "from": [ 0.875, 0, 14 ],
    "to": [ 2.375, 14, 15.5 ],
    "rotation": { "origin": [ 0.875, 0, 14 ], "axis": "y", "angle": 45 },
    "faces": {
        "east":  { "uv": [ 2, 2, 3, 16 ], "texture": "#texture" }
    }
},
{
    "__comment": "Top Diag Vert",
    "from": [ 0, 0, 2 ],
    "to": [ 1.5, 14, 3.5 ],
    "rotation": { "origin": [ 0, 0, 2 ], "axis": "y", "angle": 45 },
    "faces": {
        "west":  { "uv": [ 2, 2, 3, 16 ], "texture": "#texture" }
    }
},
{
    "__comment": "Top Diag Vert",
    "from": [ 0.875, 0, 2 ],
    "to": [ 2.375, 14, 3.5 ],
    "rotation": { "origin": [ 0.875, 0, 2 ], "axis": "y", "angle": 45 },
    "faces": {
        "south": { "uv": [ 13, 2, 14, 16 ], "texture": "#texture" }
    }
},
{
    "__comment": "Top Diag Horiz",
    "from": [ 0, 12.5, 2 ],
    "to": [ 1.5, 14, 14 ],
    "rotation": { "origin": [ 0, 14, 2 ], "axis": "z", "angle": 45 },
    "faces": {
        "west":  { "uv": [ 2, 2, 14, 3 ], "texture": "#texture" }
    }
},
{
    "__comment": "Top Diag Horiz",
    "from": [ 0.875, 12.5, 2 ],
    "to": [ 2.375, 14, 14 ],
    "rotation": { "origin": [ 0.875, 14, 2 ], "axis": "z", "angle": 45 },
    "faces": {
        "down":  { "uv": [ 2, 2, 14, 3 ], "rotation": 90, "texture": "#texture" }
    }
},
{
    "__comment": "Door Top",
    "from": [ 0, 0, 14 ],
    "to": [ 3, 14, 16 ],
    "faces": {
        "north": { "uv": [ 13, 2, 16, 16 ], "texture": "#texture" },
        "south": { "uv": [ 0, 2, 3, 16 ], "texture": "#texture" },
        "west":  { "uv": [ 14, 2, 16, 16 ], "texture": "#texture" },
        "east":  { "uv": [ 0, 2, 2, 16 ], "texture": "#texture" }
    }
},
{
    "__comment": "Door Top",
    "from": [ 0, 0, 0 ],
    "to": [ 3, 14, 2 ],
    "faces": {
        "north": { "uv": [ 13, 2, 16, 16 ], "texture": "#texture" },
        "south": { "uv": [ 0, 2, 3, 16 ], "texture": "#texture" },
        "west":  { "uv": [ 0, 2, 2, 16 ], "texture": "#texture" },
        "east":  { "uv": [ 14, 2, 16, 16 ], "texture": "#texture" }
    }
},
{
    "__comment": "Door Top",
    "from": [ 0, 14, 0 ],
    "to": [ 3, 16, 16 ],
    "faces": {
        "down":  { "uv": [ 16, 15, 0, 12 ], "rotation": 90, "texture": "#texture" },
        "up":    { "uv": [ 0, 0, 16, 3 ], "rotation": 90, "texture": "#texture" },
        "north": { "uv": [ 13, 0, 16, 2 ], "texture": "#texture" },
        "south": { "uv": [ 0, 0, 3, 2 ], "texture": "#texture" },
        "west":  { "uv": [ 0, 0, 16, 2 ], "texture": "#texture" },
        "east":  { "uv": [ 0, 0, 16, 2 ], "texture": "#texture" }
    }
},
{
    "__comment": "Door Top",
    "from": [ 1, 0, 13 ],
    "to": [ 2, 13, 14 ],
    "faces": {
        "north": { "uv": [ 14, 3, 15, 16 ], "texture": "#texture" },
        "west":  { "uv": [ 13, 3, 14, 16 ], "texture": "#texture" },
        "east":  { "uv": [ 2, 3, 3, 16 ], "texture": "#texture" }
    }
},
{
    "__comment": "Door Top",
    "from": [ 1, 13, 2 ],
    "to": [ 2, 14, 14 ],
    "faces": {
        "down":  { "uv": [ 14, 3, 2, 2 ], "rotation": 90, "texture": "#texture" },
        "west":  { "uv": [ 2, 0, 14, 1 ], "texture": "#texture" },
        "east":  { "uv": [ 2, 0, 14, 1 ], "texture": "#texture" }
    }
},
{
    "__comment": "Door Top",
    "from": [ 1, 0, 2 ],
    "to": [ 2, 13, 3 ],
    "faces": {
        "south": { "uv": [ 1, 3, 2, 16 ], "texture": "#texture" },
        "west":  { "uv": [ 2, 3, 3, 16 ], "texture": "#texture" },
        "east":  { "uv": [ 13, 3, 14, 16 ], "texture": "#texture" }
    }
},
{
    "__comment": "Bot Diag Vert",
    "from": [ 0.5, 0, 6 ],
    "to": [ 2, 14, 7.5 ],
    "rotation": { "origin": [ 0.5, 0, 6 ], "axis": "y", "angle": 45 },
    "faces": {
        "north": { "uv": [ 5, 2, 6, 16 ], "texture": "#texture" },
        "south": { "uv": [ 9, 2, 10, 16 ], "texture": "#texture" },
        "west":  { "uv": [ 6, 2, 7, 16 ], "texture": "#texture" },
        "east":  { "uv": [ 10, 2, 11, 16 ], "texture": "#texture" }
    }
},
{
    "__comment": "Bot Diag Vert",
    "from": [ 0.5, 0, 10 ],
    "to": [ 2, 14, 11.5 ],
    "rotation": { "origin": [ 0.5, 0, 10 ], "axis": "y", "angle": 45 },
    "faces": {
        "north": { "uv": [ 9, 2, 10, 16 ], "texture": "#texture" },
        "south": { "uv": [ 5, 2, 6, 16 ], "texture": "#texture" },
        "west":  { "uv": [ 10, 2, 11, 16 ], "texture": "#texture" },
        "east":  { "uv": [ 6, 2, 7, 16 ], "texture": "#texture" }
    }
}
]
}