{
"__comment": "Designed by Sibsib92 with BDcraft Cubik PRO 0.95 Beta - http://bdcraft.net",
"ambientocclusion": false,
"textures": {
    "particle": "blocks/beacon",
    "texture": "blocks/glass",
    "obsidian": "blocks/obsidian"
},
"elements": [ 
{
    "__comment": "Glass",
    "from": [ 3, 3, 3 ],
    "to": [ 13, 13, 13 ],
    "faces": {
        "up":    { "uv": [ 0.001, 0.001, 15.999, 15.999 ], "texture": "#texture" },
        "north": { "uv": [ 15.999, 0.001, 0.001, 15.999 ], "texture": "#texture" },
        "south": { "uv": [ 15.999, 0.001, 0.001, 15.999 ], "texture": "#texture" },
        "west":  { "uv": [ 0.001, 0.001, 15.999, 15.999 ], "texture": "#texture" },
        "east":  { "uv": [ 0.001, 0.001, 15.999, 15.999 ], "texture": "#texture" }
    }
},
{
    "__comment": "Obsidian",
    "from": [ 2, 2, 2 ],
    "to": [ 14, 3, 14 ],
    "faces": {
        "up":    { "uv": [ 2.001, 2.001, 13.999, 13.999 ], "texture": "#obsidian" },
        "north": { "uv": [ 13.999, 2.001, 2.001, 2.999 ], "texture": "#obsidian" },
        "south": { "uv": [ 2.001, 13.001, 13.999, 13.999 ], "texture": "#obsidian" },
        "west":  { "uv": [ 2.001, 13.999, 2.999, 2.001 ], "rotation": 90, "texture": "#obsidian" },
        "east":  { "uv": [ 13.001, 2.001, 13.999, 13.999 ], "rotation": 90, "texture": "#obsidian" }
    }
},
{
    "__comment": "Obsidian",
    "from": [ 0, 0, 0 ],
    "to": [ 16, 1, 16 ],
    "faces": {
        "down":  { "uv": [ 0.001, 15.999, 15.999, 0.001 ], "texture": "#obsidian" },
        "up":    { "uv": [ 0.001, 0.001, 15.999, 15.999 ], "texture": "#obsidian" },
        "north": { "uv": [ 15.999, 0.001, 0.001, 0.999 ], "texture": "#obsidian" },
        "south": { "uv": [ 0.001, 15.001, 15.999, 15.999 ], "texture": "#obsidian" },
        "west":  { "uv": [ 0.001, 15.999, 0.999, 0.001 ], "rotation": 90, "texture": "#obsidian" },
        "east":  { "uv": [ 15.001, 0.001, 15.999, 15.999 ], "rotation": 90, "texture": "#obsidian" }
    }
},
{
    "__comment": "Obsidian",
    "from": [ 1, 1, 1 ],
    "to": [ 15, 2, 15 ],
    "faces": {
        "up":    { "uv": [ 1.001, 1.001, 14.999, 14.999 ], "texture": "#obsidian" },
        "north": { "uv": [ 14.999, 1.001, 1.001, 1.999 ], "texture": "#obsidian" },
        "south": { "uv": [ 1.001, 14.001, 14.999, 14.999 ], "texture": "#obsidian" },
        "west":  { "uv": [ 1.001, 14.999, 1.999, 1.001 ], "rotation": 90, "texture": "#obsidian" },
        "east":  { "uv": [ 14.001, 1.001, 14.999, 14.999 ], "rotation": 90, "texture": "#obsidian" }
    }
},
{
    "__comment": "Sphere",
    "from": [ 7, 6, 4 ],
    "to": [ 9, 10, 12 ],
    "faces": {
        "down":  { "uv": [ 8.999, 11.999, 7.001, 4.001 ], "texture": "#particle" },
        "up":    { "uv": [ 7.001, 4.001, 8.999, 11.999 ], "texture": "#particle" },
        "north": { "uv": [ 7.001, 6.001, 8.999, 9.999 ], "texture": "#particle" },
        "south": { "uv": [ 7.001, 6.001, 8.999, 9.999 ], "texture": "#particle" },
        "west":  { "uv": [ 4.001, 6.001, 11.999, 9.999 ], "texture": "#particle" },
        "east":  { "uv": [ 4.001, 6.001, 11.999, 9.999 ], "texture": "#particle" }
    }
},
{
    "__comment": "Sphere",
    "from": [ 6, 7, 4 ],
    "to": [ 10, 9, 12 ],
    "faces": {
        "down":  { "uv": [ 9.999, 11.999, 6.001, 4.001 ], "texture": "#particle" },
        "up":    { "uv": [ 6.001, 4.001, 9.999, 11.999 ], "texture": "#particle" },
        "north": { "uv": [ 6.001, 7.001, 9.999, 8.999 ], "texture": "#particle" },
        "south": { "uv": [ 6.001, 7.001, 9.999, 8.999 ], "texture": "#particle" },
        "west":  { "uv": [ 4.001, 7.001, 11.999, 8.999 ], "texture": "#particle" },
        "east":  { "uv": [ 4.001, 7.001, 11.999, 8.999 ], "texture": "#particle" }
    }
},
{
    "__comment": "Sphere",
    "from": [ 4, 6, 7 ],
    "to": [ 12, 10, 9 ],
    "faces": {
        "down":  { "uv": [ 11.999, 8.999, 4.001, 7.001 ], "texture": "#particle" },
        "up":    { "uv": [ 4.001, 7.001, 11.999, 8.999 ], "texture": "#particle" },
        "north": { "uv": [ 4.001, 6.001, 11.999, 9.999 ], "texture": "#particle" },
        "south": { "uv": [ 4.001, 6.001, 11.999, 9.999 ], "texture": "#particle" },
        "west":  { "uv": [ 7.001, 6.001, 8.999, 9.999 ], "texture": "#particle" },
        "east":  { "uv": [ 7.001, 6.001, 8.999, 9.999 ], "texture": "#particle" }
    }
},
{
    "__comment": "Sphere",
    "from": [ 4, 7, 6 ],
    "to": [ 12, 9, 10 ],
    "faces": {
        "down":  { "uv": [ 11.999, 9.999, 4.001, 6.001 ], "texture": "#particle" },
        "up":    { "uv": [ 4.001, 6.001, 11.999, 9.999 ], "texture": "#particle" },
        "north": { "uv": [ 4.001, 7.001, 11.999, 8.999 ], "texture": "#particle" },
        "south": { "uv": [ 4.001, 7.001, 11.999, 8.999 ], "texture": "#particle" },
        "west":  { "uv": [ 6.001, 7.001, 9.999, 8.999 ], "texture": "#particle" },
        "east":  { "uv": [ 6.001, 7.001, 9.999, 8.999 ], "texture": "#particle" }
    }
},
{
    "__comment": "Sphere",
    "from": [ 6, 4, 7 ],
    "to": [ 10, 12, 9 ],
    "faces": {
        "down":  { "uv": [ 9.999, 8.999, 6.001, 7.001 ], "texture": "#particle" },
        "up":    { "uv": [ 6.001, 7.001, 9.999, 8.999 ], "texture": "#particle" },
        "north": { "uv": [ 6.001, 4.001, 9.999, 11.999 ], "texture": "#particle" },
        "south": { "uv": [ 6.001, 4.001, 9.999, 11.999 ], "texture": "#particle" },
        "west":  { "uv": [ 7.001, 4.001, 8.999, 11.999 ], "texture": "#particle" },
        "east":  { "uv": [ 7.001, 4.001, 8.999, 11.999 ], "texture": "#particle" }
    }
},
{
    "__comment": "Sphere",
    "from": [ 7, 4, 6 ],
    "to": [ 9, 12, 10 ],
    "faces": {
        "down":  { "uv": [ 8.999, 9.999, 7.001, 6.001 ], "texture": "#particle" },
        "up":    { "uv": [ 7.001, 6.001, 8.999, 9.999 ], "texture": "#particle" },
        "north": { "uv": [ 7.001, 4.001, 8.999, 11.999 ], "texture": "#particle" },
        "south": { "uv": [ 7.001, 4.001, 8.999, 11.999 ], "texture": "#particle" },
        "west":  { "uv": [ 6.001, 4.001, 9.999, 11.999 ], "texture": "#particle" },
        "east":  { "uv": [ 6.001, 4.001, 9.999, 11.999 ], "texture": "#particle" }
    }
},
{
    "__comment": "Sphere",
    "from": [ 5, 6, 5 ],
    "to": [ 11, 10, 11 ],
    "faces": {
        "down":  { "uv": [ 10.999, 10.999, 5.001, 5.001 ], "texture": "#particle" },
        "up":    { "uv": [ 5.001, 5.001, 10.999, 10.999 ], "texture": "#particle" },
        "north": { "uv": [ 5.001, 6.001, 10.999, 9.999 ], "texture": "#particle" },
        "south": { "uv": [ 5.001, 6.001, 10.999, 9.999 ], "texture": "#particle" },
        "west":  { "uv": [ 5.001, 6.001, 10.999, 9.999 ], "texture": "#particle" },
        "east":  { "uv": [ 5.001, 6.001, 10.999, 9.999 ], "texture": "#particle" }
    }
},
{
    "__comment": "Sphere",
    "from": [ 5, 5, 6 ],
    "to": [ 11, 11, 10 ],
    "faces": {
        "down":  { "uv": [ 10.999, 9.999, 5.001, 6.001 ], "texture": "#particle" },
        "up":    { "uv": [ 5.001, 6.001, 10.999, 9.999 ], "texture": "#particle" },
        "north": { "uv": [ 5.001, 5.001, 10.999, 10.999 ], "texture": "#particle" },
        "south": { "uv": [ 5.001, 5.001, 10.999, 10.999 ], "texture": "#particle" },
        "west":  { "uv": [ 6.001, 5.001, 9.999, 10.999 ], "texture": "#particle" },
        "east":  { "uv": [ 6.001, 5.001, 9.999, 10.999 ], "texture": "#particle" }
    }
},
{
    "__comment": "Sphere",
    "from": [ 6, 5, 5 ],
    "to": [ 10, 11, 11 ],
    "faces": {
        "down":  { "uv": [ 9.999, 10.999, 6.001, 5.001 ], "texture": "#particle" },
        "up":    { "uv": [ 6.001, 5.001, 9.999, 10.999 ], "texture": "#particle" },
        "north": { "uv": [ 6.001, 5.001, 9.999, 10.999 ], "texture": "#particle" },
        "south": { "uv": [ 6.001, 5.001, 9.999, 10.999 ], "texture": "#particle" },
        "west":  { "uv": [ 5.001, 5.001, 10.999, 10.999 ], "texture": "#particle" },
        "east":  { "uv": [ 5.001, 5.001, 10.999, 10.999 ], "texture": "#particle" }
    }
}
],
"display": {
    "thirdperson_righthand": {
        "rotation": [ 45, 0, 0 ],
        "translation": [ 0, 0, 0 ],
        "scale": [ 0.25, 0.25, 0.25 ]
    },
    "thirdperson_lefthand": {
        "rotation": [ 45, 0, 0 ],
        "translation": [ 0, 0, 0 ],
        "scale": [ 0.25, 0.25, 0.25 ]
    },
    "head": {
        "rotation": [ 0, 0, 0 ],
        "translation": [ 0, 14, 0 ],
        "scale": [ 1, 1, 1 ]
    },
    "ground": {
        "rotation": [ 0, 0, 0 ],
        "translation": [ 0, 3, 0 ],
        "scale": [ 0.25, 0.25, 0.25 ]
    },
    "fixed": {
        "rotation": [ 0, 0, 0 ],
        "translation": [ 0, 0, 0 ],
        "scale": [ 0.5, 0.5, 0.5 ]
    },
    "firstperson_righthand": {
        "rotation": [ 0, 0, 0 ],
        "translation": [ 0, 0, 0 ],
        "scale": [ 0.25, 0.25, 0.25 ]
    },
    "firstperson_lefthand": {
        "rotation": [ 0, 0, 0 ],
        "translation": [ 0, 0, 0 ],
        "scale": [ 0.25, 0.25, 0.25 ]
    },
    "gui": {
        "rotation": [ 30, 45, 0 ],
        "translation": [ 0, 1, 0 ],
        "scale": [ 0.65, 0.65, 0.65 ]
    }
}
}