{
"__comment": "Designed by Sibsib92 with BDcraft Cubik PRO 0.95 Beta - http://bdcraft.net",
"ambientocclusion": false,
"textures": {
    "particle": "blocks/bed_head_side",
    "texture": "blocks/planks_oak",
    "bed_head_end": "blocks/bed_head_end",
    "bed_head_top": "blocks/bed_head_top",
    "bed_feet_side": "blocks/bed_feet_side",
    "bed_feet_end": "blocks/bed_feet_end",
    "bed_feet_top": "blocks/bed_feet_top",
    "wool": "blocks/wool_colored_white"
},
"elements": [ 
{
    "__comment": "Wood Head",
    "from": [ 3, 10, 14 ],
    "to": [ 13, 15, 16 ],
    "faces": {
        "down":  { "uv": [ 12.999, 14.999, 3.001, 13.001 ], "texture": "#texture" },
        "up":    { "uv": [ 4.001, 0.001, 13.999, 1.999 ], "texture": "#texture" },
        "north": { "uv": [ 12.999, 1.001, 3.001, 5.999 ], "texture": "#texture" },
        "south": { "uv": [ 3.001, 1.001, 12.999, 5.999 ], "texture": "#texture", "cullface": "south" },
        "west":  { "uv": [ 14.001, 1.001, 15.999, 5.999 ], "texture": "#texture" },
        "east":  { "uv": [ 15.999, 1.001, 14.001, 5.999 ], "texture": "#texture" }
    }
},
{
    "__comment": "Wood Head",
    "from": [ 7, 16, 14 ],
    "to": [ 9, 17, 16 ],
    "faces": {
        "up":    { "uv": [ 5.001, 13.001, 6.999, 14.999 ], "texture": "#texture", "cullface": "up" },
        "north": { "uv": [ 15.999, 14.001, 14.001, 14.999 ], "texture": "#texture", "cullface": "up" },
        "south": { "uv": [ 14.001, 14.001, 15.999, 14.999 ], "texture": "#texture", "cullface": "up" },
        "west":  { "uv": [ 14.001, 14.001, 15.999, 14.999 ], "texture": "#texture", "cullface": "up" },
        "east":  { "uv": [ 15.999, 14.001, 14.001, 14.999 ], "texture": "#texture", "cullface": "up" }
    }
},
{
    "__comment": "Wood Head",
    "from": [ 5, 15, 14 ],
    "to": [ 11, 16, 16 ],
    "faces": {
        "up":    { "uv": [ 5.001, 13.001, 10.999, 14.999 ], "texture": "#texture", "cullface": "up" },
        "north": { "uv": [ 10.999, 0.001, 5.001, 0.999 ], "texture": "#texture" },
        "south": { "uv": [ 5.001, 0.001, 10.999, 0.999 ], "texture": "#texture", "cullface": "south" },
        "west":  { "uv": [ 14.001, 0.001, 15.999, 0.999 ], "texture": "#texture" },
        "east":  { "uv": [ 15.999, 0.001, 14.001, 0.999 ], "texture": "#texture" }
    }
},
{
    "__comment": "Wood Head",
    "from": [ 2, 3, 15 ],
    "to": [ 14, 6, 16 ],
    "faces": {
        "down":  { "uv": [ 2.001, 12.001, 13.999, 12.999 ], "texture": "#texture" },
        "up":    { "uv": [ 2.001, 10.001, 13.999, 10.999 ], "texture": "#texture" },
        "north": { "uv": [ 13.999, 10.001, 2.001, 12.999 ], "texture": "#texture" },
        "south": { "uv": [ 2.001, 10.001, 13.999, 12.999 ], "texture": "#texture", "cullface": "south" }
    }
},
{
    "__comment": "Wood Head",
    "from": [ 15, 3, 0 ],
    "to": [ 16, 6, 14 ],
    "faces": {
        "down":  { "uv": [ 13.999, 12.001, 0.001, 12.999 ], "rotation": 90, "texture": "#texture" },
        "up":    { "uv": [ 0.001, 10.001, 13.999, 10.999 ], "rotation": 90, "texture": "#texture" },
        "west":  { "uv": [ 0.001, 10.001, 13.999, 12.999 ], "texture": "#texture" },
        "east":  { "uv": [ 13.999, 10.001, 0.001, 12.999 ], "texture": "#texture", "cullface": "east" }
    }
},
{
    "__comment": "Wood Head",
    "from": [ 0, 3, 0 ],
    "to": [ 1, 6, 14 ],
    "faces": {
        "down":  { "uv": [ 13.999, 12.001, 0.001, 12.999 ], "rotation": 90, "texture": "#texture" },
        "up":    { "uv": [ 0.001, 10.001, 13.999, 10.999 ], "rotation": 90, "texture": "#texture" },
        "west":  { "uv": [ 0.001, 10.001, 13.999, 12.999 ], "texture": "#texture", "cullface": "west" },
        "east":  { "uv": [ 13.999, 10.001, 0.001, 12.999 ], "texture": "#texture" }
    }
},
{
    "__comment": "Wood Head",
    "from": [ 1, 4, 6.5 ],
    "to": [ 15, 5, 8.5 ],
    "faces": {
        "down":  { "uv": [ 1.001, 8.001, 14.999, 9.999 ], "texture": "#texture" },
        "north": { "uv": [ 14.999, 9.999, 1.001, 9.001 ], "texture": "#texture" },
        "south": { "uv": [ 1.001, 8.001, 14.999, 8.999 ], "texture": "#texture" }
    }
},
{
    "__comment": "Wood Head",
    "from": [ 1, 4, 11.5 ],
    "to": [ 15, 5, 13.5 ],
    "faces": {
        "down":  { "uv": [ 1.001, 12.001, 14.999, 13.999 ], "texture": "#texture" },
        "north": { "uv": [ 14.999, 13.001, 1.001, 13.999 ], "texture": "#texture" },
        "south": { "uv": [ 1.001, 12.001, 14.999, 12.999 ], "texture": "#texture" }
    }
},
{
    "__comment": "Wood Head",
    "from": [ 1, 4, 1.5 ],
    "to": [ 15, 5, 3.5 ],
    "faces": {
        "down":  { "uv": [ 1.001, 4.001, 14.999, 5.999 ], "texture": "#texture" },
        "north": { "uv": [ 14.999, 5.001, 1.001, 5.999 ], "texture": "#texture" },
        "south": { "uv": [ 1.001, 4.001, 14.999, 4.999 ], "texture": "#texture" }
    }
},
{
    "__comment": "Wood Head",
    "from": [ 0, 0, 14 ],
    "to": [ 2, 16, 16 ],
    "faces": {
        "down":  { "uv": [ 5.001, 7.001, 6.999, 8.999 ], "texture": "#texture", "cullface": "down" },
        "up":    { "uv": [ 8.001, 9.001, 9.999, 10.999 ], "texture": "#texture", "cullface": "up" },
        "north": { "uv": [ 14.001, 0.001, 15.999, 15.999 ], "texture": "#texture" },
        "south": { "uv": [ 0.001, 0.001, 1.999, 15.999 ], "texture": "#texture", "cullface": "south" },
        "west":  { "uv": [ 14.001, 0.001, 15.999, 15.999 ], "texture": "#texture", "cullface": "west" },
        "east":  { "uv": [ 0.001, 0.001, 1.999, 15.999 ], "texture": "#texture" }
    }
},
{
    "__comment": "Wood Head",
    "from": [ 14, 0, 14 ],
    "to": [ 16, 16, 16 ],
    "faces": {
        "down":  { "uv": [ 8.001, 11.001, 9.999, 12.999 ], "texture": "#texture", "cullface": "down" },
        "up":    { "uv": [ 8.001, 9.001, 9.999, 10.999 ], "texture": "#texture", "cullface": "up" },
        "north": { "uv": [ 0.001, 0.001, 1.999, 15.999 ], "texture": "#texture" },
        "south": { "uv": [ 14.001, 0.001, 15.999, 15.999 ], "texture": "#texture", "cullface": "south" },
        "west":  { "uv": [ 14.001, 0.001, 15.999, 15.999 ], "texture": "#texture" },
        "east":  { "uv": [ 0.001, 0.001, 1.999, 15.999 ], "texture": "#texture", "cullface": "east" }
    }
},
{
    "__comment": "Wood Head",
    "from": [ 2, 13.5, 14.5 ],
    "to": [ 14, 14.5, 15.5 ],
    "faces": {
        "down":  { "uv": [ 13.999, 15.999, 2.001, 15.001 ], "texture": "#texture" },
        "up":    { "uv": [ 2.001, 15.001, 13.999, 15.999 ], "texture": "#texture" },
        "north": { "uv": [ 2.001, 15.001, 13.999, 15.999 ], "texture": "#texture" },
        "south": { "uv": [ 2.001, 15.001, 13.999, 15.999 ], "texture": "#texture" }
    }
},
{
    "__comment": "Wood Head",
    "from": [ 2, 10.5, 14.5 ],
    "to": [ 14, 11.5, 15.5 ],
    "faces": {
        "down":  { "uv": [ 13.999, 15.999, 2.001, 15.001 ], "texture": "#texture" },
        "up":    { "uv": [ 2.001, 15.001, 13.999, 15.999 ], "texture": "#texture" },
        "north": { "uv": [ 2.001, 15.001, 13.999, 15.999 ], "texture": "#texture" },
        "south": { "uv": [ 2.001, 15.001, 13.999, 15.999 ], "texture": "#texture" }
    }
},
{
    "__comment": "Wood Foot",
    "from": [ 2, 3, -16 ],
    "to": [ 14, 6, -15 ],
    "faces": {
        "down":  { "uv": [ 2.001, 12.999, 13.999, 12.001 ], "texture": "#texture", "cullface": "north" },
        "up":    { "uv": [ 2.001, 10.001, 13.999, 10.999 ], "texture": "#texture", "cullface": "north" },
        "north": { "uv": [ 13.999, 10.001, 2.001, 12.999 ], "texture": "#texture", "cullface": "north" },
        "south": { "uv": [ 2.001, 10.001, 13.999, 12.999 ], "texture": "#texture", "cullface": "north" }
    }
},
{
    "__comment": "Wood Foot",
    "from": [ 15, 3, -14 ],
    "to": [ 16, 6, 0 ],
    "faces": {
        "down":  { "uv": [ 15.999, 12.001, 2.001, 12.999 ], "rotation": 90, "texture": "#texture", "cullface": "north" },
        "up":    { "uv": [ 2.001, 10.001, 15.999, 10.999 ], "rotation": 90, "texture": "#texture", "cullface": "north" },
        "west":  { "uv": [ 2.001, 10.001, 15.999, 12.999 ], "texture": "#texture", "cullface": "north" },
        "east":  { "uv": [ 15.999, 10.001, 2.001, 12.999 ], "texture": "#texture", "cullface": "north" }
    }
},
{
    "__comment": "Wood Foot",
    "from": [ 0, 3, -14 ],
    "to": [ 1, 6, 0 ],
    "faces": {
        "down":  { "uv": [ 15.999, 12.001, 2.001, 12.999 ], "rotation": 90, "texture": "#texture", "cullface": "north" },
        "up":    { "uv": [ 2.001, 10.001, 15.999, 10.999 ], "rotation": 90, "texture": "#texture", "cullface": "north" },
        "west":  { "uv": [ 2.001, 10.001, 15.999, 12.999 ], "texture": "#texture", "cullface": "north" },
        "east":  { "uv": [ 15.999, 10.001, 2.001, 12.999 ], "texture": "#texture", "cullface": "north" }
    }
},
{
    "__comment": "Wood Foot",
    "from": [ 1, 4, -8.5 ],
    "to": [ 15, 5, -6.5 ],
    "faces": {
        "down":  { "uv": [ 1.001, 8.001, 14.999, 9.999 ], "texture": "#texture", "cullface": "north" },
        "north": { "uv": [ 14.999, 9.999, 1.001, 9.001 ], "texture": "#texture", "cullface": "north" },
        "south": { "uv": [ 1.001, 8.001, 14.999, 8.999 ], "texture": "#texture", "cullface": "north" }
    }
},
{
    "__comment": "Wood Foot",
    "from": [ 1, 4, -3.5 ],
    "to": [ 15, 5, -1.5 ],
    "faces": {
        "down":  { "uv": [ 1.001, 12.001, 14.999, 13.999 ], "texture": "#texture", "cullface": "north" },
        "north": { "uv": [ 14.999, 13.001, 1.001, 13.999 ], "texture": "#texture", "cullface": "north" },
        "south": { "uv": [ 1.001, 12.001, 14.999, 12.999 ], "texture": "#texture", "cullface": "north" }
    }
},
{
    "__comment": "Wood Foot",
    "from": [ 1, 4, -13.5 ],
    "to": [ 15, 5, -11.5 ],
    "faces": {
        "down":  { "uv": [ 1.001, 4.001, 14.999, 5.999 ], "texture": "#texture", "cullface": "north" },
        "north": { "uv": [ 14.999, 5.001, 1.001, 5.999 ], "texture": "#texture", "cullface": "north" },
        "south": { "uv": [ 1.001, 4.001, 14.999, 4.999 ], "texture": "#texture", "cullface": "north" }
    }
},
{
    "__comment": "Wood Foot",
    "from": [ 0, 0, -16 ],
    "to": [ 2, 16, -14 ],
    "faces": {
        "down":  { "uv": [ 10.001, 6.001, 11.999, 7.999 ], "texture": "#texture", "cullface": "north" },
        "up":    { "uv": [ 8.001, 9.001, 9.999, 10.999 ], "texture": "#texture", "cullface": "north" },
        "north": { "uv": [ 14.001, 0.001, 15.999, 15.999 ], "texture": "#texture", "cullface": "north" },
        "south": { "uv": [ 0.001, 0.001, 1.999, 15.999 ], "texture": "#texture", "cullface": "north" },
        "west":  { "uv": [ 0.001, 0.001, 1.999, 15.999 ], "texture": "#texture", "cullface": "north" },
        "east":  { "uv": [ 14.001, 0.001, 15.999, 15.999 ], "texture": "#texture", "cullface": "north" }
    }
},
{
    "__comment": "Wood Foot",
    "from": [ 14, 0, -16 ],
    "to": [ 16, 16, -14 ],
    "faces": {
        "down":  { "uv": [ 9.001, 6.001, 10.999, 7.999 ], "texture": "#texture", "cullface": "north" },
        "up":    { "uv": [ 8.001, 9.001, 9.999, 10.999 ], "texture": "#texture", "cullface": "north" },
        "north": { "uv": [ 0.001, 0.001, 1.999, 15.999 ], "texture": "#texture", "cullface": "north" },
        "south": { "uv": [ 14.001, 0.001, 15.999, 15.999 ], "texture": "#texture", "cullface": "north" },
        "west":  { "uv": [ 0.001, 0.001, 1.999, 15.999 ], "texture": "#texture", "cullface": "north" },
        "east":  { "uv": [ 14.001, 0.001, 15.999, 15.999 ], "texture": "#texture", "cullface": "north" }
    }
},
{
    "__comment": "Wood Foot",
    "from": [ 2, 13.5, -15.5 ],
    "to": [ 14, 14.5, -14.5 ],
    "faces": {
        "down":  { "uv": [ 13.999, 15.999, 2.001, 15.001 ], "texture": "#texture", "cullface": "north" },
        "up":    { "uv": [ 2.001, 15.001, 13.999, 15.999 ], "texture": "#texture", "cullface": "north" },
        "north": { "uv": [ 2.001, 15.001, 13.999, 15.999 ], "texture": "#texture", "cullface": "north" },
        "south": { "uv": [ 2.001, 15.001, 13.999, 15.999 ], "texture": "#texture", "cullface": "north" }
    }
},
{
    "__comment": "Wood Foot",
    "from": [ 2, 10.5, -15.5 ],
    "to": [ 14, 11.5, -14.5 ],
    "faces": {
        "down":  { "uv": [ 13.999, 15.999, 2.001, 15.001 ], "texture": "#texture", "cullface": "north" },
        "up":    { "uv": [ 2.001, 15.001, 13.999, 15.999 ], "texture": "#texture", "cullface": "north" },
        "north": { "uv": [ 2.001, 15.001, 13.999, 15.999 ], "texture": "#texture", "cullface": "north" },
        "south": { "uv": [ 2.001, 15.001, 13.999, 15.999 ], "texture": "#texture", "cullface": "north" }
    }
},
{
    "__comment": "Wood Foot",
    "from": [ 9, 15, -16 ],
    "to": [ 13, 16, -14 ],
    "faces": {
        "up":    { "uv": [ 9.001, 0.001, 12.999, 1.999 ], "texture": "#texture", "cullface": "north" },
        "north": { "uv": [ 9.001, 0.001, 12.999, 0.999 ], "texture": "#texture", "cullface": "north" },
        "south": { "uv": [ 9.001, 0.001, 12.999, 0.999 ], "texture": "#texture", "cullface": "north" },
        "west":  { "uv": [ 0.001, 0.001, 1.999, 0.999 ], "texture": "#texture", "cullface": "north" },
        "east":  { "uv": [ 0.001, 0.001, 1.999, 0.999 ], "texture": "#texture", "cullface": "north" }
    }
},
{
    "__comment": "Wood Foot",
    "from": [ 3, 15, -16 ],
    "to": [ 7, 16, -14 ],
    "faces": {
        "up":    { "uv": [ 4.001, 0.001, 7.999, 1.999 ], "texture": "#texture", "cullface": "north" },
        "north": { "uv": [ 6.999, 0.001, 3.001, 0.999 ], "texture": "#texture", "cullface": "north" },
        "south": { "uv": [ 3.001, 0.001, 6.999, 0.999 ], "texture": "#texture", "cullface": "north" },
        "west":  { "uv": [ 0.001, 0.001, 1.999, 0.999 ], "texture": "#texture", "cullface": "north" },
        "east":  { "uv": [ 1.999, 0.001, 0.001, 0.999 ], "texture": "#texture", "cullface": "north" }
    }
},
{
    "__comment": "Wood Foot",
    "from": [ 11, 16, -16 ],
    "to": [ 13, 17, -14 ],
    "faces": {
        "up":    { "uv": [ 5.001, 13.001, 6.999, 14.999 ], "texture": "#texture", "cullface": "north" },
        "north": { "uv": [ 15.499, 14.001, 13.501, 14.999 ], "texture": "#texture", "cullface": "north" },
        "south": { "uv": [ 14.001, 14.001, 15.999, 14.999 ], "texture": "#texture", "cullface": "north" },
        "west":  { "uv": [ 14.001, 14.001, 15.999, 14.999 ], "texture": "#texture", "cullface": "north" },
        "east":  { "uv": [ 15.999, 14.001, 14.001, 14.999 ], "texture": "#texture", "cullface": "north" }
    }
},
{
    "__comment": "Wood Foot",
    "from": [ 3, 16, -16 ],
    "to": [ 5, 17, -14 ],
    "faces": {
        "up":    { "uv": [ 5.001, 13.001, 6.999, 14.999 ], "texture": "#texture", "cullface": "north" },
        "north": { "uv": [ 1.999, 14.001, 0.001, 14.999 ], "texture": "#texture", "cullface": "north" },
        "south": { "uv": [ 0.001, 14.001, 1.999, 14.999 ], "texture": "#texture", "cullface": "north" },
        "west":  { "uv": [ 0.001, 14.001, 1.999, 14.999 ], "texture": "#texture", "cullface": "north" },
        "east":  { "uv": [ 1.999, 14.001, 0.001, 14.999 ], "texture": "#texture", "cullface": "north" }
    }
},
{
    "__comment": "Wood Foot",
    "from": [ 3, 10, -16 ],
    "to": [ 13, 15, -14 ],
    "faces": {
        "down":  { "uv": [ 12.999, 14.999, 3.001, 13.001 ], "texture": "#texture", "cullface": "north" },
        "up":    { "uv": [ 4.001, 0.001, 13.999, 1.999 ], "texture": "#texture", "cullface": "north" },
        "north": { "uv": [ 12.999, 1.001, 3.001, 5.999 ], "texture": "#texture", "cullface": "north" },
        "south": { "uv": [ 3.001, 1.001, 12.999, 5.999 ], "texture": "#texture", "cullface": "north" },
        "west":  { "uv": [ 0.001, 1.001, 1.999, 5.999 ], "texture": "#texture", "cullface": "north" },
        "east":  { "uv": [ 1.999, 1.001, 0.001, 5.999 ], "texture": "#texture", "cullface": "north" }
    }
},
{
    "__comment": "Bed Foot",
    "from": [ 0.5, 5, -15.5 ],
    "to": [ 15.5, 8.5, 0 ],
    "faces": {
        "down":  { "uv": [ 0.001, 0.001, 15.999, 15.999 ], "texture": "#wool", "cullface": "north" },
        "up":    { "uv": [ 0.001, 15.999, 15.999, 0.001 ], "rotation": 90, "texture": "#bed_feet_top", "cullface": "north" },
        "north": { "uv": [ 0.001, 7.001, 15.999, 10.999 ], "texture": "#bed_feet_end", "cullface": "north" },
        "west":  { "uv": [ 0.001, 7.001, 15.999, 10.999 ], "texture": "#bed_feet_top", "cullface": "north" },
        "east":  { "uv": [ 15.999, 7.001, 0.001, 10.999 ], "texture": "#bed_feet_side", "cullface": "north" }
    }
},
{
    "__comment": "Bed Head 1",
    "from": [ 1, 5, 8 ],
    "to": [ 15, 8, 15 ],
    "faces": {
        "down":  { "uv": [ 15.999, 7.999, 0.001, 0.001 ], "texture": "#wool" },
        "up":    { "uv": [ 15.999, 0.001, 8.001, 15.999 ], "rotation": 270, "texture": "#bed_head_top" },
        "south": { "uv": [ 0.001, 7.001, 15.999, 10.999 ], "texture": "#bed_head_end" },
        "west":  { "uv": [ 8.001, 7.001, 15.999, 10.999 ], "texture": "#bed_head_top" },
        "east":  { "uv": [ 15.999, 7.001, 8.001, 10.999 ], "texture": "#particle" }
    }
},
{
    "__comment": "Bed Head 1*",
    "from": [ 0.5, 5, 0 ],
    "to": [ 15.5, 8.5, 8 ],
    "faces": {
        "down":  { "uv": [ 15.999, 7.999, 0.001, 0.001 ], "texture": "#wool" },
        "up":    { "uv": [ 7.999, 0.001, 0.001, 15.999 ], "rotation": 270, "texture": "#bed_head_top" },
        "south": { "uv": [ 0.001, 7.001, 15.999, 10.999 ], "texture": "#bed_feet_end" },
        "west":  { "uv": [ 0.001, 7.001, 7.999, 10.999 ], "texture": "#bed_head_top" },
        "east":  { "uv": [ 7.999, 7.001, 0.001, 10.999 ], "texture": "#particle" }
    }
}
]
}