{
"__comment": "Designed by Sibsib92 with BDcraft Cubik PRO 0.96 Beta - http://bdcraft.net",
"ambientocclusion": false,
"textures": {
    "particle": "blocks/door_birch_upper",
    "wood": "blocks/planks_birch",
    "metal": "blocks/cauldron_inner"
},
"elements": [ 
{
    "__comment": "Hinge",
    "from": [ -0.25, -1, 15.0625 ],
    "to": [ 3.25, 1, 16.0625 ],
    "faces": {
        "down":  { "uv": [ 3, 1, 0, 0 ], "rotation": 180, "texture": "#metal" },
        "up":    { "uv": [ 0, 0, 3, 1 ], "rotation": 180, "texture": "#metal" },
        "north": { "uv": [ 0, 0, 3, 2 ], "texture": "#metal" },
        "south": { "uv": [ 0, 0, 3, 2 ], "texture": "#metal" },
        "west":  { "uv": [ 0, 0, 1, 2 ], "texture": "#metal" },
        "east":  { "uv": [ 0, 0, 1, 2 ], "texture": "#metal" }
    }
},
{
    "__comment": "Hinge",
    "from": [ -0.25, 10, 15.0625 ],
    "to": [ 3.25, 12, 16.0625 ],
    "faces": {
        "down":  { "uv": [ 3, 1, 0, 0 ], "rotation": 180, "texture": "#metal" },
        "up":    { "uv": [ 0, 0, 3, 1 ], "rotation": 180, "texture": "#metal" },
        "north": { "uv": [ 0, 0, 3, 2 ], "texture": "#metal" },
        "south": { "uv": [ 0, 0, 3, 2 ], "texture": "#metal" },
        "west":  { "uv": [ 0, 0, 1, 2 ], "texture": "#metal" },
        "east":  { "uv": [ 0, 0, 1, 2 ], "texture": "#metal" }
    }
},
{
    "__comment": "Handle",
    "from": [ -0.5, -0.25, 1.25 ],
    "to": [ 3.5, 0.25, 1.75 ],
    "faces": {
        "down":  { "uv": [ 16, 14.5, 12, 14 ], "rotation": 180, "texture": "#metal" },
        "up":    { "uv": [ 0, 14, 4, 14.5 ], "rotation": 180, "texture": "#metal" },
        "north": { "uv": [ 0, 15.25, 4, 15.75 ], "texture": "#metal" },
        "south": { "uv": [ 12, 15.25, 16, 15.75 ], "texture": "#metal" },
        "west":  { "uv": [ 1.5, 15.25, 2, 15.75 ], "texture": "#metal" },
        "east":  { "uv": [ 14, 15.25, 14.5, 15.75 ], "texture": "#metal" }
    }
},
{
    "__comment": "Handle",
    "from": [ 3.5, -1, 1 ],
    "to": [ 4, 0.5, 2 ],
    "faces": {
        "down":  { "uv": [ 16, 15, 15.5, 14 ], "rotation": 180, "texture": "#metal" },
        "up":    { "uv": [ 0, 14, 0.5, 15 ], "rotation": 180, "texture": "#metal" },
        "north": { "uv": [ 0, 0, 0.5, 1.5 ], "texture": "#metal" },
        "south": { "uv": [ 15.5, 0, 16, 1.5 ], "texture": "#metal" },
        "west":  { "uv": [ 1, 0, 2, 1.5 ], "texture": "#metal" },
        "east":  { "uv": [ 14, 0, 15, 1.5 ], "texture": "#metal" }
    }
},
{
    "__comment": "Handle",
    "from": [ -1, -1, 1 ],
    "to": [ -0.5, 0.5, 2 ],
    "faces": {
        "down":  { "uv": [ 12.5, 15, 12, 14 ], "rotation": 180, "texture": "#metal" },
        "up":    { "uv": [ 3.5, 14, 4, 15 ], "rotation": 180, "texture": "#metal" },
        "north": { "uv": [ 3.5, 0, 4, 1.5 ], "texture": "#metal" },
        "south": { "uv": [ 12, 0, 12.5, 1.5 ], "texture": "#metal" },
        "west":  { "uv": [ 1, 0, 2, 1.5 ], "texture": "#metal" },
        "east":  { "uv": [ 14, 0, 15, 1.5 ], "texture": "#metal" }
    }
},
{
    "__comment": "Handle",
    "from": [ 4, -1.5, 1 ],
    "to": [ 4.5, -0.5, 2 ],
    "faces": {
        "down":  { "uv": [ 16, 15, 15.5, 14 ], "rotation": 180, "texture": "#metal" },
        "up":    { "uv": [ 0, 14, 0.5, 15 ], "rotation": 180, "texture": "#metal" },
        "north": { "uv": [ 0, 0, 0.5, 2 ], "texture": "#metal" },
        "south": { "uv": [ 15.5, 0, 16, 2 ], "texture": "#metal" },
        "west":  { "uv": [ 1, 0, 2, 2 ], "texture": "#metal" },
        "east":  { "uv": [ 14, 0, 15, 2 ], "texture": "#metal" }
    }
},
{
    "__comment": "Handle",
    "from": [ -1.5, -1.5, 1 ],
    "to": [ -1, -0.5, 2 ],
    "faces": {
        "down":  { "uv": [ 16, 15, 15.5, 14 ], "rotation": 180, "texture": "#metal" },
        "up":    { "uv": [ 0, 14, 0.5, 15 ], "rotation": 180, "texture": "#metal" },
        "north": { "uv": [ 0, 0, 0.5, 2 ], "texture": "#metal" },
        "south": { "uv": [ 15.5, 0, 16, 2 ], "texture": "#metal" },
        "west":  { "uv": [ 1, 0, 2, 2 ], "texture": "#metal" },
        "east":  { "uv": [ 14, 0, 15, 2 ], "texture": "#metal" }
    }
},
{
    "__comment": "Top Diag Vert",
    "from": [ 0, 0, 14 ],
    "to": [ 1.5, 14, 15.5 ],
    "rotation": { "origin": [ 0, 0, 14 ], "axis": "y", "angle": 45 },
    "faces": {
        "north": { "uv": [ 13, 2, 14, 16 ], "texture": "#wood" }
    }
},
{
    "__comment": "Top Diag Vert",
    "from": [ 0.875, 0, 14 ],
    "to": [ 2.375, 14, 15.5 ],
    "rotation": { "origin": [ 0.875, 0, 14 ], "axis": "y", "angle": 45 },
    "faces": {
        "east":  { "uv": [ 2, 2, 3, 16 ], "texture": "#wood" }
    }
},
{
    "__comment": "Top Diag Vert",
    "from": [ 0, 0, 2 ],
    "to": [ 1.5, 14, 3.5 ],
    "rotation": { "origin": [ 0, 0, 2 ], "axis": "y", "angle": 45 },
    "faces": {
        "west":  { "uv": [ 2, 2, 3, 16 ], "texture": "#wood" }
    }
},
{
    "__comment": "Top Diag Vert",
    "from": [ 0.875, 0, 2 ],
    "to": [ 2.375, 14, 3.5 ],
    "rotation": { "origin": [ 0.875, 0, 2 ], "axis": "y", "angle": 45 },
    "faces": {
        "south": { "uv": [ 13, 2, 14, 16 ], "texture": "#wood" }
    }
},
{
    "__comment": "Top Diag Horiz",
    "from": [ 0, 12.5, 2 ],
    "to": [ 1.5, 14, 14 ],
    "rotation": { "origin": [ 0, 14, 2 ], "axis": "z", "angle": 45 },
    "faces": {
        "west":  { "uv": [ 2, 2, 14, 3 ], "texture": "#wood" }
    }
},
{
    "__comment": "Top Diag Horiz",
    "from": [ 0.875, 12.5, 2 ],
    "to": [ 2.375, 14, 14 ],
    "rotation": { "origin": [ 0.875, 14, 2 ], "axis": "z", "angle": 45 },
    "faces": {
        "down":  { "uv": [ 2, 2, 14, 3 ], "rotation": 90, "texture": "#wood" }
    }
},
{
    "__comment": "Door Top",
    "from": [ 0, 0, 14 ],
    "to": [ 3, 14, 16 ],
    "faces": {
        "north": { "uv": [ 13, 2, 16, 16 ], "texture": "#wood" },
        "south": { "uv": [ 0, 2, 3, 16 ], "texture": "#wood" },
        "west":  { "uv": [ 14, 2, 16, 16 ], "texture": "#wood" },
        "east":  { "uv": [ 0, 2, 2, 16 ], "texture": "#wood" }
    }
},
{
    "__comment": "Door Top",
    "from": [ 0, 0, 0 ],
    "to": [ 3, 14, 2 ],
    "faces": {
        "north": { "uv": [ 13, 2, 16, 16 ], "texture": "#wood" },
        "south": { "uv": [ 0, 2, 3, 16 ], "texture": "#wood" },
        "west":  { "uv": [ 0, 2, 2, 16 ], "texture": "#wood" },
        "east":  { "uv": [ 14, 2, 16, 16 ], "texture": "#wood" }
    }
},
{
    "__comment": "Door Top",
    "from": [ 0, 14, 0 ],
    "to": [ 3, 16, 16 ],
    "faces": {
        "down":  { "uv": [ 16, 15, 0, 12 ], "rotation": 90, "texture": "#wood" },
        "up":    { "uv": [ 0, 0, 16, 3 ], "rotation": 90, "texture": "#wood" },
        "north": { "uv": [ 13, 0, 16, 2 ], "texture": "#wood" },
        "south": { "uv": [ 0, 0, 3, 2 ], "texture": "#wood" },
        "west":  { "uv": [ 0, 0, 16, 2 ], "texture": "#wood" },
        "east":  { "uv": [ 0, 0, 16, 2 ], "texture": "#wood" }
    }
},
{
    "__comment": "Door Top",
    "from": [ 1, 0, 2 ],
    "to": [ 2, 14, 14 ],
    "faces": {
        "west":  { "uv": [ 2, 2, 14, 16 ], "texture": "#particle" },
        "east":  { "uv": [ 2, 2, 14, 16 ], "texture": "#particle" }
    }
}
]
}