{
"__comment": "Designed by Sibsib92 with BDcraft Cubik PRO 0.96 Beta - http://bdcraft.net",
"ambientocclusion": false,
"textures": {
    "particle": "blocks/door_birch_lower",
    "wood": "blocks/planks_birch",
    "metal": "blocks/cauldron_inner"
},
"elements": [ 
{
    "__comment": "Hinge",
    "from": [ -0.25, 4, -0.0625 ],
    "to": [ 3.25, 6, 0.9375 ],
    "faces": {
        "down":  { "uv": [ 3, 1, 0, 0 ], "texture": "#metal" },
        "up":    { "uv": [ 0, 0, 3, 1 ], "texture": "#metal" },
        "north": { "uv": [ 0, 0, 3, 2 ], "texture": "#metal" },
        "south": { "uv": [ 0, 0, 3, 2 ], "texture": "#metal" },
        "west":  { "uv": [ 0, 0, 1, 2 ], "texture": "#metal" },
        "east":  { "uv": [ 0, 0, 1, 2 ], "texture": "#metal" }
    }
},
{
    "__comment": "Top Diag Horiz",
    "from": [ 0, 9.5, 2 ],
    "to": [ 1.5, 11, 14 ],
    "rotation": { "origin": [ 0, 11, 2 ], "axis": "z", "angle": 45 },
    "faces": {
        "up":    { "uv": [ 2, 4, 14, 5 ], "rotation": 90, "texture": "#wood" }
    }
},
{
    "__comment": "Top Diag Horiz",
    "from": [ 0.875, 9.5, 2 ],
    "to": [ 2.375, 11, 14 ],
    "rotation": { "origin": [ 0.875, 11, 2 ], "axis": "z", "angle": 45 },
    "faces": {
        "east":  { "uv": [ 2, 4, 14, 5 ], "texture": "#wood" }
    }
},
{
    "__comment": "Door Bot",
    "from": [ 0, 11, 14 ],
    "to": [ 3, 16, 16 ],
    "faces": {
        "north": { "uv": [ 13, 0, 16, 5 ], "texture": "#wood" },
        "south": { "uv": [ 0, 0, 3, 5 ], "texture": "#wood" },
        "west":  { "uv": [ 14, 0, 16, 5 ], "texture": "#wood" },
        "east":  { "uv": [ 0, 0, 2, 5 ], "texture": "#wood" }
    }
},
{
    "__comment": "Door Bot",
    "from": [ 0, 11, 0 ],
    "to": [ 3, 16, 2 ],
    "faces": {
        "north": { "uv": [ 13, 0, 16, 5 ], "texture": "#wood" },
        "south": { "uv": [ 0, 0, 3, 5 ], "texture": "#wood" },
        "west":  { "uv": [ 0, 0, 2, 5 ], "texture": "#wood" },
        "east":  { "uv": [ 14, 0, 16, 5 ], "texture": "#wood" }
    }
},
{
    "__comment": "Door Bot",
    "from": [ 0, 0, 0 ],
    "to": [ 3, 11, 16 ],
    "faces": {
        "down":  { "uv": [ 16, 15, 0, 12 ], "rotation": 90, "texture": "#wood" },
        "up":    { "uv": [ 0, 4, 16, 7 ], "rotation": 90, "texture": "#wood" },
        "north": { "uv": [ 13, 5, 16, 16 ], "texture": "#wood" },
        "south": { "uv": [ 0, 5, 3, 16 ], "texture": "#wood" },
        "west":  { "uv": [ 0, 5, 16, 16 ], "texture": "#wood" },
        "east":  { "uv": [ 0, 5, 16, 16 ], "texture": "#wood" }
    }
},
{
    "__comment": "Door Bot",
    "from": [ 1, 11, 2 ],
    "to": [ 2, 16, 14 ],
    "faces": {
        "west":  { "uv": [ 2, 0, 14, 5 ], "texture": "#particle" },
        "east":  { "uv": [ 2, 0, 14, 5 ], "texture": "#particle" }
    }
},
{
    "__comment": "Top Diag Vert",
    "from": [ 0, 11, 14 ],
    "to": [ 1.5, 16, 15.5 ],
    "rotation": { "origin": [ 0, 11, 14 ], "axis": "y", "angle": 45 },
    "faces": {
        "north": { "uv": [ 13, 0, 14, 5 ], "texture": "#wood" }
    }
},
{
    "__comment": "Top Diag Vert",
    "from": [ 0.875, 11, 14 ],
    "to": [ 2.375, 16, 15.5 ],
    "rotation": { "origin": [ 0.875, 11, 14 ], "axis": "y", "angle": 45 },
    "faces": {
        "east":  { "uv": [ 2, 0, 3, 5 ], "texture": "#wood" }
    }
},
{
    "__comment": "Top Diag Vert",
    "from": [ 0, 11, 2 ],
    "to": [ 1.5, 16, 3.5 ],
    "rotation": { "origin": [ 0, 11, 2 ], "axis": "y", "angle": 45 },
    "faces": {
        "west":  { "uv": [ 2, 0, 3, 5 ], "texture": "#wood" }
    }
},
{
    "__comment": "Top Diag Vert",
    "from": [ 0.875, 11, 2 ],
    "to": [ 2.375, 16, 3.5 ],
    "rotation": { "origin": [ 0.875, 11, 2 ], "axis": "y", "angle": 45 },
    "faces": {
        "south": { "uv": [ 13, 0, 14, 5 ], "texture": "#wood" }
    }
}
]
}