{
"__comment": "Designed by Sibsib92 with BDcraft Cubik PRO 0.96 Beta - http://bdcraft.net",
"ambientocclusion": false,
"textures": {
    "texture": "blocks/planks_oak",
    "particle": "blocks/bookshelf",
    "black": "blocks/coal_block",
    "white": "blocks/quartz_block_top"
},
"elements": [ 
{
    "__comment": "Wood Top",
    "from": [ 0, 15, 0 ],
    "to": [ 16, 16, 16 ],
    "faces": {
        "down":  { "uv": [ 16, 16, 0, 0 ], "texture": "#black" },
        "up":    { "uv": [ 0, 0, 16, 16 ], "texture": "#texture" },
        "north": { "uv": [ 0, 0, 16, 1 ], "texture": "#texture" },
        "south": { "uv": [ 0, 0, 16, 1 ], "texture": "#texture" },
        "west":  { "uv": [ 0, 0, 16, 1 ], "texture": "#texture" },
        "east":  { "uv": [ 0, 0, 16, 1 ], "texture": "#texture" }
    }
},
{
    "__comment": "Wood Bot",
    "from": [ 0, 0, 0 ],
    "to": [ 16, 1, 16 ],
    "faces": {
        "down":  { "uv": [ 16, 16, 0, 0 ], "texture": "#texture" },
        "up":    { "uv": [ 0, 0, 16, 16 ], "texture": "#black" },
        "north": { "uv": [ 0, 15, 16, 16 ], "texture": "#texture" },
        "south": { "uv": [ 0, 15, 16, 16 ], "texture": "#texture" },
        "west":  { "uv": [ 0, 15, 16, 16 ], "texture": "#texture" },
        "east":  { "uv": [ 0, 15, 16, 16 ], "texture": "#texture" }
    }
},
{
    "__comment": "Wood Mid",
    "from": [ 0, 7, 0 ],
    "to": [ 16, 9, 16 ],
    "faces": {
        "down":  { "uv": [ 16, 16, 0, 0 ], "texture": "#black" },
        "up":    { "uv": [ 0, 0, 16, 16 ], "texture": "#black" },
        "north": { "uv": [ 0, 7, 16, 9 ], "texture": "#texture" },
        "south": { "uv": [ 0, 7, 16, 9 ], "texture": "#texture" },
        "west":  { "uv": [ 0, 7, 16, 9 ], "texture": "#texture" },
        "east":  { "uv": [ 0, 7, 16, 9 ], "texture": "#texture" }
    }
},
{
    "__comment": "Wood Side",
    "from": [ 0, 1, 0 ],
    "to": [ 1, 15, 1 ],
    "faces": {
        "north": { "uv": [ 15, 1, 16, 15 ], "texture": "#texture" },
        "west":  { "uv": [ 0, 1, 1, 15 ], "texture": "#texture" }
    }
},
{
    "__comment": "Wood Side",
    "from": [ 15, 1, 0 ],
    "to": [ 16, 15, 1 ],
    "faces": {
        "north": { "uv": [ 0, 1, 1, 15 ], "texture": "#texture" },
        "east":  { "uv": [ 15, 1, 16, 15 ], "texture": "#texture" }
    }
},
{
    "__comment": "Wood Side",
    "from": [ 15, 1, 15 ],
    "to": [ 16, 15, 16 ],
    "faces": {
        "south": { "uv": [ 15, 1, 16, 15 ], "texture": "#texture" },
        "east":  { "uv": [ 0, 1, 1, 15 ], "texture": "#texture" }
    }
},
{
    "__comment": "Wood Side",
    "from": [ 0, 1, 15 ],
    "to": [ 1, 15, 16 ],
    "faces": {
        "south": { "uv": [ 0, 1, 1, 15 ], "texture": "#texture" },
        "west":  { "uv": [ 15, 1, 16, 15 ], "texture": "#texture" }
    }
},
{
    "__comment": "Mid",
    "from": [ 4, 1, 4 ],
    "to": [ 12, 15, 12 ],
    "faces": {
        "north": { "uv": [ 3.25, 1, 12.75, 15 ], "texture": "#black" },
        "south": { "uv": [ 3.25, 1, 12.75, 15 ], "texture": "#black" },
        "west":  { "uv": [ 3.25, 1, 12.75, 15 ], "texture": "#black" },
        "east":  { "uv": [ 3.25, 1, 12.75, 15 ], "texture": "#black" }
    }
},
{
    "__comment": "Black Slopes",
    "from": [ 1, 1, 0 ],
    "to": [ 22.22, 15, 1.41 ],
    "rotation": { "origin": [ 1, 1, 0 ], "axis": "y", "angle": -45 },
    "faces": {
        "north": { "uv": [ 0, 1, 16, 15 ], "texture": "#black" },
        "south": { "uv": [ 0, 1, 16, 15 ], "texture": "#black" }
    }
},
{
    "__comment": "Black Slopes",
    "from": [ 15, 1, 0 ],
    "to": [ 16.41, 15, 21.22 ],
    "rotation": { "origin": [ 15, 1, 0 ], "axis": "y", "angle": -45 },
    "faces": {
        "west":  { "uv": [ 0, 1, 16, 15 ], "texture": "#black" },
        "east":  { "uv": [ 0, 1, 16, 15 ], "texture": "#black" }
    }
},
{
    "__comment": "Book",
    "from": [ -0.5625, 9, 1 ],
    "to": [ 1.9375, 14, 3 ],
    "faces": {
        "down":  { "uv": [ 12.5, 1.5, 14.5, 3.25 ], "texture": "#white" },
        "up":    { "uv": [ 12.5, 1.5, 14.5, 3.25 ], "texture": "#white" },
        "north": { "uv": [ 1.25, 2, 1.75, 7 ], "texture": "#particle" },
        "south": { "uv": [ 2.25, 2, 2.75, 7 ], "texture": "#particle" },
        "west":  { "uv": [ 1.25, 2, 2.75, 7 ], "texture": "#particle" }
    }
},
{
    "__comment": "Book",
    "from": [ -0.25, 9, 3 ],
    "to": [ 2.5, 13, 4 ],
    "faces": {
        "down":  { "uv": [ 11.75, 1.5, 14.5, 2.5 ], "texture": "#white" },
        "up":    { "uv": [ 11.75, 1.5, 14.5, 2.5 ], "texture": "#white" },
        "west":  { "uv": [ 3.25, 3, 3.75, 7 ], "texture": "#particle" }
    }
},
{
    "__comment": "Book",
    "from": [ -0.5, 9, 4 ],
    "to": [ 3.5, 14, 6 ],
    "faces": {
        "down":  { "uv": [ 12, 1.25, 14.75, 3.25 ], "texture": "#white" },
        "up":    { "uv": [ 12, 1.25, 14.75, 3.25 ], "texture": "#white" },
        "north": { "uv": [ 4.25, 2, 4.75, 7 ], "texture": "#particle" },
        "south": { "uv": [ 5.25, 2, 5.75, 7 ], "texture": "#particle" },
        "west":  { "uv": [ 4.25, 2, 5.75, 7 ], "texture": "#particle" }
    }
},
{
    "__comment": "Book",
    "from": [ 0, 9, 6 ],
    "to": [ 4.5, 15, 8 ],
    "faces": {
        "north": { "uv": [ 6.25, 1, 6.75, 7 ], "texture": "#particle" },
        "south": { "uv": [ 7.25, 1, 7.75, 7 ], "texture": "#particle" },
        "west":  { "uv": [ 6.25, 1, 7.75, 7 ], "texture": "#particle" }
    }
},
{
    "__comment": "Book",
    "from": [ -0.25, 11, 8 ],
    "to": [ 3.75, 13, 10 ],
    "faces": {
        "down":  { "uv": [ 1.25, 4.5, 1.75, 6.5 ], "rotation": 90, "texture": "#particle" },
        "up":    { "uv": [ 10.5, 1.5, 14.5, 3.5 ], "texture": "#white" },
        "north": { "uv": [ 1.25, 4.5, 1.75, 6.5 ], "texture": "#particle" },
        "south": { "uv": [ 2.25, 4.5, 2.75, 6.5 ], "texture": "#particle" },
        "west":  { "uv": [ 1.25, 4.5, 2.75, 6.5 ], "texture": "#particle" }
    }
},
{
    "__comment": "Book",
    "from": [ -0.25, 9, 9 ],
    "to": [ 3.75, 11, 11 ],
    "faces": {
        "down":  { "uv": [ 10.5, 1.5, 14.5, 3.5 ], "texture": "#white" },
        "up":    { "uv": [ 2.25, 4.5, 2.75, 6.5 ], "texture": "#particle" },
        "north": { "uv": [ 1.25, 4.5, 1.75, 6.5 ], "texture": "#particle" },
        "west":  { "uv": [ 1.25, 4.5, 2.75, 6.5 ], "texture": "#particle" }
    }
},
{
    "__comment": "Book",
    "from": [ -0.5, 9, 11 ],
    "to": [ 3.75, 14, 13 ],
    "faces": {
        "down":  { "uv": [ 10, 1.5, 14.5, 3.25 ], "texture": "#white" },
        "up":    { "uv": [ 10, 1.5, 14.5, 3.25 ], "texture": "#white" },
        "north": { "uv": [ 12.25, 2, 12.75, 7 ], "texture": "#particle" },
        "south": { "uv": [ 11.25, 2, 11.75, 7 ], "texture": "#particle" },
        "west":  { "uv": [ 11.25, 2, 12.75, 7 ], "texture": "#particle" }
    }
},
{
    "__comment": "Book",
    "from": [ 0, 9, 13 ],
    "to": [ 1.75, 13, 15 ],
    "faces": {
        "up":    { "uv": [ 11.75, 1.5, 14.5, 2.5 ], "texture": "#white" },
        "south": { "uv": [ 14.25, 3, 14.75, 7 ], "texture": "#particle" },
        "west":  { "uv": [ 13.25, 3, 14.75, 7 ], "texture": "#particle" }
    }
},
{
    "__comment": "Book",
    "from": [ -0.25, 1, 1 ],
    "to": [ 1.75, 5, 4 ],
    "faces": {
        "down":  { "uv": [ 12.75, 1.25, 14.75, 4.25 ], "texture": "#white" },
        "up":    { "uv": [ 12.75, 1.25, 14.75, 4.25 ], "texture": "#white" },
        "north": { "uv": [ 1.25, 11, 1.75, 15 ], "texture": "#particle" },
        "west":  { "uv": [ 1.25, 11, 3.75, 15 ], "texture": "#particle" }
    }
},
{
    "__comment": "Book",
    "from": [ -0.5, 1, 4 ],
    "to": [ 4, 6, 6 ],
    "faces": {
        "down":  { "uv": [ 10.25, 1.25, 14.75, 3.25 ], "texture": "#white" },
        "up":    { "uv": [ 10.25, 1.25, 14.75, 3.25 ], "texture": "#white" },
        "north": { "uv": [ 4.25, 10, 4.75, 15 ], "texture": "#particle" },
        "south": { "uv": [ 5.25, 10, 5.75, 15 ], "texture": "#particle" },
        "west":  { "uv": [ 4.25, 10, 5.75, 15 ], "texture": "#particle" }
    }
},
{
    "__comment": "Book",
    "from": [ -0.75, 1, 6 ],
    "to": [ 1.75, 4, 7 ],
    "faces": {
        "down":  { "uv": [ 13, 1.25, 14.75, 2.25 ], "texture": "#white" },
        "up":    { "uv": [ 13, 1.25, 14.75, 2.25 ], "texture": "#white" },
        "north": { "uv": [ 6.25, 12, 6.75, 15 ], "texture": "#particle" },
        "south": { "uv": [ 6.25, 12, 6.75, 15 ], "texture": "#particle" },
        "west":  { "uv": [ 6.25, 12, 6.75, 15 ], "texture": "#particle" }
    }
},
{
    "__comment": "Book",
    "from": [ -0.5, 1, 7 ],
    "to": [ 1.5, 3, 8 ],
    "faces": {
        "down":  { "uv": [ 13.25, 1.25, 14.75, 2.25 ], "texture": "#white" },
        "up":    { "uv": [ 12.25, 3, 12.75, 5 ], "rotation": 90, "texture": "#particle" },
        "south": { "uv": [ 12.25, 3, 12.75, 5 ], "texture": "#particle" },
        "west":  { "uv": [ 12.25, 3, 12.75, 5 ], "texture": "#particle" }
    }
},
{
    "__comment": "Book",
    "from": [ -0.5, 3, 8 ],
    "to": [ 1.5, 5, 9 ],
    "faces": {
        "down":  { "uv": [ 12.25, 3, 12.75, 5 ], "rotation": 90, "texture": "#particle" },
        "up":    { "uv": [ 13.25, 1.25, 14.75, 2.25 ], "texture": "#white" },
        "north": { "uv": [ 12.25, 3, 12.75, 5 ], "texture": "#particle" },
        "south": { "uv": [ 12.25, 3, 12.75, 5 ], "texture": "#particle" },
        "west":  { "uv": [ 12.25, 3, 12.75, 5 ], "texture": "#particle" }
    }
},
{
    "__comment": "Book",
    "from": [ -0.25, 1, 9 ],
    "to": [ 3.25, 6, 11 ],
    "faces": {
        "down":  { "uv": [ 11.25, 1.25, 14.75, 3.25 ], "texture": "#white" },
        "up":    { "uv": [ 11.25, 1.25, 14.75, 3.25 ], "texture": "#white" },
        "north": { "uv": [ 9.25, 10, 9.75, 15 ], "texture": "#particle" },
        "south": { "uv": [ 10.25, 10, 10.75, 15 ], "texture": "#particle" },
        "west":  { "uv": [ 9.25, 10, 10.75, 15 ], "texture": "#particle" }
    }
},
{
    "__comment": "Book",
    "from": [ 0, 1, 11 ],
    "to": [ 2, 5, 12 ],
    "faces": {
        "up":    { "uv": [ 12.75, 1.25, 14.75, 2.25 ], "texture": "#white" },
        "west":  { "uv": [ 11.25, 11, 11.75, 15 ], "texture": "#particle" }
    }
},
{
    "__comment": "Book",
    "from": [ -0.25, 1, 12 ],
    "to": [ 2.75, 7, 14 ],
    "faces": {
        "down":  { "uv": [ 11.75, 1.25, 14.75, 3.25 ], "texture": "#white" },
        "up":    { "uv": [ 11.75, 1.25, 14.75, 3.25 ], "texture": "#white" },
        "north": { "uv": [ 12.25, 9, 12.75, 15 ], "texture": "#particle" },
        "south": { "uv": [ 13.25, 9, 13.75, 15 ], "texture": "#particle" },
        "west":  { "uv": [ 12.25, 9, 13.75, 15 ], "texture": "#particle" }
    }
},
{
    "__comment": "Book",
    "from": [ 0, 1, 14 ],
    "to": [ 1.75, 5, 15 ],
    "faces": {
        "up":    { "uv": [ 12.75, 1.25, 14.75, 2.25 ], "texture": "#white" },
        "south": { "uv": [ 14.25, 11, 14.75, 15 ], "texture": "#particle" },
        "west":  { "uv": [ 14.25, 11, 14.75, 15 ], "texture": "#particle" }
    }
},
{
    "__comment": "Book",
    "from": [ 13, 9, -0.5625 ],
    "to": [ 15, 14, 1.9375 ],
    "faces": {
        "down":  { "uv": [ 12.5, 1.5, 14.5, 3.25 ], "rotation": 270, "texture": "#white" },
        "up":    { "uv": [ 12.5, 1.5, 14.5, 3.25 ], "rotation": 90, "texture": "#white" },
        "north": { "uv": [ 1.25, 2, 2.75, 7 ], "texture": "#particle" },
        "west":  { "uv": [ 2.25, 2, 2.75, 7 ], "texture": "#particle" },
        "east":  { "uv": [ 1.25, 2, 1.75, 7 ], "texture": "#particle" }
    }
},
{
    "__comment": "Book",
    "from": [ 12, 9, -0.25 ],
    "to": [ 13, 13, 2.5 ],
    "faces": {
        "down":  { "uv": [ 11.75, 1.5, 14.5, 2.5 ], "rotation": 270, "texture": "#white" },
        "up":    { "uv": [ 11.75, 1.5, 14.5, 2.5 ], "rotation": 90, "texture": "#white" },
        "north": { "uv": [ 3.25, 3, 3.75, 7 ], "texture": "#particle" }
    }
},
{
    "__comment": "Book",
    "from": [ 10, 9, -0.5 ],
    "to": [ 12, 14, 3.5 ],
    "faces": {
        "down":  { "uv": [ 12, 1.25, 14.75, 3.25 ], "rotation": 270, "texture": "#white" },
        "up":    { "uv": [ 12, 1.25, 14.75, 3.25 ], "rotation": 90, "texture": "#white" },
        "north": { "uv": [ 4.25, 2, 5.75, 7 ], "texture": "#particle" },
        "west":  { "uv": [ 5.25, 2, 5.75, 7 ], "texture": "#particle" },
        "east":  { "uv": [ 4.25, 2, 4.75, 7 ], "texture": "#particle" }
    }
},
{
    "__comment": "Book",
    "from": [ 8, 9, 0 ],
    "to": [ 10, 15, 4.5 ],
    "faces": {
        "north": { "uv": [ 6.25, 1, 7.75, 7 ], "texture": "#particle" },
        "west":  { "uv": [ 7.25, 1, 7.75, 7 ], "texture": "#particle" },
        "east":  { "uv": [ 6.25, 1, 6.75, 7 ], "texture": "#particle" }
    }
},
{
    "__comment": "Book",
    "from": [ 6, 11, -0.25 ],
    "to": [ 8, 13, 3.75 ],
    "faces": {
        "down":  { "uv": [ 1.25, 4.5, 1.75, 6.5 ], "texture": "#particle" },
        "up":    { "uv": [ 10.5, 1.5, 14.5, 3.5 ], "rotation": 90, "texture": "#white" },
        "north": { "uv": [ 1.25, 4.5, 2.75, 6.5 ], "texture": "#particle" },
        "west":  { "uv": [ 2.25, 4.5, 2.75, 6.5 ], "texture": "#particle" },
        "east":  { "uv": [ 1.25, 4.5, 1.75, 6.5 ], "texture": "#particle" }
    }
},
{
    "__comment": "Book",
    "from": [ 5, 9, -0.25 ],
    "to": [ 7, 11, 3.75 ],
    "faces": {
        "down":  { "uv": [ 10.5, 1.5, 14.5, 3.5 ], "rotation": 270, "texture": "#white" },
        "up":    { "uv": [ 2.25, 4.5, 2.75, 6.5 ], "rotation": 90, "texture": "#particle" },
        "north": { "uv": [ 1.25, 4.5, 2.75, 6.5 ], "texture": "#particle" },
        "east":  { "uv": [ 1.25, 4.5, 1.75, 6.5 ], "texture": "#particle" }
    }
},
{
    "__comment": "Book",
    "from": [ 3, 9, -0.5 ],
    "to": [ 5, 14, 3.75 ],
    "faces": {
        "down":  { "uv": [ 10, 1.5, 14.5, 3.25 ], "rotation": 270, "texture": "#white" },
        "up":    { "uv": [ 10, 1.5, 14.5, 3.25 ], "rotation": 90, "texture": "#white" },
        "north": { "uv": [ 11.25, 2, 12.75, 7 ], "texture": "#particle" },
        "west":  { "uv": [ 11.25, 2, 11.75, 7 ], "texture": "#particle" },
        "east":  { "uv": [ 12.25, 2, 12.75, 7 ], "texture": "#particle" }
    }
},
{
    "__comment": "Book",
    "from": [ 1, 9, 0 ],
    "to": [ 3, 13, 1.75 ],
    "faces": {
        "up":    { "uv": [ 11.75, 1.5, 14.5, 2.5 ], "rotation": 90, "texture": "#white" },
        "north": { "uv": [ 13.25, 3, 14.75, 7 ], "texture": "#particle" },
        "west":  { "uv": [ 14.25, 3, 14.75, 7 ], "texture": "#particle" }
    }
},
{
    "__comment": "Book",
    "from": [ 12, 1, -0.25 ],
    "to": [ 15, 5, 1.75 ],
    "faces": {
        "down":  { "uv": [ 12.75, 1.25, 14.75, 4.25 ], "rotation": 270, "texture": "#white" },
        "up":    { "uv": [ 12.75, 1.25, 14.75, 4.25 ], "rotation": 90, "texture": "#white" },
        "north": { "uv": [ 1.25, 11, 3.75, 15 ], "texture": "#particle" },
        "east":  { "uv": [ 1.25, 11, 1.75, 15 ], "texture": "#particle" }
    }
},
{
    "__comment": "Book",
    "from": [ 10, 1, -0.5 ],
    "to": [ 12, 6, 4 ],
    "faces": {
        "down":  { "uv": [ 10.25, 1.25, 14.75, 3.25 ], "rotation": 270, "texture": "#white" },
        "up":    { "uv": [ 10.25, 1.25, 14.75, 3.25 ], "rotation": 90, "texture": "#white" },
        "north": { "uv": [ 4.25, 10, 5.75, 15 ], "texture": "#particle" },
        "west":  { "uv": [ 5.25, 10, 5.75, 15 ], "texture": "#particle" },
        "east":  { "uv": [ 4.25, 10, 4.75, 15 ], "texture": "#particle" }
    }
},
{
    "__comment": "Book",
    "from": [ 9, 1, -0.75 ],
    "to": [ 10, 4, 1.75 ],
    "faces": {
        "down":  { "uv": [ 13, 1.25, 14.75, 2.25 ], "rotation": 270, "texture": "#white" },
        "up":    { "uv": [ 13, 1.25, 14.75, 2.25 ], "rotation": 90, "texture": "#white" },
        "north": { "uv": [ 6.25, 12, 6.75, 15 ], "texture": "#particle" },
        "west":  { "uv": [ 6.25, 12, 6.75, 15 ], "texture": "#particle" },
        "east":  { "uv": [ 6.25, 12, 6.75, 15 ], "texture": "#particle" }
    }
},
{
    "__comment": "Book",
    "from": [ 8, 1, -0.5 ],
    "to": [ 9, 3, 1.5 ],
    "faces": {
        "down":  { "uv": [ 13.25, 1.25, 14.75, 2.25 ], "rotation": 270, "texture": "#white" },
        "up":    { "uv": [ 12.25, 3, 12.75, 5 ], "rotation": 180, "texture": "#particle" },
        "north": { "uv": [ 12.25, 3, 12.75, 5 ], "texture": "#particle" },
        "west":  { "uv": [ 12.25, 3, 12.75, 5 ], "texture": "#particle" }
    }
},
{
    "__comment": "Book",
    "from": [ 7, 3, -0.5 ],
    "to": [ 8, 5, 1.5 ],
    "faces": {
        "down":  { "uv": [ 12.25, 3, 12.75, 5 ], "texture": "#particle" },
        "up":    { "uv": [ 13.25, 1.25, 14.75, 2.25 ], "rotation": 90, "texture": "#white" },
        "north": { "uv": [ 12.25, 3, 12.75, 5 ], "texture": "#particle" },
        "west":  { "uv": [ 12.25, 3, 12.75, 5 ], "texture": "#particle" },
        "east":  { "uv": [ 12.25, 3, 12.75, 5 ], "texture": "#particle" }
    }
},
{
    "__comment": "Book",
    "from": [ 5, 1, -0.25 ],
    "to": [ 7, 6, 3.25 ],
    "faces": {
        "down":  { "uv": [ 11.25, 1.25, 14.75, 3.25 ], "rotation": 270, "texture": "#white" },
        "up":    { "uv": [ 11.25, 1.25, 14.75, 3.25 ], "rotation": 90, "texture": "#white" },
        "north": { "uv": [ 9.25, 10, 10.75, 15 ], "texture": "#particle" },
        "west":  { "uv": [ 10.25, 10, 10.75, 15 ], "texture": "#particle" },
        "east":  { "uv": [ 9.25, 10, 9.75, 15 ], "texture": "#particle" }
    }
},
{
    "__comment": "Book",
    "from": [ 4, 1, 0 ],
    "to": [ 5, 5, 2 ],
    "faces": {
        "up":    { "uv": [ 12.75, 1.25, 14.75, 2.25 ], "rotation": 90, "texture": "#white" },
        "north": { "uv": [ 11.25, 11, 11.75, 15 ], "texture": "#particle" }
    }
},
{
    "__comment": "Book",
    "from": [ 2, 1, -0.25 ],
    "to": [ 4, 7, 2.75 ],
    "faces": {
        "down":  { "uv": [ 11.75, 1.25, 14.75, 3.25 ], "rotation": 270, "texture": "#white" },
        "up":    { "uv": [ 11.75, 1.25, 14.75, 3.25 ], "rotation": 90, "texture": "#white" },
        "north": { "uv": [ 12.25, 9, 13.75, 15 ], "texture": "#particle" },
        "west":  { "uv": [ 13.25, 9, 13.75, 15 ], "texture": "#particle" },
        "east":  { "uv": [ 12.25, 9, 12.75, 15 ], "texture": "#particle" }
    }
},
{
    "__comment": "Book",
    "from": [ 1, 1, 0 ],
    "to": [ 2, 5, 1.75 ],
    "faces": {
        "up":    { "uv": [ 12.75, 1.25, 14.75, 2.25 ], "rotation": 90, "texture": "#white" },
        "north": { "uv": [ 14.25, 11, 14.75, 15 ], "texture": "#particle" },
        "west":  { "uv": [ 14.25, 11, 14.75, 15 ], "texture": "#particle" }
    }
},
{
    "__comment": "Book",
    "from": [ 14.0625, 9, 13 ],
    "to": [ 16.5625, 14, 15 ],
    "faces": {
        "down":  { "uv": [ 12.5, 1.5, 14.5, 3.25 ], "rotation": 180, "texture": "#white" },
        "up":    { "uv": [ 12.5, 1.5, 14.5, 3.25 ], "rotation": 180, "texture": "#white" },
        "north": { "uv": [ 2.25, 2, 2.75, 7 ], "texture": "#particle" },
        "south": { "uv": [ 1.25, 2, 1.75, 7 ], "texture": "#particle" },
        "east":  { "uv": [ 1.25, 2, 2.75, 7 ], "texture": "#particle" }
    }
},
{
    "__comment": "Book",
    "from": [ 13.5, 9, 12 ],
    "to": [ 16.25, 13, 13 ],
    "faces": {
        "down":  { "uv": [ 11.75, 1.5, 14.5, 2.5 ], "rotation": 180, "texture": "#white" },
        "up":    { "uv": [ 11.75, 1.5, 14.5, 2.5 ], "rotation": 180, "texture": "#white" },
        "east":  { "uv": [ 3.25, 3, 3.75, 7 ], "texture": "#particle" }
    }
},
{
    "__comment": "Book",
    "from": [ 12.5, 9, 10 ],
    "to": [ 16.5, 14, 12 ],
    "faces": {
        "down":  { "uv": [ 12, 1.25, 14.75, 3.25 ], "rotation": 180, "texture": "#white" },
        "up":    { "uv": [ 12, 1.25, 14.75, 3.25 ], "rotation": 180, "texture": "#white" },
        "north": { "uv": [ 5.25, 2, 5.75, 7 ], "texture": "#particle" },
        "south": { "uv": [ 4.25, 2, 4.75, 7 ], "texture": "#particle" },
        "east":  { "uv": [ 4.25, 2, 5.75, 7 ], "texture": "#particle" }
    }
},
{
    "__comment": "Book",
    "from": [ 11.5, 9, 8 ],
    "to": [ 16, 15, 10 ],
    "faces": {
        "north": { "uv": [ 7.25, 1, 7.75, 7 ], "texture": "#particle" },
        "south": { "uv": [ 6.25, 1, 6.75, 7 ], "texture": "#particle" },
        "east":  { "uv": [ 6.25, 1, 7.75, 7 ], "texture": "#particle" }
    }
},
{
    "__comment": "Book",
    "from": [ 12.25, 11, 6 ],
    "to": [ 16.25, 13, 8 ],
    "faces": {
        "down":  { "uv": [ 1.25, 4.5, 1.75, 6.5 ], "rotation": 270, "texture": "#particle" },
        "up":    { "uv": [ 10.5, 1.5, 14.5, 3.5 ], "rotation": 180, "texture": "#white" },
        "north": { "uv": [ 2.25, 4.5, 2.75, 6.5 ], "texture": "#particle" },
        "south": { "uv": [ 1.25, 4.5, 1.75, 6.5 ], "texture": "#particle" },
        "east":  { "uv": [ 1.25, 4.5, 2.75, 6.5 ], "texture": "#particle" }
    }
},
{
    "__comment": "Book",
    "from": [ 12.25, 9, 5 ],
    "to": [ 16.25, 11, 7 ],
    "faces": {
        "down":  { "uv": [ 10.5, 1.5, 14.5, 3.5 ], "rotation": 180, "texture": "#white" },
        "up":    { "uv": [ 2.25, 4.5, 2.75, 6.5 ], "rotation": 180, "texture": "#particle" },
        "south": { "uv": [ 1.25, 4.5, 1.75, 6.5 ], "texture": "#particle" },
        "east":  { "uv": [ 1.25, 4.5, 2.75, 6.5 ], "texture": "#particle" }
    }
},
{
    "__comment": "Book",
    "from": [ 12.25, 9, 3 ],
    "to": [ 16.5, 14, 5 ],
    "faces": {
        "down":  { "uv": [ 10, 1.5, 14.5, 3.25 ], "rotation": 180, "texture": "#white" },
        "up":    { "uv": [ 10, 1.5, 14.5, 3.25 ], "rotation": 180, "texture": "#white" },
        "north": { "uv": [ 11.25, 2, 11.75, 7 ], "texture": "#particle" },
        "south": { "uv": [ 12.25, 2, 12.75, 7 ], "texture": "#particle" },
        "east":  { "uv": [ 11.25, 2, 12.75, 7 ], "texture": "#particle" }
    }
},
{
    "__comment": "Book",
    "from": [ 14.25, 9, 1 ],
    "to": [ 16, 13, 3 ],
    "faces": {
        "up":    { "uv": [ 11.75, 1.5, 14.5, 2.5 ], "rotation": 180, "texture": "#white" },
        "north": { "uv": [ 14.25, 3, 14.75, 7 ], "texture": "#particle" },
        "east":  { "uv": [ 13.25, 3, 14.75, 7 ], "texture": "#particle" }
    }
},
{
    "__comment": "Book",
    "from": [ 14.25, 1, 12 ],
    "to": [ 16.25, 5, 15 ],
    "faces": {
        "down":  { "uv": [ 12.75, 1.25, 14.75, 4.25 ], "rotation": 180, "texture": "#white" },
        "up":    { "uv": [ 12.75, 1.25, 14.75, 4.25 ], "rotation": 180, "texture": "#white" },
        "south": { "uv": [ 1.25, 11, 1.75, 15 ], "texture": "#particle" },
        "east":  { "uv": [ 1.25, 11, 3.75, 15 ], "texture": "#particle" }
    }
},
{
    "__comment": "Book",
    "from": [ 12, 1, 10 ],
    "to": [ 16.5, 6, 12 ],
    "faces": {
        "down":  { "uv": [ 10.25, 1.25, 14.75, 3.25 ], "rotation": 180, "texture": "#white" },
        "up":    { "uv": [ 10.25, 1.25, 14.75, 3.25 ], "rotation": 180, "texture": "#white" },
        "north": { "uv": [ 5.25, 10, 5.75, 15 ], "texture": "#particle" },
        "south": { "uv": [ 4.25, 10, 4.75, 15 ], "texture": "#particle" },
        "east":  { "uv": [ 4.25, 10, 5.75, 15 ], "texture": "#particle" }
    }
},
{
    "__comment": "Book",
    "from": [ 14.25, 1, 9 ],
    "to": [ 16.75, 4, 10 ],
    "faces": {
        "down":  { "uv": [ 13, 1.25, 14.75, 2.25 ], "rotation": 180, "texture": "#white" },
        "up":    { "uv": [ 13, 1.25, 14.75, 2.25 ], "rotation": 180, "texture": "#white" },
        "north": { "uv": [ 6.25, 12, 6.75, 15 ], "texture": "#particle" },
        "south": { "uv": [ 6.25, 12, 6.75, 15 ], "texture": "#particle" },
        "east":  { "uv": [ 6.25, 12, 6.75, 15 ], "texture": "#particle" }
    }
},
{
    "__comment": "Book",
    "from": [ 14.5, 1, 8 ],
    "to": [ 16.5, 3, 9 ],
    "faces": {
        "down":  { "uv": [ 13.25, 1.25, 14.75, 2.25 ], "rotation": 180, "texture": "#white" },
        "up":    { "uv": [ 12.25, 3, 12.75, 5 ], "rotation": 270, "texture": "#particle" },
        "north": { "uv": [ 12.25, 3, 12.75, 5 ], "texture": "#particle" },
        "east":  { "uv": [ 12.25, 3, 12.75, 5 ], "texture": "#particle" }
    }
},
{
    "__comment": "Book",
    "from": [ 14.5, 3, 7 ],
    "to": [ 16.5, 5, 8 ],
    "faces": {
        "down":  { "uv": [ 12.25, 3, 12.75, 5 ], "rotation": 270, "texture": "#particle" },
        "up":    { "uv": [ 13.25, 1.25, 14.75, 2.25 ], "rotation": 180, "texture": "#white" },
        "north": { "uv": [ 12.25, 3, 12.75, 5 ], "texture": "#particle" },
        "south": { "uv": [ 12.25, 3, 12.75, 5 ], "texture": "#particle" },
        "east":  { "uv": [ 12.25, 3, 12.75, 5 ], "texture": "#particle" }
    }
},
{
    "__comment": "Book",
    "from": [ 12.75, 1, 5 ],
    "to": [ 16.25, 6, 7 ],
    "faces": {
        "down":  { "uv": [ 11.25, 1.25, 14.75, 3.25 ], "rotation": 180, "texture": "#white" },
        "up":    { "uv": [ 11.25, 1.25, 14.75, 3.25 ], "rotation": 180, "texture": "#white" },
        "north": { "uv": [ 10.25, 10, 10.75, 15 ], "texture": "#particle" },
        "south": { "uv": [ 9.25, 10, 9.75, 15 ], "texture": "#particle" },
        "east":  { "uv": [ 9.25, 10, 10.75, 15 ], "texture": "#particle" }
    }
},
{
    "__comment": "Book",
    "from": [ 14, 1, 4 ],
    "to": [ 16, 5, 5 ],
    "faces": {
        "up":    { "uv": [ 12.75, 1.25, 14.75, 2.25 ], "rotation": 180, "texture": "#white" },
        "east":  { "uv": [ 11.25, 11, 11.75, 15 ], "texture": "#particle" }
    }
},
{
    "__comment": "Book",
    "from": [ 13.25, 1, 2 ],
    "to": [ 16.25, 7, 4 ],
    "faces": {
        "down":  { "uv": [ 11.75, 1.25, 14.75, 3.25 ], "rotation": 180, "texture": "#white" },
        "up":    { "uv": [ 11.75, 1.25, 14.75, 3.25 ], "rotation": 180, "texture": "#white" },
        "north": { "uv": [ 13.25, 9, 13.75, 15 ], "texture": "#particle" },
        "south": { "uv": [ 12.25, 9, 12.75, 15 ], "texture": "#particle" },
        "east":  { "uv": [ 12.25, 9, 13.75, 15 ], "texture": "#particle" }
    }
},
{
    "__comment": "Book",
    "from": [ 14.25, 1, 1 ],
    "to": [ 16, 5, 2 ],
    "faces": {
        "up":    { "uv": [ 12.75, 1.25, 14.75, 2.25 ], "rotation": 180, "texture": "#white" },
        "north": { "uv": [ 14.25, 11, 14.75, 15 ], "texture": "#particle" },
        "east":  { "uv": [ 14.25, 11, 14.75, 15 ], "texture": "#particle" }
    }
},
{
    "__comment": "Book",
    "from": [ 1, 9, 14.0625 ],
    "to": [ 3, 14, 16.5625 ],
    "faces": {
        "down":  { "uv": [ 12.5, 1.5, 14.5, 3.25 ], "rotation": 90, "texture": "#white" },
        "up":    { "uv": [ 12.5, 1.5, 14.5, 3.25 ], "rotation": 270, "texture": "#white" },
        "south": { "uv": [ 1.25, 2, 2.75, 7 ], "texture": "#particle" },
        "west":  { "uv": [ 1.25, 2, 1.75, 7 ], "texture": "#particle" },
        "east":  { "uv": [ 2.25, 2, 2.75, 7 ], "texture": "#particle" }
    }
},
{
    "__comment": "Book",
    "from": [ 3, 9, 13.5 ],
    "to": [ 4, 13, 16.25 ],
    "faces": {
        "down":  { "uv": [ 11.75, 1.5, 14.5, 2.5 ], "rotation": 90, "texture": "#white" },
        "up":    { "uv": [ 11.75, 1.5, 14.5, 2.5 ], "rotation": 270, "texture": "#white" },
        "south": { "uv": [ 3.25, 3, 3.75, 7 ], "texture": "#particle" }
    }
},
{
    "__comment": "Book",
    "from": [ 4, 9, 12.5 ],
    "to": [ 6, 14, 16.5 ],
    "faces": {
        "down":  { "uv": [ 12, 1.25, 14.75, 3.25 ], "rotation": 90, "texture": "#white" },
        "up":    { "uv": [ 12, 1.25, 14.75, 3.25 ], "rotation": 270, "texture": "#white" },
        "south": { "uv": [ 4.25, 2, 5.75, 7 ], "texture": "#particle" },
        "west":  { "uv": [ 4.25, 2, 4.75, 7 ], "texture": "#particle" },
        "east":  { "uv": [ 5.25, 2, 5.75, 7 ], "texture": "#particle" }
    }
},
{
    "__comment": "Book",
    "from": [ 6, 9, 11.5 ],
    "to": [ 8, 15, 16 ],
    "faces": {
        "south": { "uv": [ 6.25, 1, 7.75, 7 ], "texture": "#particle" },
        "west":  { "uv": [ 6.25, 1, 6.75, 7 ], "texture": "#particle" },
        "east":  { "uv": [ 7.25, 1, 7.75, 7 ], "texture": "#particle" }
    }
},
{
    "__comment": "Book",
    "from": [ 8, 11, 12.25 ],
    "to": [ 10, 13, 16.25 ],
    "faces": {
        "down":  { "uv": [ 1.25, 4.5, 1.75, 6.5 ], "rotation": 180, "texture": "#particle" },
        "up":    { "uv": [ 10.5, 1.5, 14.5, 3.5 ], "rotation": 270, "texture": "#white" },
        "south": { "uv": [ 1.25, 4.5, 2.75, 6.5 ], "texture": "#particle" },
        "west":  { "uv": [ 1.25, 4.5, 1.75, 6.5 ], "texture": "#particle" },
        "east":  { "uv": [ 2.25, 4.5, 2.75, 6.5 ], "texture": "#particle" }
    }
},
{
    "__comment": "Book",
    "from": [ 9, 9, 12.25 ],
    "to": [ 11, 11, 16.25 ],
    "faces": {
        "down":  { "uv": [ 10.5, 1.5, 14.5, 3.5 ], "rotation": 90, "texture": "#white" },
        "up":    { "uv": [ 2.25, 4.5, 2.75, 6.5 ], "rotation": 270, "texture": "#particle" },
        "south": { "uv": [ 1.25, 4.5, 2.75, 6.5 ], "texture": "#particle" },
        "west":  { "uv": [ 1.25, 4.5, 1.75, 6.5 ], "texture": "#particle" }
    }
},
{
    "__comment": "Book",
    "from": [ 11, 9, 12.25 ],
    "to": [ 13, 14, 16.5 ],
    "faces": {
        "down":  { "uv": [ 10, 1.5, 14.5, 3.25 ], "rotation": 90, "texture": "#white" },
        "up":    { "uv": [ 10, 1.5, 14.5, 3.25 ], "rotation": 270, "texture": "#white" },
        "south": { "uv": [ 11.25, 2, 12.75, 7 ], "texture": "#particle" },
        "west":  { "uv": [ 12.25, 2, 12.75, 7 ], "texture": "#particle" },
        "east":  { "uv": [ 11.25, 2, 11.75, 7 ], "texture": "#particle" }
    }
},
{
    "__comment": "Book",
    "from": [ 13, 9, 14.25 ],
    "to": [ 15, 13, 16 ],
    "faces": {
        "up":    { "uv": [ 11.75, 1.5, 14.5, 2.5 ], "rotation": 270, "texture": "#white" },
        "south": { "uv": [ 13.25, 3, 14.75, 7 ], "texture": "#particle" }
    }
},
{
    "__comment": "Book",
    "from": [ 1, 1, 14.25 ],
    "to": [ 4, 5, 16.25 ],
    "faces": {
        "down":  { "uv": [ 12.75, 1.25, 14.75, 4.25 ], "rotation": 90, "texture": "#white" },
        "up":    { "uv": [ 12.75, 1.25, 14.75, 4.25 ], "rotation": 270, "texture": "#white" },
        "south": { "uv": [ 1.25, 11, 3.75, 15 ], "texture": "#particle" },
        "west":  { "uv": [ 1.25, 11, 1.75, 15 ], "texture": "#particle" }
    }
},
{
    "__comment": "Book",
    "from": [ 4, 1, 12 ],
    "to": [ 6, 6, 16.5 ],
    "faces": {
        "down":  { "uv": [ 10.25, 1.25, 14.75, 3.25 ], "rotation": 90, "texture": "#white" },
        "up":    { "uv": [ 10.25, 1.25, 14.75, 3.25 ], "rotation": 270, "texture": "#white" },
        "south": { "uv": [ 4.25, 10, 5.75, 15 ], "texture": "#particle" },
        "west":  { "uv": [ 4.25, 10, 4.75, 15 ], "texture": "#particle" },
        "east":  { "uv": [ 5.25, 10, 5.75, 15 ], "texture": "#particle" }
    }
},
{
    "__comment": "Book",
    "from": [ 6, 1, 14.25 ],
    "to": [ 7, 4, 16.75 ],
    "faces": {
        "down":  { "uv": [ 13, 1.25, 14.75, 2.25 ], "rotation": 90, "texture": "#white" },
        "up":    { "uv": [ 13, 1.25, 14.75, 2.25 ], "rotation": 270, "texture": "#white" },
        "south": { "uv": [ 6.25, 12, 6.75, 15 ], "texture": "#particle" },
        "west":  { "uv": [ 6.25, 12, 6.75, 15 ], "texture": "#particle" },
        "east":  { "uv": [ 6.25, 12, 6.75, 15 ], "texture": "#particle" }
    }
},
{
    "__comment": "Book",
    "from": [ 7, 1, 14.5 ],
    "to": [ 8, 3, 16.5 ],
    "faces": {
        "down":  { "uv": [ 13.25, 1.25, 14.75, 2.25 ], "rotation": 90, "texture": "#white" },
        "up":    { "uv": [ 12.25, 3, 12.75, 5 ], "texture": "#particle" },
        "south": { "uv": [ 12.25, 3, 12.75, 5 ], "texture": "#particle" },
        "east":  { "uv": [ 12.25, 3, 12.75, 5 ], "texture": "#particle" }
    }
},
{
    "__comment": "Book",
    "from": [ 8, 3, 14.5 ],
    "to": [ 9, 5, 16.5 ],
    "faces": {
        "down":  { "uv": [ 12.25, 3, 12.75, 5 ], "rotation": 180, "texture": "#particle" },
        "up":    { "uv": [ 13.25, 1.25, 14.75, 2.25 ], "rotation": 270, "texture": "#white" },
        "south": { "uv": [ 12.25, 3, 12.75, 5 ], "texture": "#particle" },
        "west":  { "uv": [ 12.25, 3, 12.75, 5 ], "texture": "#particle" },
        "east":  { "uv": [ 12.25, 3, 12.75, 5 ], "texture": "#particle" }
    }
},
{
    "__comment": "Book",
    "from": [ 9, 1, 12.75 ],
    "to": [ 11, 6, 16.25 ],
    "faces": {
        "down":  { "uv": [ 11.25, 1.25, 14.75, 3.25 ], "rotation": 90, "texture": "#white" },
        "up":    { "uv": [ 11.25, 1.25, 14.75, 3.25 ], "rotation": 270, "texture": "#white" },
        "south": { "uv": [ 9.25, 10, 10.75, 15 ], "texture": "#particle" },
        "west":  { "uv": [ 9.25, 10, 9.75, 15 ], "texture": "#particle" },
        "east":  { "uv": [ 10.25, 10, 10.75, 15 ], "texture": "#particle" }
    }
},
{
    "__comment": "Book",
    "from": [ 11, 1, 14 ],
    "to": [ 12, 5, 16 ],
    "faces": {
        "up":    { "uv": [ 12.75, 1.25, 14.75, 2.25 ], "rotation": 270, "texture": "#white" },
        "south": { "uv": [ 11.25, 11, 11.75, 15 ], "texture": "#particle" }
    }
},
{
    "__comment": "Book",
    "from": [ 12, 1, 13.25 ],
    "to": [ 14, 7, 16.25 ],
    "faces": {
        "down":  { "uv": [ 11.75, 1.25, 14.75, 3.25 ], "rotation": 90, "texture": "#white" },
        "up":    { "uv": [ 11.75, 1.25, 14.75, 3.25 ], "rotation": 270, "texture": "#white" },
        "south": { "uv": [ 12.25, 9, 13.75, 15 ], "texture": "#particle" },
        "west":  { "uv": [ 12.25, 9, 12.75, 15 ], "texture": "#particle" },
        "east":  { "uv": [ 13.25, 9, 13.75, 15 ], "texture": "#particle" }
    }
},
{
    "__comment": "Book",
    "from": [ 14, 1, 14.25 ],
    "to": [ 15, 5, 16 ],
    "faces": {
        "up":    { "uv": [ 12.75, 1.25, 14.75, 2.25 ], "rotation": 270, "texture": "#white" },
        "south": { "uv": [ 14.25, 11, 14.75, 15 ], "texture": "#particle" }
    }
}
],
"display": {
    "thirdperson_righthand": {
        "rotation": [ 45, 45, 0 ],
        "translation": [ 0, 0, 0 ],
        "scale": [ 0.25, 0.25, 0.25 ]
    },
    "thirdperson_lefthand": {
        "rotation": [ 45, 45, 0 ],
        "translation": [ 0, 0, 0 ],
        "scale": [ 0.25, 0.25, 0.25 ]
    },
    "head": {
        "rotation": [ 0, 0, 0 ],
        "translation": [ 0, 14, 0 ],
        "scale": [ 1, 1, 1 ]
    },
    "ground": {
        "rotation": [ 0, 0, 0 ],
        "translation": [ 0, 3, 0 ],
        "scale": [ 0.25, 0.25, 0.25 ]
    },
    "fixed": {
        "rotation": [ 0, 45, 0 ],
        "translation": [ 0, 0, 0 ],
        "scale": [ 0.5, 0.5, 0.5 ]
    },
    "firstperson_righthand": {
        "rotation": [ 0, 0, 0 ],
        "translation": [ 0, 0, 0 ],
        "scale": [ 0.25, 0.25, 0.25 ]
    },
    "firstperson_lefthand": {
        "rotation": [ 0, 0, 0 ],
        "translation": [ 0, 0, 0 ],
        "scale": [ 0.25, 0.25, 0.25 ]
    },
    "gui": {
        "rotation": [ 30, 45, 0 ],
        "translation": [ 0, 0, 0 ],
        "scale": [ 0.65, 0.65, 0.65 ]
    }
}
}