{
"__comment": "Designed by Sibsib92 with BDcraft Cubik PRO 0.95 Beta - http://bdcraft.net",
"ambientocclusion": false,
"textures": {
    "particle": "blocks/brewing_stand",
    "texture": "blocks/hardened_clay_stained_yellow",
    "gray": "blocks/cauldron_inner",
    "redbrown": "blocks/hardened_clay_stained_red",
    "stone": "blocks/stone",
    "glass": "blocks/glass",
    "iron": "blocks/iron_block",
    "water": "blocks/water_still",
    "brown": "blocks/hardened_clay",
    "stoneslab": "blocks/stone_slab_top"
},
"elements": [ 
{
    "__comment": "brown rubber parts",
    "from": [ 4.375, 10.25, 11.125 ],
    "to": [ 5.125, 12, 11.875 ],
    "rotation": { "origin": [ 4.375, 10.25, 11.125 ], "axis": "y", "angle": -45 },
    "faces": {
        "down":  { "uv": [ 2.874, 8.374, 2.126, 7.626 ], "texture": "#redbrown" },
        "north": { "uv": [ 2.126, 4.001, 2.874, 5.749 ], "texture": "#redbrown" },
        "south": { "uv": [ 13.126, 4.001, 13.874, 5.749 ], "texture": "#redbrown" },
        "west":  { "uv": [ 7.626, 4.001, 8.374, 5.749 ], "texture": "#redbrown" },
        "east":  { "uv": [ 7.626, 4.001, 8.374, 5.749 ], "texture": "#redbrown" }
    }
},
{
    "__comment": "brown rubber parts",
    "from": [ 4.375, 9.25, 11.3125 ],
    "to": [ 4.875, 10.25, 11.8125 ],
    "rotation": { "origin": [ 4.375, 9.25, 11.3125 ], "axis": "y", "angle": -45 },
    "faces": {
        "down":  { "uv": [ 2.749, 8.249, 2.251, 7.751 ], "texture": "#brown" },
        "north": { "uv": [ 2.251, 5.751, 2.749, 6.749 ], "texture": "#brown" },
        "south": { "uv": [ 13.251, 5.751, 13.749, 6.749 ], "texture": "#brown" },
        "west":  { "uv": [ 7.751, 5.751, 8.249, 6.749 ], "texture": "#brown" },
        "east":  { "uv": [ 7.751, 5.751, 8.249, 6.749 ], "texture": "#brown" }
    }
}
]
}