{
"__comment": "Designed by Sibsib92 with BDcraft Cubik PRO 0.96 Beta - http://bdcraft.net",
"ambientocclusion": false,
"textures": {
    "particle": "blocks/brewing_stand",
    "texture": "blocks/hardened_clay_stained_yellow",
    "gray": "blocks/cauldron_inner",
    "redbrown": "blocks/hardened_clay_stained_red",
    "stone": "blocks/stone",
    "glass": "blocks/glass",
    "iron": "blocks/iron_block",
    "water": "blocks/water_still",
    "brown": "blocks/hardened_clay",
    "stoneslab": "blocks/stone_slab_top"
},
"elements": [ 
{
    "__comment": "Yellow Mid",
    "from": [ 7.5, 0.5, 6.5 ],
    "to": [ 8.5, 12.5, 9.5 ],
    "faces": {
        "up":    { "uv": [ 7.501, 6.501, 8.499, 9.499 ], "texture": "#texture" },
        "north": { "uv": [ 7.501, 3.501, 8.499, 15.499 ], "texture": "#texture" },
        "south": { "uv": [ 7.501, 3.501, 8.499, 15.499 ], "texture": "#texture" },
        "west":  { "uv": [ 6.501, 3.501, 9.499, 15.499 ], "texture": "#texture" },
        "east":  { "uv": [ 6.501, 3.501, 9.499, 15.499 ], "texture": "#texture" }
    }
},
{
    "__comment": "Yellow Mid",
    "from": [ 6.5, 0.5, 7.5 ],
    "to": [ 9.5, 12.5, 8.5 ],
    "faces": {
        "up":    { "uv": [ 6.501, 7.501, 9.499, 8.499 ], "texture": "#texture" },
        "north": { "uv": [ 6.501, 3.501, 9.499, 15.499 ], "texture": "#texture" },
        "south": { "uv": [ 6.501, 3.501, 9.499, 15.499 ], "texture": "#texture" },
        "west":  { "uv": [ 7.501, 3.501, 8.499, 15.499 ], "texture": "#texture" },
        "east":  { "uv": [ 7.501, 3.501, 8.499, 15.499 ], "texture": "#texture" }
    }
},
{
    "__comment": "Yellow Mid",
    "from": [ 7, 0.5, 7 ],
    "to": [ 9, 13, 9 ],
    "faces": {
        "up":    { "uv": [ 7.001, 7.001, 8.999, 8.999 ], "texture": "#texture" },
        "north": { "uv": [ 7.001, 3.001, 8.999, 15.499 ], "texture": "#texture" },
        "south": { "uv": [ 7.001, 3.001, 8.999, 15.499 ], "texture": "#texture" },
        "west":  { "uv": [ 7.001, 3.001, 8.999, 15.499 ], "texture": "#texture" },
        "east":  { "uv": [ 7.001, 3.001, 8.999, 15.499 ], "texture": "#texture" }
    }
},
{
    "__comment": "Yellow Mid",
    "from": [ 7.5, 13, 7.5 ],
    "to": [ 8.5, 13.5, 8.5 ],
    "faces": {
        "up":    { "uv": [ 7.501, 7.501, 8.499, 8.499 ], "texture": "#texture" },
        "north": { "uv": [ 7.501, 2.501, 8.499, 2.999 ], "texture": "#texture" },
        "south": { "uv": [ 7.501, 2.501, 8.499, 2.999 ], "texture": "#texture" },
        "west":  { "uv": [ 7.501, 2.501, 8.499, 2.999 ], "texture": "#texture" },
        "east":  { "uv": [ 7.501, 2.501, 8.499, 2.999 ], "texture": "#texture" }
    }
},
{
    "__comment": "Gray Arms",
    "from": [ 10, 2, 7.5 ],
    "to": [ 11, 13, 8.5 ],
    "faces": {
        "down":  { "uv": [ 5.999, 8.499, 5.001, 7.501 ], "texture": "#gray" },
        "north": { "uv": [ 5.001, 3.001, 5.999, 13.999 ], "texture": "#gray" },
        "south": { "uv": [ 10.001, 3.001, 10.999, 13.999 ], "texture": "#gray" },
        "west":  { "uv": [ 7.501, 3.001, 8.499, 13.999 ], "texture": "#gray" },
        "east":  { "uv": [ 7.501, 3.001, 8.499, 13.999 ], "texture": "#gray" }
    }
},
{
    "__comment": "Gray Arms",
    "from": [ 9.5, 2, 7.5 ],
    "to": [ 10, 3, 8.5 ],
    "faces": {
        "down":  { "uv": [ 6.499, 8.499, 6.001, 7.501 ], "texture": "#gray" },
        "up":    { "uv": [ 9.501, 7.501, 9.999, 8.499 ], "texture": "#gray" },
        "north": { "uv": [ 6.001, 13.001, 6.499, 13.999 ], "texture": "#gray" },
        "south": { "uv": [ 9.501, 13.001, 9.999, 13.999 ], "texture": "#gray" }
    }
},
{
    "__comment": "Gray Arms",
    "from": [ 6.5, 2, 8.8125 ],
    "to": [ 7.5, 13, 9.8125 ],
    "rotation": { "origin": [ 6.5, 2, 8.8125 ], "axis": "y", "angle": -45 },
    "faces": {
        "down":  { "uv": [ 10.999, 8.999, 10.001, 8.001 ], "texture": "#gray" },
        "up":    { "uv": [ 10.001, 9.001, 10.999, 9.999 ], "texture": "#gray" },
        "north": { "uv": [ 8.751, 3.001, 9.749, 13.999 ], "texture": "#gray" },
        "south": { "uv": [ 9.001, 3.001, 9.999, 13.999 ], "texture": "#gray" },
        "west":  { "uv": [ 9.001, 3.001, 9.999, 13.999 ], "texture": "#gray" },
        "east":  { "uv": [ 9.001, 3.001, 9.999, 13.999 ], "texture": "#gray" }
    }
},
{
    "__comment": "Gray Arms",
    "from": [ 6.5, 2, 5.8125 ],
    "to": [ 7.5, 13, 6.8125 ],
    "rotation": { "origin": [ 6.5, 2, 5.8125 ], "axis": "y", "angle": -45 },
    "faces": {
        "down":  { "uv": [ 9.499, 6.8115, 8.501, 5.8135 ], "texture": "#gray" },
        "up":    { "uv": [ 6.501, 5.8135, 7.499, 6.8115 ], "texture": "#gray" },
        "north": { "uv": [ 10.001, 3.001, 10.999, 13.999 ], "texture": "#gray" },
        "south": { "uv": [ 9.001, 3.001, 9.999, 13.999 ], "texture": "#gray" },
        "west":  { "uv": [ 10.001, 3.001, 10.999, 13.999 ], "texture": "#gray" },
        "east":  { "uv": [ 10.001, 3.001, 10.999, 13.999 ], "texture": "#gray" }
    }
},
{
    "__comment": "Gray Arms",
    "from": [ 6.5, 2, 8.8125 ],
    "to": [ 7.5, 3, 9.8125 ],
    "rotation": { "origin": [ 6.5, 2, 8.8125 ], "axis": "y", "angle": 45 },
    "faces": {
        "down":  { "uv": [ 9.499, 9.499, 8.501, 8.501 ], "texture": "#gray" },
        "up":    { "uv": [ 6.501, 8.501, 7.499, 9.499 ], "texture": "#gray" },
        "north": { "uv": [ 8.501, 13.001, 9.499, 13.999 ], "texture": "#gray" },
        "south": { "uv": [ 6.501, 13.001, 7.499, 13.999 ], "texture": "#gray" }
    }
},
{
    "__comment": "Gray Arms",
    "from": [ 7.1875, 2, 6.5 ],
    "to": [ 8.1875, 3, 7.5 ],
    "rotation": { "origin": [ 7.1875, 2, 6.5 ], "axis": "y", "angle": -45 },
    "faces": {
        "down":  { "uv": [ 9.499, 7.499, 8.501, 6.501 ], "texture": "#gray" },
        "up":    { "uv": [ 6.501, 6.501, 7.499, 7.499 ], "texture": "#gray" },
        "north": { "uv": [ 8.501, 13.001, 9.499, 13.999 ], "texture": "#gray" },
        "south": { "uv": [ 6.501, 13.001, 7.499, 13.999 ], "texture": "#gray" }
    }
},
{
    "__comment": "brown rubber parts",
    "from": [ 13.125, 10.25, 7.625 ],
    "to": [ 13.875, 12, 8.375 ],
    "faces": {
        "down":  { "uv": [ 2.874, 8.374, 2.126, 7.626 ], "texture": "#redbrown" },
        "north": { "uv": [ 2.126, 4.001, 2.874, 5.749 ], "texture": "#redbrown" },
        "south": { "uv": [ 13.126, 4.001, 13.874, 5.749 ], "texture": "#redbrown" },
        "west":  { "uv": [ 7.626, 4.001, 8.374, 5.749 ], "texture": "#redbrown" },
        "east":  { "uv": [ 7.626, 4.001, 8.374, 5.749 ], "texture": "#redbrown" }
    }
},
{
    "__comment": "Gray Arms*",
    "from": [ 10, 13, 7.5 ],
    "to": [ 13, 14, 8.5 ],
    "faces": {
        "down":  { "uv": [ 5.999, 8.499, 2.001, 7.501 ], "texture": "#gray" },
        "up":    { "uv": [ 10.001, 7.501, 13.999, 8.499 ], "texture": "#gray" },
        "north": { "uv": [ 2.001, 2.001, 5.999, 2.999 ], "texture": "#gray" },
        "south": { "uv": [ 10.001, 2.001, 13.999, 2.999 ], "texture": "#gray" },
        "west":  { "uv": [ 7.501, 2.001, 8.499, 2.999 ], "texture": "#gray" }
    }
},
{
    "__comment": "Gray Arms*",
    "from": [ 13, 12, 7.5 ],
    "to": [ 14, 16, 8.5 ],
    "faces": {
        "down":  { "uv": [ 2.999, 8.499, 2.001, 7.501 ], "texture": "#gray" },
        "up":    { "uv": [ 13.001, 7.501, 13.999, 8.499 ], "texture": "#gray" },
        "north": { "uv": [ 2.001, 0.001, 2.999, 1.999 ], "texture": "#gray" },
        "south": { "uv": [ 13.001, 0.001, 13.999, 1.999 ], "texture": "#gray" },
        "west":  { "uv": [ 7.501, 0.001, 8.499, 1.999 ], "texture": "#gray" },
        "east":  { "uv": [ 7.501, 0.001, 8.499, 1.999 ], "texture": "#gray" }
    }
},
{
    "__comment": "Gray Arms*",
    "from": [ 4.375, 13, 10.9375 ],
    "to": [ 7.375, 14, 11.9375 ],
    "rotation": { "origin": [ 4.375, 13, 10.9375 ], "axis": "y", "angle": 45 },
    "faces": {
        "down":  { "uv": [ 5.999, 8.499, 2.001, 7.501 ], "texture": "#gray" },
        "up":    { "uv": [ 10.001, 7.501, 13.999, 8.499 ], "texture": "#gray" },
        "north": { "uv": [ 2.001, 2.001, 5.999, 2.999 ], "texture": "#gray" },
        "south": { "uv": [ 10.001, 2.001, 13.999, 2.999 ], "texture": "#gray" },
        "west":  { "uv": [ 7.501, 2.001, 8.499, 2.999 ], "texture": "#gray" },
        "east":  { "uv": [ 7.501, 2.001, 8.499, 2.999 ], "texture": "#gray" }
    }
},
{
    "__comment": "Gray Arms*",
    "from": [ 5.0625, 13, 4.375 ],
    "to": [ 8.0625, 14, 5.375 ],
    "rotation": { "origin": [ 5.0625, 13, 4.375 ], "axis": "y", "angle": -45 },
    "faces": {
        "down":  { "uv": [ 5.999, 8.499, 2.001, 7.501 ], "texture": "#gray" },
        "up":    { "uv": [ 10.001, 7.501, 13.999, 8.499 ], "texture": "#gray" },
        "north": { "uv": [ 2.001, 2.001, 5.999, 2.999 ], "texture": "#gray" },
        "south": { "uv": [ 10.001, 2.001, 13.999, 2.999 ], "texture": "#gray" },
        "west":  { "uv": [ 7.501, 2.001, 8.499, 2.999 ], "texture": "#gray" },
        "east":  { "uv": [ 7.501, 2.001, 8.499, 2.999 ], "texture": "#gray" }
    }
},
{
    "__comment": "Gray Arms*",
    "from": [ 3.6875, 12, 4.375 ],
    "to": [ 4.6875, 16, 5.375 ],
    "rotation": { "origin": [ 3.6875, 12, 4.375 ], "axis": "y", "angle": 45 },
    "faces": {
        "down":  { "uv": [ 2.999, 8.499, 2.001, 7.501 ], "texture": "#gray" },
        "up":    { "uv": [ 13.001, 7.501, 13.999, 8.499 ], "texture": "#gray" },
        "north": { "uv": [ 2.001, 0.001, 2.999, 1.999 ], "texture": "#gray" },
        "south": { "uv": [ 13.001, 0.001, 13.999, 1.999 ], "texture": "#gray" },
        "west":  { "uv": [ 7.501, 0.001, 8.499, 1.999 ], "texture": "#gray" },
        "east":  { "uv": [ 7.501, 0.001, 8.499, 1.999 ], "texture": "#gray" }
    }
},
{
    "__comment": "Gray Arms*",
    "from": [ 4.375, 12, 10.9375 ],
    "to": [ 5.375, 16, 11.9375 ],
    "rotation": { "origin": [ 4.375, 12, 10.9375 ], "axis": "y", "angle": -45 },
    "faces": {
        "down":  { "uv": [ 2.999, 8.499, 2.001, 7.501 ], "texture": "#gray" },
        "up":    { "uv": [ 13.001, 7.501, 13.999, 8.499 ], "texture": "#gray" },
        "north": { "uv": [ 2.001, 0.001, 2.999, 1.999 ], "texture": "#gray" },
        "south": { "uv": [ 13.001, 0.001, 13.999, 1.999 ], "texture": "#gray" },
        "west":  { "uv": [ 7.501, 0.001, 8.499, 1.999 ], "texture": "#gray" },
        "east":  { "uv": [ 7.501, 0.001, 8.499, 1.999 ], "texture": "#gray" }
    }
},
{
    "__comment": "brown rubber parts",
    "from": [ 4.375, 10.25, 11.125 ],
    "to": [ 5.125, 12, 11.875 ],
    "rotation": { "origin": [ 4.375, 10.25, 11.125 ], "axis": "y", "angle": -45 },
    "faces": {
        "down":  { "uv": [ 2.874, 8.374, 2.126, 7.626 ], "texture": "#redbrown" },
        "north": { "uv": [ 2.126, 4.001, 2.874, 5.749 ], "texture": "#redbrown" },
        "south": { "uv": [ 13.126, 4.001, 13.874, 5.749 ], "texture": "#redbrown" },
        "west":  { "uv": [ 7.626, 4.001, 8.374, 5.749 ], "texture": "#redbrown" },
        "east":  { "uv": [ 7.626, 4.001, 8.374, 5.749 ], "texture": "#redbrown" }
    }
},
{
    "__comment": "brown rubber parts",
    "from": [ 3.875, 10.25, 4.375 ],
    "to": [ 4.625, 12, 5.125 ],
    "rotation": { "origin": [ 3.875, 10.25, 4.375 ], "axis": "y", "angle": 45 },
    "faces": {
        "down":  { "uv": [ 2.874, 8.374, 2.126, 7.626 ], "texture": "#redbrown" },
        "north": { "uv": [ 2.126, 4.001, 2.874, 5.749 ], "texture": "#redbrown" },
        "south": { "uv": [ 13.126, 4.001, 13.874, 5.749 ], "texture": "#redbrown" },
        "west":  { "uv": [ 7.626, 4.001, 8.374, 5.749 ], "texture": "#redbrown" },
        "east":  { "uv": [ 7.626, 4.001, 8.374, 5.749 ], "texture": "#redbrown" }
    }
},
{
    "__comment": "Stone Base",
    "from": [ 6.5, 0, 6.5 ],
    "to": [ 9.5, 0.5, 9.5 ],
    "faces": {
        "down":  { "uv": [ 9.499, 9.499, 6.501, 6.501 ], "texture": "#stoneslab" },
        "up":    { "uv": [ 6.501, 6.501, 9.499, 9.499 ], "texture": "#stoneslab" },
        "north": { "uv": [ 6.501, 15.501, 9.499, 15.999 ], "texture": "#stoneslab" },
        "south": { "uv": [ 6.501, 15.501, 9.499, 15.999 ], "texture": "#stoneslab" },
        "west":  { "uv": [ 6.501, 15.501, 9.499, 15.999 ], "texture": "#stoneslab" },
        "east":  { "uv": [ 6.501, 15.501, 9.499, 15.999 ], "texture": "#stoneslab" }
    }
},
{
    "__comment": "Stone Base",
    "from": [ 7, 0, 6 ],
    "to": [ 9, 0.5, 10 ],
    "faces": {
        "down":  { "uv": [ 8.999, 9.999, 7.001, 6.001 ], "texture": "#stoneslab" },
        "up":    { "uv": [ 7.001, 6.001, 8.999, 9.999 ], "texture": "#stoneslab" },
        "north": { "uv": [ 7.001, 15.501, 8.999, 15.999 ], "texture": "#stoneslab" },
        "south": { "uv": [ 7.001, 15.501, 8.999, 15.999 ], "texture": "#stoneslab" },
        "west":  { "uv": [ 6.001, 15.501, 9.999, 15.999 ], "texture": "#stoneslab" },
        "east":  { "uv": [ 6.001, 15.501, 9.999, 15.999 ], "texture": "#stoneslab" }
    }
},
{
    "__comment": "Stone Base",
    "from": [ 6, 0, 7 ],
    "to": [ 10, 0.5, 9 ],
    "faces": {
        "down":  { "uv": [ 9.999, 8.999, 6.001, 7.001 ], "texture": "#stoneslab" },
        "up":    { "uv": [ 6.001, 7.001, 9.999, 8.999 ], "texture": "#stoneslab" },
        "north": { "uv": [ 6.001, 15.501, 9.999, 15.999 ], "texture": "#stoneslab" },
        "south": { "uv": [ 6.001, 15.501, 9.999, 15.999 ], "texture": "#stoneslab" },
        "west":  { "uv": [ 7.001, 15.501, 8.999, 15.999 ], "texture": "#stoneslab" },
        "east":  { "uv": [ 7.001, 15.501, 8.999, 15.999 ], "texture": "#stoneslab" }
    }
},
{
    "__comment": "Stone Base",
    "from": [ 12, 0, 6.5 ],
    "to": [ 15, 0.5, 9.5 ],
    "faces": {
        "down":  { "uv": [ 9.499, 9.499, 6.501, 6.501 ], "texture": "#stoneslab" },
        "up":    { "uv": [ 6.501, 6.501, 9.499, 9.499 ], "texture": "#stoneslab" },
        "north": { "uv": [ 6.501, 15.501, 9.499, 15.999 ], "texture": "#stoneslab" },
        "south": { "uv": [ 6.501, 15.501, 9.499, 15.999 ], "texture": "#stoneslab" },
        "west":  { "uv": [ 6.501, 15.501, 9.499, 15.999 ], "texture": "#stoneslab" },
        "east":  { "uv": [ 6.501, 15.501, 9.499, 15.999 ], "texture": "#stoneslab" }
    }
},
{
    "__comment": "Stone Base",
    "from": [ 12.5, 0, 6 ],
    "to": [ 14.5, 0.5, 10 ],
    "faces": {
        "down":  { "uv": [ 8.999, 9.999, 7.001, 6.001 ], "texture": "#stoneslab" },
        "up":    { "uv": [ 7.001, 6.001, 8.999, 9.999 ], "texture": "#stoneslab" },
        "north": { "uv": [ 7.001, 15.501, 8.999, 15.999 ], "texture": "#stoneslab" },
        "south": { "uv": [ 7.001, 15.501, 8.999, 15.999 ], "texture": "#stoneslab" },
        "west":  { "uv": [ 6.001, 15.501, 9.999, 15.999 ], "texture": "#stoneslab" },
        "east":  { "uv": [ 6.001, 15.501, 9.999, 15.999 ], "texture": "#stoneslab" }
    }
},
{
    "__comment": "Stone Base",
    "from": [ 11.5, 0, 7 ],
    "to": [ 15.5, 0.5, 9 ],
    "faces": {
        "down":  { "uv": [ 9.999, 8.999, 6.001, 7.001 ], "texture": "#stoneslab" },
        "up":    { "uv": [ 6.001, 7.001, 9.999, 8.999 ], "texture": "#stoneslab" },
        "north": { "uv": [ 6.001, 15.501, 9.999, 15.999 ], "texture": "#stoneslab" },
        "south": { "uv": [ 6.001, 15.501, 9.999, 15.999 ], "texture": "#stoneslab" },
        "west":  { "uv": [ 7.001, 15.501, 8.999, 15.999 ], "texture": "#stoneslab" },
        "east":  { "uv": [ 7.001, 15.501, 8.999, 15.999 ], "texture": "#stoneslab" }
    }
},
{
    "__comment": "Stone Base",
    "from": [ 2.75, 0, 10.25 ],
    "to": [ 5.75, 0.5, 13.25 ],
    "faces": {
        "down":  { "uv": [ 9.499, 9.499, 6.501, 6.501 ], "texture": "#stoneslab" },
        "up":    { "uv": [ 6.501, 6.501, 9.499, 9.499 ], "texture": "#stoneslab" },
        "north": { "uv": [ 6.501, 15.501, 9.499, 15.999 ], "texture": "#stoneslab" },
        "south": { "uv": [ 6.501, 15.501, 9.499, 15.999 ], "texture": "#stoneslab" },
        "west":  { "uv": [ 6.501, 15.501, 9.499, 15.999 ], "texture": "#stoneslab" },
        "east":  { "uv": [ 6.501, 15.501, 9.499, 15.999 ], "texture": "#stoneslab" }
    }
},
{
    "__comment": "Stone Base",
    "from": [ 2.75, 0, 2.75 ],
    "to": [ 5.75, 0.5, 5.75 ],
    "faces": {
        "down":  { "uv": [ 9.499, 9.499, 6.501, 6.501 ], "texture": "#stoneslab" },
        "up":    { "uv": [ 6.501, 6.501, 9.499, 9.499 ], "texture": "#stoneslab" },
        "north": { "uv": [ 6.501, 15.501, 9.499, 15.999 ], "texture": "#stoneslab" },
        "south": { "uv": [ 6.501, 15.501, 9.499, 15.999 ], "texture": "#stoneslab" },
        "west":  { "uv": [ 6.501, 15.501, 9.499, 15.999 ], "texture": "#stoneslab" },
        "east":  { "uv": [ 6.501, 15.501, 9.499, 15.999 ], "texture": "#stoneslab" }
    }
},
{
    "__comment": "Stone Base",
    "from": [ 3.25, 0, 9.75 ],
    "to": [ 5.25, 0.5, 13.75 ],
    "faces": {
        "down":  { "uv": [ 8.999, 9.999, 7.001, 6.001 ], "texture": "#stoneslab" },
        "up":    { "uv": [ 7.001, 6.001, 8.999, 9.999 ], "texture": "#stoneslab" },
        "north": { "uv": [ 7.001, 15.501, 8.999, 15.999 ], "texture": "#stoneslab" },
        "south": { "uv": [ 7.001, 15.501, 8.999, 15.999 ], "texture": "#stoneslab" },
        "west":  { "uv": [ 6.001, 15.501, 9.999, 15.999 ], "texture": "#stoneslab" },
        "east":  { "uv": [ 6.001, 15.501, 9.999, 15.999 ], "texture": "#stoneslab" }
    }
},
{
    "__comment": "Stone Base",
    "from": [ 2.25, 0, 10.75 ],
    "to": [ 6.25, 0.5, 12.75 ],
    "faces": {
        "down":  { "uv": [ 9.999, 8.999, 6.001, 7.001 ], "texture": "#stoneslab" },
        "up":    { "uv": [ 6.001, 7.001, 9.999, 8.999 ], "texture": "#stoneslab" },
        "north": { "uv": [ 6.001, 15.501, 9.999, 15.999 ], "texture": "#stoneslab" },
        "south": { "uv": [ 6.001, 15.501, 9.999, 15.999 ], "texture": "#stoneslab" },
        "west":  { "uv": [ 7.001, 15.501, 8.999, 15.999 ], "texture": "#stoneslab" },
        "east":  { "uv": [ 7.001, 15.501, 8.999, 15.999 ], "texture": "#stoneslab" }
    }
},
{
    "__comment": "Stone Base",
    "from": [ 3.25, 0, 2.25 ],
    "to": [ 5.25, 0.5, 6.25 ],
    "faces": {
        "down":  { "uv": [ 8.999, 9.999, 7.001, 6.001 ], "texture": "#stoneslab" },
        "up":    { "uv": [ 7.001, 6.001, 8.999, 9.999 ], "texture": "#stoneslab" },
        "north": { "uv": [ 7.001, 15.501, 8.999, 15.999 ], "texture": "#stoneslab" },
        "south": { "uv": [ 7.001, 15.501, 8.999, 15.999 ], "texture": "#stoneslab" },
        "west":  { "uv": [ 6.001, 15.501, 9.999, 15.999 ], "texture": "#stoneslab" },
        "east":  { "uv": [ 6.001, 15.501, 9.999, 15.999 ], "texture": "#stoneslab" }
    }
},
{
    "__comment": "Stone Base",
    "from": [ 2.25, 0, 3.25 ],
    "to": [ 6.25, 0.5, 5.25 ],
    "faces": {
        "down":  { "uv": [ 9.999, 8.999, 6.001, 7.001 ], "texture": "#stoneslab" },
        "up":    { "uv": [ 6.001, 7.001, 9.999, 8.999 ], "texture": "#stoneslab" },
        "north": { "uv": [ 6.001, 15.501, 9.999, 15.999 ], "texture": "#stoneslab" },
        "south": { "uv": [ 6.001, 15.501, 9.999, 15.999 ], "texture": "#stoneslab" },
        "west":  { "uv": [ 7.001, 15.501, 8.999, 15.999 ], "texture": "#stoneslab" },
        "east":  { "uv": [ 7.001, 15.501, 8.999, 15.999 ], "texture": "#stoneslab" }
    }
}
],
"display": {
    "thirdperson_righthand": {
        "rotation": [ 30, 0, 0 ],
        "translation": [ 0, -0.5, 0 ],
        "scale": [ 0.5, 0.5, 0.5 ]
    },
    "thirdperson_lefthand": {
        "rotation": [ 30, 0, 0 ],
        "translation": [ 0, -0.5, 0 ],
        "scale": [ 0.5, 0.5, 0.5 ]
    },
    "head": {
        "rotation": [ 0, 0, 0 ],
        "translation": [ 0, 14, 0 ],
        "scale": [ 1, 1, 1 ]
    },
    "ground": {
        "rotation": [ 0, 0, 0 ],
        "translation": [ 0, 3, 0 ],
        "scale": [ 0.25, 0.25, 0.25 ]
    },
    "fixed": {
        "rotation": [ 0, 0, 0 ],
        "translation": [ 0, 0, 0 ],
        "scale": [ 0.75, 0.75, 0.75 ]
    },
    "firstperson_righthand": {
        "rotation": [ 0, 0, 0 ],
        "translation": [ 0, 0, 0 ],
        "scale": [ 0.25, 0.25, 0.25 ]
    },
    "firstperson_lefthand": {
        "rotation": [ 0, 0, 0 ],
        "translation": [ 0, 0, 0 ],
        "scale": [ 0.25, 0.25, 0.25 ]
    },
    "gui": {
        "rotation": [ 30, 55, 0 ],
        "translation": [ 0, 0, 0 ],
        "scale": [ 0.65, 0.65, 0.65 ]
    }
}
}