{
"__comment": "Designed by Sibsib92 with BDcraft Cubik PRO 0.95 Beta - http://bdcraft.net",
"ambientocclusion": false,
"textures": {
    "particle": "blocks/cactus_top",
    "texture": "blocks/cactus_side",
    "bottom": "blocks/cactus_bottom"
},
"elements": [ 
{
    "__comment": "Bot",
    "from": [ 1, 0, 6 ],
    "to": [ 15, 16, 10 ],
    "faces": {
        "down":  { "uv": [ 15, 10, 1, 6 ], "texture": "#bottom" },
        "up":    { "uv": [ 1, 6, 15, 10 ], "texture": "#particle" },
        "north": { "uv": [ 1, 0, 15, 16 ], "texture": "#texture" },
        "south": { "uv": [ 1, 0, 15, 16 ], "texture": "#texture" },
        "west":  { "uv": [ 6, 0, 10, 16 ], "texture": "#texture" },
        "east":  { "uv": [ 6, 0, 10, 16 ], "texture": "#texture" }
    }
},
{
    "__comment": "Bot",
    "from": [ 6, 0, 1 ],
    "to": [ 10, 16, 15 ],
    "faces": {
        "down":  { "uv": [ 10, 15, 6, 1 ], "texture": "#bottom" },
        "up":    { "uv": [ 6, 1, 10, 15 ], "texture": "#particle" },
        "north": { "uv": [ 6, 0, 10, 16 ], "texture": "#texture" },
        "south": { "uv": [ 6, 0, 10, 16 ], "texture": "#texture" },
        "west":  { "uv": [ 1, 0, 15, 16 ], "texture": "#texture" },
        "east":  { "uv": [ 1, 0, 15, 16 ], "texture": "#texture" }
    }
},
{
    "__comment": "Bot",
    "from": [ 4, 0, 2 ],
    "to": [ 12, 16, 14 ],
    "faces": {
        "down":  { "uv": [ 12, 14, 4, 2 ], "texture": "#bottom" },
        "up":    { "uv": [ 4, 2, 12, 14 ], "texture": "#particle" },
        "north": { "uv": [ 4, 0, 12, 16 ], "texture": "#texture" },
        "south": { "uv": [ 4, 0, 12, 16 ], "texture": "#texture" },
        "west":  { "uv": [ 2, 0, 14, 16 ], "texture": "#texture" },
        "east":  { "uv": [ 2, 0, 14, 16 ], "texture": "#texture" }
    }
},
{
    "__comment": "Bot",
    "from": [ 2, 0, 4 ],
    "to": [ 14, 16, 12 ],
    "faces": {
        "down":  { "uv": [ 14, 12, 2, 4 ], "texture": "#bottom" },
        "up":    { "uv": [ 2, 4, 14, 12 ], "texture": "#particle" },
        "north": { "uv": [ 2, 0, 14, 16 ], "texture": "#texture" },
        "south": { "uv": [ 2, 0, 14, 16 ], "texture": "#texture" },
        "west":  { "uv": [ 4, 0, 12, 16 ], "texture": "#texture" },
        "east":  { "uv": [ 4, 0, 12, 16 ], "texture": "#texture" }
    }
},
{
    "__comment": "Bot",
    "from": [ 3, 0, 3 ],
    "to": [ 13, 16, 13 ],
    "faces": {
        "down":  { "uv": [ 13, 13, 3, 3 ], "texture": "#bottom" },
        "up":    { "uv": [ 3, 3, 13, 13 ], "texture": "#particle" },
        "north": { "uv": [ 3, 0, 13, 16 ], "texture": "#texture" },
        "south": { "uv": [ 3, 0, 13, 16 ], "texture": "#texture" },
        "west":  { "uv": [ 3, 0, 13, 16 ], "texture": "#texture" },
        "east":  { "uv": [ 3, 0, 13, 16 ], "texture": "#texture" }
    }
},
{
    "__comment": "Top",
    "from": [ 4, 16, 4 ],
    "to": [ 12, 17, 12 ],
    "faces": {
        "up":    { "uv": [ 4, 4, 12, 12 ], "texture": "#particle" },
        "north": { "uv": [ 4, 15, 12, 16 ], "texture": "#texture" },
        "south": { "uv": [ 4, 15, 12, 16 ], "texture": "#texture" },
        "west":  { "uv": [ 4, 15, 12, 16 ], "texture": "#texture" },
        "east":  { "uv": [ 4, 15, 12, 16 ], "texture": "#texture" }
    }
},
{
    "__comment": "Top",
    "from": [ 3, 16, 6 ],
    "to": [ 13, 17, 10 ],
    "faces": {
        "up":    { "uv": [ 3, 6, 13, 10 ], "texture": "#particle" },
        "north": { "uv": [ 3, 15, 13, 16 ], "texture": "#texture" },
        "south": { "uv": [ 3, 15, 13, 16 ], "texture": "#texture" },
        "west":  { "uv": [ 6, 15, 10, 16 ], "texture": "#texture" },
        "east":  { "uv": [ 6, 15, 10, 16 ], "texture": "#texture" }
    }
},
{
    "__comment": "Top",
    "from": [ 6, 16, 3 ],
    "to": [ 10, 17, 13 ],
    "faces": {
        "up":    { "uv": [ 6, 3, 10, 13 ], "texture": "#particle" },
        "north": { "uv": [ 6, 15, 10, 16 ], "texture": "#texture" },
        "south": { "uv": [ 6, 15, 10, 16 ], "texture": "#texture" },
        "west":  { "uv": [ 3, 15, 13, 16 ], "texture": "#texture" },
        "east":  { "uv": [ 3, 15, 13, 16 ], "texture": "#texture" }
    }
},
{
    "__comment": "Top",
    "from": [ 6, 17, 7 ],
    "to": [ 10, 18, 9 ],
    "faces": {
        "up":    { "uv": [ 6, 7, 10, 9 ], "texture": "#particle" },
        "north": { "uv": [ 6, 14, 10, 15 ], "texture": "#texture" },
        "south": { "uv": [ 6, 14, 10, 15 ], "texture": "#texture" },
        "west":  { "uv": [ 7, 14, 9, 15 ], "texture": "#texture" },
        "east":  { "uv": [ 7, 14, 9, 15 ], "texture": "#texture" }
    }
},
{
    "__comment": "Top",
    "from": [ 7, 17, 6 ],
    "to": [ 9, 18, 10 ],
    "faces": {
        "up":    { "uv": [ 7, 6, 9, 10 ], "texture": "#particle" },
        "north": { "uv": [ 7, 14, 9, 15 ], "texture": "#texture" },
        "south": { "uv": [ 7, 14, 9, 15 ], "texture": "#texture" },
        "west":  { "uv": [ 6, 14, 10, 15 ], "texture": "#texture" },
        "east":  { "uv": [ 6, 14, 10, 15 ], "texture": "#texture" }
    }
}
],
"display": {
    "thirdperson_righthand": {
        "rotation": [ 45, 0, 0 ],
        "translation": [ 0, 0, 0 ],
        "scale": [ 0.25, 0.25, 0.25 ]
    },
    "thirdperson_lefthand": {
        "rotation": [ 45, 0, 0 ],
        "translation": [ 0, 0, 0 ],
        "scale": [ 0.25, 0.25, 0.25 ]
    },
    "head": {
        "rotation": [ 0, 0, 0 ],
        "translation": [ 0, 14, 0 ],
        "scale": [ 1, 1, 1 ]
    },
    "ground": {
        "rotation": [ 0, 0, 0 ],
        "translation": [ 0, 3, 0 ],
        "scale": [ 0.25, 0.25, 0.25 ]
    },
    "fixed": {
        "rotation": [ 0, 0, 0 ],
        "translation": [ 0, 0, 0 ],
        "scale": [ 0.5, 0.5, 0.5 ]
    },
    "firstperson_righthand": {
        "rotation": [ 0, 0, 0 ],
        "translation": [ 0, 0, 0 ],
        "scale": [ 0.25, 0.25, 0.25 ]
    },
    "firstperson_lefthand": {
        "rotation": [ 0, 0, 0 ],
        "translation": [ 0, 0, 0 ],
        "scale": [ 0.25, 0.25, 0.25 ]
    },
    "gui": {
        "rotation": [ 30, 45, 0 ],
        "translation": [ 0, 0, 0 ],
        "scale": [ 0.65, 0.65, 0.65 ]
    }
}
}