{
"__comment": "Designed by Sibsib92 with BDcraft Cubik PRO 0.96 Beta - http://bdcraft.net",
"ambientocclusion": false,
"textures": {
    "particle": "blocks/cake_top",
    "side": "blocks/cake_side",
    "bottom": "blocks/cake_bottom",
    "inner": "blocks/cake_inner",
    "cherry": "blocks/redstone_block",
    "stalk": "blocks/log_spruce"
},
"elements": [ 
{
    "__comment": "Base",
    "from": [ 1, 5, 1 ],
    "to": [ 15, 8, 15 ],
    "faces": {
        "down":  { "uv": [ 15, 15, 1, 1 ], "texture": "#particle" },
        "up":    { "uv": [ 1, 1, 15, 15 ], "texture": "#particle" },
        "north": { "uv": [ 1, 8, 15, 11 ], "texture": "#side" },
        "south": { "uv": [ 1, 8, 15, 11 ], "texture": "#side" },
        "west":  { "uv": [ 1, 8, 15, 11 ], "texture": "#side" },
        "east":  { "uv": [ 1, 8, 15, 11 ], "texture": "#side" }
    }
},
{
    "__comment": "Base",
    "from": [ 2, 0, 2 ],
    "to": [ 14, 5, 14 ],
    "faces": {
        "down":  { "uv": [ 14, 14, 2, 2 ], "texture": "#bottom" },
        "north": { "uv": [ 2, 11, 14, 16 ], "texture": "#side" },
        "south": { "uv": [ 2, 11, 14, 16 ], "texture": "#side" },
        "west":  { "uv": [ 2, 11, 14, 16 ], "texture": "#side" },
        "east":  { "uv": [ 2, 11, 14, 16 ], "texture": "#side" }
    }
},
{
    "__comment": "Base",
    "from": [ 13, 4, 13 ],
    "to": [ 15, 5, 15 ],
    "faces": {
        "down":  { "uv": [ 3, 15, 1, 13 ], "texture": "#particle" },
        "north": { "uv": [ 15, 11, 13, 12 ], "texture": "#side" },
        "south": { "uv": [ 13, 11, 15, 12 ], "texture": "#side" },
        "west":  { "uv": [ 13, 11, 15, 12 ], "texture": "#side" },
        "east":  { "uv": [ 15, 11, 13, 12 ], "texture": "#side" }
    }
},
{
    "__comment": "Base",
    "from": [ 1, 4, 9 ],
    "to": [ 15, 5, 11 ],
    "faces": {
        "down":  { "uv": [ 15, 11, 1, 9 ], "texture": "#particle" },
        "north": { "uv": [ 15, 11, 1, 12 ], "texture": "#side" },
        "south": { "uv": [ 1, 11, 15, 12 ], "texture": "#side" },
        "west":  { "uv": [ 9, 11, 11, 12 ], "texture": "#side" },
        "east":  { "uv": [ 11, 11, 9, 12 ], "texture": "#side" }
    }
},
{
    "__comment": "Base",
    "from": [ 13, 4, 1 ],
    "to": [ 15, 5, 3 ],
    "faces": {
        "down":  { "uv": [ 3, 3, 1, 1 ], "texture": "#particle" },
        "north": { "uv": [ 15, 11, 13, 12 ], "texture": "#side" },
        "south": { "uv": [ 13, 11, 15, 12 ], "texture": "#side" },
        "west":  { "uv": [ 1, 11, 3, 12 ], "texture": "#side" },
        "east":  { "uv": [ 3, 11, 1, 12 ], "texture": "#side" }
    }
},
{
    "__comment": "Base",
    "from": [ 5, 4, 1 ],
    "to": [ 7, 5, 15 ],
    "faces": {
        "down":  { "uv": [ 11, 15, 9, 1 ], "texture": "#particle" },
        "north": { "uv": [ 7, 11, 5, 12 ], "texture": "#side" },
        "south": { "uv": [ 5, 11, 7, 12 ], "texture": "#side" },
        "west":  { "uv": [ 1, 11, 15, 12 ], "texture": "#side" },
        "east":  { "uv": [ 15, 11, 1, 12 ], "texture": "#side" }
    }
},
{
    "__comment": "Base",
    "from": [ 1, 4, 13 ],
    "to": [ 3, 5, 15 ],
    "faces": {
        "down":  { "uv": [ 15, 15, 13, 13 ], "texture": "#particle" },
        "north": { "uv": [ 3, 11, 1, 12 ], "texture": "#side" },
        "south": { "uv": [ 1, 11, 3, 12 ], "texture": "#side" },
        "west":  { "uv": [ 13, 11, 15, 12 ], "texture": "#side" },
        "east":  { "uv": [ 15, 11, 13, 12 ], "texture": "#side" }
    }
},
{
    "__comment": "Base",
    "from": [ 1, 4, 5 ],
    "to": [ 15, 5, 7 ],
    "faces": {
        "down":  { "uv": [ 15, 7, 1, 5 ], "texture": "#particle" },
        "north": { "uv": [ 15, 11, 1, 12 ], "texture": "#side" },
        "south": { "uv": [ 1, 11, 15, 12 ], "texture": "#side" },
        "west":  { "uv": [ 5, 11, 7, 12 ], "texture": "#side" },
        "east":  { "uv": [ 7, 11, 5, 12 ], "texture": "#side" }
    }
},
{
    "__comment": "Base",
    "from": [ 9, 4, 1 ],
    "to": [ 11, 5, 15 ],
    "faces": {
        "down":  { "uv": [ 7, 15, 5, 1 ], "texture": "#particle" },
        "north": { "uv": [ 11, 11, 9, 12 ], "texture": "#side" },
        "south": { "uv": [ 9, 11, 11, 12 ], "texture": "#side" },
        "west":  { "uv": [ 1, 11, 15, 12 ], "texture": "#side" },
        "east":  { "uv": [ 15, 11, 1, 12 ], "texture": "#side" }
    }
},
{
    "__comment": "Base",
    "from": [ 1, 4, 1 ],
    "to": [ 3, 5, 3 ],
    "faces": {
        "down":  { "uv": [ 15, 3, 13, 1 ], "texture": "#particle" },
        "north": { "uv": [ 3, 11, 1, 12 ], "texture": "#side" },
        "south": { "uv": [ 1, 11, 3, 12 ], "texture": "#side" },
        "west":  { "uv": [ 1, 11, 3, 12 ], "texture": "#side" },
        "east":  { "uv": [ 3, 11, 1, 12 ], "texture": "#side" }
    }
},
{
    "__comment": "Mid",
    "from": [ 4, 8, 4 ],
    "to": [ 12, 12, 12 ],
    "faces": {
        "up":    { "uv": [ 6, 6, 14, 14 ], "texture": "#particle" },
        "north": { "uv": [ 7, 1, 15, 5 ], "texture": "#particle" },
        "south": { "uv": [ 9, 1, 1, 5 ], "texture": "#particle" },
        "west":  { "uv": [ 7, 4, 15, 8 ], "texture": "#particle" },
        "east":  { "uv": [ 5, 4, 13, 8 ], "texture": "#particle" }
    }
},
{
    "__comment": "Top",
    "from": [ 6, 12, 6 ],
    "to": [ 10, 14, 10 ],
    "faces": {
        "up":    { "uv": [ 6, 6, 10, 10 ], "texture": "#particle" },
        "north": { "uv": [ 6, 3, 10, 5 ], "texture": "#particle" },
        "south": { "uv": [ 3, 3, 7, 5 ], "texture": "#particle" },
        "west":  { "uv": [ 4, 3, 8, 5 ], "texture": "#particle" },
        "east":  { "uv": [ 5, 6, 9, 8 ], "texture": "#particle" }
    }
},
{
    "__comment": "Cherrystalk",
    "from": [ 8, 16, 8 ],
    "to": [ 8.5, 16.5, 8.5 ],
    "faces": {
        "up":    { "uv": [ 8, 8, 8.5, 8.5 ], "texture": "#stalk" },
        "north": { "uv": [ 7.5, 0, 8, 0.5 ], "texture": "#stalk" },
        "south": { "uv": [ 8, 0, 8.5, 0.5 ], "texture": "#stalk" },
        "west":  { "uv": [ 8, 0, 8.5, 0.5 ], "texture": "#stalk" },
        "east":  { "uv": [ 7.5, 0, 8, 0.5 ], "texture": "#stalk" }
    }
},
{
    "__comment": "Cherrystalk",
    "from": [ 8.5, 16.5, 8 ],
    "to": [ 9, 17, 8.5 ],
    "faces": {
        "down":  { "uv": [ 8, 8.5, 8.5, 8 ], "texture": "#stalk" },
        "up":    { "uv": [ 8, 8, 8.5, 8.5 ], "texture": "#stalk" },
        "north": { "uv": [ 7.5, 0, 8, 0.5 ], "texture": "#stalk" },
        "south": { "uv": [ 8, 0, 8.5, 0.5 ], "texture": "#stalk" },
        "west":  { "uv": [ 8, 0, 8.5, 0.5 ], "texture": "#stalk" },
        "east":  { "uv": [ 7.5, 0, 8, 0.5 ], "texture": "#stalk" }
    }
},
{
    "__comment": "Cherrystalk",
    "from": [ 9, 17, 8.5 ],
    "to": [ 9.5, 17.5, 9 ],
    "faces": {
        "down":  { "uv": [ 8, 8.5, 8.5, 8 ], "texture": "#stalk" },
        "up":    { "uv": [ 8, 8, 8.5, 8.5 ], "texture": "#stalk" },
        "north": { "uv": [ 7.5, 0, 8, 0.5 ], "texture": "#stalk" },
        "south": { "uv": [ 8, 0, 8.5, 0.5 ], "texture": "#stalk" },
        "west":  { "uv": [ 8, 0, 8.5, 0.5 ], "texture": "#stalk" },
        "east":  { "uv": [ 7.5, 0, 8, 0.5 ], "texture": "#stalk" }
    }
},
{
    "__comment": "Cherry",
    "from": [ 7.5, 14, 7.5 ],
    "to": [ 8.5, 16, 8.5 ],
    "faces": {
        "up":    { "uv": [ 7.5, 7.5, 8.5, 8.5 ], "texture": "#cherry" },
        "north": { "uv": [ 8.5, 11, 9.5, 13 ], "texture": "#cherry" },
        "south": { "uv": [ 8.5, 11, 9.5, 13 ], "texture": "#cherry" },
        "west":  { "uv": [ 8.5, 11, 9.5, 13 ], "texture": "#cherry" },
        "east":  { "uv": [ 8.5, 11, 9.5, 13 ], "texture": "#cherry" }
    }
},
{
    "__comment": "Cherry",
    "from": [ 7.5, 14.5, 7 ],
    "to": [ 8.5, 15.5, 9 ],
    "faces": {
        "down":  { "uv": [ 8.5, 9, 7.5, 7 ], "texture": "#cherry" },
        "up":    { "uv": [ 7.5, 7, 8.5, 9 ], "texture": "#cherry" },
        "north": { "uv": [ 7.5, 7.5, 8.5, 8.5 ], "texture": "#cherry" },
        "south": { "uv": [ 7.5, 7.5, 8.5, 8.5 ], "texture": "#cherry" },
        "west":  { "uv": [ 7, 7.5, 9, 8.5 ], "texture": "#cherry" },
        "east":  { "uv": [ 7, 7.5, 9, 8.5 ], "texture": "#cherry" }
    }
},
{
    "__comment": "Cherry",
    "from": [ 7, 14.5, 7.5 ],
    "to": [ 9, 15.5, 8.5 ],
    "faces": {
        "down":  { "uv": [ 9, 8.5, 7, 7.5 ], "texture": "#cherry" },
        "up":    { "uv": [ 7, 7.5, 9, 8.5 ], "texture": "#cherry" },
        "north": { "uv": [ 7, 7.5, 9, 8.5 ], "texture": "#cherry" },
        "south": { "uv": [ 7, 7.5, 9, 8.5 ], "texture": "#cherry" },
        "west":  { "uv": [ 7.5, 7.5, 8.5, 8.5 ], "texture": "#cherry" },
        "east":  { "uv": [ 7.5, 7.5, 8.5, 8.5 ], "texture": "#cherry" }
    }
}
],
"display": {
    "thirdperson_righthand": {
        "rotation": [ 50, 0, 0 ],
        "translation": [ 0, 2, 0 ],
        "scale": [ 0.5, 0.5, 0.5 ]
    },
    "thirdperson_lefthand": {
        "rotation": [ 50, 0, 0 ],
        "translation": [ 0, 2, 0 ],
        "scale": [ 0.5, 0.5, 0.5 ]
    },
    "head": {
        "rotation": [ 0, 0, 0 ],
        "translation": [ 0, 14, 0 ],
        "scale": [ 1, 1, 1 ]
    },
    "ground": {
        "rotation": [ 0, 0, 0 ],
        "translation": [ 0, 3, 0 ],
        "scale": [ 0.25, 0.25, 0.25 ]
    },
    "fixed": {
        "rotation": [ 0, 0, 0 ],
        "translation": [ 0, 0, 0 ],
        "scale": [ 0.5, 0.5, 0.5 ]
    },
    "firstperson_righthand": {
        "rotation": [ 0, 0, 0 ],
        "translation": [ 0, 0, 0 ],
        "scale": [ 0.25, 0.25, 0.25 ]
    },
    "firstperson_lefthand": {
        "rotation": [ 0, 0, 0 ],
        "translation": [ 0, 0, 0 ],
        "scale": [ 0.25, 0.25, 0.25 ]
    },
    "gui": {
        "rotation": [ 30, 45, 0 ],
        "translation": [ 0, 0, 0 ],
        "scale": [ 0.65, 0.65, 0.65 ]
    }
}
}