{
"__comment": "Designed by Sibsib92 with BDcraft Cubik PRO 0.96 Beta - http://bdcraft.net",
"textures": {
    "particle": "blocks/coal_ore",
    "texture": "blocks/stone",
    "ore": "blocks/coal_block"
},
"elements": [ 
{
    "__comment": "Stone",
    "from": [ 0, 0, 0 ],
    "to": [ 16, 16, 16 ],
    "faces": {
        "down":  { "uv": [ 16, 16, 0, 0 ], "texture": "#texture" },
        "up":    { "uv": [ 0, 0, 16, 16 ], "texture": "#texture" },
        "north": { "uv": [ 16, 0, 0, 16 ], "texture": "#texture" },
        "south": { "uv": [ 0, 0, 16, 16 ], "texture": "#texture" },
        "west":  { "uv": [ 0, 0, 16, 16 ], "texture": "#texture" },
        "east":  { "uv": [ 16, 0, 0, 16 ], "texture": "#texture" }
    }
},
{
    "__comment": "Ore UD",
    "from": [ 12, -0.5, 2 ],
    "to": [ 14, 16.5, 3 ],
    "faces": {
        "down":  { "uv": [ 4, 3, 2, 2 ], "texture": "#ore" },
        "up":    { "uv": [ 12, 2, 14, 3 ], "texture": "#ore" },
        "north": { "uv": [ 14, 0, 12, 16 ], "texture": "#ore" },
        "south": { "uv": [ 12, 0, 14, 16 ], "texture": "#ore" },
        "west":  { "uv": [ 2, 0, 3, 16 ], "texture": "#ore" },
        "east":  { "uv": [ 3, 0, 2, 16 ], "texture": "#ore" }
    }
},
{
    "__comment": "Ore UD",
    "from": [ 7, -0.5, 3 ],
    "to": [ 9, 16.5, 4 ],
    "faces": {
        "down":  { "uv": [ 9, 4, 7, 3 ], "texture": "#ore" },
        "up":    { "uv": [ 7, 3, 9, 4 ], "texture": "#ore" },
        "north": { "uv": [ 9, 0, 7, 16 ], "texture": "#ore" },
        "south": { "uv": [ 7, 0, 9, 16 ], "texture": "#ore" },
        "west":  { "uv": [ 3, 0, 4, 16 ], "texture": "#ore" },
        "east":  { "uv": [ 4, 0, 3, 16 ], "texture": "#ore" }
    }
},
{
    "__comment": "Ore UD",
    "from": [ 5, -0.5, 5 ],
    "to": [ 7, 16.5, 6 ],
    "faces": {
        "down":  { "uv": [ 11, 6, 9, 5 ], "texture": "#ore" },
        "up":    { "uv": [ 5, 5, 7, 6 ], "texture": "#ore" },
        "north": { "uv": [ 7, 0, 5, 16 ], "texture": "#ore" },
        "west":  { "uv": [ 5, 0, 6, 16 ], "texture": "#ore" },
        "east":  { "uv": [ 6, 0, 5, 16 ], "texture": "#ore" }
    }
},
{
    "__comment": "Ore UD",
    "from": [ 10, -0.5, 5 ],
    "to": [ 12, 16.5, 7 ],
    "faces": {
        "down":  { "uv": [ 6, 7, 4, 5 ], "texture": "#ore" },
        "up":    { "uv": [ 10, 5, 12, 7 ], "texture": "#ore" },
        "north": { "uv": [ 12, 0, 10, 16 ], "texture": "#ore" },
        "south": { "uv": [ 10, 0, 12, 16 ], "texture": "#ore" },
        "west":  { "uv": [ 5, 0, 7, 16 ], "texture": "#ore" },
        "east":  { "uv": [ 7, 0, 5, 16 ], "texture": "#ore" }
    }
},
{
    "__comment": "Ore UD",
    "from": [ 3, -0.5, 6 ],
    "to": [ 8, 16.5, 7 ],
    "faces": {
        "down":  { "uv": [ 13, 7, 8, 6 ], "texture": "#ore" },
        "up":    { "uv": [ 3, 6, 8, 7 ], "texture": "#ore" },
        "north": { "uv": [ 8, 0, 3, 16 ], "texture": "#ore" },
        "south": { "uv": [ 3, 0, 8, 16 ], "texture": "#ore" },
        "west":  { "uv": [ 6, 0, 7, 16 ], "texture": "#ore" },
        "east":  { "uv": [ 7, 0, 6, 16 ], "texture": "#ore" }
    }
},
{
    "__comment": "Ore UD",
    "from": [ 7, -0.5, 9 ],
    "to": [ 11, 16.5, 10 ],
    "faces": {
        "down":  { "uv": [ 9, 10, 5, 9 ], "texture": "#ore" },
        "up":    { "uv": [ 7, 9, 11, 10 ], "texture": "#ore" },
        "north": { "uv": [ 11, 0, 7, 16 ], "texture": "#ore" },
        "south": { "uv": [ 7, 0, 11, 16 ], "texture": "#ore" },
        "west":  { "uv": [ 9, 0, 10, 16 ], "texture": "#ore" },
        "east":  { "uv": [ 10, 0, 9, 16 ], "texture": "#ore" }
    }
},
{
    "__comment": "Ore UD",
    "from": [ 8, -0.5, 8 ],
    "to": [ 10, 16.5, 9 ],
    "faces": {
        "down":  { "uv": [ 8, 9, 6, 8 ], "texture": "#ore" },
        "up":    { "uv": [ 8, 8, 10, 9 ], "texture": "#ore" },
        "north": { "uv": [ 10, 0, 8, 16 ], "texture": "#ore" },
        "west":  { "uv": [ 8, 0, 9, 16 ], "texture": "#ore" },
        "east":  { "uv": [ 9, 0, 8, 16 ], "texture": "#ore" }
    }
},
{
    "__comment": "Ore UD",
    "from": [ 11, -0.5, 11 ],
    "to": [ 13, 16.5, 12 ],
    "faces": {
        "down":  { "uv": [ 5, 12, 3, 11 ], "texture": "#ore" },
        "up":    { "uv": [ 11, 11, 13, 12 ], "texture": "#ore" },
        "north": { "uv": [ 13, 0, 11, 16 ], "texture": "#ore" },
        "west":  { "uv": [ 11, 0, 12, 16 ], "texture": "#ore" },
        "east":  { "uv": [ 12, 0, 11, 16 ], "texture": "#ore" }
    }
},
{
    "__comment": "Ore UD",
    "from": [ 8, -0.5, 12 ],
    "to": [ 14, 16.5, 13 ],
    "faces": {
        "down":  { "uv": [ 8, 13, 2, 12 ], "texture": "#ore" },
        "up":    { "uv": [ 8, 12, 14, 13 ], "texture": "#ore" },
        "north": { "uv": [ 14, 0, 8, 16 ], "texture": "#ore" },
        "south": { "uv": [ 8, 0, 14, 16 ], "texture": "#ore" },
        "west":  { "uv": [ 12, 0, 13, 16 ], "texture": "#ore" },
        "east":  { "uv": [ 13, 0, 12, 16 ], "texture": "#ore" }
    }
},
{
    "__comment": "Ore UD",
    "from": [ 9, -0.5, 13 ],
    "to": [ 11, 16.5, 14 ],
    "faces": {
        "down":  { "uv": [ 7, 14, 5, 13 ], "texture": "#ore" },
        "up":    { "uv": [ 9, 13, 11, 14 ], "texture": "#ore" },
        "south": { "uv": [ 9, 0, 11, 16 ], "texture": "#ore" },
        "west":  { "uv": [ 13, 0, 14, 16 ], "texture": "#ore" },
        "east":  { "uv": [ 14, 0, 13, 16 ], "texture": "#ore" }
    }
},
{
    "__comment": "Ore UD",
    "from": [ 1, -0.5, 8 ],
    "to": [ 3, 16.5, 9 ],
    "faces": {
        "down":  { "uv": [ 15, 9, 13, 8 ], "texture": "#ore" },
        "up":    { "uv": [ 1, 8, 3, 9 ], "texture": "#ore" },
        "north": { "uv": [ 3, 0, 1, 16 ], "texture": "#ore" },
        "south": { "uv": [ 1, 0, 3, 16 ], "texture": "#ore" },
        "west":  { "uv": [ 8, 0, 9, 16 ], "texture": "#ore" },
        "east":  { "uv": [ 9, 0, 8, 16 ], "texture": "#ore" }
    }
},
{
    "__comment": "Ore UD",
    "from": [ 4, -0.5, 10 ],
    "to": [ 5, 16.5, 11 ],
    "faces": {
        "down":  { "uv": [ 12, 11, 11, 10 ], "texture": "#ore" },
        "up":    { "uv": [ 4, 10, 5, 11 ], "texture": "#ore" },
        "north": { "uv": [ 5, 0, 4, 16 ], "texture": "#ore" },
        "south": { "uv": [ 4, 0, 5, 16 ], "texture": "#ore" },
        "west":  { "uv": [ 10, 0, 11, 16 ], "texture": "#ore" },
        "east":  { "uv": [ 11, 0, 10, 16 ], "texture": "#ore" }
    }
},
{
    "__comment": "Ore UD",
    "from": [ 3, -0.5, 13 ],
    "to": [ 5, 16.5, 14 ],
    "faces": {
        "down":  { "uv": [ 13, 14, 11, 13 ], "texture": "#ore" },
        "up":    { "uv": [ 3, 13, 5, 14 ], "texture": "#ore" },
        "north": { "uv": [ 5, 0, 3, 16 ], "texture": "#ore" },
        "south": { "uv": [ 3, 0, 5, 16 ], "texture": "#ore" },
        "west":  { "uv": [ 13, 0, 14, 16 ], "texture": "#ore" },
        "east":  { "uv": [ 14, 0, 13, 16 ], "texture": "#ore" }
    }
},
{
    "__comment": "Ore UD",
    "from": [ 4, -0.5, 2 ],
    "to": [ 5, 16.5, 3 ],
    "faces": {
        "down":  { "uv": [ 12, 3, 11, 2 ], "texture": "#ore" },
        "up":    { "uv": [ 4, 2, 5, 3 ], "texture": "#ore" },
        "north": { "uv": [ 5, 0, 4, 16 ], "texture": "#ore" },
        "south": { "uv": [ 4, 0, 5, 16 ], "texture": "#ore" },
        "west":  { "uv": [ 2, 0, 3, 16 ], "texture": "#ore" },
        "east":  { "uv": [ 3, 0, 2, 16 ], "texture": "#ore" }
    }
},
{
    "__comment": "Ore NS",
    "from": [ 12, 13, -0.5 ],
    "to": [ 14, 14, 16.5 ],
    "faces": {
        "down":  { "uv": [ 4, 16, 2, 0 ], "texture": "#ore" },
        "up":    { "uv": [ 12, 0, 14, 16 ], "texture": "#ore" },
        "north": { "uv": [ 14, 2, 12, 3 ], "texture": "#ore" },
        "south": { "uv": [ 12, 2, 14, 3 ], "texture": "#ore" },
        "west":  { "uv": [ 0, 2, 16, 3 ], "texture": "#ore" },
        "east":  { "uv": [ 16, 2, 0, 3 ], "texture": "#ore" }
    }
},
{
    "__comment": "Ore NS",
    "from": [ 7, 12, -0.5 ],
    "to": [ 9, 13, 16.5 ],
    "faces": {
        "down":  { "uv": [ 9, 16, 7, 0 ], "texture": "#ore" },
        "up":    { "uv": [ 7, 0, 9, 16 ], "texture": "#ore" },
        "north": { "uv": [ 9, 3, 7, 4 ], "texture": "#ore" },
        "south": { "uv": [ 7, 3, 9, 4 ], "texture": "#ore" },
        "west":  { "uv": [ 0, 3, 16, 4 ], "texture": "#ore" },
        "east":  { "uv": [ 16, 3, 0, 4 ], "texture": "#ore" }
    }
},
{
    "__comment": "Ore NS",
    "from": [ 5, 10, -0.5 ],
    "to": [ 7, 11, 16.5 ],
    "faces": {
        "up":    { "uv": [ 5, 0, 7, 16 ], "texture": "#ore" },
        "north": { "uv": [ 7, 5, 5, 6 ], "texture": "#ore" },
        "south": { "uv": [ 5, 5, 7, 6 ], "texture": "#ore" },
        "west":  { "uv": [ 0, 5, 16, 6 ], "texture": "#ore" },
        "east":  { "uv": [ 16, 5, 0, 6 ], "texture": "#ore" }
    }
},
{
    "__comment": "Ore NS",
    "from": [ 10, 9, -0.5 ],
    "to": [ 12, 11, 16.5 ],
    "faces": {
        "down":  { "uv": [ 6, 16, 4, 0 ], "texture": "#ore" },
        "up":    { "uv": [ 10, 0, 12, 16 ], "texture": "#ore" },
        "north": { "uv": [ 12, 5, 10, 7 ], "texture": "#ore" },
        "south": { "uv": [ 10, 5, 12, 7 ], "texture": "#ore" },
        "west":  { "uv": [ 0, 5, 16, 7 ], "texture": "#ore" },
        "east":  { "uv": [ 16, 5, 0, 7 ], "texture": "#ore" }
    }
},
{
    "__comment": "Ore NS",
    "from": [ 3, 9, -0.5 ],
    "to": [ 8, 10, 16.5 ],
    "faces": {
        "down":  { "uv": [ 13, 16, 8, 0 ], "texture": "#ore" },
        "up":    { "uv": [ 3, 0, 8, 16 ], "texture": "#ore" },
        "north": { "uv": [ 8, 6, 3, 7 ], "texture": "#ore" },
        "south": { "uv": [ 3, 6, 8, 7 ], "texture": "#ore" },
        "west":  { "uv": [ 0, 6, 16, 7 ], "texture": "#ore" },
        "east":  { "uv": [ 16, 6, 0, 7 ], "texture": "#ore" }
    }
},
{
    "__comment": "Ore NS",
    "from": [ 7, 6, -0.5 ],
    "to": [ 11, 7, 16.5 ],
    "faces": {
        "down":  { "uv": [ 9, 16, 5, 0 ], "texture": "#ore" },
        "up":    { "uv": [ 7, 0, 11, 16 ], "texture": "#ore" },
        "north": { "uv": [ 11, 9, 7, 10 ], "texture": "#ore" },
        "south": { "uv": [ 7, 9, 11, 10 ], "texture": "#ore" },
        "west":  { "uv": [ 0, 9, 16, 10 ], "texture": "#ore" },
        "east":  { "uv": [ 16, 9, 0, 10 ], "texture": "#ore" }
    }
},
{
    "__comment": "Ore NS",
    "from": [ 8, 7, -0.5 ],
    "to": [ 10, 8, 16.5 ],
    "faces": {
        "up":    { "uv": [ 8, 0, 10, 16 ], "texture": "#ore" },
        "north": { "uv": [ 10, 8, 8, 9 ], "texture": "#ore" },
        "south": { "uv": [ 8, 8, 10, 9 ], "texture": "#ore" },
        "west":  { "uv": [ 0, 8, 16, 9 ], "texture": "#ore" },
        "east":  { "uv": [ 16, 8, 0, 9 ], "texture": "#ore" }
    }
},
{
    "__comment": "Ore NS",
    "from": [ 11, 4, -0.5 ],
    "to": [ 13, 5, 16.5 ],
    "faces": {
        "up":    { "uv": [ 11, 0, 13, 16 ], "texture": "#ore" },
        "north": { "uv": [ 13, 11, 11, 12 ], "texture": "#ore" },
        "south": { "uv": [ 11, 11, 13, 12 ], "texture": "#ore" },
        "west":  { "uv": [ 0, 11, 16, 12 ], "texture": "#ore" },
        "east":  { "uv": [ 16, 11, 0, 12 ], "texture": "#ore" }
    }
},
{
    "__comment": "Ore NS",
    "from": [ 8, 3, -0.5 ],
    "to": [ 14, 4, 16.5 ],
    "faces": {
        "down":  { "uv": [ 8, 16, 2, 0 ], "texture": "#ore" },
        "up":    { "uv": [ 8, 0, 14, 16 ], "texture": "#ore" },
        "north": { "uv": [ 14, 12, 8, 13 ], "texture": "#ore" },
        "south": { "uv": [ 8, 12, 14, 13 ], "texture": "#ore" },
        "west":  { "uv": [ 0, 12, 16, 13 ], "texture": "#ore" },
        "east":  { "uv": [ 16, 12, 0, 13 ], "texture": "#ore" }
    }
},
{
    "__comment": "Ore NS",
    "from": [ 9, 2, -0.5 ],
    "to": [ 11, 3, 16.5 ],
    "faces": {
        "down":  { "uv": [ 7, 16, 5, 0 ], "texture": "#ore" },
        "north": { "uv": [ 11, 13, 9, 14 ], "texture": "#ore" },
        "south": { "uv": [ 9, 13, 11, 14 ], "texture": "#ore" },
        "west":  { "uv": [ 0, 13, 16, 14 ], "texture": "#ore" },
        "east":  { "uv": [ 16, 13, 0, 14 ], "texture": "#ore" }
    }
},
{
    "__comment": "Ore NS",
    "from": [ 1, 7, -0.5 ],
    "to": [ 3, 8, 16.5 ],
    "faces": {
        "down":  { "uv": [ 15, 16, 13, 0 ], "texture": "#ore" },
        "up":    { "uv": [ 1, 0, 3, 16 ], "texture": "#ore" },
        "north": { "uv": [ 3, 8, 1, 9 ], "texture": "#ore" },
        "south": { "uv": [ 1, 8, 3, 9 ], "texture": "#ore" },
        "west":  { "uv": [ 0, 8, 16, 9 ], "texture": "#ore" },
        "east":  { "uv": [ 16, 8, 0, 9 ], "texture": "#ore" }
    }
},
{
    "__comment": "Ore NS",
    "from": [ 4, 5, -0.5 ],
    "to": [ 5, 6, 16.5 ],
    "faces": {
        "down":  { "uv": [ 12, 16, 11, 0 ], "texture": "#ore" },
        "up":    { "uv": [ 4, 0, 5, 16 ], "texture": "#ore" },
        "north": { "uv": [ 5, 10, 4, 11 ], "texture": "#ore" },
        "south": { "uv": [ 4, 10, 5, 11 ], "texture": "#ore" },
        "west":  { "uv": [ 0, 10, 16, 11 ], "texture": "#ore" },
        "east":  { "uv": [ 16, 10, 0, 11 ], "texture": "#ore" }
    }
},
{
    "__comment": "Ore NS",
    "from": [ 3, 2, -0.5 ],
    "to": [ 5, 3, 16.5 ],
    "faces": {
        "down":  { "uv": [ 13, 16, 11, 0 ], "texture": "#ore" },
        "up":    { "uv": [ 3, 0, 5, 16 ], "texture": "#ore" },
        "north": { "uv": [ 5, 13, 3, 14 ], "texture": "#ore" },
        "south": { "uv": [ 3, 13, 5, 14 ], "texture": "#ore" },
        "west":  { "uv": [ 0, 13, 16, 14 ], "texture": "#ore" },
        "east":  { "uv": [ 16, 13, 0, 14 ], "texture": "#ore" }
    }
},
{
    "__comment": "Ore NS",
    "from": [ 4, 13, -0.5 ],
    "to": [ 5, 14, 16.5 ],
    "faces": {
        "down":  { "uv": [ 12, 16, 11, 0 ], "texture": "#ore" },
        "up":    { "uv": [ 4, 0, 5, 16 ], "texture": "#ore" },
        "north": { "uv": [ 5, 2, 4, 3 ], "texture": "#ore" },
        "south": { "uv": [ 4, 2, 5, 3 ], "texture": "#ore" },
        "west":  { "uv": [ 0, 2, 16, 3 ], "texture": "#ore" },
        "east":  { "uv": [ 16, 2, 0, 3 ], "texture": "#ore" }
    }
},
{
    "__comment": "Ore EW",
    "from": [ -0.5, 13, 12 ],
    "to": [ 16.5, 14, 14 ],
    "faces": {
        "down":  { "uv": [ 16, 14, 0, 12 ], "texture": "#ore" },
        "up":    { "uv": [ 0, 12, 16, 14 ], "texture": "#ore" },
        "north": { "uv": [ 16, 2, 0, 3 ], "texture": "#ore" },
        "south": { "uv": [ 0, 2, 16, 3 ], "texture": "#ore" },
        "west":  { "uv": [ 12, 2, 14, 3 ], "texture": "#ore" },
        "east":  { "uv": [ 14, 2, 12, 3 ], "texture": "#ore" }
    }
},
{
    "__comment": "Ore EW",
    "from": [ -0.5, 12, 7 ],
    "to": [ 16.5, 13, 9 ],
    "faces": {
        "down":  { "uv": [ 16, 9, 0, 7 ], "texture": "#ore" },
        "up":    { "uv": [ 0, 7, 16, 9 ], "texture": "#ore" },
        "north": { "uv": [ 16, 3, 0, 4 ], "texture": "#ore" },
        "south": { "uv": [ 0, 3, 16, 4 ], "texture": "#ore" },
        "west":  { "uv": [ 7, 3, 9, 4 ], "texture": "#ore" },
        "east":  { "uv": [ 9, 3, 7, 4 ], "texture": "#ore" }
    }
},
{
    "__comment": "Ore EW",
    "from": [ -0.5, 10, 5 ],
    "to": [ 16.5, 11, 7 ],
    "faces": {
        "up":    { "uv": [ 0, 5, 16, 7 ], "texture": "#ore" },
        "north": { "uv": [ 16, 5, 0, 6 ], "texture": "#ore" },
        "south": { "uv": [ 0, 5, 16, 6 ], "texture": "#ore" },
        "west":  { "uv": [ 5, 5, 7, 6 ], "texture": "#ore" },
        "east":  { "uv": [ 7, 5, 5, 6 ], "texture": "#ore" }
    }
},
{
    "__comment": "Ore EW",
    "from": [ -0.5, 9, 10 ],
    "to": [ 16.5, 11, 12 ],
    "faces": {
        "down":  { "uv": [ 16, 12, 0, 10 ], "texture": "#ore" },
        "up":    { "uv": [ 0, 10, 16, 12 ], "texture": "#ore" },
        "north": { "uv": [ 16, 5, 0, 7 ], "texture": "#ore" },
        "south": { "uv": [ 0, 5, 16, 7 ], "texture": "#ore" },
        "west":  { "uv": [ 10, 5, 12, 7 ], "texture": "#ore" },
        "east":  { "uv": [ 12, 5, 10, 7 ], "texture": "#ore" }
    }
},
{
    "__comment": "Ore EW",
    "from": [ -0.5, 9, 3 ],
    "to": [ 16.5, 10, 8 ],
    "faces": {
        "down":  { "uv": [ 16, 8, 0, 3 ], "texture": "#ore" },
        "up":    { "uv": [ 0, 3, 16, 8 ], "texture": "#ore" },
        "north": { "uv": [ 16, 6, 0, 7 ], "texture": "#ore" },
        "south": { "uv": [ 0, 6, 16, 7 ], "texture": "#ore" },
        "west":  { "uv": [ 3, 6, 8, 7 ], "texture": "#ore" },
        "east":  { "uv": [ 8, 6, 3, 7 ], "texture": "#ore" }
    }
},
{
    "__comment": "Ore EW",
    "from": [ -0.5, 6, 7 ],
    "to": [ 16.5, 7, 11 ],
    "faces": {
        "down":  { "uv": [ 16, 11, 0, 7 ], "texture": "#ore" },
        "up":    { "uv": [ 0, 7, 16, 11 ], "texture": "#ore" },
        "north": { "uv": [ 16, 9, 0, 10 ], "texture": "#ore" },
        "south": { "uv": [ 0, 9, 16, 10 ], "texture": "#ore" },
        "west":  { "uv": [ 7, 9, 11, 10 ], "texture": "#ore" },
        "east":  { "uv": [ 11, 9, 7, 10 ], "texture": "#ore" }
    }
},
{
    "__comment": "Ore EW",
    "from": [ -0.5, 7, 8 ],
    "to": [ 16.5, 8, 10 ],
    "faces": {
        "up":    { "uv": [ 0, 8, 16, 10 ], "texture": "#ore" },
        "north": { "uv": [ 16, 8, 0, 9 ], "texture": "#ore" },
        "south": { "uv": [ 0, 8, 16, 9 ], "texture": "#ore" },
        "west":  { "uv": [ 8, 8, 10, 9 ], "texture": "#ore" },
        "east":  { "uv": [ 10, 8, 8, 9 ], "texture": "#ore" }
    }
},
{
    "__comment": "Ore EW",
    "from": [ -0.5, 4, 11 ],
    "to": [ 16.5, 5, 13 ],
    "faces": {
        "up":    { "uv": [ 0, 11, 16, 13 ], "texture": "#ore" },
        "north": { "uv": [ 16, 11, 0, 12 ], "texture": "#ore" },
        "south": { "uv": [ 0, 11, 16, 12 ], "texture": "#ore" },
        "west":  { "uv": [ 11, 11, 13, 12 ], "texture": "#ore" },
        "east":  { "uv": [ 13, 11, 11, 12 ], "texture": "#ore" }
    }
},
{
    "__comment": "Ore EW",
    "from": [ -0.5, 3, 8 ],
    "to": [ 16.5, 4, 14 ],
    "faces": {
        "down":  { "uv": [ 16, 14, 0, 8 ], "texture": "#ore" },
        "up":    { "uv": [ 0, 8, 16, 14 ], "texture": "#ore" },
        "north": { "uv": [ 16, 12, 0, 13 ], "texture": "#ore" },
        "south": { "uv": [ 0, 12, 16, 13 ], "texture": "#ore" },
        "west":  { "uv": [ 8, 12, 14, 13 ], "texture": "#ore" },
        "east":  { "uv": [ 14, 12, 8, 13 ], "texture": "#ore" }
    }
},
{
    "__comment": "Ore EW",
    "from": [ -0.5, 2, 9 ],
    "to": [ 16.5, 3, 11 ],
    "faces": {
        "down":  { "uv": [ 16, 11, 0, 9 ], "texture": "#ore" },
        "north": { "uv": [ 16, 13, 0, 14 ], "texture": "#ore" },
        "south": { "uv": [ 0, 13, 16, 14 ], "texture": "#ore" },
        "west":  { "uv": [ 9, 13, 11, 14 ], "texture": "#ore" },
        "east":  { "uv": [ 11, 13, 9, 14 ], "texture": "#ore" }
    }
},
{
    "__comment": "Ore EW",
    "from": [ -0.5, 7, 1 ],
    "to": [ 16.5, 8, 3 ],
    "faces": {
        "down":  { "uv": [ 16, 3, 0, 1 ], "texture": "#ore" },
        "up":    { "uv": [ 0, 1, 16, 3 ], "texture": "#ore" },
        "north": { "uv": [ 16, 8, 0, 9 ], "texture": "#ore" },
        "south": { "uv": [ 0, 8, 16, 9 ], "texture": "#ore" },
        "west":  { "uv": [ 1, 8, 3, 9 ], "texture": "#ore" },
        "east":  { "uv": [ 3, 8, 1, 9 ], "texture": "#ore" }
    }
},
{
    "__comment": "Ore EW",
    "from": [ -0.5, 5, 4 ],
    "to": [ 16.5, 6, 5 ],
    "faces": {
        "down":  { "uv": [ 16, 5, 0, 4 ], "texture": "#ore" },
        "up":    { "uv": [ 0, 4, 16, 5 ], "texture": "#ore" },
        "north": { "uv": [ 16, 10, 0, 11 ], "texture": "#ore" },
        "south": { "uv": [ 0, 10, 16, 11 ], "texture": "#ore" },
        "west":  { "uv": [ 4, 10, 5, 11 ], "texture": "#ore" },
        "east":  { "uv": [ 5, 10, 4, 11 ], "texture": "#ore" }
    }
},
{
    "__comment": "Ore EW",
    "from": [ -0.5, 2, 3 ],
    "to": [ 16.5, 3, 5 ],
    "faces": {
        "down":  { "uv": [ 16, 5, 0, 3 ], "texture": "#ore" },
        "up":    { "uv": [ 0, 3, 16, 5 ], "texture": "#ore" },
        "north": { "uv": [ 16, 13, 0, 14 ], "texture": "#ore" },
        "south": { "uv": [ 0, 13, 16, 14 ], "texture": "#ore" },
        "west":  { "uv": [ 3, 13, 5, 14 ], "texture": "#ore" },
        "east":  { "uv": [ 5, 13, 3, 14 ], "texture": "#ore" }
    }
},
{
    "__comment": "Ore EW",
    "from": [ -0.5, 13, 4 ],
    "to": [ 16.5, 14, 5 ],
    "faces": {
        "down":  { "uv": [ 16, 5, 0, 4 ], "texture": "#ore" },
        "up":    { "uv": [ 0, 4, 16, 5 ], "texture": "#ore" },
        "north": { "uv": [ 16, 2, 0, 3 ], "texture": "#ore" },
        "south": { "uv": [ 0, 2, 16, 3 ], "texture": "#ore" },
        "west":  { "uv": [ 4, 2, 5, 3 ], "texture": "#ore" },
        "east":  { "uv": [ 5, 2, 4, 3 ], "texture": "#ore" }
    }
}
],
"display": {
    "thirdperson_righthand": {
        "rotation": [ 0, 0, 0 ],
        "translation": [ 0, 0, 0 ],
        "scale": [ 0.25, 0.25, 0.25 ]
    },
    "thirdperson_lefthand": {
        "rotation": [ 0, 0, 0 ],
        "translation": [ 0, 0, 0 ],
        "scale": [ 0.25, 0.25, 0.25 ]
    },
    "head": {
        "rotation": [ 0, 0, 0 ],
        "translation": [ 0, 14, 0 ],
        "scale": [ 1, 1, 1 ]
    },
    "ground": {
        "rotation": [ 0, 0, 0 ],
        "translation": [ 0, 3, 0 ],
        "scale": [ 0.25, 0.25, 0.25 ]
    },
    "fixed": {
        "rotation": [ 0, 0, 0 ],
        "translation": [ 0, 0, 0 ],
        "scale": [ 0.5, 0.5, 0.5 ]
    },
    "firstperson_righthand": {
        "rotation": [ 0, 0, 0 ],
        "translation": [ 0, 0, 0 ],
        "scale": [ 0.25, 0.25, 0.25 ]
    },
    "firstperson_lefthand": {
        "rotation": [ 0, 0, 0 ],
        "translation": [ 0, 0, 0 ],
        "scale": [ 0.25, 0.25, 0.25 ]
    },
    "gui": {
        "rotation": [ 30, 45, 0 ],
        "translation": [ 0, 0, 0 ],
        "scale": [ 0.65, 0.65, 0.65 ]
    }
}
}