{
"__comment": "Designed by Sibsib92 with BDcraft Cubik PRO 0.95 Beta - http://bdcraft.net",
"ambientocclusion": false,
"textures": {
    "particle": "blocks/cobblestone"
},
"elements": [ 
{
    "from": [ 6, 10, 0 ],
    "to": [ 10, 13, 8 ],
    "faces": {
        "down":  { "uv": [ 9.999, 7.999, 6.001, 0.001 ], "texture": "#particle" },
        "up":    { "uv": [ 6.001, 0.001, 9.999, 7.999 ], "texture": "#particle" },
        "north": { "uv": [ 6.001, 3.001, 9.999, 5.999 ], "texture": "#particle" },
        "west":  { "uv": [ 0.001, 3.001, 7.999, 5.999 ], "texture": "#particle" },
        "east":  { "uv": [ 8.001, 3.001, 15.999, 5.999 ], "texture": "#particle" }
    }
},
{
    "from": [ 6, 0, 0 ],
    "to": [ 10, 3, 8 ],
    "faces": {
        "down":  { "uv": [ 9.999, 7.999, 6.001, 0.001 ], "texture": "#particle" },
        "up":    { "uv": [ 6.001, 0.001, 9.999, 7.999 ], "texture": "#particle" },
        "north": { "uv": [ 6.001, 13.001, 9.999, 15.999 ], "texture": "#particle" },
        "west":  { "uv": [ 0.001, 13.001, 7.999, 15.999 ], "texture": "#particle" },
        "east":  { "uv": [ 8.001, 13.001, 15.999, 15.999 ], "texture": "#particle" }
    }
}
]
}