{
"__comment": "Designed by Sibsib92 with BDcraft Cubik PRO 0.95 Beta - http://bdcraft.net",
"ambientocclusion": false,
"textures": {
    "particle": "blocks/cobblestone"
},
"elements": [ 
{
    "__comment": "Middle",
    "from": [ 5.1875, 17, 8 ],
    "to": [ 9.1875, 18, 12 ],
    "rotation": { "origin": [ 5.1875, 17, 8 ], "axis": "y", "angle": 45 },
    "faces": {
        "up":    { "uv": [ 6.001, 6.001, 9.999, 9.999 ], "texture": "#particle" },
        "north": { "uv": [ 6.001, 6.001, 9.999, 6.999 ], "texture": "#particle" },
        "south": { "uv": [ 6.001, 6.001, 9.999, 6.999 ], "texture": "#particle" },
        "west":  { "uv": [ 6.001, 6.001, 9.999, 6.999 ], "texture": "#particle" },
        "east":  { "uv": [ 6.001, 6.001, 9.999, 6.999 ], "texture": "#particle" }
    }
},
{
    "__comment": "Middle",
    "from": [ 3.75, 16, 8 ],
    "to": [ 9.75, 17, 14 ],
    "rotation": { "origin": [ 3.75, 16, 8 ], "axis": "y", "angle": 45 },
    "faces": {
        "up":    { "uv": [ 5.001, 5.001, 10.999, 10.999 ], "texture": "#particle" },
        "north": { "uv": [ 5.001, 4.001, 10.999, 4.999 ], "texture": "#particle" },
        "south": { "uv": [ 5.001, 4.001, 10.999, 4.999 ], "texture": "#particle" },
        "west":  { "uv": [ 5.001, 4.001, 10.999, 4.999 ], "texture": "#particle" },
        "east":  { "uv": [ 5.001, 4.001, 10.999, 4.999 ], "texture": "#particle" }
    }
},
{
    "__comment": "Middle",
    "from": [ 2.3125, 0, 8 ],
    "to": [ 10.3125, 4, 16 ],
    "rotation": { "origin": [ 2.3125, 0, 8 ], "axis": "y", "angle": 45 },
    "faces": {
        "down":  { "uv": [ 4.001, 11.999, 11.999, 4.001 ], "texture": "#particle" },
        "up":    { "uv": [ 4.001, 4.001, 11.999, 11.999 ], "texture": "#particle" },
        "north": { "uv": [ 4.001, 12.001, 11.999, 15.999 ], "texture": "#particle" },
        "south": { "uv": [ 4.001, 12.001, 11.999, 15.999 ], "texture": "#particle" },
        "west":  { "uv": [ 4.001, 12.001, 11.999, 15.999 ], "texture": "#particle" },
        "east":  { "uv": [ 4.001, 12.001, 11.999, 15.999 ], "texture": "#particle" }
    }
},
{
    "__comment": "Middle",
    "from": [ 3.75, 4, 8 ],
    "to": [ 9.75, 7, 14 ],
    "rotation": { "origin": [ 3.75, 4, 8 ], "axis": "y", "angle": 45 },
    "faces": {
        "up":    { "uv": [ 5.001, 5.001, 10.999, 10.999 ], "texture": "#particle" },
        "north": { "uv": [ 5.001, 9.001, 10.999, 11.999 ], "texture": "#particle" },
        "south": { "uv": [ 5.001, 9.001, 10.999, 11.999 ], "texture": "#particle" },
        "west":  { "uv": [ 5.001, 9.001, 10.999, 11.999 ], "texture": "#particle" },
        "east":  { "uv": [ 5.001, 9.001, 10.999, 11.999 ], "texture": "#particle" }
    }
},
{
    "__comment": "Middle",
    "from": [ 5.1875, 7, 8 ],
    "to": [ 9.1875, 9, 12 ],
    "rotation": { "origin": [ 5.1875, 7, 8 ], "axis": "y", "angle": 45 },
    "faces": {
        "north": { "uv": [ 6.001, 7.001, 9.999, 8.999 ], "texture": "#particle" },
        "south": { "uv": [ 6.001, 7.001, 9.999, 8.999 ], "texture": "#particle" },
        "west":  { "uv": [ 6.001, 7.001, 9.999, 8.999 ], "texture": "#particle" },
        "east":  { "uv": [ 6.001, 7.001, 9.999, 8.999 ], "texture": "#particle" }
    }
},
{
    "__comment": "Middle",
    "from": [ 3.75, 9, 8 ],
    "to": [ 9.75, 12, 14 ],
    "rotation": { "origin": [ 3.75, 9, 8 ], "axis": "y", "angle": 45 },
    "faces": {
        "down":  { "uv": [ 5.001, 10.999, 10.999, 5.001 ], "texture": "#particle" },
        "north": { "uv": [ 5.001, 4.001, 10.999, 6.999 ], "texture": "#particle" },
        "south": { "uv": [ 5.001, 4.001, 10.999, 6.999 ], "texture": "#particle" },
        "west":  { "uv": [ 5.001, 4.001, 10.999, 6.999 ], "texture": "#particle" },
        "east":  { "uv": [ 5.001, 4.001, 10.999, 6.999 ], "texture": "#particle" }
    }
},
{
    "__comment": "Middle",
    "from": [ 2.3125, 12, 8 ],
    "to": [ 10.3125, 16, 16 ],
    "rotation": { "origin": [ 2.3125, 12, 8 ], "axis": "y", "angle": 45 },
    "faces": {
        "down":  { "uv": [ 4.001, 11.999, 11.999, 4.001 ], "texture": "#particle" },
        "up":    { "uv": [ 4.001, 4.001, 11.999, 11.999 ], "texture": "#particle" },
        "north": { "uv": [ 4.001, 0.001, 11.999, 3.999 ], "texture": "#particle" },
        "south": { "uv": [ 4.001, 0.001, 11.999, 3.999 ], "texture": "#particle" },
        "west":  { "uv": [ 4.001, 0.001, 11.999, 3.999 ], "texture": "#particle" },
        "east":  { "uv": [ 4.001, 0.001, 11.999, 3.999 ], "texture": "#particle" }
    }
}
]
}