{
"__comment": "Designed by Sibsib92 with BDcraft Cubik PRO 0.96 Beta - http://bdcraft.net",
"textures": {
    "particle": "blocks/cocoa_stage_2",
    "texture": "blocks/log_jungle"
},
"elements": [ 
{
    "__comment": "Wood",
    "from": [ 7.5, 12, 11.5 ],
    "to": [ 8.5, 13, 13.5 ],
    "rotation": { "origin": [ 7.5, 13, 11.5 ], "axis": "x", "angle": -45 },
    "faces": {
        "down":  { "uv": [ 8.5, 10, 7.5, 8 ], "texture": "#texture" },
        "up":    { "uv": [ 7.5, 8, 8.5, 10 ], "texture": "#texture" },
        "west":  { "uv": [ 8, 2, 10, 3 ], "texture": "#texture" },
        "east":  { "uv": [ 6, 2, 8, 3 ], "texture": "#texture" }
    }
},
{
    "__comment": "Wood",
    "from": [ 7.495, 11, 11.5 ],
    "to": [ 8.505, 13, 12.5 ],
    "faces": {
        "north": { "uv": [ 1, 1, 2, 2.9375 ], "texture": "#texture" },
        "south": { "uv": [ 1, 1, 2, 2.9375 ], "texture": "#texture" },
        "west":  { "uv": [ 1, 1, 2, 2.9375 ], "texture": "#texture" },
        "east":  { "uv": [ 1, 1, 2, 2.9375 ], "texture": "#texture" }
    }
},
{
    "__comment": "Wood",
    "from": [ 7.495, 13.415, 12.91 ],
    "to": [ 8.505, 14.415, 16.41 ],
    "rotation": { "origin": [ 7.495, 14.415, 12.91 ], "axis": "x", "angle": -22.5 },
    "faces": {
        "down":  { "uv": [ 1, 1, 2, 4.0625 ], "texture": "#texture" },
        "up":    { "uv": [ 1, 1, 2, 4.0625 ], "texture": "#texture" },
        "west":  { "uv": [ 1, 1, 4.0625, 2 ], "texture": "#texture" },
        "east":  { "uv": [ 1, 1, 4.0625, 2 ], "texture": "#texture" }
    }
},
{
    "__comment": "Bean",
    "from": [ 4.5, 2.5, 8.5 ],
    "to": [ 11.5, 10.5, 15.5 ],
    "faces": {
        "down":  { "uv": [ 0, 0, 7, 7 ], "texture": "#particle" },
        "up":    { "uv": [ 0, 0, 7, 7 ], "texture": "#particle" },
        "north": { "uv": [ 7.5, 4.5, 14.5, 12.5 ], "texture": "#particle" },
        "south": { "uv": [ 7.5, 4.5, 14.5, 12.5 ], "texture": "#particle" },
        "west":  { "uv": [ 7.5, 4.5, 14.5, 12.5 ], "texture": "#particle" },
        "east":  { "uv": [ 7.5, 4.5, 14.5, 12.5 ], "texture": "#particle" }
    }
},
{
    "__comment": "Bean",
    "from": [ 4, 3, 9 ],
    "to": [ 12, 10, 15 ],
    "faces": {
        "down":  { "uv": [ 7, 5.5, 15, 11.5 ], "texture": "#particle" },
        "up":    { "uv": [ 7, 5.5, 15, 11.5 ], "texture": "#particle" },
        "north": { "uv": [ 7, 5, 15, 12 ], "texture": "#particle" },
        "south": { "uv": [ 7, 5, 15, 12 ], "texture": "#particle" },
        "west":  { "uv": [ 8, 5, 14, 12 ], "texture": "#particle" },
        "east":  { "uv": [ 8, 5, 14, 12 ], "texture": "#particle" }
    }
},
{
    "__comment": "Bean",
    "from": [ 5, 3, 8 ],
    "to": [ 11, 10, 16 ],
    "faces": {
        "down":  { "uv": [ 8, 4.5, 14, 12.5 ], "texture": "#particle" },
        "up":    { "uv": [ 8, 4.5, 14, 12.5 ], "texture": "#particle" },
        "north": { "uv": [ 8, 5, 14, 12 ], "texture": "#particle" },
        "south": { "uv": [ 8, 5, 14, 12 ], "texture": "#particle" },
        "west":  { "uv": [ 7, 5, 15, 12 ], "texture": "#particle" },
        "east":  { "uv": [ 7, 5, 15, 12 ], "texture": "#particle" }
    }
},
{
    "__comment": "Bean",
    "from": [ 5, 2, 9 ],
    "to": [ 11, 11, 15 ],
    "faces": {
        "down":  { "uv": [ 0.5, 0.5, 6.5, 6.5 ], "texture": "#particle" },
        "up":    { "uv": [ 0.5, 0.5, 6.5, 6.5 ], "texture": "#particle" },
        "north": { "uv": [ 8, 4, 14, 13 ], "texture": "#particle" },
        "south": { "uv": [ 8, 4, 14, 13 ], "texture": "#particle" },
        "west":  { "uv": [ 8, 4, 14, 13 ], "texture": "#particle" },
        "east":  { "uv": [ 8, 4, 14, 13 ], "texture": "#particle" }
    }
}
]
}