{
"__comment": "Designed by Sibsib92 with BDcraft Cubik PRO 0.96 Beta - http://bdcraft.net",
"textures": {
    "particle": "blocks/cocoa_stage_0",
    "texture": "blocks/log_jungle"
},
"elements": [ 
{
    "__comment": "Bean",
    "from": [ 6.5, 7, 11.5 ],
    "to": [ 9.5, 11, 14.5 ],
    "faces": {
        "down":  { "uv": [ 0.501, 0.501, 3.499, 3.499 ], "texture": "#particle" },
        "up":    { "uv": [ 0.501, 0.501, 3.499, 3.499 ], "texture": "#particle" },
        "north": { "uv": [ 11.501, 4.501, 14.499, 8.499 ], "texture": "#particle" },
        "south": { "uv": [ 11.501, 4.501, 14.499, 8.499 ], "texture": "#particle" },
        "west":  { "uv": [ 11.501, 4.501, 14.499, 8.499 ], "texture": "#particle" },
        "east":  { "uv": [ 11.501, 4.501, 14.499, 8.499 ], "texture": "#particle" }
    }
},
{
    "__comment": "Bean",
    "from": [ 6, 7.5, 12 ],
    "to": [ 10, 10.5, 14 ],
    "faces": {
        "down":  { "uv": [ 0.001, 1.001, 3.999, 2.999 ], "texture": "#particle" },
        "up":    { "uv": [ 0.001, 1.001, 3.999, 2.999 ], "texture": "#particle" },
        "north": { "uv": [ 11.001, 5.001, 14.999, 7.999 ], "texture": "#particle" },
        "south": { "uv": [ 11.001, 5.001, 14.999, 7.999 ], "texture": "#particle" },
        "west":  { "uv": [ 12.001, 5.001, 13.999, 7.999 ], "texture": "#particle" },
        "east":  { "uv": [ 12.001, 5.001, 13.999, 7.999 ], "texture": "#particle" }
    }
},
{
    "__comment": "Bean",
    "from": [ 7, 7.5, 11 ],
    "to": [ 9, 10.5, 15 ],
    "faces": {
        "down":  { "uv": [ 1.001, 0.001, 2.999, 3.999 ], "texture": "#particle" },
        "up":    { "uv": [ 1.001, 0.001, 2.999, 3.999 ], "texture": "#particle" },
        "north": { "uv": [ 12.001, 5.001, 13.999, 7.999 ], "texture": "#particle" },
        "south": { "uv": [ 12.001, 5.001, 13.999, 7.999 ], "texture": "#particle" },
        "west":  { "uv": [ 11.001, 5.001, 14.999, 7.999 ], "texture": "#particle" },
        "east":  { "uv": [ 11.001, 5.001, 14.999, 7.999 ], "texture": "#particle" }
    }
},
{
    "__comment": "Bean",
    "from": [ 7, 6.5, 12 ],
    "to": [ 9, 11.5, 14 ],
    "faces": {
        "down":  { "uv": [ 1.001, 1.001, 2.999, 2.999 ], "texture": "#particle" },
        "up":    { "uv": [ 1.001, 1.001, 2.999, 2.999 ], "texture": "#particle" },
        "north": { "uv": [ 12.001, 4.001, 13.999, 8.999 ], "texture": "#particle" },
        "south": { "uv": [ 12.001, 4.001, 13.999, 8.999 ], "texture": "#particle" },
        "west":  { "uv": [ 12.001, 4.001, 13.999, 8.999 ], "texture": "#particle" },
        "east":  { "uv": [ 12.001, 4.001, 13.999, 8.999 ], "texture": "#particle" }
    }
},
{
    "__comment": "Wood",
    "from": [ 7.5, 12.5, 12.5 ],
    "to": [ 8.5, 13.5, 14.5 ],
    "rotation": { "origin": [ 7.5, 13.5, 12.5 ], "axis": "x", "angle": -45 },
    "faces": {
        "down":  { "uv": [ 8.499, 9.999, 7.501, 8.001 ], "texture": "#texture" },
        "up":    { "uv": [ 7.501, 8.001, 8.499, 9.999 ], "texture": "#texture" },
        "west":  { "uv": [ 8.001, 2.001, 9.999, 2.999 ], "texture": "#texture" },
        "east":  { "uv": [ 6.001, 2.001, 7.999, 2.999 ], "texture": "#texture" }
    }
},
{
    "__comment": "Wood",
    "from": [ 7.495, 11.5, 12.5 ],
    "to": [ 8.505, 13.5, 13.5 ],
    "faces": {
        "north": { "uv": [ 1.001, 1.001, 1.999, 2.9365 ], "texture": "#texture" },
        "south": { "uv": [ 1.001, 1.001, 1.999, 2.9365 ], "texture": "#texture" },
        "west":  { "uv": [ 1.001, 1.001, 1.999, 2.9365 ], "texture": "#texture" },
        "east":  { "uv": [ 1.001, 1.001, 1.999, 2.9365 ], "texture": "#texture" }
    }
},
{
    "__comment": "Wood",
    "from": [ 7.495, 13.915, 13.91 ],
    "to": [ 8.505, 14.915, 16.21 ],
    "rotation": { "origin": [ 7.495, 14.915, 13.91 ], "axis": "x", "angle": -22.5 },
    "faces": {
        "down":  { "uv": [ 1.001, 1.001, 1.999, 2.999 ], "texture": "#texture" },
        "up":    { "uv": [ 1.001, 1.001, 1.999, 2.999 ], "texture": "#texture" },
        "west":  { "uv": [ 1.001, 1.001, 2.999, 1.999 ], "texture": "#texture" },
        "east":  { "uv": [ 1.001, 1.001, 2.999, 1.999 ], "texture": "#texture" }
    }
}
]
}