{
"__comment": "Designed by Sibsib92 with BDcraft Cubik PRO 0.95 Beta - http://bdcraft.net",
"ambientocclusion": false,
"textures": {
    "particle": "blocks/comparator_on",
    "texture": "blocks/stone_slab_top",
    "on": "blocks/redstone_block",
    "off": "blocks/cauldron_inner"
},
"elements": [ 
{
    "__comment": "Stone",
    "from": [ 7, 0, 0 ],
    "to": [ 9, 0.5, 16 ],
    "faces": {
        "down":  { "uv": [ 9, 16, 7, 0 ], "texture": "#texture" },
        "up":    { "uv": [ 7, 0, 9, 16 ], "texture": "#texture" },
        "north": { "uv": [ 7, 15.5, 9, 16 ], "texture": "#texture" },
        "south": { "uv": [ 7, 15.5, 9, 16 ], "texture": "#texture" },
        "west":  { "uv": [ 0, 15.5, 16, 16 ], "texture": "#texture" },
        "east":  { "uv": [ 0, 15.5, 16, 16 ], "texture": "#texture" }
    }
},
{
    "__comment": "Stone",
    "from": [ 0, 0, 7 ],
    "to": [ 16, 0.5, 9 ],
    "faces": {
        "down":  { "uv": [ 16, 9, 0, 7 ], "texture": "#texture" },
        "up":    { "uv": [ 0, 7, 16, 9 ], "texture": "#texture" },
        "north": { "uv": [ 0, 15.5, 16, 16 ], "texture": "#texture" },
        "south": { "uv": [ 0, 15.5, 16, 16 ], "texture": "#texture" },
        "west":  { "uv": [ 7, 15.5, 9, 16 ], "texture": "#texture" },
        "east":  { "uv": [ 7, 15.5, 9, 16 ], "texture": "#texture" }
    }
},
{
    "__comment": "Stone",
    "from": [ 6, 0, 1 ],
    "to": [ 10, 1, 5 ],
    "faces": {
        "down":  { "uv": [ 10, 5, 6, 1 ], "texture": "#texture" },
        "up":    { "uv": [ 6, 1, 10, 5 ], "texture": "#texture" },
        "north": { "uv": [ 6, 15, 10, 16 ], "texture": "#texture" },
        "south": { "uv": [ 6, 15, 10, 16 ], "texture": "#texture" },
        "west":  { "uv": [ 1, 15, 5, 16 ], "texture": "#texture" },
        "east":  { "uv": [ 11, 15, 15, 16 ], "texture": "#texture" }
    }
},
{
    "__comment": "Stone",
    "from": [ 3, 0, 11 ],
    "to": [ 13, 1, 15 ],
    "faces": {
        "down":  { "uv": [ 13, 15, 3, 11 ], "texture": "#texture" },
        "up":    { "uv": [ 3, 11, 13, 15 ], "texture": "#texture" },
        "north": { "uv": [ 3, 15, 13, 16 ], "texture": "#texture" },
        "south": { "uv": [ 3, 15, 13, 16 ], "texture": "#texture" },
        "west":  { "uv": [ 11, 15, 15, 16 ], "texture": "#texture" },
        "east":  { "uv": [ 1, 15, 5, 16 ], "texture": "#texture" }
    }
},
{
    "__comment": "Redstone Mode",
    "from": [ 7, 1, 2 ],
    "to": [ 9, 4, 4 ],
    "faces": {
        "up":    { "uv": [ 7, 2, 9, 4 ], "texture": "#off" },
        "north": { "uv": [ 7, 12, 9, 15 ], "texture": "#off" },
        "south": { "uv": [ 7, 12, 9, 15 ], "texture": "#off" },
        "west":  { "uv": [ 2, 12, 4, 15 ], "texture": "#off" },
        "east":  { "uv": [ 12, 12, 14, 15 ], "texture": "#off" }
    }
},
{
    "__comment": "Redstone",
    "from": [ 4, 1, 12 ],
    "to": [ 6, 4, 14 ],
    "faces": {
        "up":    { "uv": [ 4, 12, 6, 14 ], "texture": "#on" },
        "north": { "uv": [ 10, 12, 12, 15 ], "texture": "#on" },
        "south": { "uv": [ 4, 12, 6, 15 ], "texture": "#on" },
        "west":  { "uv": [ 12, 12, 14, 15 ], "texture": "#on" },
        "east":  { "uv": [ 2, 12, 4, 15 ], "texture": "#on" }
    }
},
{
    "__comment": "Redstone",
    "from": [ 10, 1, 12 ],
    "to": [ 12, 4, 14 ],
    "faces": {
        "up":    { "uv": [ 10, 12, 12, 14 ], "texture": "#on" },
        "north": { "uv": [ 4, 12, 6, 15 ], "texture": "#on" },
        "south": { "uv": [ 10, 12, 12, 15 ], "texture": "#on" },
        "west":  { "uv": [ 12, 12, 14, 15 ], "texture": "#on" },
        "east":  { "uv": [ 2, 12, 4, 15 ], "texture": "#on" }
    }
}
]
}