{
"__comment": "Designed by Sibsib92 with BDcraft Cubik PRO 0.95 Beta - http://bdcraft.net",
"ambientocclusion": false,
"textures": {
    "particle": "blocks/comparator_off",
    "texture": "blocks/stone_slab_top",
    "on": "blocks/redstone_block",
    "off": "blocks/coal_block"
},
"elements": [ 
{
    "__comment": "Stone",
    "from": [ 7, 0, 0 ],
    "to": [ 9, 0.5, 16 ],
    "faces": {
        "down":  { "uv": [ 8.999, 15.999, 7.001, 0.001 ], "texture": "#texture" },
        "up":    { "uv": [ 7.001, 0.001, 8.999, 15.999 ], "texture": "#texture" },
        "north": { "uv": [ 7.001, 15.501, 8.999, 15.999 ], "texture": "#texture" },
        "south": { "uv": [ 7.001, 15.501, 8.999, 15.999 ], "texture": "#texture" },
        "west":  { "uv": [ 0.001, 15.501, 15.999, 15.999 ], "texture": "#texture" },
        "east":  { "uv": [ 0.001, 15.501, 15.999, 15.999 ], "texture": "#texture" }
    }
},
{
    "__comment": "Stone",
    "from": [ 0, 0, 7 ],
    "to": [ 16, 0.5, 9 ],
    "faces": {
        "down":  { "uv": [ 15.999, 8.999, 0.001, 7.001 ], "texture": "#texture" },
        "up":    { "uv": [ 0.001, 7.001, 15.999, 8.999 ], "texture": "#texture" },
        "north": { "uv": [ 0.001, 15.501, 15.999, 15.999 ], "texture": "#texture" },
        "south": { "uv": [ 0.001, 15.501, 15.999, 15.999 ], "texture": "#texture" },
        "west":  { "uv": [ 7.001, 15.501, 8.999, 15.999 ], "texture": "#texture" },
        "east":  { "uv": [ 7.001, 15.501, 8.999, 15.999 ], "texture": "#texture" }
    }
},
{
    "__comment": "Stone",
    "from": [ 6, 0, 1 ],
    "to": [ 10, 1, 5 ],
    "faces": {
        "down":  { "uv": [ 9.999, 4.999, 6.001, 1.001 ], "texture": "#texture" },
        "up":    { "uv": [ 6.001, 1.001, 9.999, 4.999 ], "texture": "#texture" },
        "north": { "uv": [ 6.001, 15.001, 9.999, 15.999 ], "texture": "#texture" },
        "south": { "uv": [ 6.001, 15.001, 9.999, 15.999 ], "texture": "#texture" },
        "west":  { "uv": [ 1.001, 15.001, 4.999, 15.999 ], "texture": "#texture" },
        "east":  { "uv": [ 11.001, 15.001, 14.999, 15.999 ], "texture": "#texture" }
    }
},
{
    "__comment": "Stone",
    "from": [ 3, 0, 11 ],
    "to": [ 13, 1, 15 ],
    "faces": {
        "down":  { "uv": [ 12.999, 14.999, 3.001, 11.001 ], "texture": "#texture" },
        "up":    { "uv": [ 3.001, 11.001, 12.999, 14.999 ], "texture": "#texture" },
        "north": { "uv": [ 3.001, 15.001, 12.999, 15.999 ], "texture": "#texture" },
        "south": { "uv": [ 3.001, 15.001, 12.999, 15.999 ], "texture": "#texture" },
        "west":  { "uv": [ 11.001, 15.001, 14.999, 15.999 ], "texture": "#texture" },
        "east":  { "uv": [ 1.001, 15.001, 4.999, 15.999 ], "texture": "#texture" }
    }
},
{
    "__comment": "Redstone Mode",
    "from": [ 7, 1, 2 ],
    "to": [ 9, 4, 4 ],
    "faces": {
        "up":    { "uv": [ 7.001, 2.001, 8.999, 3.999 ], "texture": "#on" },
        "north": { "uv": [ 7.001, 12.001, 8.999, 14.999 ], "texture": "#on" },
        "south": { "uv": [ 7.001, 12.001, 8.999, 14.999 ], "texture": "#on" },
        "west":  { "uv": [ 2.001, 12.001, 3.999, 14.999 ], "texture": "#on" },
        "east":  { "uv": [ 12.001, 12.001, 13.999, 14.999 ], "texture": "#on" }
    }
},
{
    "__comment": "Redstone",
    "from": [ 4, 1, 12 ],
    "to": [ 6, 4, 14 ],
    "faces": {
        "up":    { "uv": [ 4.001, 12.001, 5.999, 13.999 ], "texture": "#off" },
        "north": { "uv": [ 10.001, 12.001, 11.999, 14.999 ], "texture": "#off" },
        "south": { "uv": [ 4.001, 12.001, 5.999, 14.999 ], "texture": "#off" },
        "west":  { "uv": [ 12.001, 12.001, 13.999, 14.999 ], "texture": "#off" },
        "east":  { "uv": [ 2.001, 12.001, 3.999, 14.999 ], "texture": "#off" }
    }
},
{
    "__comment": "Redstone",
    "from": [ 10, 1, 12 ],
    "to": [ 12, 4, 14 ],
    "faces": {
        "up":    { "uv": [ 10.001, 12.001, 11.999, 13.999 ], "texture": "#off" },
        "north": { "uv": [ 4.001, 12.001, 5.999, 14.999 ], "texture": "#off" },
        "south": { "uv": [ 10.001, 12.001, 11.999, 14.999 ], "texture": "#off" },
        "west":  { "uv": [ 12.001, 12.001, 13.999, 14.999 ], "texture": "#off" },
        "east":  { "uv": [ 2.001, 12.001, 3.999, 14.999 ], "texture": "#off" }
    }
}
]
}