{
"__comment": "Designed by Sibsib92 with BDcraft Cubik PRO 0.96 Beta - http://bdcraft.net",
"ambientocclusion": false,
"textures": {
    "particle": "blocks/door_dark_oak_lower",
    "texture": "blocks/planks_big_oak",
    "gold": "blocks/gold_block",
    "metal": "blocks/cauldron_inner"
},
"elements": [ 
{
    "__comment": "Hinge",
    "from": [ -0.25, 4, -0.0625 ],
    "to": [ 3.25, 6, 0.9375 ],
    "faces": {
        "down":  { "uv": [ 3, 1, 0, 0 ], "texture": "#metal" },
        "up":    { "uv": [ 0, 0, 3, 1 ], "texture": "#metal" },
        "north": { "uv": [ 0, 0, 3, 2 ], "texture": "#metal" },
        "south": { "uv": [ 0, 0, 3, 2 ], "texture": "#metal" },
        "west":  { "uv": [ 0, 0, 1, 2 ], "texture": "#metal" },
        "east":  { "uv": [ 0, 0, 1, 2 ], "texture": "#metal" }
    }
},
{
    "__comment": "Bot Diag Horiz",
    "from": [ 0, 0.5, 2 ],
    "to": [ 1.5, 2, 14 ],
    "rotation": { "origin": [ 0, 2, 2 ], "axis": "z", "angle": 45 },
    "faces": {
        "up":    { "uv": [ 2, 13, 14, 14 ], "rotation": 90, "texture": "#texture" }
    }
},
{
    "__comment": "Bot Diag Horiz",
    "from": [ 0.875, 0.5, 2 ],
    "to": [ 2.375, 2, 14 ],
    "rotation": { "origin": [ 0.875, 2, 2 ], "axis": "z", "angle": 45 },
    "faces": {
        "east":  { "uv": [ 2, 13, 14, 14 ], "texture": "#texture" }
    }
},
{
    "__comment": "Door Bot",
    "from": [ 0, 2, 14 ],
    "to": [ 3, 16, 16 ],
    "faces": {
        "north": { "uv": [ 13, 0, 16, 14 ], "texture": "#texture" },
        "south": { "uv": [ 0, 0, 3, 14 ], "texture": "#texture" },
        "west":  { "uv": [ 14, 0, 16, 14 ], "texture": "#texture" },
        "east":  { "uv": [ 0, 0, 2, 14 ], "texture": "#texture" }
    }
},
{
    "__comment": "Door Bot",
    "from": [ 0, 2, 0 ],
    "to": [ 3, 16, 2 ],
    "faces": {
        "north": { "uv": [ 13, 0, 16, 14 ], "texture": "#texture" },
        "south": { "uv": [ 0, 0, 3, 14 ], "texture": "#texture" },
        "west":  { "uv": [ 0, 0, 2, 14 ], "texture": "#texture" },
        "east":  { "uv": [ 14, 0, 16, 14 ], "texture": "#texture" }
    }
},
{
    "__comment": "Door Bot",
    "from": [ 0, 0, 0 ],
    "to": [ 3, 2, 16 ],
    "faces": {
        "down":  { "uv": [ 16, 15, 0, 12 ], "rotation": 90, "texture": "#texture" },
        "up":    { "uv": [ 0, 4, 16, 7 ], "rotation": 90, "texture": "#texture" },
        "north": { "uv": [ 13, 14, 16, 16 ], "texture": "#texture" },
        "south": { "uv": [ 0, 14, 3, 16 ], "texture": "#texture" },
        "west":  { "uv": [ 0, 14, 16, 16 ], "texture": "#texture" },
        "east":  { "uv": [ 0, 14, 16, 16 ], "texture": "#texture" }
    }
},
{
    "__comment": "Door Bot",
    "from": [ 1, 2, 2 ],
    "to": [ 2, 16, 14 ],
    "faces": {
        "west":  { "uv": [ 2, 0, 14, 14 ], "texture": "#texture" },
        "east":  { "uv": [ 2, 0, 14, 14 ], "texture": "#texture" }
    }
},
{
    "__comment": "Bot Diag Vert",
    "from": [ 0, 2, 14 ],
    "to": [ 1.5, 15, 15.5 ],
    "rotation": { "origin": [ 0, 2, 14 ], "axis": "y", "angle": 45 },
    "faces": {
        "north": { "uv": [ 13, 1, 14, 14 ], "texture": "#texture" }
    }
},
{
    "__comment": "Bot Diag Vert",
    "from": [ 0.875, 2, 14 ],
    "to": [ 2.375, 15, 15.5 ],
    "rotation": { "origin": [ 0.875, 2, 14 ], "axis": "y", "angle": 45 },
    "faces": {
        "east":  { "uv": [ 2, 1, 3, 14 ], "texture": "#texture" }
    }
},
{
    "__comment": "Bot Diag Vert",
    "from": [ 0, 2, 2 ],
    "to": [ 1.5, 15, 3.5 ],
    "rotation": { "origin": [ 0, 2, 2 ], "axis": "y", "angle": 45 },
    "faces": {
        "west":  { "uv": [ 2, 1, 3, 14 ], "texture": "#texture" }
    }
},
{
    "__comment": "Bot Diag Vert",
    "from": [ 0.875, 2, 2 ],
    "to": [ 2.375, 15, 3.5 ],
    "rotation": { "origin": [ 0.875, 2, 2 ], "axis": "y", "angle": 45 },
    "faces": {
        "south": { "uv": [ 13, 1, 14, 14 ], "texture": "#texture" }
    }
},
{
    "__comment": "Door Bot",
    "from": [ 0, 15, 2 ],
    "to": [ 3, 16, 14 ],
    "faces": {
        "down":  { "uv": [ 2, 11, 14, 8 ], "rotation": 90, "texture": "#texture" },
        "west":  { "uv": [ 2, 0, 14, 1 ], "texture": "#texture" },
        "east":  { "uv": [ 2, 0, 14, 1 ], "texture": "#texture" }
    }
},
{
    "__comment": "Bot Diag Horiz",
    "from": [ 0, 13.5, 2 ],
    "to": [ 1.5, 15, 14 ],
    "rotation": { "origin": [ 0, 15, 2 ], "axis": "z", "angle": 45 },
    "faces": {
        "west":  { "uv": [ 2, 1, 14, 2 ], "texture": "#texture" }
    }
},
{
    "__comment": "Bot Diag Horiz",
    "from": [ 0.875, 13.5, 2 ],
    "to": [ 2.375, 15, 14 ],
    "rotation": { "origin": [ 0.875, 15, 2 ], "axis": "z", "angle": 45 },
    "faces": {
        "down":  { "uv": [ 2, 1, 14, 2 ], "rotation": 90, "texture": "#texture" }
    }
},
{
    "__comment": "Doot Bot",
    "from": [ 0, 2, 7 ],
    "to": [ 3, 15, 9 ],
    "faces": {
        "north": { "uv": [ 13, 1, 16, 14 ], "texture": "#texture" },
        "south": { "uv": [ 0, 1, 3, 14 ], "texture": "#texture" },
        "west":  { "uv": [ 7, 1, 9, 14 ], "texture": "#texture" },
        "east":  { "uv": [ 7, 1, 9, 14 ], "texture": "#texture" }
    }
},
{
    "__comment": "Bot Diag Vert",
    "from": [ 0, 2, 7 ],
    "to": [ 1.5, 15, 8.5 ],
    "rotation": { "origin": [ 0, 2, 7 ], "axis": "y", "angle": 45 },
    "faces": {
        "north": { "uv": [ 6, 1, 7, 14 ], "texture": "#texture" }
    }
},
{
    "__comment": "Bot Diag Vert",
    "from": [ 0.875, 2, 7 ],
    "to": [ 2.375, 15, 8.5 ],
    "rotation": { "origin": [ 0.875, 2, 7 ], "axis": "y", "angle": 45 },
    "faces": {
        "east":  { "uv": [ 9, 1, 10, 14 ], "texture": "#texture" }
    }
},
{
    "__comment": "Bot Diag Vert",
    "from": [ 0, 2, 9 ],
    "to": [ 1.5, 15, 10.5 ],
    "rotation": { "origin": [ 0, 2, 9 ], "axis": "y", "angle": 45 },
    "faces": {
        "west":  { "uv": [ 9, 1, 10, 14 ], "texture": "#texture" }
    }
},
{
    "__comment": "Bot Diag Vert",
    "from": [ 0.875, 2, 9 ],
    "to": [ 2.375, 15, 10.5 ],
    "rotation": { "origin": [ 0.875, 2, 9 ], "axis": "y", "angle": 45 },
    "faces": {
        "south": { "uv": [ 6, 1, 7, 14 ], "texture": "#texture" }
    }
}
]
}