{
"__comment": "Designed by Sibsib92 with BDcraft Cubik PRO 0.95 Beta - http://bdcraft.net",
"ambientocclusion": false,
"textures": {
    "particle": "blocks/planks_big_oak",
    "texture": "blocks/cauldron_inner"
},
"elements": [ 
{
    "__comment": "Door",
    "from": [ 0.5, 0, 8.5 ],
    "to": [ 1.5, 14, 10.5 ],
    "faces": {
        "down":  { "uv": [ 14, 10, 12, 9 ], "rotation": 270, "texture": "#particle" },
        "up":    { "uv": [ 1, 5, 3, 6 ], "rotation": 90, "texture": "#particle" },
        "north": { "uv": [ 8, 2, 9, 16 ], "texture": "#particle" },
        "west":  { "uv": [ 1, 2, 3, 16 ], "texture": "#particle" },
        "east":  { "uv": [ 13, 2, 15, 16 ], "texture": "#particle" }
    }
},
{
    "__comment": "Door",
    "from": [ 0.5, 0, 10.5 ],
    "to": [ 1.5, 15, 15 ],
    "faces": {
        "down":  { "uv": [ 13, 7, 8.5, 6 ], "rotation": 270, "texture": "#particle" },
        "up":    { "uv": [ 5, 8, 9.5, 9 ], "rotation": 90, "texture": "#particle" },
        "north": { "uv": [ 8, 1, 9, 16 ], "texture": "#particle" },
        "south": { "uv": [ 8, 1, 9, 16 ], "texture": "#particle" },
        "west":  { "uv": [ 3, 1, 7.5, 16 ], "texture": "#particle" },
        "east":  { "uv": [ 8.5, 1, 13, 16 ], "texture": "#particle" }
    }
},
{
    "__comment": "Door",
    "from": [ 0.5, 15, 12.5 ],
    "to": [ 1.5, 16, 15 ],
    "faces": {
        "up":    { "uv": [ 5, 8, 7.5, 9 ], "rotation": 90, "texture": "#particle" },
        "north": { "uv": [ 7, 0, 8, 1 ], "texture": "#particle" },
        "south": { "uv": [ 7, 0, 8, 1 ], "texture": "#particle" },
        "west":  { "uv": [ 5, 2, 7.5, 3 ], "texture": "#particle" },
        "east":  { "uv": [ 9.5, 1, 12, 2 ], "texture": "#particle" }
    }
},
{
    "__comment": "Door",
    "from": [ 14.5, 0, 8.5 ],
    "to": [ 15.5, 14, 10.5 ],
    "faces": {
        "down":  { "uv": [ 3, 9, 1, 8 ], "rotation": 90, "texture": "#particle" },
        "up":    { "uv": [ 13, 8, 15, 9 ], "rotation": 270, "texture": "#particle" },
        "north": { "uv": [ 8, 2, 9, 16 ], "texture": "#particle" },
        "west":  { "uv": [ 1, 2, 3, 16 ], "texture": "#particle" },
        "east":  { "uv": [ 13, 2, 15, 16 ], "texture": "#particle" }
    }
},
{
    "__comment": "Door",
    "from": [ 14.5, 0, 10.5 ],
    "to": [ 15.5, 15, 15 ],
    "faces": {
        "down":  { "uv": [ 7.5, 9, 3, 8 ], "rotation": 90, "texture": "#particle" },
        "up":    { "uv": [ 8.5, 6, 13, 7 ], "rotation": 270, "texture": "#particle" },
        "north": { "uv": [ 8, 1, 9, 16 ], "texture": "#particle" },
        "south": { "uv": [ 8, 1, 9, 16 ], "texture": "#particle" },
        "west":  { "uv": [ 3, 1, 7.5, 16 ], "texture": "#particle" },
        "east":  { "uv": [ 8.5, 1, 13, 16 ], "texture": "#particle" }
    }
},
{
    "__comment": "Door",
    "from": [ 14.5, 15, 12.5 ],
    "to": [ 15.5, 16, 15 ],
    "faces": {
        "up":    { "uv": [ 8.5, 8, 11, 9 ], "rotation": 270, "texture": "#particle" },
        "north": { "uv": [ 7, 0, 8, 1 ], "texture": "#particle" },
        "south": { "uv": [ 7, 0, 8, 1 ], "texture": "#particle" },
        "west":  { "uv": [ 5, 0, 7.5, 1 ], "texture": "#particle" },
        "east":  { "uv": [ 8.5, 0, 11, 1 ], "texture": "#particle" }
    }
},
{
    "__comment": "Hinge",
    "from": [ 0, 1, 7.25 ],
    "to": [ 1.75, 2, 8.75 ],
    "faces": {
        "down":  { "uv": [ 16, 8.75, 14.25, 7.25 ], "texture": "#texture" },
        "up":    { "uv": [ 0, 7.25, 1.75, 8.75 ], "texture": "#texture" },
        "north": { "uv": [ 14.25, 14, 16, 15 ], "texture": "#texture" },
        "south": { "uv": [ 0, 14, 1.75, 15 ], "texture": "#texture" },
        "west":  { "uv": [ 7.25, 14, 8.75, 15 ], "texture": "#texture" },
        "east":  { "uv": [ 7.25, 14, 8.75, 15 ], "texture": "#texture" }
    }
},
{
    "__comment": "Hinge",
    "from": [ 0, 11, 7.25 ],
    "to": [ 1.75, 12, 8.75 ],
    "faces": {
        "down":  { "uv": [ 16, 8.75, 14.25, 7.25 ], "texture": "#texture" },
        "up":    { "uv": [ 0, 7.25, 1.75, 8.75 ], "texture": "#texture" },
        "north": { "uv": [ 14.25, 4, 16, 5 ], "texture": "#texture" },
        "south": { "uv": [ 0, 4, 1.75, 5 ], "texture": "#texture" },
        "west":  { "uv": [ 7.25, 4, 8.75, 5 ], "texture": "#texture" },
        "east":  { "uv": [ 7.25, 4, 8.75, 5 ], "texture": "#texture" }
    }
},
{
    "__comment": "Hinge",
    "from": [ 14.25, 11, 7.25 ],
    "to": [ 16, 12, 8.75 ],
    "faces": {
        "down":  { "uv": [ 1.75, 8.75, 0, 7.25 ], "texture": "#texture" },
        "up":    { "uv": [ 14.25, 7.25, 16, 8.75 ], "texture": "#texture" },
        "north": { "uv": [ 0, 4, 1.75, 5 ], "texture": "#texture" },
        "south": { "uv": [ 14.25, 4, 16, 5 ], "texture": "#texture" },
        "west":  { "uv": [ 7.25, 4, 8.75, 5 ], "texture": "#texture" },
        "east":  { "uv": [ 7.25, 4, 8.75, 5 ], "texture": "#texture" }
    }
},
{
    "__comment": "Hinge",
    "from": [ 14.25, 1, 7.25 ],
    "to": [ 16, 2, 8.75 ],
    "faces": {
        "down":  { "uv": [ 1.75, 8.75, 0, 7.25 ], "texture": "#texture" },
        "up":    { "uv": [ 14.25, 7.25, 16, 8.75 ], "texture": "#texture" },
        "north": { "uv": [ 0, 14, 1.75, 15 ], "texture": "#texture" },
        "south": { "uv": [ 14.25, 14, 16, 15 ], "texture": "#texture" },
        "west":  { "uv": [ 7.25, 14, 8.75, 15 ], "texture": "#texture" },
        "east":  { "uv": [ 7.25, 14, 8.75, 15 ], "texture": "#texture" }
    }
}
]
}