{
"__comment": "Designed by Sibsib92 with BDcraft Cubik PRO 0.96 Beta - http://bdcraft.net",
"ambientocclusion": false,
"textures": {
    "particle": "blocks/door_dark_oak_lower",
    "texture": "blocks/planks_big_oak",
    "gold": "blocks/gold_block",
    "metal": "blocks/cauldron_inner"
},
"elements": [ 
{
    "__comment": "Hinge",
    "from": [ -0.25, -1, -0.0625 ],
    "to": [ 3.25, 1, 0.9375 ],
    "faces": {
        "down":  { "uv": [ 3, 1, 0, 0 ], "texture": "#metal" },
        "up":    { "uv": [ 0, 0, 3, 1 ], "texture": "#metal" },
        "north": { "uv": [ 0, 0, 3, 2 ], "texture": "#metal" },
        "south": { "uv": [ 0, 0, 3, 2 ], "texture": "#metal" },
        "west":  { "uv": [ 0, 0, 1, 2 ], "texture": "#metal" },
        "east":  { "uv": [ 0, 0, 1, 2 ], "texture": "#metal" }
    }
},
{
    "__comment": "Hinge",
    "from": [ -0.25, 10, -0.0625 ],
    "to": [ 3.25, 12, 0.9375 ],
    "faces": {
        "down":  { "uv": [ 3, 1, 0, 0 ], "texture": "#metal" },
        "up":    { "uv": [ 0, 0, 3, 1 ], "texture": "#metal" },
        "north": { "uv": [ 0, 0, 3, 2 ], "texture": "#metal" },
        "south": { "uv": [ 0, 0, 3, 2 ], "texture": "#metal" },
        "west":  { "uv": [ 0, 0, 1, 2 ], "texture": "#metal" },
        "east":  { "uv": [ 0, 0, 1, 2 ], "texture": "#metal" }
    }
},
{
    "__comment": "Handle",
    "from": [ -0.5, -0.25, 14.25 ],
    "to": [ 3.5, 0.25, 14.75 ],
    "faces": {
        "down":  { "uv": [ 16, 14.5, 12, 14 ], "texture": "#gold" },
        "up":    { "uv": [ 0, 14, 4, 14.5 ], "texture": "#gold" },
        "north": { "uv": [ 12, 15.25, 16, 15.75 ], "texture": "#gold" },
        "south": { "uv": [ 0, 15.25, 4, 15.75 ], "texture": "#gold" }
    }
},
{
    "__comment": "Handle",
    "from": [ -1, -0.5, 14 ],
    "to": [ -0.5, 0.5, 15 ],
    "faces": {
        "down":  { "uv": [ 16, 15, 15.5, 14 ], "texture": "#gold" },
        "up":    { "uv": [ 0, 14, 0.5, 15 ], "texture": "#gold" },
        "north": { "uv": [ 15.5, 0, 16, 1.5 ], "texture": "#gold" },
        "south": { "uv": [ 0, 0, 0.5, 1.5 ], "texture": "#gold" },
        "west":  { "uv": [ 14, 0, 15, 1.5 ], "texture": "#gold" },
        "east":  { "uv": [ 1, 0, 2, 1.5 ], "texture": "#gold" }
    }
},
{
    "__comment": "Handle",
    "from": [ 3.5, -1, 13.5 ],
    "to": [ 4.5, 0, 14.5 ],
    "faces": {
        "down":  { "uv": [ 12, 14.5, 11, 13.5 ], "texture": "#gold" },
        "up":    { "uv": [ 4, 13.5, 5, 14.5 ], "texture": "#gold" },
        "north": { "uv": [ 11, 15.5, 12, 16 ], "texture": "#gold" },
        "south": { "uv": [ 4, 15.5, 5, 16 ], "texture": "#gold" },
        "west":  { "uv": [ 13.5, 15.5, 14.5, 16 ], "texture": "#gold" },
        "east":  { "uv": [ 1.5, 15.5, 2.5, 16 ], "texture": "#gold" }
    }
},
{
    "__comment": "Handle",
    "from": [ -1.5, -1, 13.5 ],
    "to": [ -0.5, 0, 14.5 ],
    "faces": {
        "down":  { "uv": [ 16, 14.5, 15, 13.5 ], "texture": "#gold" },
        "up":    { "uv": [ 0, 13.5, 1, 14.5 ], "texture": "#gold" },
        "north": { "uv": [ 15, 15.5, 16, 16 ], "texture": "#gold" },
        "south": { "uv": [ 0, 15.5, 1, 16 ], "texture": "#gold" },
        "west":  { "uv": [ 13.5, 15.5, 14.5, 16 ], "texture": "#gold" },
        "east":  { "uv": [ 1.5, 15.5, 2.5, 16 ], "texture": "#gold" }
    }
},
{
    "__comment": "Handle",
    "from": [ 3.5, -0.5, 14 ],
    "to": [ 4, 0.5, 15 ],
    "faces": {
        "down":  { "uv": [ 16, 15, 15.5, 14 ], "texture": "#gold" },
        "up":    { "uv": [ 0, 14, 0.5, 15 ], "texture": "#gold" },
        "north": { "uv": [ 15.5, 0, 16, 2 ], "texture": "#gold" },
        "south": { "uv": [ 0, 0, 0.5, 2 ], "texture": "#gold" },
        "west":  { "uv": [ 14, 0, 15, 2 ], "texture": "#gold" },
        "east":  { "uv": [ 1, 0, 2, 2 ], "texture": "#gold" }
    }
},
{
    "__comment": "Handle",
    "from": [ 3.75, -0.75, 12.5 ],
    "to": [ 4.25, -0.25, 13.5 ],
    "faces": {
        "down":  { "uv": [ 12, 13.5, 11.5, 12.5 ], "texture": "#gold" },
        "up":    { "uv": [ 4, 12.5, 4.5, 13.5 ], "texture": "#gold" },
        "west":  { "uv": [ 12.5, 16, 13.5, 16 ], "texture": "#gold" },
        "east":  { "uv": [ 2.5, 16, 3.5, 16 ], "texture": "#gold" }
    }
},
{
    "__comment": "Handle",
    "from": [ -1.25, -0.75, 12.5 ],
    "to": [ -0.75, -0.25, 13.5 ],
    "faces": {
        "down":  { "uv": [ 16, 13.5, 15.5, 12.5 ], "texture": "#gold" },
        "up":    { "uv": [ 0, 12.5, 0.5, 13.5 ], "texture": "#gold" },
        "west":  { "uv": [ 12.5, 16, 13.5, 16 ], "texture": "#gold" },
        "east":  { "uv": [ 2.5, 16, 3.5, 16 ], "texture": "#gold" }
    }
},
{
    "__comment": "Handle",
    "from": [ 3.5, -1, 11.5 ],
    "to": [ 4.5, 0, 12.5 ],
    "faces": {
        "down":  { "uv": [ 12, 12.5, 11, 11.5 ], "texture": "#gold" },
        "up":    { "uv": [ 4, 11.5, 5, 12.5 ], "texture": "#gold" },
        "north": { "uv": [ 11, 15.5, 12, 16 ], "texture": "#gold" },
        "south": { "uv": [ 4, 15.5, 5, 16 ], "texture": "#gold" },
        "west":  { "uv": [ 11.5, 15.5, 12.5, 16 ], "texture": "#gold" },
        "east":  { "uv": [ 3.5, 15.5, 4.5, 16 ], "texture": "#gold" }
    }
},
{
    "__comment": "Handle",
    "from": [ -1.5, -1, 11.5 ],
    "to": [ -0.5, 0, 12.5 ],
    "faces": {
        "down":  { "uv": [ 16, 12.5, 15, 11.5 ], "texture": "#gold" },
        "up":    { "uv": [ 0, 11.5, 1, 12.5 ], "texture": "#gold" },
        "north": { "uv": [ 15, 15.5, 16, 16 ], "texture": "#gold" },
        "south": { "uv": [ 0, 15.5, 1, 16 ], "texture": "#gold" },
        "west":  { "uv": [ 11.5, 15.5, 12.5, 16 ], "texture": "#gold" },
        "east":  { "uv": [ 3.5, 15.5, 4.5, 16 ], "texture": "#gold" }
    }
},
{
    "__comment": "Top Diag Vert",
    "from": [ 0, 0, 14 ],
    "to": [ 1.5, 14, 15.5 ],
    "rotation": { "origin": [ 0, 0, 14 ], "axis": "y", "angle": 45 },
    "faces": {
        "north": { "uv": [ 13, 2, 14, 16 ], "texture": "#texture" }
    }
},
{
    "__comment": "Top Diag Vert",
    "from": [ 0.875, 0, 14 ],
    "to": [ 2.375, 14, 15.5 ],
    "rotation": { "origin": [ 0.875, 0, 14 ], "axis": "y", "angle": 45 },
    "faces": {
        "east":  { "uv": [ 2, 2, 3, 16 ], "texture": "#texture" }
    }
},
{
    "__comment": "Top Diag Vert",
    "from": [ 0, 0, 2 ],
    "to": [ 1.5, 14, 3.5 ],
    "rotation": { "origin": [ 0, 0, 2 ], "axis": "y", "angle": 45 },
    "faces": {
        "west":  { "uv": [ 2, 2, 3, 16 ], "texture": "#texture" }
    }
},
{
    "__comment": "Top Diag Vert",
    "from": [ 0.875, 0, 2 ],
    "to": [ 2.375, 14, 3.5 ],
    "rotation": { "origin": [ 0.875, 0, 2 ], "axis": "y", "angle": 45 },
    "faces": {
        "south": { "uv": [ 13, 2, 14, 16 ], "texture": "#texture" }
    }
},
{
    "__comment": "Top Diag Horiz",
    "from": [ 0, 12.5, 2 ],
    "to": [ 1.5, 14, 14 ],
    "rotation": { "origin": [ 0, 14, 2 ], "axis": "z", "angle": 45 },
    "faces": {
        "west":  { "uv": [ 2, 2, 14, 3 ], "texture": "#texture" }
    }
},
{
    "__comment": "Top Diag Horiz",
    "from": [ 0.875, 12.5, 2 ],
    "to": [ 2.375, 14, 14 ],
    "rotation": { "origin": [ 0.875, 14, 2 ], "axis": "z", "angle": 45 },
    "faces": {
        "down":  { "uv": [ 2, 2, 14, 3 ], "rotation": 90, "texture": "#texture" }
    }
},
{
    "__comment": "Door Top",
    "from": [ 0, 0, 14 ],
    "to": [ 3, 14, 16 ],
    "faces": {
        "north": { "uv": [ 13, 2, 16, 16 ], "texture": "#texture" },
        "south": { "uv": [ 0, 2, 3, 16 ], "texture": "#texture" },
        "west":  { "uv": [ 14, 2, 16, 16 ], "texture": "#texture" },
        "east":  { "uv": [ 0, 2, 2, 16 ], "texture": "#texture" }
    }
},
{
    "__comment": "Door Top",
    "from": [ 0, 0, 0 ],
    "to": [ 3, 14, 2 ],
    "faces": {
        "north": { "uv": [ 13, 2, 16, 16 ], "texture": "#texture" },
        "south": { "uv": [ 0, 2, 3, 16 ], "texture": "#texture" },
        "west":  { "uv": [ 0, 2, 2, 16 ], "texture": "#texture" },
        "east":  { "uv": [ 14, 2, 16, 16 ], "texture": "#texture" }
    }
},
{
    "__comment": "Door Top",
    "from": [ 0, 14, 0 ],
    "to": [ 3, 16, 16 ],
    "faces": {
        "down":  { "uv": [ 16, 15, 0, 12 ], "rotation": 90, "texture": "#texture" },
        "up":    { "uv": [ 0, 0, 16, 3 ], "rotation": 90, "texture": "#texture" },
        "north": { "uv": [ 13, 0, 16, 2 ], "texture": "#texture" },
        "south": { "uv": [ 0, 0, 3, 2 ], "texture": "#texture" },
        "west":  { "uv": [ 0, 0, 16, 2 ], "texture": "#texture" },
        "east":  { "uv": [ 0, 0, 16, 2 ], "texture": "#texture" }
    }
},
{
    "__comment": "Door Top",
    "from": [ 1, 0, 2 ],
    "to": [ 2, 14, 14 ],
    "faces": {
        "west":  { "uv": [ 2, 2, 14, 16 ], "texture": "#texture" },
        "east":  { "uv": [ 2, 2, 14, 16 ], "texture": "#texture" }
    }
},
{
    "__comment": "Door Top",
    "from": [ 0, 0, 2 ],
    "to": [ 3, 1, 14 ],
    "faces": {
        "up":    { "uv": [ 2, 4, 14, 7 ], "rotation": 90, "texture": "#texture" },
        "west":  { "uv": [ 2, 15, 14, 16 ], "texture": "#texture" },
        "east":  { "uv": [ 2, 15, 14, 16 ], "texture": "#texture" }
    }
},
{
    "__comment": "Top Diag Horiz",
    "from": [ 0, -0.5, 2 ],
    "to": [ 1.5, 1, 14 ],
    "rotation": { "origin": [ 0, 1, 2 ], "axis": "z", "angle": 45 },
    "faces": {
        "up":    { "uv": [ 2, 14, 14, 15 ], "rotation": 90, "texture": "#texture" }
    }
},
{
    "__comment": "Top Diag Horiz",
    "from": [ 0.875, -0.5, 2 ],
    "to": [ 2.375, 1, 14 ],
    "rotation": { "origin": [ 0.875, 1, 2 ], "axis": "z", "angle": 45 },
    "faces": {
        "east":  { "uv": [ 2, 14, 14, 15 ], "texture": "#texture" }
    }
},
{
    "__comment": "Door Top",
    "from": [ 0, 1, 7 ],
    "to": [ 3, 14, 9 ],
    "faces": {
        "north": { "uv": [ 13, 2, 16, 15 ], "texture": "#texture" },
        "south": { "uv": [ 0, 2, 3, 15 ], "texture": "#texture" },
        "west":  { "uv": [ 7, 2, 9, 15 ], "texture": "#texture" },
        "east":  { "uv": [ 7, 2, 9, 15 ], "texture": "#texture" }
    }
},
{
    "__comment": "Top Diag Vert",
    "from": [ 0, 1, 7 ],
    "to": [ 1.5, 14, 8.5 ],
    "rotation": { "origin": [ 0, 1, 7 ], "axis": "y", "angle": 45 },
    "faces": {
        "north": { "uv": [ 6, 2, 7, 15 ], "texture": "#texture" }
    }
},
{
    "__comment": "Top Diag Vert",
    "from": [ 0.875, 1, 7 ],
    "to": [ 2.375, 14, 8.5 ],
    "rotation": { "origin": [ 0.875, 1, 7 ], "axis": "y", "angle": 45 },
    "faces": {
        "east":  { "uv": [ 9, 2, 10, 15 ], "texture": "#texture" }
    }
},
{
    "__comment": "Top Diag Vert",
    "from": [ 0, 1, 9 ],
    "to": [ 1.5, 14, 10.5 ],
    "rotation": { "origin": [ 0, 1, 9 ], "axis": "y", "angle": 45 },
    "faces": {
        "west":  { "uv": [ 9, 2, 10, 15 ], "texture": "#texture" }
    }
},
{
    "__comment": "Top Diag Vert",
    "from": [ 0.875, 1, 9 ],
    "to": [ 2.375, 14, 10.5 ],
    "rotation": { "origin": [ 0.875, 1, 9 ], "axis": "y", "angle": 45 },
    "faces": {
        "south": { "uv": [ 6, 2, 7, 15 ], "texture": "#texture" }
    }
}
]
}