{
"__comment": "Designed by Sibsib92 with BDcraft Cubik PRO 0.95 Beta - http://bdcraft.net",
"ambientocclusion": false,
"textures": {
    "particle": "blocks/daylight_detector_top",
    "texture": "blocks/daylight_detector_side",
    "on": "blocks/redstone_block",
    "off": "blocks/cauldron_inner"
},
"elements": [ 
{
    "__comment": "Redstone",
    "from": [ 5.75, -0.25, 8.75 ],
    "to": [ 6.25, 6.25, 9.25 ],
    "faces": {
        "down":  { "uv": [ 10.249, 9.249, 9.751, 8.751 ], "texture": "#off" },
        "up":    { "uv": [ 5.751, 8.751, 6.249, 9.249 ], "texture": "#off" },
        "north": { "uv": [ 9.751, 9.751, 10.249, 15.999 ], "texture": "#off" },
        "south": { "uv": [ 5.751, 9.751, 6.249, 15.999 ], "texture": "#off" },
        "west":  { "uv": [ 8.751, 9.751, 9.249, 15.999 ], "texture": "#off" },
        "east":  { "uv": [ 6.751, 9.751, 7.249, 15.999 ], "texture": "#off" }
    }
},
{
    "__comment": "Redstone",
    "from": [ 6.75, -0.25, 8.75 ],
    "to": [ 7.25, 6.25, 9.25 ],
    "faces": {
        "down":  { "uv": [ 9.249, 9.249, 8.751, 8.751 ], "texture": "#off" },
        "up":    { "uv": [ 6.751, 8.751, 7.249, 9.249 ], "texture": "#off" },
        "north": { "uv": [ 8.751, 9.751, 9.249, 15.999 ], "texture": "#off" },
        "south": { "uv": [ 6.751, 9.751, 7.249, 15.999 ], "texture": "#off" },
        "west":  { "uv": [ 8.751, 9.751, 9.249, 15.999 ], "texture": "#off" },
        "east":  { "uv": [ 6.751, 9.751, 7.249, 15.999 ], "texture": "#off" }
    }
},
{
    "__comment": "Redstone",
    "from": [ 7.75, -0.25, 8.75 ],
    "to": [ 8.25, 6.25, 9.25 ],
    "faces": {
        "down":  { "uv": [ 8.249, 9.249, 7.751, 8.751 ], "texture": "#off" },
        "up":    { "uv": [ 7.751, 8.751, 8.249, 9.249 ], "texture": "#off" },
        "north": { "uv": [ 7.751, 9.751, 8.249, 15.999 ], "texture": "#off" },
        "south": { "uv": [ 7.751, 9.751, 8.249, 15.999 ], "texture": "#off" },
        "west":  { "uv": [ 8.751, 9.751, 9.249, 15.999 ], "texture": "#off" },
        "east":  { "uv": [ 6.751, 9.751, 7.249, 15.999 ], "texture": "#off" }
    }
},
{
    "__comment": "Redstone",
    "from": [ 8.75, -0.25, 8.75 ],
    "to": [ 9.25, 6.25, 9.25 ],
    "faces": {
        "down":  { "uv": [ 7.249, 9.249, 6.751, 8.751 ], "texture": "#off" },
        "up":    { "uv": [ 8.751, 8.751, 9.249, 9.249 ], "texture": "#off" },
        "north": { "uv": [ 6.751, 9.751, 7.249, 15.999 ], "texture": "#off" },
        "south": { "uv": [ 8.751, 9.751, 9.249, 15.999 ], "texture": "#off" },
        "west":  { "uv": [ 8.751, 9.751, 9.249, 15.999 ], "texture": "#off" },
        "east":  { "uv": [ 6.751, 9.751, 7.249, 15.999 ], "texture": "#off" }
    }
},
{
    "__comment": "Redstone",
    "from": [ 9.75, -0.25, 8.75 ],
    "to": [ 10.25, 6.25, 9.25 ],
    "faces": {
        "down":  { "uv": [ 6.249, 9.249, 5.751, 8.751 ], "texture": "#off" },
        "up":    { "uv": [ 9.751, 8.751, 10.249, 9.249 ], "texture": "#off" },
        "north": { "uv": [ 5.751, 9.751, 6.249, 15.999 ], "texture": "#off" },
        "south": { "uv": [ 9.751, 9.751, 10.249, 15.999 ], "texture": "#off" },
        "west":  { "uv": [ 8.751, 9.751, 9.249, 15.999 ], "texture": "#off" },
        "east":  { "uv": [ 6.751, 9.751, 7.249, 15.999 ], "texture": "#off" }
    }
},
{
    "__comment": "Redstone",
    "from": [ 9.75, -0.25, 7.75 ],
    "to": [ 10.25, 6.25, 8.25 ],
    "faces": {
        "down":  { "uv": [ 6.249, 8.249, 5.751, 7.751 ], "texture": "#on" },
        "up":    { "uv": [ 9.751, 7.751, 10.249, 8.249 ], "texture": "#on" },
        "north": { "uv": [ 5.751, 9.751, 6.249, 15.999 ], "texture": "#on" },
        "south": { "uv": [ 9.751, 9.751, 10.249, 15.999 ], "texture": "#on" },
        "west":  { "uv": [ 7.751, 9.751, 8.249, 15.999 ], "texture": "#on" },
        "east":  { "uv": [ 7.751, 9.751, 8.249, 15.999 ], "texture": "#on" }
    }
},
{
    "__comment": "Redstone",
    "from": [ 8.75, -0.25, 7.75 ],
    "to": [ 9.25, 6.25, 8.25 ],
    "faces": {
        "down":  { "uv": [ 7.249, 8.249, 6.751, 7.751 ], "texture": "#on" },
        "up":    { "uv": [ 8.751, 7.751, 9.249, 8.249 ], "texture": "#on" },
        "north": { "uv": [ 6.751, 9.751, 7.249, 15.999 ], "texture": "#on" },
        "south": { "uv": [ 8.751, 9.751, 9.249, 15.999 ], "texture": "#on" },
        "west":  { "uv": [ 7.751, 9.751, 8.249, 15.999 ], "texture": "#on" },
        "east":  { "uv": [ 7.751, 9.751, 8.249, 15.999 ], "texture": "#on" }
    }
},
{
    "__comment": "Redstone",
    "from": [ 7.75, -0.25, 7.75 ],
    "to": [ 8.25, 6.25, 8.25 ],
    "faces": {
        "down":  { "uv": [ 8.249, 8.249, 7.751, 7.751 ], "texture": "#on" },
        "up":    { "uv": [ 7.751, 7.751, 8.249, 8.249 ], "texture": "#on" },
        "north": { "uv": [ 7.751, 9.751, 8.249, 15.999 ], "texture": "#on" },
        "south": { "uv": [ 7.751, 9.751, 8.249, 15.999 ], "texture": "#on" },
        "west":  { "uv": [ 7.751, 9.751, 8.249, 15.999 ], "texture": "#on" },
        "east":  { "uv": [ 7.751, 9.751, 8.249, 15.999 ], "texture": "#on" }
    }
},
{
    "__comment": "Redstone",
    "from": [ 6.75, -0.25, 7.75 ],
    "to": [ 7.25, 6.25, 8.25 ],
    "faces": {
        "down":  { "uv": [ 9.249, 8.249, 8.751, 7.751 ], "texture": "#on" },
        "up":    { "uv": [ 6.751, 7.751, 7.249, 8.249 ], "texture": "#on" },
        "north": { "uv": [ 8.751, 9.751, 9.249, 15.999 ], "texture": "#on" },
        "south": { "uv": [ 6.751, 9.751, 7.249, 15.999 ], "texture": "#on" },
        "west":  { "uv": [ 7.751, 9.751, 8.249, 15.999 ], "texture": "#on" },
        "east":  { "uv": [ 7.751, 9.751, 8.249, 15.999 ], "texture": "#on" }
    }
},
{
    "__comment": "Redstone",
    "from": [ 5.75, -0.25, 7.75 ],
    "to": [ 6.25, 6.25, 8.25 ],
    "faces": {
        "down":  { "uv": [ 10.249, 8.249, 9.751, 7.751 ], "texture": "#on" },
        "up":    { "uv": [ 5.751, 7.751, 6.249, 8.249 ], "texture": "#on" },
        "north": { "uv": [ 9.751, 9.751, 10.249, 15.999 ], "texture": "#on" },
        "south": { "uv": [ 5.751, 9.751, 6.249, 15.999 ], "texture": "#on" },
        "west":  { "uv": [ 7.751, 9.751, 8.249, 15.999 ], "texture": "#on" },
        "east":  { "uv": [ 7.751, 9.751, 8.249, 15.999 ], "texture": "#on" }
    }
},
{
    "__comment": "Redstone",
    "from": [ 5.75, -0.25, 6.75 ],
    "to": [ 6.25, 6.25, 7.25 ],
    "faces": {
        "down":  { "uv": [ 10.249, 7.249, 9.751, 6.751 ], "texture": "#on" },
        "up":    { "uv": [ 5.751, 6.751, 6.249, 7.249 ], "texture": "#on" },
        "north": { "uv": [ 9.751, 9.751, 10.249, 15.999 ], "texture": "#on" },
        "south": { "uv": [ 5.751, 9.751, 6.249, 15.999 ], "texture": "#on" },
        "west":  { "uv": [ 6.751, 9.751, 7.249, 15.999 ], "texture": "#on" },
        "east":  { "uv": [ 8.751, 9.751, 9.249, 15.999 ], "texture": "#on" }
    }
},
{
    "__comment": "Redstone",
    "from": [ 6.75, -0.25, 6.75 ],
    "to": [ 7.25, 6.25, 7.25 ],
    "faces": {
        "down":  { "uv": [ 9.249, 7.249, 8.751, 6.751 ], "texture": "#on" },
        "up":    { "uv": [ 6.751, 6.751, 7.249, 7.249 ], "texture": "#on" },
        "north": { "uv": [ 8.751, 9.751, 9.249, 15.999 ], "texture": "#on" },
        "south": { "uv": [ 6.751, 9.751, 7.249, 15.999 ], "texture": "#on" },
        "west":  { "uv": [ 6.751, 9.751, 7.249, 15.999 ], "texture": "#on" },
        "east":  { "uv": [ 8.751, 9.751, 9.249, 15.999 ], "texture": "#on" }
    }
},
{
    "__comment": "Redstone",
    "from": [ 7.75, -0.25, 6.75 ],
    "to": [ 8.25, 6.25, 7.25 ],
    "faces": {
        "down":  { "uv": [ 8.249, 7.249, 7.751, 6.751 ], "texture": "#on" },
        "up":    { "uv": [ 7.751, 6.751, 8.249, 7.249 ], "texture": "#on" },
        "north": { "uv": [ 7.751, 9.751, 8.249, 15.999 ], "texture": "#on" },
        "south": { "uv": [ 7.751, 9.751, 8.249, 15.999 ], "texture": "#on" },
        "west":  { "uv": [ 6.751, 9.751, 7.249, 15.999 ], "texture": "#on" },
        "east":  { "uv": [ 8.751, 9.751, 9.249, 15.999 ], "texture": "#on" }
    }
},
{
    "__comment": "Redstone",
    "from": [ 8.75, -0.25, 6.75 ],
    "to": [ 9.25, 6.25, 7.25 ],
    "faces": {
        "down":  { "uv": [ 7.249, 7.249, 6.751, 6.751 ], "texture": "#on" },
        "up":    { "uv": [ 8.751, 6.751, 9.249, 7.249 ], "texture": "#on" },
        "north": { "uv": [ 6.751, 9.751, 7.249, 15.999 ], "texture": "#on" },
        "south": { "uv": [ 8.751, 9.751, 9.249, 15.999 ], "texture": "#on" },
        "west":  { "uv": [ 6.751, 9.751, 7.249, 15.999 ], "texture": "#on" },
        "east":  { "uv": [ 8.751, 9.751, 9.249, 15.999 ], "texture": "#on" }
    }
},
{
    "__comment": "Redstone",
    "from": [ 9.75, -0.25, 6.75 ],
    "to": [ 10.25, 6.25, 7.25 ],
    "faces": {
        "down":  { "uv": [ 6.249, 7.249, 5.751, 6.751 ], "texture": "#on" },
        "up":    { "uv": [ 9.751, 6.751, 10.249, 7.249 ], "texture": "#on" },
        "north": { "uv": [ 5.751, 9.751, 6.249, 15.999 ], "texture": "#on" },
        "south": { "uv": [ 9.751, 9.751, 10.249, 15.999 ], "texture": "#on" },
        "west":  { "uv": [ 6.751, 9.751, 7.249, 15.999 ], "texture": "#on" },
        "east":  { "uv": [ 8.751, 9.751, 9.249, 15.999 ], "texture": "#on" }
    }
},
{
    "__comment": "Mid",
    "from": [ 6, 0, 6 ],
    "to": [ 10, 6, 10 ],
    "faces": {
        "down":  { "uv": [ 9.999, 9.999, 6.001, 6.001 ], "texture": "#texture" },
        "up":    { "uv": [ 6.001, 6.001, 9.999, 9.999 ], "texture": "#texture" }
    }
},
{
    "__comment": "Mid Cross",
    "from": [ 5, 0, 0 ],
    "to": [ 6, 6, 16 ],
    "faces": {
        "down":  { "uv": [ 10.999, 15.999, 10.001, 0.001 ], "texture": "#texture" },
        "up":    { "uv": [ 5.001, 0.001, 5.999, 15.999 ], "texture": "#texture" },
        "north": { "uv": [ 10.001, 10.001, 10.999, 15.999 ], "texture": "#texture" },
        "south": { "uv": [ 5.001, 10.001, 5.999, 15.999 ], "texture": "#texture" },
        "west":  { "uv": [ 0.001, 10.001, 15.999, 15.999 ], "texture": "#texture" },
        "east":  { "uv": [ 0.001, 10.001, 15.999, 15.999 ], "texture": "#texture" }
    }
},
{
    "__comment": "Mid Cross",
    "from": [ 10, 0, 0 ],
    "to": [ 11, 6, 16 ],
    "faces": {
        "down":  { "uv": [ 5.999, 15.999, 5.001, 0.001 ], "texture": "#texture" },
        "up":    { "uv": [ 10.001, 0.001, 10.999, 15.999 ], "texture": "#texture" },
        "north": { "uv": [ 5.001, 10.001, 5.999, 15.999 ], "texture": "#texture" },
        "south": { "uv": [ 10.001, 10.001, 10.999, 15.999 ], "texture": "#texture" },
        "west":  { "uv": [ 0.001, 10.001, 15.999, 15.999 ], "texture": "#texture" },
        "east":  { "uv": [ 0.001, 10.001, 15.999, 15.999 ], "texture": "#texture" }
    }
},
{
    "__comment": "Mid Cross",
    "from": [ 0, 0, 5 ],
    "to": [ 16, 6, 6 ],
    "faces": {
        "down":  { "uv": [ 15.999, 5.999, 0.001, 5.001 ], "texture": "#texture" },
        "up":    { "uv": [ 0.001, 5.001, 15.999, 5.999 ], "texture": "#texture" },
        "north": { "uv": [ 0.001, 10.001, 15.999, 15.999 ], "texture": "#texture" },
        "south": { "uv": [ 0.001, 10.001, 15.999, 15.999 ], "texture": "#texture" },
        "west":  { "uv": [ 5.001, 10.001, 5.999, 15.999 ], "texture": "#texture" },
        "east":  { "uv": [ 10.001, 10.001, 10.999, 15.999 ], "texture": "#texture" }
    }
},
{
    "__comment": "Mid Cross",
    "from": [ 0, 0, 10 ],
    "to": [ 16, 6, 11 ],
    "faces": {
        "down":  { "uv": [ 15.999, 10.999, 0.001, 10.001 ], "texture": "#texture" },
        "up":    { "uv": [ 0.001, 10.001, 15.999, 10.999 ], "texture": "#texture" },
        "north": { "uv": [ 0.001, 10.001, 15.999, 15.999 ], "texture": "#texture" },
        "south": { "uv": [ 0.001, 10.001, 15.999, 15.999 ], "texture": "#texture" },
        "west":  { "uv": [ 10.001, 10.001, 10.999, 15.999 ], "texture": "#texture" },
        "east":  { "uv": [ 5.001, 10.001, 5.999, 15.999 ], "texture": "#texture" }
    }
},
{
    "__comment": "MID",
    "from": [ 1, 0.5, 1 ],
    "to": [ 15, 5.5, 15 ],
    "faces": {
        "down":  { "uv": [ 14.999, 14.999, 1.001, 1.001 ], "texture": "#particle" },
        "up":    { "uv": [ 1.001, 1.001, 14.999, 14.999 ], "texture": "#particle" },
        "north": { "uv": [ 1.001, 10.501, 14.999, 15.499 ], "texture": "#particle" },
        "south": { "uv": [ 1.001, 10.501, 14.999, 15.499 ], "texture": "#particle" },
        "west":  { "uv": [ 1.001, 10.501, 14.999, 15.499 ], "texture": "#particle" },
        "east":  { "uv": [ 1.001, 10.501, 14.999, 15.499 ], "texture": "#particle" }
    }
},
{
    "__comment": "Frame",
    "from": [ 0, 5, 0 ],
    "to": [ 1, 6, 16 ],
    "faces": {
        "down":  { "uv": [ 15.999, 15.999, 15.001, 0.001 ], "texture": "#texture" },
        "up":    { "uv": [ 0.001, 0.001, 0.999, 15.999 ], "texture": "#texture" },
        "north": { "uv": [ 15.001, 10.001, 15.999, 10.999 ], "texture": "#texture" },
        "south": { "uv": [ 0.001, 10.001, 0.999, 10.999 ], "texture": "#texture" },
        "west":  { "uv": [ 0.001, 10.001, 15.999, 10.999 ], "texture": "#texture" },
        "east":  { "uv": [ 0.001, 10.001, 15.999, 10.999 ], "texture": "#texture" }
    }
},
{
    "__comment": "Frame",
    "from": [ 15, 5, 0 ],
    "to": [ 16, 6, 16 ],
    "faces": {
        "down":  { "uv": [ 0.999, 15.999, 0.001, 0.001 ], "texture": "#texture" },
        "up":    { "uv": [ 15.001, 0.001, 15.999, 15.999 ], "texture": "#texture" },
        "north": { "uv": [ 0.001, 10.001, 0.999, 10.999 ], "texture": "#texture" },
        "south": { "uv": [ 15.001, 10.001, 15.999, 10.999 ], "texture": "#texture" },
        "west":  { "uv": [ 0.001, 10.001, 15.999, 10.999 ], "texture": "#texture" },
        "east":  { "uv": [ 0.001, 10.001, 15.999, 10.999 ], "texture": "#texture" }
    }
},
{
    "__comment": "Frame",
    "from": [ 1, 5, 0 ],
    "to": [ 15, 6, 1 ],
    "faces": {
        "down":  { "uv": [ 14.999, 0.999, 1.001, 0.001 ], "texture": "#texture" },
        "up":    { "uv": [ 1.001, 0.001, 14.999, 0.999 ], "texture": "#texture" },
        "north": { "uv": [ 1.001, 10.001, 14.999, 10.999 ], "texture": "#texture" },
        "south": { "uv": [ 1.001, 10.001, 14.999, 10.999 ], "texture": "#texture" }
    }
},
{
    "__comment": "Frame",
    "from": [ 1, 5, 15 ],
    "to": [ 15, 6, 16 ],
    "faces": {
        "down":  { "uv": [ 14.999, 15.999, 1.001, 15.001 ], "texture": "#texture" },
        "up":    { "uv": [ 1.001, 15.001, 14.999, 15.999 ], "texture": "#texture" },
        "north": { "uv": [ 1.001, 10.001, 14.999, 10.999 ], "texture": "#texture" },
        "south": { "uv": [ 1.001, 10.001, 14.999, 10.999 ], "texture": "#texture" }
    }
},
{
    "__comment": "Frame",
    "from": [ 0, 0, 0 ],
    "to": [ 1, 1, 16 ],
    "faces": {
        "down":  { "uv": [ 15.999, 15.999, 15.001, 0.001 ], "texture": "#texture" },
        "up":    { "uv": [ 0.001, 0.001, 0.999, 15.999 ], "texture": "#texture" },
        "north": { "uv": [ 15.001, 15.001, 15.999, 15.999 ], "texture": "#texture" },
        "south": { "uv": [ 0.001, 15.001, 0.999, 15.999 ], "texture": "#texture" },
        "west":  { "uv": [ 0.001, 15.001, 15.999, 15.999 ], "texture": "#texture" },
        "east":  { "uv": [ 0.001, 15.001, 15.999, 15.999 ], "texture": "#texture" }
    }
},
{
    "__comment": "Frame",
    "from": [ 15, 0, 0 ],
    "to": [ 16, 1, 16 ],
    "faces": {
        "down":  { "uv": [ 0.999, 15.999, 0.001, 0.001 ], "texture": "#texture" },
        "up":    { "uv": [ 15.001, 0.001, 15.999, 15.999 ], "texture": "#texture" },
        "north": { "uv": [ 0.001, 15.001, 0.999, 15.999 ], "texture": "#texture" },
        "south": { "uv": [ 15.001, 15.001, 15.999, 15.999 ], "texture": "#texture" },
        "west":  { "uv": [ 0.001, 15.001, 15.999, 15.999 ], "texture": "#texture" },
        "east":  { "uv": [ 0.001, 15.001, 15.999, 15.999 ], "texture": "#texture" }
    }
},
{
    "__comment": "Frame",
    "from": [ 1, 0, 0 ],
    "to": [ 15, 1, 1 ],
    "faces": {
        "down":  { "uv": [ 14.999, 0.999, 1.001, 0.001 ], "texture": "#texture" },
        "up":    { "uv": [ 1.001, 0.001, 14.999, 0.999 ], "texture": "#texture" },
        "north": { "uv": [ 1.001, 15.001, 14.999, 15.999 ], "texture": "#texture" },
        "south": { "uv": [ 1.001, 15.001, 14.999, 15.999 ], "texture": "#texture" }
    }
},
{
    "__comment": "Frame",
    "from": [ 1, 0, 15 ],
    "to": [ 15, 1, 16 ],
    "faces": {
        "down":  { "uv": [ 14.999, 15.999, 1.001, 15.001 ], "texture": "#texture" },
        "up":    { "uv": [ 1.001, 15.001, 14.999, 15.999 ], "texture": "#texture" },
        "north": { "uv": [ 1.001, 15.001, 14.999, 15.999 ], "texture": "#texture" },
        "south": { "uv": [ 1.001, 15.001, 14.999, 15.999 ], "texture": "#texture" }
    }
}
]
}