{
"__comment": "Designed by Sibsib92 with BDcraft Cubik PRO 0.96 Beta - http://bdcraft.net",
"ambientocclusion": false,
"textures": {
    "particle": "blocks/rail_detector_powered",
    "texture": "blocks/planks_oak",
    "inner": "blocks/cauldron_inner",
    "outer": "blocks/iron_block",
    "stone": "blocks/stone",
    "redstone": "blocks/redstone_block"
},
"elements": [ 
{
    "__comment": "Wood",
    "from": [ 1, 0, 1 ],
    "to": [ 15, 1, 3 ],
    "faces": {
        "down":  { "uv": [ 1.001, 2.999, 14.999, 1.001 ], "texture": "#texture" },
        "up":    { "uv": [ 1.001, 1.001, 14.999, 2.999 ], "texture": "#texture" },
        "north": { "uv": [ 14.999, 1.001, 1.001, 1.999 ], "texture": "#texture" },
        "south": { "uv": [ 1.001, 2.001, 14.999, 2.999 ], "texture": "#texture" },
        "west":  { "uv": [ 1.001, 2.999, 1.999, 1.001 ], "rotation": 90, "texture": "#texture" },
        "east":  { "uv": [ 14.001, 1.001, 14.999, 2.999 ], "rotation": 90, "texture": "#texture" }
    }
},
{
    "__comment": "Wood",
    "from": [ 1, 0, 5 ],
    "to": [ 15, 1, 7 ],
    "faces": {
        "down":  { "uv": [ 1.001, 6.999, 14.999, 5.001 ], "texture": "#texture" },
        "up":    { "uv": [ 1.001, 5.001, 14.999, 6.999 ], "texture": "#texture" },
        "north": { "uv": [ 14.999, 5.001, 1.001, 5.999 ], "texture": "#texture" },
        "south": { "uv": [ 1.001, 6.001, 14.999, 6.999 ], "texture": "#texture" },
        "west":  { "uv": [ 1.001, 6.999, 1.999, 5.001 ], "rotation": 90, "texture": "#texture" },
        "east":  { "uv": [ 14.001, 5.001, 14.999, 6.999 ], "rotation": 90, "texture": "#texture" }
    }
},
{
    "__comment": "Wood",
    "from": [ 1, 0, 9 ],
    "to": [ 15, 1, 11 ],
    "faces": {
        "down":  { "uv": [ 1.001, 10.999, 14.999, 9.001 ], "texture": "#texture" },
        "up":    { "uv": [ 1.001, 9.001, 14.999, 10.999 ], "texture": "#texture" },
        "north": { "uv": [ 14.999, 9.001, 1.001, 9.999 ], "texture": "#texture" },
        "south": { "uv": [ 1.001, 10.001, 14.999, 10.999 ], "texture": "#texture" },
        "west":  { "uv": [ 1.001, 10.999, 1.999, 9.001 ], "rotation": 90, "texture": "#texture" },
        "east":  { "uv": [ 14.001, 9.001, 14.999, 10.999 ], "rotation": 90, "texture": "#texture" }
    }
},
{
    "__comment": "Wood",
    "from": [ 1, 0, 13 ],
    "to": [ 15, 1, 15 ],
    "faces": {
        "down":  { "uv": [ 1.001, 14.999, 14.999, 13.001 ], "texture": "#texture" },
        "up":    { "uv": [ 1.001, 13.001, 14.999, 14.999 ], "texture": "#texture" },
        "north": { "uv": [ 14.999, 13.001, 1.001, 13.999 ], "texture": "#texture" },
        "south": { "uv": [ 1.001, 14.001, 14.999, 14.999 ], "texture": "#texture" },
        "west":  { "uv": [ 1.001, 14.999, 1.999, 13.001 ], "rotation": 90, "texture": "#texture" },
        "east":  { "uv": [ 14.001, 13.001, 14.999, 14.999 ], "rotation": 90, "texture": "#texture" }
    }
},
{
    "__comment": "Inner",
    "from": [ 3, 0.5, 0 ],
    "to": [ 4, 1.5, 16 ],
    "faces": {
        "down":  { "uv": [ 0.999, 15.999, 0.001, 0.001 ], "texture": "#inner" },
        "up":    { "uv": [ 0.001, 0.001, 0.999, 15.999 ], "texture": "#inner" },
        "north": { "uv": [ 0.001, 0.001, 0.999, 0.999 ], "texture": "#inner" },
        "south": { "uv": [ 0.001, 15.001, 0.999, 15.999 ], "texture": "#inner" },
        "east":  { "uv": [ 0.001, 0.001, 0.999, 15.999 ], "rotation": 90, "texture": "#inner" }
    }
},
{
    "__comment": "Inner",
    "from": [ 12, 0.5, 0 ],
    "to": [ 13, 1.5, 16 ],
    "faces": {
        "down":  { "uv": [ 0.999, 15.999, 0.001, 0.001 ], "texture": "#inner" },
        "up":    { "uv": [ 0.001, 0.001, 0.999, 15.999 ], "texture": "#inner" },
        "north": { "uv": [ 0.001, 0.001, 0.999, 0.999 ], "texture": "#inner" },
        "south": { "uv": [ 0.001, 15.001, 0.999, 15.999 ], "texture": "#inner" },
        "west":  { "uv": [ 0.001, 15.999, 0.999, 0.001 ], "rotation": 90, "texture": "#inner" }
    }
},
{
    "__comment": "Outer",
    "from": [ 2, 0.5, 0 ],
    "to": [ 3, 2, 16 ],
    "faces": {
        "down":  { "uv": [ 15.999, 0.001, 0.001, 0.999 ], "rotation": 90, "texture": "#outer" },
        "up":    { "uv": [ 0.001, 0.001, 15.999, 0.999 ], "rotation": 90, "texture": "#outer" },
        "north": { "uv": [ 15.001, 0.001, 15.999, 0.999 ], "texture": "#outer" },
        "south": { "uv": [ 0.001, 0.001, 0.999, 0.999 ], "texture": "#outer" },
        "west":  { "uv": [ 0.001, 0.001, 15.999, 0.999 ], "texture": "#outer" },
        "east":  { "uv": [ 15.999, 0.001, 0.001, 0.999 ], "texture": "#outer" }
    }
},
{
    "__comment": "Outer",
    "from": [ 13, 0.5, 0 ],
    "to": [ 14, 2, 16 ],
    "faces": {
        "down":  { "uv": [ 15.999, 0.001, 0.001, 0.999 ], "rotation": 90, "texture": "#outer" },
        "up":    { "uv": [ 0.001, 0.001, 15.999, 0.999 ], "rotation": 90, "texture": "#outer" },
        "north": { "uv": [ 15.001, 0.001, 15.999, 0.999 ], "texture": "#outer" },
        "south": { "uv": [ 0.001, 0.001, 0.999, 0.999 ], "texture": "#outer" },
        "west":  { "uv": [ 0.001, 0.001, 15.999, 0.999 ], "texture": "#outer" },
        "east":  { "uv": [ 15.999, 0.001, 0.001, 0.999 ], "texture": "#outer" }
    }
},
{
    "__comment": "Redstone",
    "from": [ 5, 1, 5 ],
    "to": [ 11, 1.5, 11 ],
    "faces": {
        "down":  { "uv": [ 10.999, 10.999, 5.001, 5.001 ], "texture": "#redstone" },
        "up":    { "uv": [ 5.001, 5.001, 10.999, 10.999 ], "texture": "#redstone" },
        "north": { "uv": [ 5.001, 14.501, 10.999, 14.999 ], "texture": "#redstone" },
        "south": { "uv": [ 5.001, 14.501, 10.999, 14.999 ], "texture": "#redstone" },
        "west":  { "uv": [ 5.001, 14.501, 10.999, 14.999 ], "texture": "#redstone" },
        "east":  { "uv": [ 5.001, 14.501, 10.999, 14.999 ], "texture": "#redstone" }
    }
},
{
    "__comment": "Redstone",
    "from": [ 5, 0.5, 7 ],
    "to": [ 11, 1, 9 ],
    "faces": {
        "down":  { "uv": [ 10.999, 8.999, 5.001, 7.001 ], "texture": "#redstone" },
        "west":  { "uv": [ 7.001, 15.001, 8.999, 15.499 ], "texture": "#redstone" },
        "east":  { "uv": [ 7.001, 15.001, 8.999, 15.499 ], "texture": "#redstone" }
    }
},
{
    "__comment": "Stone",
    "from": [ 6, 1, 6 ],
    "to": [ 10, 2, 10 ],
    "faces": {
        "up":    { "uv": [ 6.001, 6.001, 9.999, 9.999 ], "texture": "#stone" },
        "north": { "uv": [ 6.001, 13.501, 9.999, 14.499 ], "texture": "#stone" },
        "south": { "uv": [ 6.001, 13.501, 9.999, 14.499 ], "texture": "#stone" },
        "west":  { "uv": [ 6.001, 13.501, 9.999, 14.499 ], "texture": "#stone" },
        "east":  { "uv": [ 6.001, 13.501, 9.999, 14.499 ], "texture": "#stone" }
    }
}
],
"display": {
    "thirdperson_righthand": {
        "rotation": [ 90, 0, 90 ],
        "translation": [ -4, -2, 0 ],
        "scale": [ 0.5, 0.5, 0.5 ]
    },
    "thirdperson_lefthand": {
        "rotation": [ 90, 0, 90 ],
        "translation": [ -4, -2, 0 ],
        "scale": [ 0.5, 0.5, 0.5 ]
    },
    "head": {
        "rotation": [ 0, 0, 0 ],
        "translation": [ 0, 14, 0 ],
        "scale": [ 1, 1, 1 ]
    },
    "ground": {
        "rotation": [ 0, 0, 0 ],
        "translation": [ 0, 3, 0 ],
        "scale": [ 0.5, 0.5, 0.5 ]
    },
    "fixed": {
        "rotation": [ -90, 0, 0 ],
        "translation": [ 0, 0, -5 ],
        "scale": [ 0.75, 0.75, 0.75 ]
    },
    "firstperson_righthand": {
        "rotation": [ 30, 0, 90 ],
        "translation": [ 1, 1, 0 ],
        "scale": [ 0.25, 0.25, 0.25 ]
    },
    "firstperson_lefthand": {
        "rotation": [ 30, 0, 90 ],
        "translation": [ 1, 1, 0 ],
        "scale": [ 0.25, 0.25, 0.25 ]
    },
    "gui": {
        "rotation": [ 30, 45, 0 ],
        "translation": [ 0, 4, 0 ],
        "scale": [ 0.8, 0.8, 0.8 ]
    }
}
}