{
"__comment": "Designed by Sibsib92 with BDcraft Cubik PRO 0.96 Beta - http://bdcraft.net",
"ambientocclusion": false,
"textures": {
    "particle": "blocks/dragon_egg"
},
"elements": [ 
{
    "__comment": "Top",
    "from": [ 6, 0, 7 ],
    "to": [ 10, 16, 9 ],
    "faces": {
        "down":  { "uv": [ 9.999, 8.999, 6.001, 7.001 ], "texture": "#particle" },
        "up":    { "uv": [ 6.001, 7.001, 9.999, 8.999 ], "texture": "#particle" },
        "north": { "uv": [ 6.001, 0.001, 9.999, 15.999 ], "texture": "#particle" },
        "south": { "uv": [ 6.001, 0.001, 9.999, 15.999 ], "texture": "#particle" },
        "west":  { "uv": [ 7.001, 0.001, 8.999, 15.999 ], "texture": "#particle" },
        "east":  { "uv": [ 7.001, 0.001, 8.999, 15.999 ], "texture": "#particle" }
    }
},
{
    "__comment": "Top",
    "from": [ 7, 0, 6 ],
    "to": [ 9, 16, 10 ],
    "faces": {
        "down":  { "uv": [ 8.999, 9.999, 7.001, 6.001 ], "texture": "#particle" },
        "up":    { "uv": [ 7.001, 6.001, 8.999, 9.999 ], "texture": "#particle" },
        "north": { "uv": [ 7.001, 0.001, 8.999, 15.999 ], "texture": "#particle" },
        "south": { "uv": [ 7.001, 0.001, 8.999, 15.999 ], "texture": "#particle" },
        "west":  { "uv": [ 6.001, 0.001, 9.999, 15.999 ], "texture": "#particle" },
        "east":  { "uv": [ 6.001, 0.001, 9.999, 15.999 ], "texture": "#particle" }
    }
},
{
    "__comment": "Mid",
    "from": [ 3, 1, 7 ],
    "to": [ 13, 13, 9 ],
    "faces": {
        "down":  { "uv": [ 12.999, 8.999, 3.001, 7.001 ], "texture": "#particle" },
        "up":    { "uv": [ 3.001, 7.001, 12.999, 8.999 ], "texture": "#particle" },
        "north": { "uv": [ 3.001, 3.001, 12.999, 14.999 ], "texture": "#particle" },
        "south": { "uv": [ 3.001, 3.001, 12.999, 14.999 ], "texture": "#particle" },
        "west":  { "uv": [ 7.001, 3.001, 8.999, 14.999 ], "texture": "#particle" },
        "east":  { "uv": [ 7.001, 3.001, 8.999, 14.999 ], "texture": "#particle" }
    }
},
{
    "__comment": "Mid",
    "from": [ 7, 1, 3 ],
    "to": [ 9, 13, 13 ],
    "faces": {
        "down":  { "uv": [ 8.999, 12.999, 7.001, 3.001 ], "texture": "#particle" },
        "up":    { "uv": [ 7.001, 3.001, 8.999, 12.999 ], "texture": "#particle" },
        "north": { "uv": [ 7.001, 3.001, 8.999, 14.999 ], "texture": "#particle" },
        "south": { "uv": [ 7.001, 3.001, 8.999, 14.999 ], "texture": "#particle" },
        "west":  { "uv": [ 3.001, 3.001, 12.999, 14.999 ], "texture": "#particle" },
        "east":  { "uv": [ 3.001, 3.001, 12.999, 14.999 ], "texture": "#particle" }
    }
},
{
    "__comment": "Mid",
    "from": [ 4, 1, 4 ],
    "to": [ 12, 13, 12 ],
    "faces": {
        "down":  { "uv": [ 11.999, 11.999, 4.001, 4.001 ], "texture": "#particle" },
        "up":    { "uv": [ 4.001, 4.001, 11.999, 11.999 ], "texture": "#particle" },
        "north": { "uv": [ 4.001, 3.001, 11.999, 14.999 ], "texture": "#particle" },
        "south": { "uv": [ 4.001, 3.001, 11.999, 14.999 ], "texture": "#particle" },
        "west":  { "uv": [ 4.001, 3.001, 11.999, 14.999 ], "texture": "#particle" },
        "east":  { "uv": [ 4.001, 3.001, 11.999, 14.999 ], "texture": "#particle" }
    }
},
{
    "__comment": "Side",
    "from": [ 2, 2, 7 ],
    "to": [ 14, 11, 9 ],
    "faces": {
        "down":  { "uv": [ 13.999, 8.999, 2.001, 7.001 ], "texture": "#particle" },
        "up":    { "uv": [ 2.001, 7.001, 13.999, 8.999 ], "texture": "#particle" },
        "north": { "uv": [ 2.001, 5.001, 13.999, 13.999 ], "texture": "#particle" },
        "south": { "uv": [ 2.001, 5.001, 13.999, 13.999 ], "texture": "#particle" },
        "west":  { "uv": [ 7.001, 5.001, 8.999, 13.999 ], "texture": "#particle" },
        "east":  { "uv": [ 7.001, 5.001, 8.999, 13.999 ], "texture": "#particle" }
    }
},
{
    "__comment": "Side",
    "from": [ 7, 2, 2 ],
    "to": [ 9, 11, 14 ],
    "faces": {
        "down":  { "uv": [ 8.999, 13.999, 7.001, 2.001 ], "texture": "#particle" },
        "up":    { "uv": [ 7.001, 2.001, 8.999, 13.999 ], "texture": "#particle" },
        "north": { "uv": [ 7.001, 5.001, 8.999, 13.999 ], "texture": "#particle" },
        "south": { "uv": [ 7.001, 5.001, 8.999, 13.999 ], "texture": "#particle" },
        "west":  { "uv": [ 2.001, 5.001, 13.999, 13.999 ], "texture": "#particle" },
        "east":  { "uv": [ 2.001, 5.001, 13.999, 13.999 ], "texture": "#particle" }
    }
},
{
    "__comment": "Side",
    "from": [ 3, 2, 4 ],
    "to": [ 13, 11, 12 ],
    "faces": {
        "down":  { "uv": [ 12.999, 11.999, 3.001, 4.001 ], "texture": "#particle" },
        "up":    { "uv": [ 3.001, 4.001, 12.999, 11.999 ], "texture": "#particle" },
        "north": { "uv": [ 3.001, 5.001, 12.999, 13.999 ], "texture": "#particle" },
        "south": { "uv": [ 3.001, 5.001, 12.999, 13.999 ], "texture": "#particle" },
        "west":  { "uv": [ 4.001, 5.001, 11.999, 13.999 ], "texture": "#particle" },
        "east":  { "uv": [ 4.001, 5.001, 11.999, 13.999 ], "texture": "#particle" }
    }
},
{
    "__comment": "Side",
    "from": [ 4, 2, 3 ],
    "to": [ 12, 11, 13 ],
    "faces": {
        "down":  { "uv": [ 11.999, 12.999, 4.001, 3.001 ], "texture": "#particle" },
        "up":    { "uv": [ 4.001, 3.001, 11.999, 12.999 ], "texture": "#particle" },
        "north": { "uv": [ 4.001, 5.001, 11.999, 13.999 ], "texture": "#particle" },
        "south": { "uv": [ 4.001, 5.001, 11.999, 13.999 ], "texture": "#particle" },
        "west":  { "uv": [ 3.001, 5.001, 12.999, 13.999 ], "texture": "#particle" },
        "east":  { "uv": [ 3.001, 5.001, 12.999, 13.999 ], "texture": "#particle" }
    }
},
{
    "__comment": "Ring",
    "from": [ 1, 4, 7 ],
    "to": [ 15, 8, 9 ],
    "faces": {
        "down":  { "uv": [ 14.999, 8.999, 1.001, 7.001 ], "texture": "#particle" },
        "up":    { "uv": [ 1.001, 7.001, 14.999, 8.999 ], "texture": "#particle" },
        "north": { "uv": [ 1.001, 8.001, 14.999, 11.999 ], "texture": "#particle" },
        "south": { "uv": [ 1.001, 8.001, 14.999, 11.999 ], "texture": "#particle" },
        "west":  { "uv": [ 7.001, 8.001, 8.999, 11.999 ], "texture": "#particle" },
        "east":  { "uv": [ 7.001, 8.001, 8.999, 11.999 ], "texture": "#particle" }
    }
},
{
    "__comment": "Ring",
    "from": [ 7, 4, 1 ],
    "to": [ 9, 8, 15 ],
    "faces": {
        "down":  { "uv": [ 8.999, 14.999, 7.001, 1.001 ], "texture": "#particle" },
        "up":    { "uv": [ 7.001, 1.001, 8.999, 14.999 ], "texture": "#particle" },
        "north": { "uv": [ 7.001, 8.001, 8.999, 11.999 ], "texture": "#particle" },
        "south": { "uv": [ 7.001, 8.001, 8.999, 11.999 ], "texture": "#particle" },
        "west":  { "uv": [ 1.001, 8.001, 14.999, 11.999 ], "texture": "#particle" },
        "east":  { "uv": [ 1.001, 8.001, 14.999, 11.999 ], "texture": "#particle" }
    }
},
{
    "__comment": "Ring",
    "from": [ 3, 4, 3 ],
    "to": [ 13, 8, 13 ],
    "faces": {
        "down":  { "uv": [ 12.999, 12.999, 3.001, 3.001 ], "texture": "#particle" },
        "up":    { "uv": [ 3.001, 3.001, 12.999, 12.999 ], "texture": "#particle" },
        "north": { "uv": [ 3.001, 8.001, 12.999, 11.999 ], "texture": "#particle" },
        "south": { "uv": [ 3.001, 8.001, 12.999, 11.999 ], "texture": "#particle" },
        "west":  { "uv": [ 3.001, 8.001, 12.999, 11.999 ], "texture": "#particle" },
        "east":  { "uv": [ 3.001, 8.001, 12.999, 11.999 ], "texture": "#particle" }
    }
},
{
    "__comment": "Ring",
    "from": [ 5, 4, 2 ],
    "to": [ 11, 8, 14 ],
    "faces": {
        "down":  { "uv": [ 10.999, 13.999, 5.001, 2.001 ], "texture": "#particle" },
        "up":    { "uv": [ 5.001, 2.001, 10.999, 13.999 ], "texture": "#particle" },
        "north": { "uv": [ 5.001, 8.001, 10.999, 11.999 ], "texture": "#particle" },
        "south": { "uv": [ 5.001, 8.001, 10.999, 11.999 ], "texture": "#particle" },
        "west":  { "uv": [ 2.001, 8.001, 13.999, 11.999 ], "texture": "#particle" },
        "east":  { "uv": [ 2.001, 8.001, 13.999, 11.999 ], "texture": "#particle" }
    }
},
{
    "__comment": "Ring",
    "from": [ 2, 4, 5 ],
    "to": [ 14, 8, 11 ],
    "faces": {
        "down":  { "uv": [ 13.999, 10.999, 2.001, 5.001 ], "texture": "#particle" },
        "up":    { "uv": [ 2.001, 5.001, 13.999, 10.999 ], "texture": "#particle" },
        "north": { "uv": [ 2.001, 8.001, 13.999, 11.999 ], "texture": "#particle" },
        "south": { "uv": [ 2.001, 8.001, 13.999, 11.999 ], "texture": "#particle" },
        "west":  { "uv": [ 5.001, 8.001, 10.999, 11.999 ], "texture": "#particle" },
        "east":  { "uv": [ 5.001, 8.001, 10.999, 11.999 ], "texture": "#particle" }
    }
},
{
    "__comment": "Top",
    "from": [ 6, 14, 5 ],
    "to": [ 10, 15, 11 ],
    "faces": {
        "up":    { "uv": [ 6.001, 5.001, 9.999, 10.999 ], "texture": "#particle" },
        "north": { "uv": [ 6.001, 1.001, 9.999, 1.999 ], "texture": "#particle" },
        "south": { "uv": [ 6.001, 1.001, 9.999, 1.999 ], "texture": "#particle" },
        "west":  { "uv": [ 5.001, 1.001, 10.999, 1.999 ], "texture": "#particle" },
        "east":  { "uv": [ 5.001, 1.001, 10.999, 1.999 ], "texture": "#particle" }
    }
},
{
    "__comment": "Top",
    "from": [ 5, 14, 6 ],
    "to": [ 11, 15, 10 ],
    "faces": {
        "up":    { "uv": [ 5.001, 6.001, 10.999, 9.999 ], "texture": "#particle" },
        "north": { "uv": [ 5.001, 1.001, 10.999, 1.999 ], "texture": "#particle" },
        "south": { "uv": [ 5.001, 1.001, 10.999, 1.999 ], "texture": "#particle" },
        "west":  { "uv": [ 6.001, 1.001, 9.999, 1.999 ], "texture": "#particle" },
        "east":  { "uv": [ 6.001, 1.001, 9.999, 1.999 ], "texture": "#particle" }
    }
},
{
    "__comment": "Top",
    "from": [ 6, 13, 4 ],
    "to": [ 10, 14, 12 ],
    "faces": {
        "up":    { "uv": [ 6.001, 4.001, 9.999, 11.999 ], "texture": "#particle" },
        "north": { "uv": [ 6.001, 2.001, 9.999, 2.999 ], "texture": "#particle" },
        "south": { "uv": [ 6.001, 2.001, 9.999, 2.999 ], "texture": "#particle" },
        "west":  { "uv": [ 4.001, 2.001, 11.999, 2.999 ], "texture": "#particle" },
        "east":  { "uv": [ 4.001, 2.001, 11.999, 2.999 ], "texture": "#particle" }
    }
},
{
    "__comment": "Top",
    "from": [ 4, 13, 6 ],
    "to": [ 12, 14, 10 ],
    "faces": {
        "up":    { "uv": [ 4.001, 6.001, 11.999, 9.999 ], "texture": "#particle" },
        "north": { "uv": [ 4.001, 2.001, 11.999, 2.999 ], "texture": "#particle" },
        "south": { "uv": [ 4.001, 2.001, 11.999, 2.999 ], "texture": "#particle" },
        "west":  { "uv": [ 6.001, 2.001, 9.999, 2.999 ], "texture": "#particle" },
        "east":  { "uv": [ 6.001, 2.001, 9.999, 2.999 ], "texture": "#particle" }
    }
},
{
    "__comment": "Top",
    "from": [ 5, 13, 5 ],
    "to": [ 11, 14, 11 ],
    "faces": {
        "up":    { "uv": [ 5.001, 5.001, 10.999, 10.999 ], "texture": "#particle" },
        "north": { "uv": [ 5.001, 2.001, 10.999, 2.999 ], "texture": "#particle" },
        "south": { "uv": [ 5.001, 2.001, 10.999, 2.999 ], "texture": "#particle" },
        "west":  { "uv": [ 5.001, 2.001, 10.999, 2.999 ], "texture": "#particle" },
        "east":  { "uv": [ 5.001, 2.001, 10.999, 2.999 ], "texture": "#particle" }
    }
}
],
"display": {
    "thirdperson_righthand": {
        "rotation": [ 30, 0, 0 ],
        "translation": [ 0, 0, 0 ],
        "scale": [ 0.4, 0.4, 0.4 ]
    },
    "thirdperson_lefthand": {
        "rotation": [ 30, 0, 0 ],
        "translation": [ 0, 0, 0 ],
        "scale": [ 0.4, 0.4, 0.4 ]
    },
    "head": {
        "rotation": [ 0, 0, 0 ],
        "translation": [ 0, 10, 0 ],
        "scale": [ 0.75, 0.75, 0.75 ]
    },
    "ground": {
        "rotation": [ 0, 0, 0 ],
        "translation": [ 0, 1.5, 0 ],
        "scale": [ 0.5, 0.5, 0.5 ]
    },
    "fixed": {
        "rotation": [ 0, 0, 0 ],
        "translation": [ 0, -0.5, 0 ],
        "scale": [ 1, 1, 1 ]
    },
    "firstperson_righthand": {
        "rotation": [ -15, 15, 0 ],
        "translation": [ 1, 0, -1 ],
        "scale": [ 0.5, 0.5, 0.5 ]
    },
    "firstperson_lefthand": {
        "rotation": [ -15, 15, 0 ],
        "translation": [ 1, 0, -1 ],
        "scale": [ 0.5, 0.5, 0.5 ]
    },
    "gui": {
        "rotation": [ 15, 30, 0 ],
        "translation": [ 0, -0.5, 0 ],
        "scale": [ 1, 1, 1 ]
    }
}
}