{
"__comment": "Designed by Sibsib92 with BDcraft Cubik PRO 0.96 Beta - http://bdcraft.net",
"ambientocclusion": false,
"textures": {
    "particle": "blocks/dropper_front_vertical",
    "texture": "blocks/cauldron_inner",
    "cobblestone": "blocks/cobblestone",
    "stone": "blocks/stone_slab_top"
},
"elements": [ 
{
    "__comment": "Frame",
    "from": [ 15, 15, 0 ],
    "to": [ 16, 16, 16 ],
    "faces": {
        "down":  { "uv": [ 1, 16, 0, 0 ], "texture": "#texture" },
        "up":    { "uv": [ 15, 0, 16, 16 ], "texture": "#texture" },
        "west":  { "uv": [ 0, 0, 16, 1 ], "texture": "#texture" },
        "east":  { "uv": [ 0, 0, 16, 1 ], "texture": "#texture" }
    }
},
{
    "__comment": "Frame",
    "from": [ 0, 15, 0 ],
    "to": [ 1, 16, 16 ],
    "faces": {
        "down":  { "uv": [ 16, 16, 15, 0 ], "texture": "#texture" },
        "up":    { "uv": [ 0, 0, 1, 16 ], "texture": "#texture" },
        "west":  { "uv": [ 0, 0, 16, 1 ], "texture": "#texture" },
        "east":  { "uv": [ 0, 0, 16, 1 ], "texture": "#texture" }
    }
},
{
    "__comment": "Frame",
    "from": [ 0, 15, 0 ],
    "to": [ 16, 16, 1 ],
    "faces": {
        "down":  { "uv": [ 16, 1, 0, 0 ], "texture": "#texture" },
        "up":    { "uv": [ 0, 0, 16, 1 ], "texture": "#texture" },
        "north": { "uv": [ 0, 0, 16, 1 ], "texture": "#texture" },
        "south": { "uv": [ 0, 0, 16, 1 ], "texture": "#texture" }
    }
},
{
    "__comment": "Frame",
    "from": [ 0, 15, 15 ],
    "to": [ 16, 16, 16 ],
    "faces": {
        "down":  { "uv": [ 16, 16, 0, 15 ], "texture": "#texture" },
        "up":    { "uv": [ 0, 15, 16, 16 ], "texture": "#texture" },
        "north": { "uv": [ 0, 0, 16, 1 ], "texture": "#texture" },
        "south": { "uv": [ 0, 0, 16, 1 ], "texture": "#texture" }
    }
},
{
    "__comment": "Frame",
    "from": [ 15, 1, 0 ],
    "to": [ 16, 15, 1 ],
    "faces": {
        "north": { "uv": [ 0, 1, 1, 15 ], "texture": "#texture" },
        "south": { "uv": [ 15, 1, 16, 15 ], "texture": "#texture" },
        "west":  { "uv": [ 0, 1, 1, 15 ], "texture": "#texture" },
        "east":  { "uv": [ 15, 1, 16, 15 ], "texture": "#texture" }
    }
},
{
    "__comment": "Frame",
    "from": [ 0, 1, 15 ],
    "to": [ 1, 15, 16 ],
    "faces": {
        "north": { "uv": [ 15, 1, 16, 15 ], "texture": "#texture" },
        "south": { "uv": [ 0, 1, 1, 15 ], "texture": "#texture" },
        "west":  { "uv": [ 15, 1, 16, 15 ], "texture": "#texture" },
        "east":  { "uv": [ 0, 1, 1, 15 ], "texture": "#texture" }
    }
},
{
    "__comment": "Frame",
    "from": [ 0, 1, 0 ],
    "to": [ 1, 15, 1 ],
    "faces": {
        "north": { "uv": [ 15, 1, 16, 15 ], "texture": "#texture" },
        "south": { "uv": [ 0, 1, 1, 15 ], "texture": "#texture" },
        "west":  { "uv": [ 0, 1, 1, 15 ], "texture": "#texture" },
        "east":  { "uv": [ 15, 1, 16, 15 ], "texture": "#texture" }
    }
},
{
    "__comment": "Frame",
    "from": [ 15, 1, 15 ],
    "to": [ 16, 15, 16 ],
    "faces": {
        "north": { "uv": [ 0, 1, 1, 15 ], "texture": "#texture" },
        "south": { "uv": [ 15, 1, 16, 15 ], "texture": "#texture" },
        "west":  { "uv": [ 15, 1, 16, 15 ], "texture": "#texture" },
        "east":  { "uv": [ 0, 1, 1, 15 ], "texture": "#texture" }
    }
},
{
    "__comment": "Frame",
    "from": [ 15, 0, 0 ],
    "to": [ 16, 1, 16 ],
    "faces": {
        "down":  { "uv": [ 1, 16, 0, 0 ], "texture": "#texture" },
        "up":    { "uv": [ 15, 0, 16, 16 ], "texture": "#texture" },
        "west":  { "uv": [ 0, 15, 16, 16 ], "texture": "#texture" },
        "east":  { "uv": [ 0, 15, 16, 16 ], "texture": "#texture" }
    }
},
{
    "__comment": "Frame",
    "from": [ 0, 0, 0 ],
    "to": [ 1, 1, 16 ],
    "faces": {
        "down":  { "uv": [ 16, 16, 15, 0 ], "texture": "#texture" },
        "up":    { "uv": [ 0, 0, 1, 16 ], "texture": "#texture" },
        "west":  { "uv": [ 0, 15, 16, 16 ], "texture": "#texture" },
        "east":  { "uv": [ 0, 15, 16, 16 ], "texture": "#texture" }
    }
},
{
    "__comment": "Frame",
    "from": [ 0, 0, 15 ],
    "to": [ 16, 1, 16 ],
    "faces": {
        "down":  { "uv": [ 16, 16, 0, 15 ], "texture": "#texture" },
        "up":    { "uv": [ 0, 15, 16, 16 ], "texture": "#texture" },
        "north": { "uv": [ 0, 15, 16, 16 ], "texture": "#texture" },
        "south": { "uv": [ 0, 15, 16, 16 ], "texture": "#texture" }
    }
},
{
    "__comment": "Frame",
    "from": [ 0, 0, 0 ],
    "to": [ 16, 1, 1 ],
    "faces": {
        "down":  { "uv": [ 16, 1, 0, 0 ], "texture": "#texture" },
        "up":    { "uv": [ 0, 0, 16, 1 ], "texture": "#texture" },
        "north": { "uv": [ 0, 15, 16, 16 ], "texture": "#texture" },
        "south": { "uv": [ 0, 15, 16, 16 ], "texture": "#texture" }
    }
},
{
    "__comment": "Stone",
    "from": [ 0.5, 0.5, 0.5 ],
    "to": [ 15.5, 7, 15.5 ],
    "faces": {
        "down":  { "uv": [ 15.5, 15.5, 0.5, 0.5 ], "texture": "#stone" },
        "up":    { "uv": [ 0.5, 0.5, 15.5, 15.5 ], "texture": "#stone" },
        "north": { "uv": [ 0.5, 9, 15.5, 15.5 ], "texture": "#stone" },
        "south": { "uv": [ 0.5, 9, 15.5, 15.5 ], "texture": "#stone" },
        "west":  { "uv": [ 0.5, 9, 15.5, 15.5 ], "texture": "#stone" },
        "east":  { "uv": [ 0.5, 9, 15.5, 15.5 ], "texture": "#stone" }
    }
},
{
    "__comment": "Cobblestone",
    "from": [ 1, 7, 1 ],
    "to": [ 15, 15, 15 ],
    "faces": {
        "north": { "uv": [ 15, 1, 1, 9 ], "texture": "#cobblestone" },
        "south": { "uv": [ 1, 1, 15, 9 ], "texture": "#cobblestone" },
        "west":  { "uv": [ 1, 1, 15, 9 ], "texture": "#cobblestone" },
        "east":  { "uv": [ 15, 1, 1, 9 ], "texture": "#cobblestone" }
    }
},
{
    "__comment": "Cobblestone",
    "from": [ 11, 7, 1 ],
    "to": [ 15, 15, 15 ],
    "faces": {
        "up":    { "uv": [ 11, 1, 15, 15 ], "texture": "#cobblestone" },
        "west":  { "uv": [ 1, 1, 15, 9 ], "texture": "#stone" }
    }
},
{
    "__comment": "Cobblestone",
    "from": [ 1, 7, 1 ],
    "to": [ 5, 15, 15 ],
    "faces": {
        "up":    { "uv": [ 1, 1, 5, 15 ], "texture": "#cobblestone" },
        "east":  { "uv": [ 15, 1, 1, 9 ], "texture": "#stone" }
    }
},
{
    "__comment": "Cobblestone",
    "from": [ 5, 7, 1 ],
    "to": [ 11, 15, 6 ],
    "faces": {
        "up":    { "uv": [ 5, 1, 11, 6 ], "texture": "#cobblestone" },
        "south": { "uv": [ 5, 1, 11, 9 ], "texture": "#stone" }
    }
},
{
    "__comment": "Cobblestone",
    "from": [ 5, 7, 10 ],
    "to": [ 11, 15, 15 ],
    "faces": {
        "up":    { "uv": [ 5, 10, 11, 15 ], "texture": "#cobblestone" },
        "north": { "uv": [ 11, 1, 5, 9 ], "texture": "#stone" }
    }
}
]
}