{
"__comment": "Designed by Sibsib92 with BDcraft Cubik PRO 0.96 Beta - http://bdcraft.net",
"ambientocclusion": false,
"textures": {
    "particle": "blocks/dropper_front_horizontal",
    "texture": "blocks/cauldron_inner",
    "cobblestone": "blocks/cobblestone",
    "stone": "blocks/stone_slab_top"
},
"elements": [ 
{
    "__comment": "Frame",
    "from": [ 15, 15, 0 ],
    "to": [ 16, 16, 16 ],
    "faces": {
        "down":  { "uv": [ 1, 16, 0, 0 ], "texture": "#texture" },
        "up":    { "uv": [ 15, 0, 16, 16 ], "texture": "#texture" },
        "west":  { "uv": [ 0, 0, 16, 1 ], "texture": "#texture" },
        "east":  { "uv": [ 0, 0, 16, 1 ], "texture": "#texture" }
    }
},
{
    "__comment": "Frame",
    "from": [ 0, 15, 0 ],
    "to": [ 1, 16, 16 ],
    "faces": {
        "down":  { "uv": [ 16, 16, 15, 0 ], "texture": "#texture" },
        "up":    { "uv": [ 0, 0, 1, 16 ], "texture": "#texture" },
        "west":  { "uv": [ 0, 0, 16, 1 ], "texture": "#texture" },
        "east":  { "uv": [ 0, 0, 16, 1 ], "texture": "#texture" }
    }
},
{
    "__comment": "Frame",
    "from": [ 0, 15, 0 ],
    "to": [ 16, 16, 1 ],
    "faces": {
        "down":  { "uv": [ 16, 1, 0, 0 ], "texture": "#texture" },
        "up":    { "uv": [ 0, 0, 16, 1 ], "texture": "#texture" },
        "north": { "uv": [ 0, 0, 16, 1 ], "texture": "#texture" },
        "south": { "uv": [ 0, 0, 16, 1 ], "texture": "#texture" }
    }
},
{
    "__comment": "Frame",
    "from": [ 0, 15, 15 ],
    "to": [ 16, 16, 16 ],
    "faces": {
        "down":  { "uv": [ 16, 16, 0, 15 ], "texture": "#texture" },
        "up":    { "uv": [ 0, 15, 16, 16 ], "texture": "#texture" },
        "north": { "uv": [ 0, 0, 16, 1 ], "texture": "#texture" },
        "south": { "uv": [ 0, 0, 16, 1 ], "texture": "#texture" }
    }
},
{
    "__comment": "Frame",
    "from": [ 15, 1, 0 ],
    "to": [ 16, 15, 1 ],
    "faces": {
        "north": { "uv": [ 0, 1, 1, 15 ], "texture": "#texture" },
        "south": { "uv": [ 15, 1, 16, 15 ], "texture": "#texture" },
        "west":  { "uv": [ 0, 1, 1, 15 ], "texture": "#texture" },
        "east":  { "uv": [ 15, 1, 16, 15 ], "texture": "#texture" }
    }
},
{
    "__comment": "Frame",
    "from": [ 0, 1, 15 ],
    "to": [ 1, 15, 16 ],
    "faces": {
        "north": { "uv": [ 15, 1, 16, 15 ], "texture": "#texture" },
        "south": { "uv": [ 0, 1, 1, 15 ], "texture": "#texture" },
        "west":  { "uv": [ 15, 1, 16, 15 ], "texture": "#texture" },
        "east":  { "uv": [ 0, 1, 1, 15 ], "texture": "#texture" }
    }
},
{
    "__comment": "Frame",
    "from": [ 0, 1, 0 ],
    "to": [ 1, 15, 1 ],
    "faces": {
        "north": { "uv": [ 15, 1, 16, 15 ], "texture": "#texture" },
        "south": { "uv": [ 0, 1, 1, 15 ], "texture": "#texture" },
        "west":  { "uv": [ 0, 1, 1, 15 ], "texture": "#texture" },
        "east":  { "uv": [ 15, 1, 16, 15 ], "texture": "#texture" }
    }
},
{
    "__comment": "Frame",
    "from": [ 15, 1, 15 ],
    "to": [ 16, 15, 16 ],
    "faces": {
        "north": { "uv": [ 0, 1, 1, 15 ], "texture": "#texture" },
        "south": { "uv": [ 15, 1, 16, 15 ], "texture": "#texture" },
        "west":  { "uv": [ 15, 1, 16, 15 ], "texture": "#texture" },
        "east":  { "uv": [ 0, 1, 1, 15 ], "texture": "#texture" }
    }
},
{
    "__comment": "Frame",
    "from": [ 15, 0, 0 ],
    "to": [ 16, 1, 16 ],
    "faces": {
        "down":  { "uv": [ 1, 16, 0, 0 ], "texture": "#texture" },
        "up":    { "uv": [ 15, 0, 16, 16 ], "texture": "#texture" },
        "west":  { "uv": [ 0, 15, 16, 16 ], "texture": "#texture" },
        "east":  { "uv": [ 0, 15, 16, 16 ], "texture": "#texture" }
    }
},
{
    "__comment": "Frame",
    "from": [ 0, 0, 0 ],
    "to": [ 1, 1, 16 ],
    "faces": {
        "down":  { "uv": [ 16, 16, 15, 0 ], "texture": "#texture" },
        "up":    { "uv": [ 0, 0, 1, 16 ], "texture": "#texture" },
        "west":  { "uv": [ 0, 15, 16, 16 ], "texture": "#texture" },
        "east":  { "uv": [ 0, 15, 16, 16 ], "texture": "#texture" }
    }
},
{
    "__comment": "Frame",
    "from": [ 0, 0, 15 ],
    "to": [ 16, 1, 16 ],
    "faces": {
        "down":  { "uv": [ 16, 16, 0, 15 ], "texture": "#texture" },
        "up":    { "uv": [ 0, 15, 16, 16 ], "texture": "#texture" },
        "north": { "uv": [ 0, 15, 16, 16 ], "texture": "#texture" },
        "south": { "uv": [ 0, 15, 16, 16 ], "texture": "#texture" }
    }
},
{
    "__comment": "Frame",
    "from": [ 0, 0, 0 ],
    "to": [ 16, 1, 1 ],
    "faces": {
        "down":  { "uv": [ 16, 1, 0, 0 ], "texture": "#texture" },
        "up":    { "uv": [ 0, 0, 16, 1 ], "texture": "#texture" },
        "north": { "uv": [ 0, 15, 16, 16 ], "texture": "#texture" },
        "south": { "uv": [ 0, 15, 16, 16 ], "texture": "#texture" }
    }
},
{
    "__comment": "Stone Bot ",
    "from": [ 0.5, 0.5, 0.5 ],
    "to": [ 15.5, 7, 15.5 ],
    "faces": {
        "down":  { "uv": [ 15.5, 15.5, 0.5, 0.5 ], "texture": "#stone" },
        "south": { "uv": [ 0.5, 9, 15.5, 15.5 ], "texture": "#stone" },
        "west":  { "uv": [ 0.5, 9, 15.5, 15.5 ], "texture": "#stone" },
        "east":  { "uv": [ 0.5, 9, 15.5, 15.5 ], "texture": "#stone" }
    }
},
{
    "__comment": "Stone Bot ",
    "from": [ 0.5, 0.5, 0.5 ],
    "to": [ 15.5, 4, 15.5 ],
    "faces": {
        "up":    { "uv": [ 0.5, 0.5, 15.5, 15.5 ], "texture": "#stone" },
        "north": { "uv": [ 0.5, 12, 15.5, 15.5 ], "texture": "#stone" }
    }
},
{
    "__comment": "Stone Bot ",
    "from": [ 0.5, 4, 0.5 ],
    "to": [ 6, 6, 15.5 ],
    "faces": {
        "up":    { "uv": [ 0.5, 0.5, 6, 15.5 ], "texture": "#stone" },
        "north": { "uv": [ 10, 9, 15.5, 12 ], "texture": "#stone" },
        "east":  { "uv": [ 0.5, 9, 15.5, 12 ], "texture": "#stone" }
    }
},
{
    "__comment": "Stone Bot ",
    "from": [ 10, 4, 0.5 ],
    "to": [ 15.5, 6, 15.5 ],
    "faces": {
        "up":    { "uv": [ 10, 0.5, 15.5, 15.5 ], "texture": "#stone" },
        "north": { "uv": [ 0.5, 9, 6, 12 ], "texture": "#stone" },
        "west":  { "uv": [ 0.5, 9, 15.5, 12 ], "texture": "#stone" }
    }
},
{
    "__comment": "Stone Bot ",
    "from": [ 5, 4, 8 ],
    "to": [ 11, 7, 15.5 ],
    "faces": {
        "up":    { "uv": [ 6, 8, 10, 15.5 ], "texture": "#stone" },
        "north": { "uv": [ 6, 9, 10, 12 ], "texture": "#stone" }
    }
},
{
    "__comment": "Stone Bot Face",
    "from": [ 2, 7, 0.5 ],
    "to": [ 14, 9, 8 ],
    "faces": {
        "down":  { "uv": [ 14, 8, 2, 0.5 ], "texture": "#stone" },
        "up":    { "uv": [ 2, 0.5, 14, 8 ], "texture": "#stone" },
        "north": { "uv": [ 2, 7, 14, 9 ], "texture": "#stone" }
    }
},
{
    "__comment": "Stone Bot Face",
    "from": [ 2, 7, 0.5 ],
    "to": [ 14, 9, 1.5 ],
    "faces": {
        "west":  { "uv": [ 0.5, 7, 1.5, 9.5 ], "texture": "#stone" },
        "east":  { "uv": [ 14.5, 7, 15.5, 9.5 ], "texture": "#stone" }
    }
},
{
    "__comment": "Stone Bot Face",
    "from": [ 9, 4, 0.5 ],
    "to": [ 10, 5, 8 ],
    "faces": {
        "up":    { "uv": [ 9, 0.5, 10, 8 ], "texture": "#stone" },
        "north": { "uv": [ 6, 11, 7, 12 ], "texture": "#stone" },
        "west":  { "uv": [ 0.5, 11, 8, 12 ], "texture": "#stone" }
    }
},
{
    "__comment": "Stone Bot Face",
    "from": [ 6, 4, 0.5 ],
    "to": [ 7, 5, 8 ],
    "faces": {
        "up":    { "uv": [ 6, 0.5, 7, 8 ], "texture": "#stone" },
        "north": { "uv": [ 9, 11, 10, 12 ], "texture": "#stone" },
        "east":  { "uv": [ 8, 11, 15.5, 12 ], "texture": "#stone" }
    }
},
{
    "__comment": "Stone Bot Face",
    "from": [ 5, 9, 0.5 ],
    "to": [ 11, 10, 1 ],
    "faces": {
        "up":    { "uv": [ 5, 0.5, 11, 1 ], "texture": "#stone" },
        "north": { "uv": [ 5, 6, 11, 7 ], "texture": "#stone" }
    }
},
{
    "__comment": "Stone Bot Face",
    "from": [ 5, 10, 0.5 ],
    "to": [ 7, 11, 1 ],
    "faces": {
        "up":    { "uv": [ 5, 0.5, 7, 1 ], "texture": "#stone" },
        "north": { "uv": [ 9, 5, 11, 6 ], "texture": "#stone" },
        "east":  { "uv": [ 15, 5, 15.5, 6 ], "texture": "#stone" }
    }
},
{
    "__comment": "Stone Bot Face",
    "from": [ 9, 10, 0.5 ],
    "to": [ 11, 11, 1 ],
    "faces": {
        "up":    { "uv": [ 9, 0.5, 11, 1 ], "texture": "#stone" },
        "north": { "uv": [ 5, 5, 7, 6 ], "texture": "#stone" },
        "west":  { "uv": [ 0.5, 5, 1, 6 ], "texture": "#stone" }
    }
},
{
    "__comment": "Stone Bot Face",
    "from": [ 5, 9, 0.5 ],
    "to": [ 11, 11, 1 ],
    "faces": {
        "west":  { "uv": [ 0.5, 6, 1, 7 ], "texture": "#stone" },
        "east":  { "uv": [ 15, 6, 15.5, 7 ], "texture": "#stone" }
    }
},
{
    "__comment": "Stone Bot Face",
    "from": [ 3, 9, 0.5 ],
    "to": [ 4, 12, 1 ],
    "faces": {
        "up":    { "uv": [ 3, 0.5, 4, 1 ], "texture": "#stone" },
        "north": { "uv": [ 12, 4, 13, 7 ], "texture": "#stone" },
        "west":  { "uv": [ 0.5, 4, 1, 7 ], "texture": "#stone" },
        "east":  { "uv": [ 15, 4, 15.5, 7 ], "texture": "#stone" }
    }
},
{
    "__comment": "Stone Bot Face",
    "from": [ 12, 9, 0.5 ],
    "to": [ 13, 12, 1 ],
    "faces": {
        "up":    { "uv": [ 12, 0.5, 13, 1 ], "texture": "#stone" },
        "north": { "uv": [ 3, 4, 4, 7 ], "texture": "#stone" },
        "west":  { "uv": [ 0.5, 4, 1, 7 ], "texture": "#stone" },
        "east":  { "uv": [ 15, 4, 15.5, 7 ], "texture": "#stone" }
    }
},
{
    "__comment": "Stone Bot Face",
    "from": [ 4, 11, 0.5 ],
    "to": [ 6, 13, 1 ],
    "faces": {
        "down":  { "uv": [ 12, 1, 10, 0.5 ], "texture": "#stone" },
        "up":    { "uv": [ 4, 0.5, 6, 1 ], "texture": "#stone" },
        "north": { "uv": [ 10, 3, 12, 5 ], "texture": "#stone" },
        "west":  { "uv": [ 0.5, 3, 1, 5 ], "texture": "#stone" },
        "east":  { "uv": [ 15, 3, 15.5, 5 ], "texture": "#stone" }
    }
},
{
    "__comment": "Stone Bot Face",
    "from": [ 10, 11, 0.5 ],
    "to": [ 12, 13, 1 ],
    "faces": {
        "down":  { "uv": [ 6, 1, 4, 0.5 ], "texture": "#stone" },
        "up":    { "uv": [ 10, 0.5, 12, 1 ], "texture": "#stone" },
        "north": { "uv": [ 4, 3, 6, 5 ], "texture": "#stone" },
        "west":  { "uv": [ 0.5, 3, 1, 5 ], "texture": "#stone" },
        "east":  { "uv": [ 15, 3, 15.5, 5 ], "texture": "#stone" }
    }
},
{
    "__comment": "Stone Bot Face",
    "from": [ 0.5, 6, 0.5 ],
    "to": [ 5, 7, 15.5 ],
    "faces": {
        "up":    { "uv": [ 0.5, 0.5, 6, 15.5 ], "texture": "#stone" },
        "north": { "uv": [ 10, 9, 15.5, 12 ], "texture": "#stone" },
        "east":  { "uv": [ 0.5, 9, 15.5, 12 ], "texture": "#stone" }
    }
},
{
    "__comment": "Stone Bot Face",
    "from": [ 11, 6, 0.5 ],
    "to": [ 15.5, 7, 15.5 ],
    "faces": {
        "up":    { "uv": [ 10, 0.5, 15.5, 15.5 ], "texture": "#stone" },
        "north": { "uv": [ 0.5, 9, 6, 12 ], "texture": "#stone" },
        "west":  { "uv": [ 0.5, 9, 15.5, 12 ], "texture": "#stone" }
    }
},
{
    "__comment": "Cobblestone",
    "from": [ 1, 8, 1 ],
    "to": [ 15, 15, 2 ],
    "faces": {
        "north": { "uv": [ 1, 1, 15, 8 ], "texture": "#cobblestone" }
    }
},
{
    "__comment": "Cobblestone",
    "from": [ 1, 7, 1 ],
    "to": [ 15, 15, 15 ],
    "faces": {
        "up":    { "uv": [ 1, 1, 15, 15 ], "texture": "#cobblestone" },
        "south": { "uv": [ 1, 1, 15, 9 ], "texture": "#cobblestone" },
        "west":  { "uv": [ 1, 1, 15, 9 ], "texture": "#cobblestone" },
        "east":  { "uv": [ 1, 1, 15, 9 ], "texture": "#cobblestone" }
    }
},
{
    "__comment": "Cobblestone",
    "from": [ 1, 7, 1 ],
    "to": [ 2, 8, 2 ],
    "faces": {
        "north": { "uv": [ 14, 8, 15, 9 ], "texture": "#cobblestone" }
    }
},
{
    "__comment": "Cobblestone",
    "from": [ 14, 7, 1 ],
    "to": [ 15, 8, 2 ],
    "faces": {
        "north": { "uv": [ 1, 8, 2, 9 ], "texture": "#cobblestone" }
    }
}
],
"display": {
    "thirdperson_righthand": {
        "rotation": [ 70, 0, 0 ],
        "translation": [ 0, 0, 0 ],
        "scale": [ 0.25, 0.25, 0.25 ]
    },
    "thirdperson_lefthand": {
        "rotation": [ 70, 0, 0 ],
        "translation": [ 0, 0, 0 ],
        "scale": [ 0.25, 0.25, 0.25 ]
    },
    "head": {
        "rotation": [ 0, 0, 0 ],
        "translation": [ 0, 0, 0 ],
        "scale": [ 1, 1, 1 ]
    },
    "ground": {
        "rotation": [ 0, 0, 0 ],
        "translation": [ 0, 3, 0 ],
        "scale": [ 0.25, 0.25, 0.25 ]
    },
    "fixed": {
        "rotation": [ 0, 0, 0 ],
        "translation": [ 0, 0, 0 ],
        "scale": [ 0.5, 0.5, 0.5 ]
    },
    "firstperson_righthand": {
        "rotation": [ 0, 0, 0 ],
        "translation": [ 0, 0, 0 ],
        "scale": [ 0.25, 0.25, 0.25 ]
    },
    "firstperson_lefthand": {
        "rotation": [ 0, 0, 0 ],
        "translation": [ 0, 0, 0 ],
        "scale": [ 0.25, 0.25, 0.25 ]
    },
    "gui": {
        "rotation": [ 30, -135, 0 ],
        "translation": [ 0, 0, 0 ],
        "scale": [ 0.65, 0.65, 0.65 ]
    }
}
}