{
"__comment": "Designed by Sibsib92 with BDcraft Cubik PRO 0.95 Beta - http://bdcraft.net",
"ambientocclusion": false,
"textures": {
    "particle": "blocks/end_rod",
    "texture": "blocks/purpur_pillar_top",
    "white": "blocks/quartz_block_top"
},
"elements": [ 
{
    "__comment": "Spike",
    "from": [ 7.5, 1, 7 ],
    "to": [ 8.5, 8, 9 ],
    "faces": {
        "up":    { "uv": [ 7.501, 7.001, 8.499, 8.999 ], "texture": "#white" },
        "north": { "uv": [ 7.501, 8.001, 8.499, 14.999 ], "texture": "#white" },
        "south": { "uv": [ 7.501, 8.001, 8.499, 14.999 ], "texture": "#white" },
        "west":  { "uv": [ 7.001, 8.001, 8.999, 14.999 ], "texture": "#white" },
        "east":  { "uv": [ 7.001, 8.001, 8.999, 14.999 ], "texture": "#white" }
    }
},
{
    "__comment": "Spike",
    "from": [ 7, 1, 7.5 ],
    "to": [ 9, 8, 8.5 ],
    "faces": {
        "up":    { "uv": [ 7.001, 7.501, 8.999, 8.499 ], "texture": "#white" },
        "north": { "uv": [ 7.001, 8.001, 8.999, 14.999 ], "texture": "#white" },
        "south": { "uv": [ 7.001, 8.001, 8.999, 14.999 ], "texture": "#white" },
        "west":  { "uv": [ 7.501, 8.001, 8.499, 14.999 ], "texture": "#white" },
        "east":  { "uv": [ 7.501, 8.001, 8.499, 14.999 ], "texture": "#white" }
    }
},
{
    "__comment": "Spike",
    "from": [ 7.5, 8, 7.5 ],
    "to": [ 8.5, 16, 8.5 ],
    "faces": {
        "up":    { "uv": [ 7.501, 7.501, 8.499, 8.499 ], "texture": "#white" },
        "north": { "uv": [ 7.501, 0.001, 8.499, 7.999 ], "texture": "#white" },
        "south": { "uv": [ 7.501, 0.001, 8.499, 7.999 ], "texture": "#white" },
        "west":  { "uv": [ 7.501, 0.001, 8.499, 7.999 ], "texture": "#white" },
        "east":  { "uv": [ 7.501, 0.001, 8.499, 7.999 ], "texture": "#white" }
    }
},
{
    "__comment": "Base",
    "from": [ 6, 0, 6 ],
    "to": [ 10, 1, 10 ],
    "faces": {
        "down":  { "uv": [ 9.999, 9.999, 6.001, 6.001 ], "texture": "#texture" },
        "up":    { "uv": [ 6.001, 6.001, 9.999, 9.999 ], "texture": "#texture" },
        "north": { "uv": [ 6.001, 15.501, 9.999, 15.999 ], "texture": "#texture" },
        "south": { "uv": [ 6.001, 15.501, 9.999, 15.999 ], "texture": "#texture" },
        "west":  { "uv": [ 6.001, 15.501, 9.999, 15.999 ], "texture": "#texture" },
        "east":  { "uv": [ 6.001, 15.501, 9.999, 15.999 ], "texture": "#texture" }
    }
}
],
"display": {
    "thirdperson_righthand": {
        "rotation": [ 0, 0, 0 ],
        "translation": [ 0, 0, 0 ],
        "scale": [ 0.5, 0.5, 0.5 ]
    },
    "thirdperson_lefthand": {
        "rotation": [ 0, 0, 0 ],
        "translation": [ 0, 0, 0 ],
        "scale": [ 0.5, 0.5, 0.5 ]
    },
    "head": {
        "rotation": [ -60, 0, 0 ],
        "translation": [ 0, 7, -10 ],
        "scale": [ 1, 1, 1 ]
    },
    "ground": {
        "rotation": [ 0, 0, 0 ],
        "translation": [ 0, 3, 0 ],
        "scale": [ 0.25, 0.25, 0.25 ]
    },
    "fixed": {
        "rotation": [ 0, 0, 0 ],
        "translation": [ 0, 0, 0 ],
        "scale": [ 0.5, 0.5, 0.5 ]
    },
    "firstperson_righthand": {
        "rotation": [ 0, 0, 0 ],
        "translation": [ 0, 0, 0 ],
        "scale": [ 0.25, 0.25, 0.25 ]
    },
    "firstperson_lefthand": {
        "rotation": [ 0, 0, 0 ],
        "translation": [ 0, 0, 0 ],
        "scale": [ 0.25, 0.25, 0.25 ]
    },
    "gui": {
        "rotation": [ 30, 45, 0 ],
        "translation": [ 0, 0, 0 ],
        "scale": [ 0.65, 0.65, 0.65 ]
    }
}
}