{
"__comment": "Designed by Sibsib92 with BDcraft Cubik PRO 0.95 Beta - http://bdcraft.net",
"ambientocclusion": false,
"textures": {
    "particle": "blocks/hardened_clay",
    "texture": "blocks/dirt",
    "flower": "blocks/mushroom_brown"
},
"elements": [ 
{
    "__comment": "Pot",
    "from": [ 3, 3, 7 ],
    "to": [ 13, 7, 9 ],
    "faces": {
        "down":  { "uv": [ 12.999, 8.999, 3.001, 7.001 ], "texture": "#particle" },
        "up":    { "uv": [ 3.001, 7.001, 12.999, 8.999 ], "texture": "#particle" },
        "north": { "uv": [ 3.001, 9.001, 12.999, 12.999 ], "texture": "#particle" },
        "south": { "uv": [ 3.001, 9.001, 12.999, 12.999 ], "texture": "#particle" },
        "west":  { "uv": [ 7.001, 9.001, 8.999, 12.999 ], "texture": "#particle" },
        "east":  { "uv": [ 7.001, 9.001, 8.999, 12.999 ], "texture": "#particle" }
    }
},
{
    "__comment": "Pot",
    "from": [ 3, 4, 6 ],
    "to": [ 13, 6, 10 ],
    "faces": {
        "down":  { "uv": [ 12.999, 9.999, 3.001, 6.001 ], "texture": "#particle" },
        "up":    { "uv": [ 3.001, 6.001, 12.999, 9.999 ], "texture": "#particle" },
        "north": { "uv": [ 3.001, 10.001, 12.999, 11.999 ], "texture": "#particle" },
        "south": { "uv": [ 3.001, 10.001, 12.999, 11.999 ], "texture": "#particle" },
        "west":  { "uv": [ 6.001, 10.001, 9.999, 11.999 ], "texture": "#particle" },
        "east":  { "uv": [ 6.001, 10.001, 9.999, 11.999 ], "texture": "#particle" }
    }
},
{
    "__comment": "Pot",
    "from": [ 7, 3, 3 ],
    "to": [ 9, 7, 13 ],
    "faces": {
        "down":  { "uv": [ 8.999, 12.999, 7.001, 3.001 ], "texture": "#particle" },
        "up":    { "uv": [ 7.001, 3.001, 8.999, 12.999 ], "texture": "#particle" },
        "north": { "uv": [ 7.001, 9.001, 8.999, 12.999 ], "texture": "#particle" },
        "south": { "uv": [ 7.001, 9.001, 8.999, 12.999 ], "texture": "#particle" },
        "west":  { "uv": [ 3.001, 9.001, 12.999, 12.999 ], "texture": "#particle" },
        "east":  { "uv": [ 3.001, 9.001, 12.999, 12.999 ], "texture": "#particle" }
    }
},
{
    "__comment": "Pot",
    "from": [ 6, 4, 3 ],
    "to": [ 10, 6, 13 ],
    "faces": {
        "down":  { "uv": [ 9.999, 12.999, 6.001, 3.001 ], "texture": "#particle" },
        "up":    { "uv": [ 6.001, 3.001, 9.999, 12.999 ], "texture": "#particle" },
        "north": { "uv": [ 6.001, 10.001, 9.999, 11.999 ], "texture": "#particle" },
        "south": { "uv": [ 6.001, 10.001, 9.999, 11.999 ], "texture": "#particle" },
        "west":  { "uv": [ 3.001, 10.001, 12.999, 11.999 ], "texture": "#particle" },
        "east":  { "uv": [ 3.001, 10.001, 12.999, 11.999 ], "texture": "#particle" }
    }
},
{
    "__comment": "Pot",
    "from": [ 4, 3, 5 ],
    "to": [ 12, 7, 11 ],
    "faces": {
        "down":  { "uv": [ 11.999, 10.999, 4.001, 5.001 ], "texture": "#particle" },
        "up":    { "uv": [ 4.001, 5.001, 11.999, 10.999 ], "texture": "#particle" },
        "north": { "uv": [ 4.001, 9.001, 11.999, 12.999 ], "texture": "#particle" },
        "south": { "uv": [ 4.001, 9.001, 11.999, 12.999 ], "texture": "#particle" },
        "west":  { "uv": [ 5.001, 9.001, 10.999, 12.999 ], "texture": "#particle" },
        "east":  { "uv": [ 5.001, 9.001, 10.999, 12.999 ], "texture": "#particle" }
    }
},
{
    "__comment": "Pot",
    "from": [ 5, 3, 4 ],
    "to": [ 11, 7, 12 ],
    "faces": {
        "down":  { "uv": [ 10.999, 11.999, 5.001, 4.001 ], "texture": "#particle" },
        "up":    { "uv": [ 5.001, 4.001, 10.999, 11.999 ], "texture": "#particle" },
        "north": { "uv": [ 5.001, 9.001, 10.999, 12.999 ], "texture": "#particle" },
        "south": { "uv": [ 5.001, 9.001, 10.999, 12.999 ], "texture": "#particle" },
        "west":  { "uv": [ 4.001, 9.001, 11.999, 12.999 ], "texture": "#particle" },
        "east":  { "uv": [ 4.001, 9.001, 11.999, 12.999 ], "texture": "#particle" }
    }
},
{
    "__comment": "Pot",
    "from": [ 5, 2, 5 ],
    "to": [ 11, 3, 11 ],
    "faces": {
        "down":  { "uv": [ 10.999, 10.999, 5.001, 5.001 ], "texture": "#particle" },
        "north": { "uv": [ 5.001, 13.001, 10.999, 13.999 ], "texture": "#particle" },
        "south": { "uv": [ 5.001, 13.001, 10.999, 13.999 ], "texture": "#particle" },
        "west":  { "uv": [ 5.001, 13.001, 10.999, 13.999 ], "texture": "#particle" },
        "east":  { "uv": [ 5.001, 13.001, 10.999, 13.999 ], "texture": "#particle" }
    }
},
{
    "__comment": "Pot",
    "from": [ 4, 2, 6 ],
    "to": [ 12, 3, 10 ],
    "faces": {
        "down":  { "uv": [ 11.999, 9.999, 4.001, 6.001 ], "texture": "#particle" },
        "north": { "uv": [ 4.001, 13.001, 11.999, 13.999 ], "texture": "#particle" },
        "south": { "uv": [ 4.001, 13.001, 11.999, 13.999 ], "texture": "#particle" },
        "west":  { "uv": [ 6.001, 13.001, 9.999, 13.999 ], "texture": "#particle" },
        "east":  { "uv": [ 6.001, 13.001, 9.999, 13.999 ], "texture": "#particle" }
    }
},
{
    "__comment": "Pot",
    "from": [ 6, 2, 4 ],
    "to": [ 10, 3, 12 ],
    "faces": {
        "down":  { "uv": [ 9.999, 11.999, 6.001, 4.001 ], "texture": "#particle" },
        "north": { "uv": [ 6.001, 13.001, 9.999, 13.999 ], "texture": "#particle" },
        "south": { "uv": [ 6.001, 13.001, 9.999, 13.999 ], "texture": "#particle" },
        "west":  { "uv": [ 4.001, 13.001, 11.999, 13.999 ], "texture": "#particle" },
        "east":  { "uv": [ 4.001, 13.001, 11.999, 13.999 ], "texture": "#particle" }
    }
},
{
    "__comment": "Pot",
    "from": [ 4, 1, 7 ],
    "to": [ 12, 2, 9 ],
    "faces": {
        "down":  { "uv": [ 11.999, 8.999, 4.001, 7.001 ], "texture": "#particle" },
        "north": { "uv": [ 4.001, 14.001, 11.999, 14.999 ], "texture": "#particle" },
        "south": { "uv": [ 4.001, 14.001, 11.999, 14.999 ], "texture": "#particle" },
        "west":  { "uv": [ 7.001, 14.001, 8.999, 14.999 ], "texture": "#particle" },
        "east":  { "uv": [ 7.001, 14.001, 8.999, 14.999 ], "texture": "#particle" }
    }
},
{
    "__comment": "Pot",
    "from": [ 5, 1, 6 ],
    "to": [ 11, 2, 10 ],
    "faces": {
        "down":  { "uv": [ 10.999, 9.999, 5.001, 6.001 ], "texture": "#particle" },
        "north": { "uv": [ 5.001, 14.001, 10.999, 14.999 ], "texture": "#particle" },
        "south": { "uv": [ 5.001, 14.001, 10.999, 14.999 ], "texture": "#particle" },
        "west":  { "uv": [ 6.001, 14.001, 9.999, 14.999 ], "texture": "#particle" },
        "east":  { "uv": [ 6.001, 14.001, 9.999, 14.999 ], "texture": "#particle" }
    }
},
{
    "__comment": "Pot",
    "from": [ 7, 1, 4 ],
    "to": [ 9, 2, 12 ],
    "faces": {
        "down":  { "uv": [ 8.999, 11.999, 7.001, 4.001 ], "texture": "#particle" },
        "north": { "uv": [ 7.001, 14.001, 8.999, 14.999 ], "texture": "#particle" },
        "south": { "uv": [ 7.001, 14.001, 8.999, 14.999 ], "texture": "#particle" },
        "west":  { "uv": [ 4.001, 14.001, 11.999, 14.999 ], "texture": "#particle" },
        "east":  { "uv": [ 4.001, 14.001, 11.999, 14.999 ], "texture": "#particle" }
    }
},
{
    "__comment": "Pot",
    "from": [ 6, 1, 5 ],
    "to": [ 10, 2, 11 ],
    "faces": {
        "down":  { "uv": [ 9.999, 10.999, 6.001, 5.001 ], "texture": "#particle" },
        "north": { "uv": [ 6.001, 14.001, 9.999, 14.999 ], "texture": "#particle" },
        "south": { "uv": [ 6.001, 14.001, 9.999, 14.999 ], "texture": "#particle" },
        "west":  { "uv": [ 5.001, 14.001, 10.999, 14.999 ], "texture": "#particle" },
        "east":  { "uv": [ 5.001, 14.001, 10.999, 14.999 ], "texture": "#particle" }
    }
},
{
    "__comment": "Pot",
    "from": [ 7, 0, 5 ],
    "to": [ 9, 1, 11 ],
    "faces": {
        "down":  { "uv": [ 8.999, 10.999, 7.001, 5.001 ], "texture": "#particle" },
        "north": { "uv": [ 7.001, 15.001, 8.999, 15.999 ], "texture": "#particle" },
        "south": { "uv": [ 7.001, 15.001, 8.999, 15.999 ], "texture": "#particle" },
        "west":  { "uv": [ 5.001, 15.001, 10.999, 15.999 ], "texture": "#particle" },
        "east":  { "uv": [ 5.001, 15.001, 10.999, 15.999 ], "texture": "#particle" }
    }
},
{
    "__comment": "Pot",
    "from": [ 5, 0, 7 ],
    "to": [ 11, 1, 9 ],
    "faces": {
        "down":  { "uv": [ 10.999, 8.999, 5.001, 7.001 ], "texture": "#particle" },
        "north": { "uv": [ 5.001, 15.001, 10.999, 15.999 ], "texture": "#particle" },
        "south": { "uv": [ 5.001, 15.001, 10.999, 15.999 ], "texture": "#particle" },
        "west":  { "uv": [ 7.001, 15.001, 8.999, 15.999 ], "texture": "#particle" },
        "east":  { "uv": [ 7.001, 15.001, 8.999, 15.999 ], "texture": "#particle" }
    }
},
{
    "__comment": "Pot",
    "from": [ 6, 0, 6 ],
    "to": [ 10, 1, 10 ],
    "faces": {
        "down":  { "uv": [ 9.999, 9.999, 6.001, 6.001 ], "texture": "#particle" },
        "north": { "uv": [ 6.001, 15.001, 9.999, 15.999 ], "texture": "#particle" },
        "south": { "uv": [ 6.001, 15.001, 9.999, 15.999 ], "texture": "#particle" },
        "west":  { "uv": [ 6.001, 15.001, 9.999, 15.999 ], "texture": "#particle" },
        "east":  { "uv": [ 6.001, 15.001, 9.999, 15.999 ], "texture": "#particle" }
    }
},
{
    "__comment": "Pot",
    "from": [ 4, 7, 6 ],
    "to": [ 5, 8, 10 ],
    "faces": {
        "up":    { "uv": [ 4.001, 6.001, 4.999, 9.999 ], "texture": "#particle" },
        "north": { "uv": [ 11.001, 8.001, 11.999, 8.999 ], "texture": "#particle" },
        "south": { "uv": [ 4.001, 8.001, 4.999, 8.999 ], "texture": "#particle" },
        "west":  { "uv": [ 6.001, 8.001, 9.999, 8.999 ], "texture": "#particle" },
        "east":  { "uv": [ 6.001, 8.001, 9.999, 8.999 ], "texture": "#particle" }
    }
},
{
    "__comment": "Pot",
    "from": [ 11, 7, 6 ],
    "to": [ 12, 8, 10 ],
    "faces": {
        "up":    { "uv": [ 11.001, 6.001, 11.999, 9.999 ], "texture": "#particle" },
        "north": { "uv": [ 4.001, 8.001, 4.999, 8.999 ], "texture": "#particle" },
        "south": { "uv": [ 11.001, 8.001, 11.999, 8.999 ], "texture": "#particle" },
        "west":  { "uv": [ 6.001, 8.001, 9.999, 8.999 ], "texture": "#particle" },
        "east":  { "uv": [ 6.001, 8.001, 9.999, 8.999 ], "texture": "#particle" }
    }
},
{
    "__comment": "Pot",
    "from": [ 6, 7, 4 ],
    "to": [ 10, 8, 5 ],
    "faces": {
        "up":    { "uv": [ 6.001, 4.001, 9.999, 4.999 ], "texture": "#particle" },
        "north": { "uv": [ 6.001, 8.001, 9.999, 8.999 ], "texture": "#particle" },
        "south": { "uv": [ 6.001, 8.001, 9.999, 8.999 ], "texture": "#particle" },
        "west":  { "uv": [ 4.001, 8.001, 4.999, 8.999 ], "texture": "#particle" },
        "east":  { "uv": [ 11.001, 8.001, 11.999, 8.999 ], "texture": "#particle" }
    }
},
{
    "__comment": "Pot",
    "from": [ 6, 7, 11 ],
    "to": [ 10, 8, 12 ],
    "faces": {
        "up":    { "uv": [ 6.001, 11.001, 9.999, 11.999 ], "texture": "#particle" },
        "north": { "uv": [ 6.001, 8.001, 9.999, 8.999 ], "texture": "#particle" },
        "south": { "uv": [ 6.001, 8.001, 9.999, 8.999 ], "texture": "#particle" },
        "west":  { "uv": [ 11.001, 8.001, 11.999, 8.999 ], "texture": "#particle" },
        "east":  { "uv": [ 4.001, 8.001, 4.999, 8.999 ], "texture": "#particle" }
    }
},
{
    "__comment": "Pot",
    "from": [ 5, 7, 5 ],
    "to": [ 6, 8, 6 ],
    "faces": {
        "up":    { "uv": [ 5.001, 5.001, 5.999, 5.999 ], "texture": "#particle" },
        "north": { "uv": [ 10.001, 8.001, 10.999, 8.999 ], "texture": "#particle" },
        "south": { "uv": [ 5.001, 8.001, 5.999, 8.999 ], "texture": "#particle" },
        "west":  { "uv": [ 5.001, 8.001, 5.999, 8.999 ], "texture": "#particle" },
        "east":  { "uv": [ 10.001, 8.001, 10.999, 8.999 ], "texture": "#particle" }
    }
},
{
    "__comment": "Pot",
    "from": [ 10, 7, 10 ],
    "to": [ 11, 8, 11 ],
    "faces": {
        "up":    { "uv": [ 10.001, 10.001, 10.999, 10.999 ], "texture": "#particle" },
        "north": { "uv": [ 5.001, 8.001, 5.999, 8.999 ], "texture": "#particle" },
        "south": { "uv": [ 10.001, 8.001, 10.999, 8.999 ], "texture": "#particle" },
        "west":  { "uv": [ 10.001, 8.001, 10.999, 8.999 ], "texture": "#particle" },
        "east":  { "uv": [ 5.001, 8.001, 5.999, 8.999 ], "texture": "#particle" }
    }
},
{
    "__comment": "Pot",
    "from": [ 10, 7, 5 ],
    "to": [ 11, 8, 6 ],
    "faces": {
        "up":    { "uv": [ 10.001, 5.001, 10.999, 5.999 ], "texture": "#particle" },
        "north": { "uv": [ 5.001, 8.001, 5.999, 8.999 ], "texture": "#particle" },
        "south": { "uv": [ 10.001, 8.001, 10.999, 8.999 ], "texture": "#particle" },
        "west":  { "uv": [ 5.001, 8.001, 5.999, 8.999 ], "texture": "#particle" },
        "east":  { "uv": [ 10.001, 8.001, 10.999, 8.999 ], "texture": "#particle" }
    }
},
{
    "__comment": "Pot",
    "from": [ 5, 7, 10 ],
    "to": [ 6, 8, 11 ],
    "faces": {
        "up":    { "uv": [ 5.001, 10.001, 5.999, 10.999 ], "texture": "#particle" },
        "north": { "uv": [ 10.001, 8.001, 10.999, 8.999 ], "texture": "#particle" },
        "south": { "uv": [ 5.001, 8.001, 5.999, 8.999 ], "texture": "#particle" },
        "west":  { "uv": [ 10.001, 8.001, 10.999, 8.999 ], "texture": "#particle" },
        "east":  { "uv": [ 5.001, 8.001, 5.999, 8.999 ], "texture": "#particle" }
    }
},
{
    "__comment": "Dirt",
    "from": [ 5, 7, 5 ],
    "to": [ 11, 7.5, 11 ],
    "faces": {
        "up":    { "uv": [ 5.001, 5.001, 10.999, 10.999 ], "texture": "#texture" }
    }
},
{
    "from": [ 8, 6.5, 2 ],
    "to": [ 8.0625, 18.5, 14 ],
    "faces": {
        "west":  { "uv": [ 0.001, 0.001, 15.999, 15.999 ], "texture": "#flower" },
        "east":  { "uv": [ 15.999, 0.001, 0.001, 15.999 ], "texture": "#flower" }
    }
},
{
    "from": [ 2, 6.5, 8 ],
    "to": [ 14, 18.5, 8.0625 ],
    "faces": {
        "north": { "uv": [ 15.999, 0.001, 0.001, 15.999 ], "texture": "#flower" },
        "south": { "uv": [ 0.001, 0.001, 15.999, 15.999 ], "texture": "#flower" }
    }
}
]
}