{
"__comment": "Designed by Sibsib92 with BDcraft Cubik PRO 0.96 Beta - http://bdcraft.net",
"textures": {
    "particle": "blocks/furnace_front_off",
    "texture": "blocks/cauldron_inner",
    "cobblestone": "blocks/cobblestone",
    "stone": "blocks/stone_slab_top",
    "fire": "blocks/lava_still"
},
"elements": [ 
{
    "__comment": "Cobblestone",
    "from": [ 0.5, 8, 0.5 ],
    "to": [ 15.5, 15.5, 15.5 ],
    "faces": {
        "up":    { "uv": [ 0.5, 0.5, 15.5, 15.5 ], "texture": "#cobblestone" },
        "south": { "uv": [ 0.5, 0.5, 15.5, 8 ], "texture": "#cobblestone" },
        "west":  { "uv": [ 0.5, 0.5, 15.5, 8 ], "texture": "#cobblestone" },
        "east":  { "uv": [ 0.5, 0.5, 15.5, 8 ], "texture": "#cobblestone" }
    }
},
{
    "__comment": "Cobblestone",
    "from": [ 2.5, 8, 11 ],
    "to": [ 13.5, 13.5, 12 ],
    "faces": {
        "north": { "uv": [ 2.5, 2.5, 13.5, 8 ], "texture": "#cobblestone" },
        "east":  { "uv": [ 4, 2.5, 5, 8 ], "texture": "#cobblestone" }
    }
},
{
    "__comment": "Cobblestone",
    "from": [ 1, 8, 0.5 ],
    "to": [ 3, 15, 11 ],
    "faces": {
        "north": { "uv": [ 13, 1, 15, 8 ], "texture": "#cobblestone" },
        "east":  { "uv": [ 5, 1, 15.5, 8 ], "texture": "#cobblestone" }
    }
},
{
    "__comment": "Cobblestone",
    "from": [ 13, 8, 0.5 ],
    "to": [ 15, 15, 11 ],
    "faces": {
        "north": { "uv": [ 1, 1, 3, 8 ], "texture": "#cobblestone" },
        "west":  { "uv": [ 0.5, 1, 11, 8 ], "texture": "#cobblestone" }
    }
},
{
    "__comment": "Cobblestone",
    "from": [ 11, 12, 0.5 ],
    "to": [ 13, 13, 11 ],
    "faces": {
        "down":  { "uv": [ 5, 11, 3, 0.5 ], "texture": "#cobblestone" },
        "north": { "uv": [ 3, 3, 5, 4 ], "texture": "#cobblestone" },
        "west":  { "uv": [ 0.5, 3, 11, 4 ], "texture": "#cobblestone" }
    }
},
{
    "__comment": "Cobblestone",
    "from": [ 3, 11, 0.5 ],
    "to": [ 4, 12, 11 ],
    "faces": {
        "down":  { "uv": [ 13, 11, 12, 0.5 ], "texture": "#cobblestone" },
        "north": { "uv": [ 12, 4, 13, 5 ], "texture": "#cobblestone" },
        "east":  { "uv": [ 5, 4, 15.5, 5 ], "texture": "#cobblestone" }
    }
},
{
    "__comment": "Cobblestone",
    "from": [ 12, 11, 0.5 ],
    "to": [ 13, 12, 11 ],
    "faces": {
        "down":  { "uv": [ 4, 11, 3, 0.5 ], "texture": "#cobblestone" },
        "north": { "uv": [ 3, 4, 4, 5 ], "texture": "#cobblestone" },
        "west":  { "uv": [ 0.5, 4, 11, 5 ], "texture": "#cobblestone" }
    }
},
{
    "__comment": "Cobblestone",
    "from": [ 3, 12, 0.5 ],
    "to": [ 5, 13, 11 ],
    "faces": {
        "down":  { "uv": [ 13, 11, 11, 0.5 ], "texture": "#cobblestone" },
        "north": { "uv": [ 11, 3, 13, 4 ], "texture": "#cobblestone" },
        "east":  { "uv": [ 5, 3, 15.5, 4 ], "texture": "#cobblestone" }
    }
},
{
    "__comment": "Cobblestone",
    "from": [ 3, 13, 0.5 ],
    "to": [ 13, 15, 11 ],
    "faces": {
        "down":  { "uv": [ 13, 11, 3, 0.5 ], "texture": "#cobblestone" },
        "north": { "uv": [ 3, 1, 13, 3 ], "texture": "#cobblestone" }
    }
},
{
    "__comment": "Frame",
    "from": [ 0, 1, 0 ],
    "to": [ 1, 15, 1 ],
    "faces": {
        "north": { "uv": [ 15, 1, 16, 15 ], "texture": "#texture" },
        "south": { "uv": [ 0, 1, 1, 15 ], "texture": "#texture" },
        "west":  { "uv": [ 0, 1, 1, 15 ], "texture": "#texture" },
        "east":  { "uv": [ 15, 1, 16, 15 ], "texture": "#texture" }
    }
},
{
    "__comment": "Frame",
    "from": [ 15, 1, 15 ],
    "to": [ 16, 15, 16 ],
    "faces": {
        "north": { "uv": [ 0, 1, 1, 15 ], "texture": "#texture" },
        "south": { "uv": [ 15, 1, 16, 15 ], "texture": "#texture" },
        "west":  { "uv": [ 15, 1, 16, 15 ], "texture": "#texture" },
        "east":  { "uv": [ 0, 1, 1, 15 ], "texture": "#texture" }
    }
},
{
    "__comment": "Frame",
    "from": [ 0, 1, 15 ],
    "to": [ 1, 15, 16 ],
    "faces": {
        "north": { "uv": [ 15, 1, 16, 15 ], "texture": "#texture" },
        "south": { "uv": [ 0, 1, 1, 15 ], "texture": "#texture" },
        "west":  { "uv": [ 15, 1, 16, 15 ], "texture": "#texture" },
        "east":  { "uv": [ 0, 1, 1, 15 ], "texture": "#texture" }
    }
},
{
    "__comment": "Frame",
    "from": [ 15, 1, 0 ],
    "to": [ 16, 15, 1 ],
    "faces": {
        "north": { "uv": [ 0, 1, 1, 15 ], "texture": "#texture" },
        "south": { "uv": [ 15, 1, 16, 15 ], "texture": "#texture" },
        "west":  { "uv": [ 0, 1, 1, 15 ], "texture": "#texture" },
        "east":  { "uv": [ 15, 1, 16, 15 ], "texture": "#texture" }
    }
},
{
    "__comment": "Frame",
    "from": [ 15, 15, 0 ],
    "to": [ 16, 16, 16 ],
    "faces": {
        "down":  { "uv": [ 1, 16, 0, 0 ], "texture": "#texture" },
        "up":    { "uv": [ 15, 0, 16, 16 ], "texture": "#texture" },
        "west":  { "uv": [ 0, 0, 16, 1 ], "texture": "#texture" },
        "east":  { "uv": [ 0, 0, 16, 1 ], "texture": "#texture" }
    }
},
{
    "__comment": "Frame",
    "from": [ 0, 15, 0 ],
    "to": [ 1, 16, 16 ],
    "faces": {
        "down":  { "uv": [ 16, 16, 15, 0 ], "texture": "#texture" },
        "up":    { "uv": [ 0, 0, 1, 16 ], "texture": "#texture" },
        "west":  { "uv": [ 0, 0, 16, 1 ], "texture": "#texture" },
        "east":  { "uv": [ 0, 0, 16, 1 ], "texture": "#texture" }
    }
},
{
    "__comment": "Frame",
    "from": [ 0, 15, 0 ],
    "to": [ 16, 16, 1 ],
    "faces": {
        "down":  { "uv": [ 16, 1, 0, 0 ], "texture": "#texture" },
        "up":    { "uv": [ 0, 0, 16, 1 ], "texture": "#texture" },
        "north": { "uv": [ 0, 0, 16, 1 ], "texture": "#texture" },
        "south": { "uv": [ 0, 0, 16, 1 ], "texture": "#texture" }
    }
},
{
    "__comment": "Frame",
    "from": [ 0, 15, 15 ],
    "to": [ 16, 16, 16 ],
    "faces": {
        "down":  { "uv": [ 16, 16, 0, 15 ], "texture": "#texture" },
        "up":    { "uv": [ 0, 15, 16, 16 ], "texture": "#texture" },
        "north": { "uv": [ 0, 0, 16, 1 ], "texture": "#texture" },
        "south": { "uv": [ 0, 0, 16, 1 ], "texture": "#texture" }
    }
},
{
    "__comment": "Frame",
    "from": [ 15, 0, 0 ],
    "to": [ 16, 1, 16 ],
    "faces": {
        "down":  { "uv": [ 1, 16, 0, 0 ], "texture": "#texture" },
        "up":    { "uv": [ 15, 0, 16, 16 ], "texture": "#texture" },
        "west":  { "uv": [ 0, 15, 16, 16 ], "texture": "#texture" },
        "east":  { "uv": [ 0, 15, 16, 16 ], "texture": "#texture" }
    }
},
{
    "__comment": "Frame",
    "from": [ 0, 0, 0 ],
    "to": [ 1, 1, 16 ],
    "faces": {
        "down":  { "uv": [ 16, 16, 15, 0 ], "texture": "#texture" },
        "up":    { "uv": [ 0, 0, 1, 16 ], "texture": "#texture" },
        "west":  { "uv": [ 0, 15, 16, 16 ], "texture": "#texture" },
        "east":  { "uv": [ 0, 15, 16, 16 ], "texture": "#texture" }
    }
},
{
    "__comment": "Frame",
    "from": [ 0, 0, 0 ],
    "to": [ 16, 1, 1 ],
    "faces": {
        "down":  { "uv": [ 16, 1, 0, 0 ], "texture": "#texture" },
        "up":    { "uv": [ 0, 0, 16, 1 ], "texture": "#texture" },
        "north": { "uv": [ 0, 15, 16, 16 ], "texture": "#texture" },
        "south": { "uv": [ 0, 15, 16, 16 ], "texture": "#texture" }
    }
},
{
    "__comment": "Frame",
    "from": [ 0, 0, 15 ],
    "to": [ 16, 1, 16 ],
    "faces": {
        "down":  { "uv": [ 16, 16, 0, 15 ], "texture": "#texture" },
        "up":    { "uv": [ 0, 15, 16, 16 ], "texture": "#texture" },
        "north": { "uv": [ 0, 15, 16, 16 ], "texture": "#texture" },
        "south": { "uv": [ 0, 15, 16, 16 ], "texture": "#texture" }
    }
},
{
    "__comment": "Fire",
    "from": [ 5.9375, 2, 5.6875 ],
    "to": [ 7.9375, 3, 7.6875 ],
    "rotation": { "origin": [ 5.9375, 2, 5.6875 ], "axis": "y", "angle": -22.5 },
    "faces": {
        "up":    { "uv": [ 4, 3, 6, 5 ], "texture": "#fire" },
        "north": { "uv": [ 10, 14, 12, 15 ], "texture": "#fire" },
        "west":  { "uv": [ 3, 14, 5, 15 ], "texture": "#fire" }
    }
},
{
    "__comment": "Fire",
    "from": [ 5.0625, 1, 4 ],
    "to": [ 7.0625, 2, 6 ],
    "rotation": { "origin": [ 5.0625, 1, 4 ], "axis": "y", "angle": 45 },
    "faces": {
        "up":    { "uv": [ 4, 3, 6, 5 ], "texture": "#fire" },
        "north": { "uv": [ 10, 14, 12, 15 ], "texture": "#fire" },
        "east":  { "uv": [ 11, 14, 13, 15 ], "texture": "#fire" }
    }
},
{
    "__comment": "Fire",
    "from": [ 10, 1, 4.1875 ],
    "to": [ 12, 2, 6.1875 ],
    "rotation": { "origin": [ 10, 1, 4.1875 ], "axis": "y", "angle": -22.5 },
    "faces": {
        "up":    { "uv": [ 4, 3, 6, 5 ], "texture": "#fire" },
        "north": { "uv": [ 10, 14, 12, 15 ], "texture": "#fire" },
        "west":  { "uv": [ 3, 14, 5, 15 ], "texture": "#fire" }
    }
},
{
    "__comment": "Fire",
    "from": [ 6, 1, 6.6875 ],
    "to": [ 8, 2, 8.6875 ],
    "rotation": { "origin": [ 6, 1, 6.6875 ], "axis": "y", "angle": -22.5 },
    "faces": {
        "up":    { "uv": [ 4, 3, 6, 5 ], "texture": "#fire" },
        "north": { "uv": [ 10, 14, 12, 15 ], "texture": "#fire" },
        "west":  { "uv": [ 3, 14, 5, 15 ], "texture": "#fire" }
    }
},
{
    "__comment": "Fire",
    "from": [ 8.0625, 1, 8 ],
    "to": [ 10.0625, 2, 10 ],
    "rotation": { "origin": [ 8.0625, 1, 8 ], "axis": "y", "angle": 45 },
    "faces": {
        "up":    { "uv": [ 4, 3, 6, 5 ], "texture": "#fire" },
        "north": { "uv": [ 10, 14, 12, 15 ], "texture": "#fire" },
        "east":  { "uv": [ 11, 14, 13, 15 ], "texture": "#fire" }
    }
},
{
    "__comment": "Fire",
    "from": [ 3.5625, 1, 6 ],
    "to": [ 5.5625, 2, 8 ],
    "rotation": { "origin": [ 3.5625, 1, 6 ], "axis": "y", "angle": 45 },
    "faces": {
        "up":    { "uv": [ 4, 3, 6, 5 ], "texture": "#fire" },
        "north": { "uv": [ 10, 14, 12, 15 ], "texture": "#fire" },
        "east":  { "uv": [ 11, 14, 13, 15 ], "texture": "#fire" }
    }
},
{
    "__comment": "Fire",
    "from": [ 7, 2, 3.5 ],
    "to": [ 9, 3, 5.5 ],
    "faces": {
        "up":    { "uv": [ 4, 3, 6, 5 ], "texture": "#fire" },
        "north": { "uv": [ 10, 14, 12, 15 ], "texture": "#fire" },
        "west":  { "uv": [ 3, 14, 5, 15 ], "texture": "#fire" },
        "east":  { "uv": [ 11, 14, 13, 15 ], "texture": "#fire" }
    }
},
{
    "__comment": "Fire",
    "from": [ 8.4375, 1, 2.1875 ],
    "to": [ 10.4375, 2, 4.1875 ],
    "rotation": { "origin": [ 8.4375, 1, 2.1875 ], "axis": "y", "angle": -22.5 },
    "faces": {
        "up":    { "uv": [ 4, 3, 6, 5 ], "texture": "#fire" },
        "north": { "uv": [ 10, 14, 12, 15 ], "texture": "#fire" },
        "west":  { "uv": [ 3, 14, 5, 15 ], "texture": "#fire" },
        "east":  { "uv": [ 11, 14, 13, 15 ], "texture": "#fire" }
    }
},
{
    "__comment": "Fire",
    "from": [ 6.6875, 1, 5.4375 ],
    "to": [ 8.6875, 2, 7.4375 ],
    "rotation": { "origin": [ 6.6875, 1, 5.4375 ], "axis": "y", "angle": 22.5 },
    "faces": {
        "up":    { "uv": [ 4, 3, 6, 5 ], "texture": "#fire" },
        "north": { "uv": [ 10, 14, 12, 15 ], "texture": "#fire" },
        "west":  { "uv": [ 3, 14, 5, 15 ], "texture": "#fire" },
        "east":  { "uv": [ 11, 14, 13, 15 ], "texture": "#fire" }
    }
},
{
    "__comment": "Fire",
    "from": [ 8.0625, 2, 6.5 ],
    "to": [ 10.0625, 3, 8.5 ],
    "rotation": { "origin": [ 8.0625, 2, 6.5 ], "axis": "y", "angle": 45 },
    "faces": {
        "up":    { "uv": [ 4, 3, 6, 5 ], "texture": "#fire" },
        "north": { "uv": [ 10, 14, 12, 15 ], "texture": "#fire" },
        "east":  { "uv": [ 11, 14, 13, 15 ], "texture": "#fire" }
    }
},
{
    "__comment": "Stone",
    "from": [ 0.5, 0.5, 0.5 ],
    "to": [ 15.5, 8, 15.5 ],
    "faces": {
        "down":  { "uv": [ 15.5, 15.5, 0.5, 0.5 ], "texture": "#stone" },
        "up":    { "uv": [ 0.5, 0.5, 15.5, 15.5 ], "texture": "#cobblestone" },
        "south": { "uv": [ 0.5, 8, 15.5, 15.5 ], "texture": "#stone" },
        "west":  { "uv": [ 0.5, 8, 15.5, 15.5 ], "texture": "#stone" },
        "east":  { "uv": [ 0.5, 8, 15.5, 15.5 ], "texture": "#stone" }
    }
},
{
    "__comment": "Stone",
    "from": [ 1.5, 1, 11 ],
    "to": [ 14.5, 7.5, 11.5 ],
    "faces": {
        "north": { "uv": [ 1.5, 8.5, 14.5, 15 ], "texture": "#stone" }
    }
},
{
    "__comment": "Stone",
    "from": [ 1, 1, 0.5 ],
    "to": [ 2, 8, 11 ],
    "faces": {
        "north": { "uv": [ 14, 8, 15, 15 ], "texture": "#stone" },
        "east":  { "uv": [ 5, 8, 15.5, 15 ], "texture": "#stone" }
    }
},
{
    "__comment": "Stone",
    "from": [ 2, 4, 0.5 ],
    "to": [ 3, 5, 11 ],
    "faces": {
        "down":  { "uv": [ 14, 11, 13, 0.5 ], "texture": "#stone" },
        "north": { "uv": [ 13, 11, 14, 12 ], "texture": "#stone" },
        "east":  { "uv": [ 5, 11, 15.5, 12 ], "texture": "#stone" }
    }
},
{
    "__comment": "Stone",
    "from": [ 14, 1, 0.5 ],
    "to": [ 15, 8, 11 ],
    "faces": {
        "north": { "uv": [ 1, 8, 2, 15 ], "texture": "#stone" },
        "west":  { "uv": [ 0.5, 8, 11, 15 ], "texture": "#stone" }
    }
},
{
    "__comment": "Stone",
    "from": [ 13, 4, 0.5 ],
    "to": [ 14, 5, 11 ],
    "faces": {
        "down":  { "uv": [ 3, 11, 2, 0.5 ], "texture": "#stone" },
        "north": { "uv": [ 2, 11, 3, 12 ], "texture": "#stone" },
        "west":  { "uv": [ 0.5, 11, 11, 12 ], "texture": "#stone" }
    }
},
{
    "__comment": "Stone",
    "from": [ 2, 5, 0.5 ],
    "to": [ 4, 7, 11 ],
    "faces": {
        "down":  { "uv": [ 14, 11, 12, 0.5 ], "texture": "#stone" },
        "north": { "uv": [ 12, 9, 14, 11 ], "texture": "#stone" },
        "east":  { "uv": [ 5, 9, 15.5, 11 ], "texture": "#stone" }
    }
},
{
    "__comment": "Stone",
    "from": [ 12, 5, 0.5 ],
    "to": [ 14, 7, 11 ],
    "faces": {
        "down":  { "uv": [ 4, 11, 2, 0.5 ], "texture": "#stone" },
        "north": { "uv": [ 2, 9, 4, 11 ], "texture": "#stone" },
        "west":  { "uv": [ 0.5, 9, 11, 11 ], "texture": "#stone" }
    }
},
{
    "__comment": "Stone",
    "from": [ 4, 6, 0.5 ],
    "to": [ 6, 7, 11 ],
    "faces": {
        "down":  { "uv": [ 12, 11, 10, 0.5 ], "texture": "#stone" },
        "north": { "uv": [ 10, 9, 12, 10 ], "texture": "#stone" },
        "east":  { "uv": [ 5, 9, 15.5, 10 ], "texture": "#stone" }
    }
},
{
    "__comment": "Stone",
    "from": [ 10, 6, 0.5 ],
    "to": [ 12, 7, 11 ],
    "faces": {
        "down":  { "uv": [ 6, 11, 4, 0.5 ], "texture": "#stone" },
        "north": { "uv": [ 4, 9, 6, 10 ], "texture": "#stone" },
        "west":  { "uv": [ 0.5, 9, 11, 10 ], "texture": "#stone" }
    }
},
{
    "__comment": "Stone",
    "from": [ 2, 7, 0.5 ],
    "to": [ 14, 8, 11 ],
    "faces": {
        "down":  { "uv": [ 14, 11, 2, 0.5 ], "texture": "#stone" },
        "north": { "uv": [ 2, 8, 14, 9 ], "texture": "#stone" }
    }
},
{
    "__comment": "Stone",
    "from": [ 2, 0.5, 1 ],
    "to": [ 14, 1, 11 ],
    "faces": {
        "up":    { "uv": [ 2, 1, 14, 11 ], "texture": "#stone" }
    }
}
],
"display": {
    "thirdperson_righthand": {
        "rotation": [ 70, 0, 0 ],
        "translation": [ 0, 1, 0 ],
        "scale": [ 0.25, 0.25, 0.25 ]
    },
    "thirdperson_lefthand": {
        "rotation": [ 70, 0, 0 ],
        "translation": [ 0, 1, 0 ],
        "scale": [ 0.25, 0.25, 0.25 ]
    },
    "head": {
        "rotation": [ 0, 0, 0 ],
        "translation": [ 0, 0, 0 ],
        "scale": [ 1, 1, 1 ]
    },
    "ground": {
        "rotation": [ 0, 0, 0 ],
        "translation": [ 0, 3, 0 ],
        "scale": [ 0.25, 0.25, 0.25 ]
    },
    "fixed": {
        "rotation": [ 0, 0, 0 ],
        "translation": [ 0, 0, 0 ],
        "scale": [ 0.5, 0.5, 0.5 ]
    },
    "firstperson_righthand": {
        "rotation": [ 0, 0, 0 ],
        "translation": [ 0, 0, 0 ],
        "scale": [ 0.25, 0.25, 0.25 ]
    },
    "firstperson_lefthand": {
        "rotation": [ 0, 0, 0 ],
        "translation": [ 0, 0, 0 ],
        "scale": [ 0.25, 0.25, 0.25 ]
    },
    "gui": {
        "rotation": [ 30, -135, 0 ],
        "translation": [ 0, 0, 0 ],
        "scale": [ 0.65, 0.65, 0.65 ]
    }
}
}