{
"__comment": "Designed by Sibsib92 with BDcraft Cubik PRO 0.95 Beta - http://bdcraft.net",
"ambientocclusion": false,
"textures": {
    "particle": "blocks/glass",
    "texture": "blocks/planks_oak"
},
"elements": [ 
{
    "__comment": "Wood",
    "from": [ 7, 15.5, 7 ],
    "to": [ 9, 16, 9 ],
    "faces": {
        "down":  { "uv": [ 8.999, 8.999, 7.001, 7.001 ], "texture": "#texture" },
        "up":    { "uv": [ 7.001, 7.001, 8.999, 8.999 ], "texture": "#texture" },
        "north": { "uv": [ 7.001, 0.001, 8.999, 0.499 ], "texture": "#texture" },
        "south": { "uv": [ 7.001, 0.001, 8.999, 0.499 ], "texture": "#texture" },
        "west":  { "uv": [ 7.001, 0.001, 8.999, 0.499 ], "texture": "#texture" },
        "east":  { "uv": [ 7.001, 0.001, 8.999, 0.499 ], "texture": "#texture" }
    }
},
{
    "__comment": "Wood",
    "from": [ 7, 0, 7 ],
    "to": [ 9, 0.5, 9 ],
    "faces": {
        "down":  { "uv": [ 8.999, 8.999, 7.001, 7.001 ], "texture": "#texture" },
        "up":    { "uv": [ 7.001, 7.001, 8.999, 8.999 ], "texture": "#texture" },
        "north": { "uv": [ 7.001, 15.501, 8.999, 15.999 ], "texture": "#texture" },
        "south": { "uv": [ 7.001, 15.501, 8.999, 15.999 ], "texture": "#texture" },
        "west":  { "uv": [ 7.001, 15.501, 8.999, 15.999 ], "texture": "#texture" },
        "east":  { "uv": [ 7.001, 15.501, 8.999, 15.999 ], "texture": "#texture" }
    }
}
]
}