{
"__comment": "Designed by Sibsib92 with BDcraft Cubik PRO 0.96 Beta - http://bdcraft.net",
"textures": {
    "particle": "blocks/gold_ore",
    "texture": "blocks/stone",
    "ore": "blocks/gold_block"
},
"elements": [ 
{
    "__comment": "Stone",
    "from": [ 0, 0, 0 ],
    "to": [ 16, 16, 16 ],
    "faces": {
        "down":  { "uv": [ 15.999, 15.999, 0.001, 0.001 ], "texture": "#texture" },
        "up":    { "uv": [ 0.001, 0.001, 15.999, 15.999 ], "texture": "#texture" },
        "north": { "uv": [ 15.999, 0.001, 0.001, 15.999 ], "texture": "#texture" },
        "south": { "uv": [ 0.001, 0.001, 15.999, 15.999 ], "texture": "#texture" },
        "west":  { "uv": [ 0.001, 0.001, 15.999, 15.999 ], "texture": "#texture" },
        "east":  { "uv": [ 15.999, 0.001, 0.001, 15.999 ], "texture": "#texture" }
    }
},
{
    "__comment": "Ore UD",
    "from": [ 12, -0.5, 2 ],
    "to": [ 14, 16.5, 3 ],
    "faces": {
        "down":  { "uv": [ 3.999, 2.999, 2.001, 2.001 ], "texture": "#ore" },
        "up":    { "uv": [ 12.001, 2.001, 13.999, 2.999 ], "texture": "#ore" },
        "north": { "uv": [ 13.999, 0.001, 12.001, 15.999 ], "texture": "#ore" },
        "south": { "uv": [ 12.001, 0.001, 13.999, 15.999 ], "texture": "#ore" },
        "west":  { "uv": [ 2.001, 0.001, 2.999, 15.999 ], "texture": "#ore" },
        "east":  { "uv": [ 2.999, 0.001, 2.001, 15.999 ], "texture": "#ore" }
    }
},
{
    "__comment": "Ore UD",
    "from": [ 7, -0.5, 3 ],
    "to": [ 9, 16.5, 4 ],
    "faces": {
        "down":  { "uv": [ 8.999, 3.999, 7.001, 3.001 ], "texture": "#ore" },
        "up":    { "uv": [ 7.001, 3.001, 8.999, 3.999 ], "texture": "#ore" },
        "north": { "uv": [ 8.999, 0.001, 7.001, 15.999 ], "texture": "#ore" },
        "south": { "uv": [ 7.001, 0.001, 8.999, 15.999 ], "texture": "#ore" },
        "west":  { "uv": [ 3.001, 0.001, 3.999, 15.999 ], "texture": "#ore" },
        "east":  { "uv": [ 3.999, 0.001, 3.001, 15.999 ], "texture": "#ore" }
    }
},
{
    "__comment": "Ore UD",
    "from": [ 5, -0.5, 5 ],
    "to": [ 7, 16.5, 6 ],
    "faces": {
        "down":  { "uv": [ 10.999, 5.999, 9.001, 5.001 ], "texture": "#ore" },
        "up":    { "uv": [ 5.001, 5.001, 6.999, 5.999 ], "texture": "#ore" },
        "north": { "uv": [ 6.999, 0.001, 5.001, 15.999 ], "texture": "#ore" },
        "west":  { "uv": [ 5.001, 0.001, 5.999, 15.999 ], "texture": "#ore" },
        "east":  { "uv": [ 5.999, 0.001, 5.001, 15.999 ], "texture": "#ore" }
    }
},
{
    "__comment": "Ore UD",
    "from": [ 10, -0.5, 5 ],
    "to": [ 12, 16.5, 7 ],
    "faces": {
        "down":  { "uv": [ 5.999, 6.999, 4.001, 5.001 ], "texture": "#ore" },
        "up":    { "uv": [ 10.001, 5.001, 11.999, 6.999 ], "texture": "#ore" },
        "north": { "uv": [ 11.999, 0.001, 10.001, 15.999 ], "texture": "#ore" },
        "south": { "uv": [ 10.001, 0.001, 11.999, 15.999 ], "texture": "#ore" },
        "west":  { "uv": [ 5.001, 0.001, 6.999, 15.999 ], "texture": "#ore" },
        "east":  { "uv": [ 6.999, 0.001, 5.001, 15.999 ], "texture": "#ore" }
    }
},
{
    "__comment": "Ore UD",
    "from": [ 3, -0.5, 6 ],
    "to": [ 8, 16.5, 7 ],
    "faces": {
        "down":  { "uv": [ 12.999, 6.999, 8.001, 6.001 ], "texture": "#ore" },
        "up":    { "uv": [ 3.001, 6.001, 7.999, 6.999 ], "texture": "#ore" },
        "north": { "uv": [ 7.999, 0.001, 3.001, 15.999 ], "texture": "#ore" },
        "south": { "uv": [ 3.001, 0.001, 7.999, 15.999 ], "texture": "#ore" },
        "west":  { "uv": [ 6.001, 0.001, 6.999, 15.999 ], "texture": "#ore" },
        "east":  { "uv": [ 6.999, 0.001, 6.001, 15.999 ], "texture": "#ore" }
    }
},
{
    "__comment": "Ore UD",
    "from": [ 7, -0.5, 9 ],
    "to": [ 11, 16.5, 10 ],
    "faces": {
        "down":  { "uv": [ 8.999, 9.999, 5.001, 9.001 ], "texture": "#ore" },
        "up":    { "uv": [ 7.001, 9.001, 10.999, 9.999 ], "texture": "#ore" },
        "north": { "uv": [ 10.999, 0.001, 7.001, 15.999 ], "texture": "#ore" },
        "south": { "uv": [ 7.001, 0.001, 10.999, 15.999 ], "texture": "#ore" },
        "west":  { "uv": [ 9.001, 0.001, 9.999, 15.999 ], "texture": "#ore" },
        "east":  { "uv": [ 9.999, 0.001, 9.001, 15.999 ], "texture": "#ore" }
    }
},
{
    "__comment": "Ore UD",
    "from": [ 8, -0.5, 8 ],
    "to": [ 10, 16.5, 9 ],
    "faces": {
        "down":  { "uv": [ 7.999, 8.999, 6.001, 8.001 ], "texture": "#ore" },
        "up":    { "uv": [ 8.001, 8.001, 9.999, 8.999 ], "texture": "#ore" },
        "north": { "uv": [ 9.999, 0.001, 8.001, 15.999 ], "texture": "#ore" },
        "west":  { "uv": [ 8.001, 0.001, 8.999, 15.999 ], "texture": "#ore" },
        "east":  { "uv": [ 8.999, 0.001, 8.001, 15.999 ], "texture": "#ore" }
    }
},
{
    "__comment": "Ore UD",
    "from": [ 11, -0.5, 11 ],
    "to": [ 13, 16.5, 12 ],
    "faces": {
        "down":  { "uv": [ 4.999, 11.999, 3.001, 11.001 ], "texture": "#ore" },
        "up":    { "uv": [ 11.001, 11.001, 12.999, 11.999 ], "texture": "#ore" },
        "north": { "uv": [ 12.999, 0.001, 11.001, 15.999 ], "texture": "#ore" },
        "west":  { "uv": [ 11.001, 0.001, 11.999, 15.999 ], "texture": "#ore" },
        "east":  { "uv": [ 11.999, 0.001, 11.001, 15.999 ], "texture": "#ore" }
    }
},
{
    "__comment": "Ore UD",
    "from": [ 8, -0.5, 12 ],
    "to": [ 14, 16.5, 13 ],
    "faces": {
        "down":  { "uv": [ 7.999, 12.999, 2.001, 12.001 ], "texture": "#ore" },
        "up":    { "uv": [ 8.001, 12.001, 13.999, 12.999 ], "texture": "#ore" },
        "north": { "uv": [ 13.999, 0.001, 8.001, 15.999 ], "texture": "#ore" },
        "south": { "uv": [ 8.001, 0.001, 13.999, 15.999 ], "texture": "#ore" },
        "west":  { "uv": [ 12.001, 0.001, 12.999, 15.999 ], "texture": "#ore" },
        "east":  { "uv": [ 12.999, 0.001, 12.001, 15.999 ], "texture": "#ore" }
    }
},
{
    "__comment": "Ore UD",
    "from": [ 9, -0.5, 13 ],
    "to": [ 11, 16.5, 14 ],
    "faces": {
        "down":  { "uv": [ 6.999, 13.999, 5.001, 13.001 ], "texture": "#ore" },
        "up":    { "uv": [ 9.001, 13.001, 10.999, 13.999 ], "texture": "#ore" },
        "south": { "uv": [ 9.001, 0.001, 10.999, 15.999 ], "texture": "#ore" },
        "west":  { "uv": [ 13.001, 0.001, 13.999, 15.999 ], "texture": "#ore" },
        "east":  { "uv": [ 13.999, 0.001, 13.001, 15.999 ], "texture": "#ore" }
    }
},
{
    "__comment": "Ore UD",
    "from": [ 1, -0.5, 8 ],
    "to": [ 3, 16.5, 9 ],
    "faces": {
        "down":  { "uv": [ 14.999, 8.999, 13.001, 8.001 ], "texture": "#ore" },
        "up":    { "uv": [ 1.001, 8.001, 2.999, 8.999 ], "texture": "#ore" },
        "north": { "uv": [ 2.999, 0.001, 1.001, 15.999 ], "texture": "#ore" },
        "south": { "uv": [ 1.001, 0.001, 2.999, 15.999 ], "texture": "#ore" },
        "west":  { "uv": [ 8.001, 0.001, 8.999, 15.999 ], "texture": "#ore" },
        "east":  { "uv": [ 8.999, 0.001, 8.001, 15.999 ], "texture": "#ore" }
    }
},
{
    "__comment": "Ore UD",
    "from": [ 4, -0.5, 10 ],
    "to": [ 5, 16.5, 11 ],
    "faces": {
        "down":  { "uv": [ 11.999, 10.999, 11.001, 10.001 ], "texture": "#ore" },
        "up":    { "uv": [ 4.001, 10.001, 4.999, 10.999 ], "texture": "#ore" },
        "north": { "uv": [ 4.999, 0.001, 4.001, 15.999 ], "texture": "#ore" },
        "south": { "uv": [ 4.001, 0.001, 4.999, 15.999 ], "texture": "#ore" },
        "west":  { "uv": [ 10.001, 0.001, 10.999, 15.999 ], "texture": "#ore" },
        "east":  { "uv": [ 10.999, 0.001, 10.001, 15.999 ], "texture": "#ore" }
    }
},
{
    "__comment": "Ore UD",
    "from": [ 3, -0.5, 13 ],
    "to": [ 5, 16.5, 14 ],
    "faces": {
        "down":  { "uv": [ 12.999, 13.999, 11.001, 13.001 ], "texture": "#ore" },
        "up":    { "uv": [ 3.001, 13.001, 4.999, 13.999 ], "texture": "#ore" },
        "north": { "uv": [ 4.999, 0.001, 3.001, 15.999 ], "texture": "#ore" },
        "south": { "uv": [ 3.001, 0.001, 4.999, 15.999 ], "texture": "#ore" },
        "west":  { "uv": [ 13.001, 0.001, 13.999, 15.999 ], "texture": "#ore" },
        "east":  { "uv": [ 13.999, 0.001, 13.001, 15.999 ], "texture": "#ore" }
    }
},
{
    "__comment": "Ore UD",
    "from": [ 4, -0.5, 2 ],
    "to": [ 5, 16.5, 3 ],
    "faces": {
        "down":  { "uv": [ 11.999, 2.999, 11.001, 2.001 ], "texture": "#ore" },
        "up":    { "uv": [ 4.001, 2.001, 4.999, 2.999 ], "texture": "#ore" },
        "north": { "uv": [ 4.999, 0.001, 4.001, 15.999 ], "texture": "#ore" },
        "south": { "uv": [ 4.001, 0.001, 4.999, 15.999 ], "texture": "#ore" },
        "west":  { "uv": [ 2.001, 0.001, 2.999, 15.999 ], "texture": "#ore" },
        "east":  { "uv": [ 2.999, 0.001, 2.001, 15.999 ], "texture": "#ore" }
    }
},
{
    "__comment": "Ore NS",
    "from": [ 12, 13, -0.5 ],
    "to": [ 14, 14, 16.5 ],
    "faces": {
        "down":  { "uv": [ 3.999, 15.999, 2.001, 0.001 ], "texture": "#ore" },
        "up":    { "uv": [ 12.001, 0.001, 13.999, 15.999 ], "texture": "#ore" },
        "north": { "uv": [ 13.999, 2.001, 12.001, 2.999 ], "texture": "#ore" },
        "south": { "uv": [ 12.001, 2.001, 13.999, 2.999 ], "texture": "#ore" },
        "west":  { "uv": [ 0.001, 2.001, 15.999, 2.999 ], "texture": "#ore" },
        "east":  { "uv": [ 15.999, 2.001, 0.001, 2.999 ], "texture": "#ore" }
    }
},
{
    "__comment": "Ore NS",
    "from": [ 7, 12, -0.5 ],
    "to": [ 9, 13, 16.5 ],
    "faces": {
        "down":  { "uv": [ 8.999, 15.999, 7.001, 0.001 ], "texture": "#ore" },
        "up":    { "uv": [ 7.001, 0.001, 8.999, 15.999 ], "texture": "#ore" },
        "north": { "uv": [ 8.999, 3.001, 7.001, 3.999 ], "texture": "#ore" },
        "south": { "uv": [ 7.001, 3.001, 8.999, 3.999 ], "texture": "#ore" },
        "west":  { "uv": [ 0.001, 3.001, 15.999, 3.999 ], "texture": "#ore" },
        "east":  { "uv": [ 15.999, 3.001, 0.001, 3.999 ], "texture": "#ore" }
    }
},
{
    "__comment": "Ore NS",
    "from": [ 5, 10, -0.5 ],
    "to": [ 7, 11, 16.5 ],
    "faces": {
        "up":    { "uv": [ 5.001, 0.001, 6.999, 15.999 ], "texture": "#ore" },
        "north": { "uv": [ 6.999, 5.001, 5.001, 5.999 ], "texture": "#ore" },
        "south": { "uv": [ 5.001, 5.001, 6.999, 5.999 ], "texture": "#ore" },
        "west":  { "uv": [ 0.001, 5.001, 15.999, 5.999 ], "texture": "#ore" },
        "east":  { "uv": [ 15.999, 5.001, 0.001, 5.999 ], "texture": "#ore" }
    }
},
{
    "__comment": "Ore NS",
    "from": [ 10, 9, -0.5 ],
    "to": [ 12, 11, 16.5 ],
    "faces": {
        "down":  { "uv": [ 5.999, 15.999, 4.001, 0.001 ], "texture": "#ore" },
        "up":    { "uv": [ 10.001, 0.001, 11.999, 15.999 ], "texture": "#ore" },
        "north": { "uv": [ 11.999, 5.001, 10.001, 6.999 ], "texture": "#ore" },
        "south": { "uv": [ 10.001, 5.001, 11.999, 6.999 ], "texture": "#ore" },
        "west":  { "uv": [ 0.001, 5.001, 15.999, 6.999 ], "texture": "#ore" },
        "east":  { "uv": [ 15.999, 5.001, 0.001, 6.999 ], "texture": "#ore" }
    }
},
{
    "__comment": "Ore NS",
    "from": [ 3, 9, -0.5 ],
    "to": [ 8, 10, 16.5 ],
    "faces": {
        "down":  { "uv": [ 12.999, 15.999, 8.001, 0.001 ], "texture": "#ore" },
        "up":    { "uv": [ 3.001, 0.001, 7.999, 15.999 ], "texture": "#ore" },
        "north": { "uv": [ 7.999, 6.001, 3.001, 6.999 ], "texture": "#ore" },
        "south": { "uv": [ 3.001, 6.001, 7.999, 6.999 ], "texture": "#ore" },
        "west":  { "uv": [ 0.001, 6.001, 15.999, 6.999 ], "texture": "#ore" },
        "east":  { "uv": [ 15.999, 6.001, 0.001, 6.999 ], "texture": "#ore" }
    }
},
{
    "__comment": "Ore NS",
    "from": [ 7, 6, -0.5 ],
    "to": [ 11, 7, 16.5 ],
    "faces": {
        "down":  { "uv": [ 8.999, 15.999, 5.001, 0.001 ], "texture": "#ore" },
        "up":    { "uv": [ 7.001, 0.001, 10.999, 15.999 ], "texture": "#ore" },
        "north": { "uv": [ 10.999, 9.001, 7.001, 9.999 ], "texture": "#ore" },
        "south": { "uv": [ 7.001, 9.001, 10.999, 9.999 ], "texture": "#ore" },
        "west":  { "uv": [ 0.001, 9.001, 15.999, 9.999 ], "texture": "#ore" },
        "east":  { "uv": [ 15.999, 9.001, 0.001, 9.999 ], "texture": "#ore" }
    }
},
{
    "__comment": "Ore NS",
    "from": [ 8, 7, -0.5 ],
    "to": [ 10, 8, 16.5 ],
    "faces": {
        "up":    { "uv": [ 8.001, 0.001, 9.999, 15.999 ], "texture": "#ore" },
        "north": { "uv": [ 9.999, 8.001, 8.001, 8.999 ], "texture": "#ore" },
        "south": { "uv": [ 8.001, 8.001, 9.999, 8.999 ], "texture": "#ore" },
        "west":  { "uv": [ 0.001, 8.001, 15.999, 8.999 ], "texture": "#ore" },
        "east":  { "uv": [ 15.999, 8.001, 0.001, 8.999 ], "texture": "#ore" }
    }
},
{
    "__comment": "Ore NS",
    "from": [ 11, 4, -0.5 ],
    "to": [ 13, 5, 16.5 ],
    "faces": {
        "up":    { "uv": [ 11.001, 0.001, 12.999, 15.999 ], "texture": "#ore" },
        "north": { "uv": [ 12.999, 11.001, 11.001, 11.999 ], "texture": "#ore" },
        "south": { "uv": [ 11.001, 11.001, 12.999, 11.999 ], "texture": "#ore" },
        "west":  { "uv": [ 0.001, 11.001, 15.999, 11.999 ], "texture": "#ore" },
        "east":  { "uv": [ 15.999, 11.001, 0.001, 11.999 ], "texture": "#ore" }
    }
},
{
    "__comment": "Ore NS",
    "from": [ 8, 3, -0.5 ],
    "to": [ 14, 4, 16.5 ],
    "faces": {
        "down":  { "uv": [ 7.999, 15.999, 2.001, 0.001 ], "texture": "#ore" },
        "up":    { "uv": [ 8.001, 0.001, 13.999, 15.999 ], "texture": "#ore" },
        "north": { "uv": [ 13.999, 12.001, 8.001, 12.999 ], "texture": "#ore" },
        "south": { "uv": [ 8.001, 12.001, 13.999, 12.999 ], "texture": "#ore" },
        "west":  { "uv": [ 0.001, 12.001, 15.999, 12.999 ], "texture": "#ore" },
        "east":  { "uv": [ 15.999, 12.001, 0.001, 12.999 ], "texture": "#ore" }
    }
},
{
    "__comment": "Ore NS",
    "from": [ 9, 2, -0.5 ],
    "to": [ 11, 3, 16.5 ],
    "faces": {
        "down":  { "uv": [ 6.999, 15.999, 5.001, 0.001 ], "texture": "#ore" },
        "north": { "uv": [ 10.999, 13.001, 9.001, 13.999 ], "texture": "#ore" },
        "south": { "uv": [ 9.001, 13.001, 10.999, 13.999 ], "texture": "#ore" },
        "west":  { "uv": [ 0.001, 13.001, 15.999, 13.999 ], "texture": "#ore" },
        "east":  { "uv": [ 15.999, 13.001, 0.001, 13.999 ], "texture": "#ore" }
    }
},
{
    "__comment": "Ore NS",
    "from": [ 1, 7, -0.5 ],
    "to": [ 3, 8, 16.5 ],
    "faces": {
        "down":  { "uv": [ 14.999, 15.999, 13.001, 0.001 ], "texture": "#ore" },
        "up":    { "uv": [ 1.001, 0.001, 2.999, 15.999 ], "texture": "#ore" },
        "north": { "uv": [ 2.999, 8.001, 1.001, 8.999 ], "texture": "#ore" },
        "south": { "uv": [ 1.001, 8.001, 2.999, 8.999 ], "texture": "#ore" },
        "west":  { "uv": [ 0.001, 8.001, 15.999, 8.999 ], "texture": "#ore" },
        "east":  { "uv": [ 15.999, 8.001, 0.001, 8.999 ], "texture": "#ore" }
    }
},
{
    "__comment": "Ore NS",
    "from": [ 4, 5, -0.5 ],
    "to": [ 5, 6, 16.5 ],
    "faces": {
        "down":  { "uv": [ 11.999, 15.999, 11.001, 0.001 ], "texture": "#ore" },
        "up":    { "uv": [ 4.001, 0.001, 4.999, 15.999 ], "texture": "#ore" },
        "north": { "uv": [ 4.999, 10.001, 4.001, 10.999 ], "texture": "#ore" },
        "south": { "uv": [ 4.001, 10.001, 4.999, 10.999 ], "texture": "#ore" },
        "west":  { "uv": [ 0.001, 10.001, 15.999, 10.999 ], "texture": "#ore" },
        "east":  { "uv": [ 15.999, 10.001, 0.001, 10.999 ], "texture": "#ore" }
    }
},
{
    "__comment": "Ore NS",
    "from": [ 3, 2, -0.5 ],
    "to": [ 5, 3, 16.5 ],
    "faces": {
        "down":  { "uv": [ 12.999, 15.999, 11.001, 0.001 ], "texture": "#ore" },
        "up":    { "uv": [ 3.001, 0.001, 4.999, 15.999 ], "texture": "#ore" },
        "north": { "uv": [ 4.999, 13.001, 3.001, 13.999 ], "texture": "#ore" },
        "south": { "uv": [ 3.001, 13.001, 4.999, 13.999 ], "texture": "#ore" },
        "west":  { "uv": [ 0.001, 13.001, 15.999, 13.999 ], "texture": "#ore" },
        "east":  { "uv": [ 15.999, 13.001, 0.001, 13.999 ], "texture": "#ore" }
    }
},
{
    "__comment": "Ore NS",
    "from": [ 4, 13, -0.5 ],
    "to": [ 5, 14, 16.5 ],
    "faces": {
        "down":  { "uv": [ 11.999, 15.999, 11.001, 0.001 ], "texture": "#ore" },
        "up":    { "uv": [ 4.001, 0.001, 4.999, 15.999 ], "texture": "#ore" },
        "north": { "uv": [ 4.999, 2.001, 4.001, 2.999 ], "texture": "#ore" },
        "south": { "uv": [ 4.001, 2.001, 4.999, 2.999 ], "texture": "#ore" },
        "west":  { "uv": [ 0.001, 2.001, 15.999, 2.999 ], "texture": "#ore" },
        "east":  { "uv": [ 15.999, 2.001, 0.001, 2.999 ], "texture": "#ore" }
    }
},
{
    "__comment": "Ore EW",
    "from": [ -0.5, 13, 12 ],
    "to": [ 16.5, 14, 14 ],
    "faces": {
        "down":  { "uv": [ 15.999, 13.999, 0.001, 12.001 ], "texture": "#ore" },
        "up":    { "uv": [ 0.001, 12.001, 15.999, 13.999 ], "texture": "#ore" },
        "north": { "uv": [ 15.999, 2.001, 0.001, 2.999 ], "texture": "#ore" },
        "south": { "uv": [ 0.001, 2.001, 15.999, 2.999 ], "texture": "#ore" },
        "west":  { "uv": [ 12.001, 2.001, 13.999, 2.999 ], "texture": "#ore" },
        "east":  { "uv": [ 13.999, 2.001, 12.001, 2.999 ], "texture": "#ore" }
    }
},
{
    "__comment": "Ore EW",
    "from": [ -0.5, 12, 7 ],
    "to": [ 16.5, 13, 9 ],
    "faces": {
        "down":  { "uv": [ 15.999, 8.999, 0.001, 7.001 ], "texture": "#ore" },
        "up":    { "uv": [ 0.001, 7.001, 15.999, 8.999 ], "texture": "#ore" },
        "north": { "uv": [ 15.999, 3.001, 0.001, 3.999 ], "texture": "#ore" },
        "south": { "uv": [ 0.001, 3.001, 15.999, 3.999 ], "texture": "#ore" },
        "west":  { "uv": [ 7.001, 3.001, 8.999, 3.999 ], "texture": "#ore" },
        "east":  { "uv": [ 8.999, 3.001, 7.001, 3.999 ], "texture": "#ore" }
    }
},
{
    "__comment": "Ore EW",
    "from": [ -0.5, 10, 5 ],
    "to": [ 16.5, 11, 7 ],
    "faces": {
        "up":    { "uv": [ 0.001, 5.001, 15.999, 6.999 ], "texture": "#ore" },
        "north": { "uv": [ 15.999, 5.001, 0.001, 5.999 ], "texture": "#ore" },
        "south": { "uv": [ 0.001, 5.001, 15.999, 5.999 ], "texture": "#ore" },
        "west":  { "uv": [ 5.001, 5.001, 6.999, 5.999 ], "texture": "#ore" },
        "east":  { "uv": [ 6.999, 5.001, 5.001, 5.999 ], "texture": "#ore" }
    }
},
{
    "__comment": "Ore EW",
    "from": [ -0.5, 9, 10 ],
    "to": [ 16.5, 11, 12 ],
    "faces": {
        "down":  { "uv": [ 15.999, 11.999, 0.001, 10.001 ], "texture": "#ore" },
        "up":    { "uv": [ 0.001, 10.001, 15.999, 11.999 ], "texture": "#ore" },
        "north": { "uv": [ 15.999, 5.001, 0.001, 6.999 ], "texture": "#ore" },
        "south": { "uv": [ 0.001, 5.001, 15.999, 6.999 ], "texture": "#ore" },
        "west":  { "uv": [ 10.001, 5.001, 11.999, 6.999 ], "texture": "#ore" },
        "east":  { "uv": [ 11.999, 5.001, 10.001, 6.999 ], "texture": "#ore" }
    }
},
{
    "__comment": "Ore EW",
    "from": [ -0.5, 9, 3 ],
    "to": [ 16.5, 10, 8 ],
    "faces": {
        "down":  { "uv": [ 15.999, 7.999, 0.001, 3.001 ], "texture": "#ore" },
        "up":    { "uv": [ 0.001, 3.001, 15.999, 7.999 ], "texture": "#ore" },
        "north": { "uv": [ 15.999, 6.001, 0.001, 6.999 ], "texture": "#ore" },
        "south": { "uv": [ 0.001, 6.001, 15.999, 6.999 ], "texture": "#ore" },
        "west":  { "uv": [ 3.001, 6.001, 7.999, 6.999 ], "texture": "#ore" },
        "east":  { "uv": [ 7.999, 6.001, 3.001, 6.999 ], "texture": "#ore" }
    }
},
{
    "__comment": "Ore EW",
    "from": [ -0.5, 6, 7 ],
    "to": [ 16.5, 7, 11 ],
    "faces": {
        "down":  { "uv": [ 15.999, 10.999, 0.001, 7.001 ], "texture": "#ore" },
        "up":    { "uv": [ 0.001, 7.001, 15.999, 10.999 ], "texture": "#ore" },
        "north": { "uv": [ 15.999, 9.001, 0.001, 9.999 ], "texture": "#ore" },
        "south": { "uv": [ 0.001, 9.001, 15.999, 9.999 ], "texture": "#ore" },
        "west":  { "uv": [ 7.001, 9.001, 10.999, 9.999 ], "texture": "#ore" },
        "east":  { "uv": [ 10.999, 9.001, 7.001, 9.999 ], "texture": "#ore" }
    }
},
{
    "__comment": "Ore EW",
    "from": [ -0.5, 7, 8 ],
    "to": [ 16.5, 8, 10 ],
    "faces": {
        "up":    { "uv": [ 0.001, 8.001, 15.999, 9.999 ], "texture": "#ore" },
        "north": { "uv": [ 15.999, 8.001, 0.001, 8.999 ], "texture": "#ore" },
        "south": { "uv": [ 0.001, 8.001, 15.999, 8.999 ], "texture": "#ore" },
        "west":  { "uv": [ 8.001, 8.001, 9.999, 8.999 ], "texture": "#ore" },
        "east":  { "uv": [ 9.999, 8.001, 8.001, 8.999 ], "texture": "#ore" }
    }
},
{
    "__comment": "Ore EW",
    "from": [ -0.5, 4, 11 ],
    "to": [ 16.5, 5, 13 ],
    "faces": {
        "up":    { "uv": [ 0.001, 11.001, 15.999, 12.999 ], "texture": "#ore" },
        "north": { "uv": [ 15.999, 11.001, 0.001, 11.999 ], "texture": "#ore" },
        "south": { "uv": [ 0.001, 11.001, 15.999, 11.999 ], "texture": "#ore" },
        "west":  { "uv": [ 11.001, 11.001, 12.999, 11.999 ], "texture": "#ore" },
        "east":  { "uv": [ 12.999, 11.001, 11.001, 11.999 ], "texture": "#ore" }
    }
},
{
    "__comment": "Ore EW",
    "from": [ -0.5, 3, 8 ],
    "to": [ 16.5, 4, 14 ],
    "faces": {
        "down":  { "uv": [ 15.999, 13.999, 0.001, 8.001 ], "texture": "#ore" },
        "up":    { "uv": [ 0.001, 8.001, 15.999, 13.999 ], "texture": "#ore" },
        "north": { "uv": [ 15.999, 12.001, 0.001, 12.999 ], "texture": "#ore" },
        "south": { "uv": [ 0.001, 12.001, 15.999, 12.999 ], "texture": "#ore" },
        "west":  { "uv": [ 8.001, 12.001, 13.999, 12.999 ], "texture": "#ore" },
        "east":  { "uv": [ 13.999, 12.001, 8.001, 12.999 ], "texture": "#ore" }
    }
},
{
    "__comment": "Ore EW",
    "from": [ -0.5, 2, 9 ],
    "to": [ 16.5, 3, 11 ],
    "faces": {
        "down":  { "uv": [ 15.999, 10.999, 0.001, 9.001 ], "texture": "#ore" },
        "north": { "uv": [ 15.999, 13.001, 0.001, 13.999 ], "texture": "#ore" },
        "south": { "uv": [ 0.001, 13.001, 15.999, 13.999 ], "texture": "#ore" },
        "west":  { "uv": [ 9.001, 13.001, 10.999, 13.999 ], "texture": "#ore" },
        "east":  { "uv": [ 10.999, 13.001, 9.001, 13.999 ], "texture": "#ore" }
    }
},
{
    "__comment": "Ore EW",
    "from": [ -0.5, 7, 1 ],
    "to": [ 16.5, 8, 3 ],
    "faces": {
        "down":  { "uv": [ 15.999, 2.999, 0.001, 1.001 ], "texture": "#ore" },
        "up":    { "uv": [ 0.001, 1.001, 15.999, 2.999 ], "texture": "#ore" },
        "north": { "uv": [ 15.999, 8.001, 0.001, 8.999 ], "texture": "#ore" },
        "south": { "uv": [ 0.001, 8.001, 15.999, 8.999 ], "texture": "#ore" },
        "west":  { "uv": [ 1.001, 8.001, 2.999, 8.999 ], "texture": "#ore" },
        "east":  { "uv": [ 2.999, 8.001, 1.001, 8.999 ], "texture": "#ore" }
    }
},
{
    "__comment": "Ore EW",
    "from": [ -0.5, 5, 4 ],
    "to": [ 16.5, 6, 5 ],
    "faces": {
        "down":  { "uv": [ 15.999, 4.999, 0.001, 4.001 ], "texture": "#ore" },
        "up":    { "uv": [ 0.001, 4.001, 15.999, 4.999 ], "texture": "#ore" },
        "north": { "uv": [ 15.999, 10.001, 0.001, 10.999 ], "texture": "#ore" },
        "south": { "uv": [ 0.001, 10.001, 15.999, 10.999 ], "texture": "#ore" },
        "west":  { "uv": [ 4.001, 10.001, 4.999, 10.999 ], "texture": "#ore" },
        "east":  { "uv": [ 4.999, 10.001, 4.001, 10.999 ], "texture": "#ore" }
    }
},
{
    "__comment": "Ore EW",
    "from": [ -0.5, 2, 3 ],
    "to": [ 16.5, 3, 5 ],
    "faces": {
        "down":  { "uv": [ 15.999, 4.999, 0.001, 3.001 ], "texture": "#ore" },
        "up":    { "uv": [ 0.001, 3.001, 15.999, 4.999 ], "texture": "#ore" },
        "north": { "uv": [ 15.999, 13.001, 0.001, 13.999 ], "texture": "#ore" },
        "south": { "uv": [ 0.001, 13.001, 15.999, 13.999 ], "texture": "#ore" },
        "west":  { "uv": [ 3.001, 13.001, 4.999, 13.999 ], "texture": "#ore" },
        "east":  { "uv": [ 4.999, 13.001, 3.001, 13.999 ], "texture": "#ore" }
    }
},
{
    "__comment": "Ore EW",
    "from": [ -0.5, 13, 4 ],
    "to": [ 16.5, 14, 5 ],
    "faces": {
        "down":  { "uv": [ 15.999, 4.999, 0.001, 4.001 ], "texture": "#ore" },
        "up":    { "uv": [ 0.001, 4.001, 15.999, 4.999 ], "texture": "#ore" },
        "north": { "uv": [ 15.999, 2.001, 0.001, 2.999 ], "texture": "#ore" },
        "south": { "uv": [ 0.001, 2.001, 15.999, 2.999 ], "texture": "#ore" },
        "west":  { "uv": [ 4.001, 2.001, 4.999, 2.999 ], "texture": "#ore" },
        "east":  { "uv": [ 4.999, 2.001, 4.001, 2.999 ], "texture": "#ore" }
    }
}
],
"display": {
    "thirdperson_righthand": {
        "rotation": [ 0, 0, 0 ],
        "translation": [ 0, 0, 0 ],
        "scale": [ 0.25, 0.25, 0.25 ]
    },
    "thirdperson_lefthand": {
        "rotation": [ 0, 0, 0 ],
        "translation": [ 0, 0, 0 ],
        "scale": [ 0.25, 0.25, 0.25 ]
    },
    "head": {
        "rotation": [ 0, 0, 0 ],
        "translation": [ 0, 14, 0 ],
        "scale": [ 1, 1, 1 ]
    },
    "ground": {
        "rotation": [ 0, 0, 0 ],
        "translation": [ 0, 3, 0 ],
        "scale": [ 0.25, 0.25, 0.25 ]
    },
    "fixed": {
        "rotation": [ 0, 0, 0 ],
        "translation": [ 0, 0, 0 ],
        "scale": [ 0.5, 0.5, 0.5 ]
    },
    "firstperson_righthand": {
        "rotation": [ 0, 0, 0 ],
        "translation": [ 0, 0, 0 ],
        "scale": [ 0.25, 0.25, 0.25 ]
    },
    "firstperson_lefthand": {
        "rotation": [ 0, 0, 0 ],
        "translation": [ 0, 0, 0 ],
        "scale": [ 0.25, 0.25, 0.25 ]
    },
    "gui": {
        "rotation": [ 30, 45, 0 ],
        "translation": [ 0, 0, 0 ],
        "scale": [ 0.65, 0.65, 0.65 ]
    }
}
}