{
"__comment": "Designed by Sibsib92 with BDcraft Cubik PRO 0.95 Beta - http://bdcraft.net",
"ambientocclusion": false,
"textures": {
    "particle": "blocks/iron_block"
},
"elements": [ 
{
    "__comment": "Iron",
    "from": [ 1, 0, 1 ],
    "to": [ 3, 1, 15 ],
    "faces": {
        "down":  { "uv": [ 14.999, 14.999, 13.001, 1.001 ], "texture": "#particle" },
        "up":    { "uv": [ 1.001, 1.001, 2.999, 14.999 ], "texture": "#particle" },
        "north": { "uv": [ 13.001, 15.001, 14.999, 15.999 ], "texture": "#particle" },
        "south": { "uv": [ 1.001, 15.001, 2.999, 15.999 ], "texture": "#particle" },
        "west":  { "uv": [ 1.001, 15.001, 14.999, 15.999 ], "texture": "#particle" },
        "east":  { "uv": [ 1.001, 15.001, 14.999, 15.999 ], "texture": "#particle" }
    }
},
{
    "__comment": "Iron",
    "from": [ 3, 0, 1 ],
    "to": [ 13, 1, 3 ],
    "faces": {
        "down":  { "uv": [ 12.999, 2.999, 3.001, 1.001 ], "texture": "#particle" },
        "up":    { "uv": [ 3.001, 1.001, 12.999, 2.999 ], "texture": "#particle" },
        "north": { "uv": [ 3.001, 15.001, 12.999, 15.999 ], "texture": "#particle" },
        "south": { "uv": [ 3.001, 15.001, 12.999, 15.999 ], "texture": "#particle" }
    }
},
{
    "__comment": "Iron",
    "from": [ 13, 0, 1 ],
    "to": [ 15, 1, 15 ],
    "faces": {
        "down":  { "uv": [ 2.999, 14.999, 1.001, 1.001 ], "texture": "#particle" },
        "up":    { "uv": [ 13.001, 1.001, 14.999, 14.999 ], "texture": "#particle" },
        "north": { "uv": [ 1.001, 15.001, 2.999, 15.999 ], "texture": "#particle" },
        "south": { "uv": [ 13.001, 15.001, 14.999, 15.999 ], "texture": "#particle" },
        "west":  { "uv": [ 1.001, 15.001, 14.999, 15.999 ], "texture": "#particle" },
        "east":  { "uv": [ 1.001, 15.001, 14.999, 15.999 ], "texture": "#particle" }
    }
},
{
    "__comment": "Iron",
    "from": [ 3, 0, 13 ],
    "to": [ 13, 1, 15 ],
    "faces": {
        "down":  { "uv": [ 12.999, 14.999, 3.001, 13.001 ], "texture": "#particle" },
        "up":    { "uv": [ 3.001, 13.001, 12.999, 14.999 ], "texture": "#particle" },
        "north": { "uv": [ 3.001, 15.001, 12.999, 15.999 ], "texture": "#particle" },
        "south": { "uv": [ 3.001, 15.001, 12.999, 15.999 ], "texture": "#particle" }
    }
},
{
    "__comment": "Iron",
    "from": [ 5, 0, 5 ],
    "to": [ 11, 1, 11 ],
    "faces": {
        "down":  { "uv": [ 10.999, 10.999, 5.001, 5.001 ], "texture": "#particle" },
        "up":    { "uv": [ 5.001, 5.001, 10.999, 10.999 ], "texture": "#particle" },
        "north": { "uv": [ 5.001, 15.001, 10.999, 15.999 ], "texture": "#particle" },
        "south": { "uv": [ 5.001, 15.001, 10.999, 15.999 ], "texture": "#particle" },
        "west":  { "uv": [ 5.001, 15.001, 10.999, 15.999 ], "texture": "#particle" },
        "east":  { "uv": [ 5.001, 15.001, 10.999, 15.999 ], "texture": "#particle" }
    }
}
],
"display": {
    "thirdperson_righthand": {
        "rotation": [ 30, 0, 0 ],
        "translation": [ 0, 3, 0 ],
        "scale": [ 0.5, 0.5, 0.5 ]
    },
    "thirdperson_lefthand": {
        "rotation": [ 30, 0, 0 ],
        "translation": [ 0, 3, 0 ],
        "scale": [ 0.5, 0.5, 0.5 ]
    },
    "head": {
        "rotation": [ 0, 0, 0 ],
        "translation": [ 0, 14, 0 ],
        "scale": [ 1, 1, 1 ]
    },
    "ground": {
        "rotation": [ 0, 0, 0 ],
        "translation": [ 0, 3, 0 ],
        "scale": [ 0.35, 0.35, 0.35 ]
    },
    "fixed": {
        "rotation": [ -90, 0, 0 ],
        "translation": [ 0, 0, -4 ],
        "scale": [ 0.5, 0.5, 0.5 ]
    },
    "firstperson_righthand": {
        "rotation": [ 0, 0, 0 ],
        "translation": [ 0, 3, 0 ],
        "scale": [ 0.25, 0.25, 0.25 ]
    },
    "firstperson_lefthand": {
        "rotation": [ 0, 0, 0 ],
        "translation": [ 0, 3, 0 ],
        "scale": [ 0.25, 0.25, 0.25 ]
    },
    "gui": {
        "rotation": [ 30, 45, 0 ],
        "translation": [ 0, 4, 0 ],
        "scale": [ 0.65, 0.65, 0.65 ]
    }
}
}