{
"__comment": "Designed by Sibsib92 with BDcraft Cubik PRO 0.96 Beta - http://bdcraft.net",
"ambientocclusion": false,
"textures": {
    "particle": "blocks/hopper_inside"
},
"elements": [ 
{
    "__comment": "Main",
    "from": [ 0, 10, 0 ],
    "to": [ 16, 16, 16 ],
    "faces": {
        "down":  { "uv": [ 16, 16, 0, 0 ], "texture": "#particle" },
        "north": { "uv": [ 0, 0, 16, 6 ], "texture": "#particle" },
        "south": { "uv": [ 0, 0, 16, 6 ], "texture": "#particle" },
        "west":  { "uv": [ 0, 0, 16, 6 ], "texture": "#particle" },
        "east":  { "uv": [ 0, 0, 16, 6 ], "texture": "#particle" }
    }
},
{
    "__comment": "Inner",
    "from": [ 4, 10.5, 4 ],
    "to": [ 12, 11, 12 ],
    "faces": {
        "up":    { "uv": [ 4, 4, 12, 12 ], "texture": "#particle" }
    }
},
{
    "__comment": "Sides",
    "from": [ 0, 15, 0 ],
    "to": [ 7, 16, 16 ],
    "rotation": { "origin": [ 0, 16, 0 ], "axis": "z", "angle": -45 },
    "faces": {
        "up":    { "uv": [ 0, 0, 5, 16 ], "texture": "#particle" }
    }
},
{
    "__comment": "Sides",
    "from": [ 11.0625, 10.0625, 0 ],
    "to": [ 18.0625, 11.0625, 16 ],
    "rotation": { "origin": [ 11.0625, 11.0625, 0 ], "axis": "z", "angle": 45 },
    "faces": {
        "up":    { "uv": [ 11, 0, 16, 16 ], "texture": "#particle" }
    }
},
{
    "__comment": "Sides",
    "from": [ 0, 15, 0 ],
    "to": [ 16, 16, 7 ],
    "rotation": { "origin": [ 0, 16, 0 ], "axis": "x", "angle": 45 },
    "faces": {
        "up":    { "uv": [ 0, 0, 16, 5 ], "texture": "#particle" }
    }
},
{
    "__comment": "Sides",
    "from": [ 0, 10.0625, 11.0625 ],
    "to": [ 16, 11.0625, 18.0625 ],
    "rotation": { "origin": [ 0, 11.0625, 11.0625 ], "axis": "x", "angle": -45 },
    "faces": {
        "up":    { "uv": [ 0, 11, 16, 16 ], "texture": "#particle" }
    }
},
{
    "__comment": "Bot",
    "from": [ 4, 4, 4 ],
    "to": [ 12, 10, 12 ],
    "faces": {
        "down":  { "uv": [ 12, 12, 4, 4 ], "texture": "#particle" },
        "north": { "uv": [ 4, 6, 12, 12 ], "texture": "#particle" },
        "south": { "uv": [ 4, 6, 12, 12 ], "texture": "#particle" },
        "west":  { "uv": [ 4, 6, 12, 12 ], "texture": "#particle" },
        "east":  { "uv": [ 4, 6, 12, 12 ], "texture": "#particle" }
    }
},
{
    "__comment": "Bot",
    "from": [ 6, 0, 6 ],
    "to": [ 10, 4, 10 ],
    "faces": {
        "down":  { "uv": [ 10, 10, 6, 6 ], "texture": "#particle" },
        "north": { "uv": [ 6, 12, 10, 16 ], "texture": "#particle" },
        "south": { "uv": [ 6, 12, 10, 16 ], "texture": "#particle" },
        "west":  { "uv": [ 6, 12, 10, 16 ], "texture": "#particle" },
        "east":  { "uv": [ 6, 12, 10, 16 ], "texture": "#particle" }
    }
},
{
    "__comment": "Bot",
    "from": [ 7, -4, 7 ],
    "to": [ 9, 0, 9 ],
    "faces": {
        "down":  { "uv": [ 9, 9, 7, 7 ], "texture": "#particle" },
        "north": { "uv": [ 7, 12, 9, 16 ], "texture": "#particle" },
        "south": { "uv": [ 7, 12, 9, 16 ], "texture": "#particle" },
        "west":  { "uv": [ 7, 12, 9, 16 ], "texture": "#particle" },
        "east":  { "uv": [ 7, 12, 9, 16 ], "texture": "#particle" }
    }
}
]
}