{
"__comment": "Designed by Sibsib92 with BDcraft Cubik PRO 0.96 Beta - http://bdcraft.net",
"ambientocclusion": false,
"textures": {
    "texture": "blocks/iron_block",
    "metal": "blocks/cauldron_inner",
    "particle": "blocks/door_iron_upper"
},
"elements": [ 
{
    "__comment": "Hinge",
    "from": [ -0.25, -1, 15.0625 ],
    "to": [ 3.25, 1, 16.0625 ],
    "faces": {
        "down":  { "uv": [ 3, 1, 0, 0 ], "rotation": 180, "texture": "#metal" },
        "up":    { "uv": [ 0, 0, 3, 1 ], "rotation": 180, "texture": "#metal" },
        "north": { "uv": [ 0, 0, 3, 2 ], "texture": "#metal" },
        "south": { "uv": [ 0, 0, 3, 2 ], "texture": "#metal" },
        "west":  { "uv": [ 0, 0, 1, 2 ], "texture": "#metal" },
        "east":  { "uv": [ 0, 0, 1, 2 ], "texture": "#metal" }
    }
},
{
    "__comment": "Hinge",
    "from": [ -0.25, 10, 15.0625 ],
    "to": [ 3.25, 12, 16.0625 ],
    "faces": {
        "down":  { "uv": [ 3, 1, 0, 0 ], "rotation": 180, "texture": "#metal" },
        "up":    { "uv": [ 0, 0, 3, 1 ], "rotation": 180, "texture": "#metal" },
        "north": { "uv": [ 0, 0, 3, 2 ], "texture": "#metal" },
        "south": { "uv": [ 0, 0, 3, 2 ], "texture": "#metal" },
        "west":  { "uv": [ 0, 0, 1, 2 ], "texture": "#metal" },
        "east":  { "uv": [ 0, 0, 1, 2 ], "texture": "#metal" }
    }
},
{
    "__comment": "Top",
    "from": [ 0, 14, 0 ],
    "to": [ 3, 16, 16 ],
    "faces": {
        "down":  { "uv": [ 9.5, 16, 6.5, 0 ], "texture": "#texture" },
        "up":    { "uv": [ 6.5, 0, 9.5, 16 ], "texture": "#texture" },
        "north": { "uv": [ 6.5, 0, 9.5, 2 ], "texture": "#texture" },
        "south": { "uv": [ 6.5, 0, 9.5, 2 ], "texture": "#texture" },
        "west":  { "uv": [ 0, 0, 16, 2 ], "texture": "#texture" },
        "east":  { "uv": [ 0, 0, 16, 2 ], "texture": "#texture" }
    }
},
{
    "__comment": "Top",
    "from": [ 0, 3, 2 ],
    "to": [ 3, 4, 14 ],
    "faces": {
        "down":  { "uv": [ 9.5, 14, 6.5, 2 ], "texture": "#texture" },
        "up":    { "uv": [ 6.5, 2, 9.5, 14 ], "texture": "#texture" },
        "west":  { "uv": [ 2, 12, 14, 13 ], "texture": "#texture" },
        "east":  { "uv": [ 2, 12, 14, 13 ], "texture": "#texture" }
    }
},
{
    "__comment": "Top",
    "from": [ 1, 13, 2 ],
    "to": [ 2, 14, 14 ],
    "faces": {
        "down":  { "uv": [ 8.5, 14, 7.5, 2 ], "texture": "#texture" },
        "west":  { "uv": [ 2, 2, 14, 3 ], "texture": "#texture" },
        "east":  { "uv": [ 2, 2, 14, 3 ], "texture": "#texture" }
    }
},
{
    "__comment": "Top",
    "from": [ 1, 4, 2 ],
    "to": [ 2, 5, 14 ],
    "faces": {
        "up":    { "uv": [ 7.5, 2, 8.5, 14 ], "texture": "#texture" },
        "west":  { "uv": [ 2, 11, 14, 12 ], "texture": "#texture" },
        "east":  { "uv": [ 2, 11, 14, 12 ], "texture": "#texture" }
    }
},
{
    "__comment": "Top",
    "from": [ 1, 5, 13 ],
    "to": [ 2, 13, 14 ],
    "faces": {
        "north": { "uv": [ 7.5, 3, 8.5, 11 ], "texture": "#texture" },
        "west":  { "uv": [ 13, 3, 14, 11 ], "texture": "#texture" },
        "east":  { "uv": [ 2, 3, 3, 11 ], "texture": "#texture" }
    }
},
{
    "__comment": "Top",
    "from": [ 1, 5, 2 ],
    "to": [ 2, 13, 3 ],
    "faces": {
        "south": { "uv": [ 7.5, 3, 8.5, 11 ], "texture": "#texture" },
        "west":  { "uv": [ 2, 3, 3, 11 ], "texture": "#texture" },
        "east":  { "uv": [ 13, 3, 14, 11 ], "texture": "#texture" }
    }
},
{
    "__comment": "Top",
    "from": [ 0, 0, 0 ],
    "to": [ 3, 14, 2 ],
    "faces": {
        "north": { "uv": [ 6.5, 2, 9.5, 16 ], "texture": "#texture" },
        "south": { "uv": [ 6.5, 2, 9.5, 16 ], "texture": "#texture" },
        "west":  { "uv": [ 0, 2, 2, 16 ], "texture": "#texture" },
        "east":  { "uv": [ 14, 2, 16, 16 ], "texture": "#texture" }
    }
},
{
    "__comment": "Top",
    "from": [ 0, 0, 14 ],
    "to": [ 3, 14, 16 ],
    "faces": {
        "north": { "uv": [ 6.5, 2, 9.5, 16 ], "texture": "#texture" },
        "south": { "uv": [ 6.5, 2, 9.5, 16 ], "texture": "#texture" },
        "west":  { "uv": [ 14, 2, 16, 16 ], "texture": "#texture" },
        "east":  { "uv": [ 0, 2, 2, 16 ], "texture": "#texture" }
    }
},
{
    "__comment": "Top",
    "from": [ 1, 0, 2 ],
    "to": [ 2, 3, 14 ],
    "faces": {
        "west":  { "uv": [ 2, 13, 14, 16 ], "texture": "#texture" },
        "east":  { "uv": [ 2, 13, 14, 16 ], "texture": "#texture" }
    }
},
{
    "__comment": "Top",
    "from": [ 0, 0, 8 ],
    "to": [ 1.5, 3, 9.5 ],
    "rotation": { "origin": [ 0, 0, 8 ], "axis": "y", "angle": 45 },
    "faces": {
        "north": { "uv": [ 8, 13, 9.5, 16 ], "texture": "#texture" },
        "west":  { "uv": [ 8, 13, 9.5, 16 ], "texture": "#texture" }
    }
},
{
    "__comment": "Top",
    "from": [ 0.875, 0, 8 ],
    "to": [ 2.375, 3, 9.5 ],
    "rotation": { "origin": [ 0.875, 0, 8 ], "axis": "y", "angle": 45 },
    "faces": {
        "south": { "uv": [ 7.375, 13, 8.875, 16 ], "texture": "#texture" },
        "east":  { "uv": [ 6.5, 13, 8, 16 ], "texture": "#texture" }
    }
},
{
    "__comment": "Top Diag Cross",
    "from": [ 0.375, 4, 8 ],
    "to": [ 1.875, 14, 9.5 ],
    "rotation": { "origin": [ 0.375, 4, 8 ], "axis": "y", "angle": 45 },
    "faces": {
        "north": { "uv": [ 7.625, 2, 9.125, 12 ], "texture": "#texture" },
        "south": { "uv": [ 6.875, 2, 8.375, 12 ], "texture": "#texture" },
        "west":  { "uv": [ 8, 2, 9.5, 12 ], "texture": "#texture" },
        "east":  { "uv": [ 6.5, 2, 8, 12 ], "texture": "#texture" }
    }
},
{
    "__comment": "Top Diag Cross",
    "from": [ 1.5, 8.5625, 2 ],
    "to": [ 3, 10.0625, 14 ],
    "rotation": { "origin": [ 1.5, 10.0625, 2 ], "axis": "z", "angle": -45 },
    "faces": {
        "down":  { "uv": [ 8, 14, 6.5, 2 ], "texture": "#texture" },
        "up":    { "uv": [ 8, 2, 9.5, 14 ], "texture": "#texture" },
        "west":  { "uv": [ 2, 5.9375, 14, 7.4375 ], "texture": "#texture" },
        "east":  { "uv": [ 2, 5.9375, 14, 7.4375 ], "texture": "#texture" }
    }
},
{
    "__comment": "Top Diag Vert",
    "from": [ 0, 0, 14 ],
    "to": [ 1.5, 14, 15.5 ],
    "rotation": { "origin": [ 0, 0, 14 ], "axis": "y", "angle": 45 },
    "faces": {
        "north": { "uv": [ 8, 2, 9.5, 16 ], "texture": "#texture" }
    }
},
{
    "__comment": "Top Diag Vert",
    "from": [ 0.875, 0, 14 ],
    "to": [ 2.375, 14, 15.5 ],
    "rotation": { "origin": [ 0.875, 0, 14 ], "axis": "y", "angle": 45 },
    "faces": {
        "east":  { "uv": [ 0.5, 2, 2, 16 ], "texture": "#texture" }
    }
},
{
    "__comment": "Top Diag Vert",
    "from": [ 0, 0, 2 ],
    "to": [ 1.5, 14, 3.5 ],
    "rotation": { "origin": [ 0, 0, 2 ], "axis": "y", "angle": 45 },
    "faces": {
        "west":  { "uv": [ 2, 2, 3.5, 16 ], "texture": "#texture" }
    }
},
{
    "__comment": "Top Diag Vert",
    "from": [ 0.875, 0, 2 ],
    "to": [ 2.375, 14, 3.5 ],
    "rotation": { "origin": [ 0.875, 0, 2 ], "axis": "y", "angle": 45 },
    "faces": {
        "south": { "uv": [ 7.375, 2, 8.875, 16 ], "texture": "#texture" }
    }
},
{
    "__comment": "Top Diag Horiz",
    "from": [ 0, 2.5, 2 ],
    "to": [ 1.5, 4, 14 ],
    "rotation": { "origin": [ 0, 4, 2 ], "axis": "z", "angle": 45 },
    "faces": {
        "up":    { "uv": [ 6.5, 2, 8, 14 ], "texture": "#texture" }
    }
},
{
    "__comment": "Top Diag Horiz",
    "from": [ 0.875, 2.5, 2 ],
    "to": [ 2.375, 4, 14 ],
    "rotation": { "origin": [ 0.875, 4, 2 ], "axis": "z", "angle": 45 },
    "faces": {
        "east":  { "uv": [ 2, 12, 14, 13.5 ], "texture": "#texture" }
    }
},
{
    "__comment": "Top Diag Horiz",
    "from": [ 0, 1.5, 2 ],
    "to": [ 1.5, 3, 14 ],
    "rotation": { "origin": [ 0, 3, 2 ], "axis": "z", "angle": 45 },
    "faces": {
        "west":  { "uv": [ 2, 13, 14, 14.5 ], "texture": "#texture" }
    }
},
{
    "__comment": "Top Diag Horiz",
    "from": [ 0.875, 1.5, 2 ],
    "to": [ 2.375, 3, 14 ],
    "rotation": { "origin": [ 0.875, 3, 2 ], "axis": "z", "angle": 45 },
    "faces": {
        "down":  { "uv": [ 8.625, 14, 7.125, 2 ], "texture": "#texture" }
    }
},
{
    "__comment": "Top Diag Horiz",
    "from": [ 0, 12.5, 2 ],
    "to": [ 1.5, 14, 14 ],
    "rotation": { "origin": [ 0, 14, 2 ], "axis": "z", "angle": 45 },
    "faces": {
        "west":  { "uv": [ 2, 2, 14, 3.5 ], "texture": "#texture" }
    }
},
{
    "__comment": "Top Diag Horiz",
    "from": [ 0.875, 12.5, 2 ],
    "to": [ 2.375, 14, 14 ],
    "rotation": { "origin": [ 0.875, 14, 2 ], "axis": "z", "angle": 45 },
    "faces": {
        "down":  { "uv": [ 8.625, 14, 7.125, 2 ], "texture": "#texture" }
    }
}
]
}