{
"__comment": "Designed by Sibsib92 with BDcraft Cubik PRO 0.95 Beta - http://bdcraft.net",
"ambientocclusion": false,
"textures": {
    "particle": "blocks/iron_bars"
},
"elements": [ 
{
    "from": [ 7, 0, 12 ],
    "to": [ 9, 16, 13 ],
    "faces": {
        "down":  { "uv": [ 8.499, 8.999, 7.501, 7.001 ], "rotation": 270, "texture": "#particle" },
        "up":    { "uv": [ 7.501, 7.001, 8.499, 8.999 ], "rotation": 90, "texture": "#particle" },
        "north": { "uv": [ 8.999, 0.001, 7.001, 15.999 ], "texture": "#particle" },
        "south": { "uv": [ 7.001, 0.001, 8.999, 15.999 ], "texture": "#particle" },
        "west":  { "uv": [ 7.001, 0.001, 7.999, 15.999 ], "texture": "#particle" },
        "east":  { "uv": [ 8.001, 0.001, 8.999, 15.999 ], "texture": "#particle" }
    }
},
{
    "from": [ 7.5, 0, 11.5 ],
    "to": [ 8.5, 16, 13.5 ],
    "faces": {
        "down":  { "uv": [ 8.999, 8.499, 7.001, 7.501 ], "rotation": 270, "texture": "#particle" },
        "up":    { "uv": [ 7.001, 7.501, 8.999, 8.499 ], "rotation": 90, "texture": "#particle" },
        "north": { "uv": [ 8.499, 0.001, 7.501, 15.999 ], "texture": "#particle" },
        "south": { "uv": [ 7.501, 0.001, 8.499, 15.999 ], "texture": "#particle" },
        "west":  { "uv": [ 7.001, 0.001, 7.999, 15.999 ], "texture": "#particle" },
        "east":  { "uv": [ 8.001, 0.001, 8.999, 15.999 ], "texture": "#particle" }
    }
},
{
    "from": [ 7.5, 12.5, 9 ],
    "to": [ 8.5, 13.5, 11.5 ],
    "faces": {
        "down":  { "uv": [ 8.499, 6.999, 7.501, 4.501 ], "rotation": 180, "texture": "#particle" },
        "up":    { "uv": [ 7.501, 4.501, 8.499, 6.999 ], "rotation": 180, "texture": "#particle" },
        "north": { "uv": [ 7.501, 12.501, 8.499, 13.499 ], "texture": "#particle" },
        "south": { "uv": [ 7.501, 12.501, 8.499, 13.499 ], "texture": "#particle" },
        "west":  { "uv": [ 9.001, 12.501, 11.499, 13.499 ], "texture": "#particle" },
        "east":  { "uv": [ 7.001, 12.501, 9.499, 13.499 ], "texture": "#particle" }
    }
},
{
    "from": [ 7.5, 7.5, 13.5 ],
    "to": [ 8.5, 8.5, 16 ],
    "faces": {
        "down":  { "uv": [ 8.499, 2.499, 7.501, 0.001 ], "rotation": 180, "texture": "#particle" },
        "up":    { "uv": [ 7.501, 0.001, 8.499, 2.499 ], "rotation": 180, "texture": "#particle" },
        "north": { "uv": [ 7.501, 7.501, 8.499, 8.499 ], "texture": "#particle" },
        "south": { "uv": [ 7.501, 7.501, 8.499, 8.499 ], "texture": "#particle" },
        "west":  { "uv": [ 13.501, 7.501, 15.999, 8.499 ], "texture": "#particle" },
        "east":  { "uv": [ 0.001, 7.501, 2.499, 8.499 ], "texture": "#particle" }
    }
}
]
}