{
"__comment": "Designed by Sibsib92 with BDcraft Cubik PRO 0.95 Beta - http://bdcraft.net",
"ambientocclusion": false,
"textures": {
    "particle": "blocks/iron_bars"
},
"elements": [ 
{
    "from": [ 7.5, 0, 7 ],
    "to": [ 8.5, 16, 9 ],
    "faces": {
        "down":  { "uv": [ 8.499, 8.999, 7.501, 7.001 ], "texture": "#particle" },
        "up":    { "uv": [ 7.501, 7.001, 8.499, 8.999 ], "texture": "#particle" },
        "north": { "uv": [ 8.001, 0.001, 8.999, 15.999 ], "texture": "#particle" },
        "south": { "uv": [ 7.001, 0.001, 7.999, 15.999 ], "texture": "#particle" },
        "west":  { "uv": [ 8.999, 0.001, 7.001, 15.999 ], "texture": "#particle" },
        "east":  { "uv": [ 7.001, 0.001, 8.999, 15.999 ], "texture": "#particle" }
    }
},
{
    "from": [ 7, 0, 7.5 ],
    "to": [ 9, 16, 8.5 ],
    "faces": {
        "down":  { "uv": [ 8.999, 8.499, 7.001, 7.501 ], "texture": "#particle" },
        "up":    { "uv": [ 7.001, 7.501, 8.999, 8.499 ], "texture": "#particle" },
        "north": { "uv": [ 8.001, 0.001, 8.999, 15.999 ], "texture": "#particle" },
        "south": { "uv": [ 7.001, 0.001, 7.999, 15.999 ], "texture": "#particle" },
        "west":  { "uv": [ 8.499, 0.001, 7.501, 15.999 ], "texture": "#particle" },
        "east":  { "uv": [ 7.501, 0.001, 8.499, 15.999 ], "texture": "#particle" }
    }
}
]
}