{
"__comment": "Designed by Sibsib92 with BDcraft Cubik PRO 0.96 Beta - http://bdcraft.net",
"ambientocclusion": false,
"textures": {
    "particle": "blocks/jukebox_side",
    "texture": "blocks/cauldron_inner",
    "iron": "blocks/iron_block",
    "diamond": "blocks/diamond_block",
    "blue": "blocks/wool_colored_blue",
    "lime": "blocks/wool_colored_lime",
    "yellow": "blocks/wool_colored_yellow",
    "red": "blocks/wool_colored_red",
    "purple": "blocks/wool_colored_purple",
    "magenta": "blocks/wool_colored_magenta"
},
"elements": [ 
{
    "__comment": "Frame",
    "from": [ 15, 15, 0 ],
    "to": [ 16, 16, 16 ],
    "faces": {
        "down":  { "uv": [ 1, 16, 0, 0 ], "texture": "#texture" },
        "up":    { "uv": [ 15, 0, 16, 16 ], "texture": "#texture" },
        "west":  { "uv": [ 0, 0, 16, 1 ], "texture": "#texture" },
        "east":  { "uv": [ 16, 0, 0, 1 ], "texture": "#texture" }
    }
},
{
    "__comment": "Frame",
    "from": [ 0, 15, 0 ],
    "to": [ 1, 16, 16 ],
    "faces": {
        "down":  { "uv": [ 16, 16, 15, 0 ], "texture": "#texture" },
        "up":    { "uv": [ 0, 0, 1, 16 ], "texture": "#texture" },
        "west":  { "uv": [ 0, 0, 16, 1 ], "texture": "#texture" },
        "east":  { "uv": [ 16, 0, 0, 1 ], "texture": "#texture" }
    }
},
{
    "__comment": "Frame",
    "from": [ 0, 15, 0 ],
    "to": [ 16, 16, 1 ],
    "faces": {
        "down":  { "uv": [ 16, 1, 0, 0 ], "texture": "#texture" },
        "up":    { "uv": [ 0, 0, 16, 1 ], "texture": "#texture" },
        "north": { "uv": [ 16, 0, 0, 1 ], "texture": "#texture" },
        "south": { "uv": [ 0, 0, 16, 1 ], "texture": "#texture" }
    }
},
{
    "__comment": "Frame",
    "from": [ 0, 15, 15 ],
    "to": [ 16, 16, 16 ],
    "faces": {
        "down":  { "uv": [ 16, 16, 0, 15 ], "texture": "#texture" },
        "up":    { "uv": [ 0, 15, 16, 16 ], "texture": "#texture" },
        "north": { "uv": [ 16, 0, 0, 1 ], "texture": "#texture" },
        "south": { "uv": [ 0, 0, 16, 1 ], "texture": "#texture" }
    }
},
{
    "__comment": "Frame",
    "from": [ 15, 1, 0 ],
    "to": [ 16, 15, 1 ],
    "faces": {
        "north": { "uv": [ 16, 1, 15, 15 ], "texture": "#texture" },
        "south": { "uv": [ 15, 1, 16, 15 ], "texture": "#texture" },
        "west":  { "uv": [ 0, 1, 1, 15 ], "texture": "#texture" },
        "east":  { "uv": [ 1, 1, 0, 15 ], "texture": "#texture" }
    }
},
{
    "__comment": "Frame",
    "from": [ 0, 1, 15 ],
    "to": [ 1, 15, 16 ],
    "faces": {
        "north": { "uv": [ 1, 1, 0, 15 ], "texture": "#texture" },
        "south": { "uv": [ 0, 1, 1, 15 ], "texture": "#texture" },
        "west":  { "uv": [ 15, 1, 16, 15 ], "texture": "#texture" },
        "east":  { "uv": [ 16, 1, 15, 15 ], "texture": "#texture" }
    }
},
{
    "__comment": "Frame",
    "from": [ 0, 1, 0 ],
    "to": [ 1, 15, 1 ],
    "faces": {
        "north": { "uv": [ 1, 1, 0, 15 ], "texture": "#texture" },
        "south": { "uv": [ 0, 1, 1, 15 ], "texture": "#texture" },
        "west":  { "uv": [ 0, 1, 1, 15 ], "texture": "#texture" },
        "east":  { "uv": [ 1, 1, 0, 15 ], "texture": "#texture" }
    }
},
{
    "__comment": "Frame",
    "from": [ 15, 1, 15 ],
    "to": [ 16, 15, 16 ],
    "faces": {
        "north": { "uv": [ 16, 1, 15, 15 ], "texture": "#texture" },
        "south": { "uv": [ 15, 1, 16, 15 ], "texture": "#texture" },
        "west":  { "uv": [ 15, 1, 16, 15 ], "texture": "#texture" },
        "east":  { "uv": [ 16, 1, 15, 15 ], "texture": "#texture" }
    }
},
{
    "__comment": "Frame",
    "from": [ 15, 0, 0 ],
    "to": [ 16, 1, 16 ],
    "faces": {
        "down":  { "uv": [ 1, 16, 0, 0 ], "texture": "#texture" },
        "up":    { "uv": [ 15, 0, 16, 16 ], "texture": "#texture" },
        "west":  { "uv": [ 0, 15, 16, 16 ], "texture": "#texture" },
        "east":  { "uv": [ 16, 15, 0, 16 ], "texture": "#texture" }
    }
},
{
    "__comment": "Frame",
    "from": [ 0, 0, 0 ],
    "to": [ 1, 1, 16 ],
    "faces": {
        "down":  { "uv": [ 16, 16, 15, 0 ], "texture": "#texture" },
        "up":    { "uv": [ 0, 0, 1, 16 ], "texture": "#texture" },
        "west":  { "uv": [ 0, 15, 16, 16 ], "texture": "#texture" },
        "east":  { "uv": [ 16, 15, 0, 16 ], "texture": "#texture" }
    }
},
{
    "__comment": "Frame",
    "from": [ 0, 0, 15 ],
    "to": [ 16, 1, 16 ],
    "faces": {
        "down":  { "uv": [ 16, 16, 0, 15 ], "texture": "#texture" },
        "up":    { "uv": [ 0, 15, 16, 16 ], "texture": "#texture" },
        "north": { "uv": [ 16, 15, 0, 16 ], "texture": "#texture" },
        "south": { "uv": [ 0, 15, 16, 16 ], "texture": "#texture" }
    }
},
{
    "__comment": "Frame",
    "from": [ 0, 0, 0 ],
    "to": [ 16, 1, 1 ],
    "faces": {
        "down":  { "uv": [ 16, 1, 0, 0 ], "texture": "#texture" },
        "up":    { "uv": [ 0, 0, 16, 1 ], "texture": "#texture" },
        "north": { "uv": [ 16, 15, 0, 16 ], "texture": "#texture" },
        "south": { "uv": [ 0, 15, 16, 16 ], "texture": "#texture" }
    }
},
{
    "__comment": "Disc Y",
    "from": [ 2.75, 6.5, 9 ],
    "to": [ 13.25, 8, 9.375 ],
    "faces": {
        "up":    { "uv": [ 1, 9.75, 15, 10.25 ], "texture": "#texture" },
        "north": { "uv": [ 1, 8, 15, 10 ], "texture": "#texture" },
        "south": { "uv": [ 1, 8, 15, 10 ], "texture": "#texture" },
        "west":  { "uv": [ 9.75, 8, 10.25, 10 ], "texture": "#texture" },
        "east":  { "uv": [ 5.75, 8, 6.25, 10 ], "texture": "#texture" }
    }
},
{
    "__comment": "Disc Y",
    "from": [ 6.5, 6.5, 9 ],
    "to": [ 9.5, 11.75, 9.375 ],
    "faces": {
        "up":    { "uv": [ 6, 9.75, 10, 10.25 ], "texture": "#texture" },
        "north": { "uv": [ 6, 3, 10, 10 ], "texture": "#texture" },
        "south": { "uv": [ 6, 3, 10, 10 ], "texture": "#texture" },
        "west":  { "uv": [ 9.75, 3, 10.25, 10 ], "texture": "#texture" },
        "east":  { "uv": [ 5.75, 3, 6.25, 10 ], "texture": "#texture" }
    }
},
{
    "__comment": "Disc Y",
    "from": [ 5, 6.5, 9 ],
    "to": [ 11, 11, 9.375 ],
    "faces": {
        "up":    { "uv": [ 4, 9.75, 12, 10.25 ], "texture": "#texture" },
        "north": { "uv": [ 4, 4, 12, 10 ], "texture": "#texture" },
        "south": { "uv": [ 4, 4, 12, 10 ], "texture": "#texture" },
        "west":  { "uv": [ 9.75, 4, 10.25, 10 ], "texture": "#texture" },
        "east":  { "uv": [ 5.75, 4, 6.25, 10 ], "texture": "#texture" }
    }
},
{
    "__comment": "Disc Y",
    "from": [ 3.5, 6.5, 9 ],
    "to": [ 12.5, 9.5, 9.375 ],
    "faces": {
        "up":    { "uv": [ 2, 9.75, 14, 10.25 ], "texture": "#texture" },
        "north": { "uv": [ 2, 6, 14, 10 ], "texture": "#texture" },
        "south": { "uv": [ 2, 6, 14, 10 ], "texture": "#texture" },
        "west":  { "uv": [ 9.75, 6, 10.25, 10 ], "texture": "#texture" },
        "east":  { "uv": [ 5.75, 6, 6.25, 10 ], "texture": "#texture" }
    }
},
{
    "__comment": "Disc Y",
    "from": [ 4.25, 6.5, 9 ],
    "to": [ 11.75, 10.25, 9.375 ],
    "faces": {
        "up":    { "uv": [ 3, 9.75, 13, 10.25 ], "texture": "#texture" },
        "north": { "uv": [ 3, 5, 13, 10 ], "texture": "#texture" },
        "south": { "uv": [ 3, 5, 13, 10 ], "texture": "#texture" },
        "west":  { "uv": [ 9.75, 5, 10.25, 10 ], "texture": "#texture" },
        "east":  { "uv": [ 5.75, 5, 6.25, 10 ], "texture": "#texture" }
    }
},
{
    "__comment": "Disc Y",
    "from": [ 7.25, 6.5, 8.995 ],
    "to": [ 8.75, 8, 9.38 ],
    "faces": {
        "north": { "uv": [ 7, 8, 9, 10 ], "texture": "#yellow" },
        "south": { "uv": [ 7, 8, 9, 10 ], "texture": "#yellow" }
    }
},
{
    "__comment": "Disc Y",
    "from": [ 6.5, 6.5, 8.995 ],
    "to": [ 9.5, 7.25, 9.38 ],
    "faces": {
        "north": { "uv": [ 6, 9, 10, 10 ], "texture": "#yellow" },
        "south": { "uv": [ 6, 9, 10, 10 ], "texture": "#yellow" }
    }
},
{
    "__comment": "Disc M",
    "from": [ 2.75, 6.5, 11 ],
    "to": [ 13.25, 8, 11.375 ],
    "faces": {
        "up":    { "uv": [ 1, 9.75, 15, 10.25 ], "texture": "#texture" },
        "north": { "uv": [ 1, 8, 15, 10 ], "texture": "#texture" },
        "south": { "uv": [ 1, 8, 15, 10 ], "texture": "#texture" },
        "west":  { "uv": [ 9.75, 8, 10.25, 10 ], "texture": "#texture" },
        "east":  { "uv": [ 5.75, 8, 6.25, 10 ], "texture": "#texture" }
    }
},
{
    "__comment": "Disc M",
    "from": [ 6.5, 6.5, 11 ],
    "to": [ 9.5, 11.75, 11.375 ],
    "faces": {
        "up":    { "uv": [ 6, 9.75, 10, 10.25 ], "texture": "#texture" },
        "north": { "uv": [ 6, 3, 10, 10 ], "texture": "#texture" },
        "south": { "uv": [ 6, 3, 10, 10 ], "texture": "#texture" },
        "west":  { "uv": [ 9.75, 3, 10.25, 10 ], "texture": "#texture" },
        "east":  { "uv": [ 5.75, 3, 6.25, 10 ], "texture": "#texture" }
    }
},
{
    "__comment": "Disc M",
    "from": [ 5, 6.5, 11 ],
    "to": [ 11, 11, 11.375 ],
    "faces": {
        "up":    { "uv": [ 4, 9.75, 12, 10.25 ], "texture": "#texture" },
        "north": { "uv": [ 4, 4, 12, 10 ], "texture": "#texture" },
        "south": { "uv": [ 4, 4, 12, 10 ], "texture": "#texture" },
        "west":  { "uv": [ 9.75, 4, 10.25, 10 ], "texture": "#texture" },
        "east":  { "uv": [ 5.75, 4, 6.25, 10 ], "texture": "#texture" }
    }
},
{
    "__comment": "Disc M",
    "from": [ 3.5, 6.5, 11 ],
    "to": [ 12.5, 9.5, 11.375 ],
    "faces": {
        "up":    { "uv": [ 2, 9.75, 14, 10.25 ], "texture": "#texture" },
        "north": { "uv": [ 2, 6, 14, 10 ], "texture": "#texture" },
        "south": { "uv": [ 2, 6, 14, 10 ], "texture": "#texture" },
        "west":  { "uv": [ 9.75, 6, 10.25, 10 ], "texture": "#texture" },
        "east":  { "uv": [ 5.75, 6, 6.25, 10 ], "texture": "#texture" }
    }
},
{
    "__comment": "Disc M",
    "from": [ 4.25, 6.5, 11 ],
    "to": [ 11.75, 10.25, 11.375 ],
    "faces": {
        "up":    { "uv": [ 3, 9.75, 13, 10.25 ], "texture": "#texture" },
        "north": { "uv": [ 3, 5, 13, 10 ], "texture": "#texture" },
        "south": { "uv": [ 3, 5, 13, 10 ], "texture": "#texture" },
        "west":  { "uv": [ 9.75, 5, 10.25, 10 ], "texture": "#texture" },
        "east":  { "uv": [ 5.75, 5, 6.25, 10 ], "texture": "#texture" }
    }
},
{
    "__comment": "Disc M",
    "from": [ 7.25, 6.5, 10.995 ],
    "to": [ 8.75, 8, 11.38 ],
    "faces": {
        "north": { "uv": [ 7, 8, 9, 10 ], "texture": "#magenta" },
        "south": { "uv": [ 7, 8, 9, 10 ], "texture": "#magenta" }
    }
},
{
    "__comment": "Disc M",
    "from": [ 6.5, 6.5, 10.995 ],
    "to": [ 9.5, 7.25, 11.38 ],
    "faces": {
        "north": { "uv": [ 6, 9, 10, 10 ], "texture": "#magenta" },
        "south": { "uv": [ 6, 9, 10, 10 ], "texture": "#magenta" }
    }
},
{
    "__comment": "Disc P",
    "from": [ 2.75, 6.5, 13 ],
    "to": [ 13.25, 8, 13.375 ],
    "faces": {
        "up":    { "uv": [ 1, 9.75, 15, 10.25 ], "texture": "#texture" },
        "north": { "uv": [ 1, 8, 15, 10 ], "texture": "#texture" },
        "south": { "uv": [ 1, 8, 15, 10 ], "texture": "#texture" },
        "west":  { "uv": [ 9.75, 8, 10.25, 10 ], "texture": "#texture" },
        "east":  { "uv": [ 5.75, 8, 6.25, 10 ], "texture": "#texture" }
    }
},
{
    "__comment": "Disc P",
    "from": [ 6.5, 6.5, 13 ],
    "to": [ 9.5, 11.75, 13.375 ],
    "faces": {
        "up":    { "uv": [ 6, 9.75, 10, 10.25 ], "texture": "#texture" },
        "north": { "uv": [ 6, 3, 10, 10 ], "texture": "#texture" },
        "south": { "uv": [ 6, 3, 10, 10 ], "texture": "#texture" },
        "west":  { "uv": [ 9.75, 3, 10.25, 10 ], "texture": "#texture" },
        "east":  { "uv": [ 5.75, 3, 6.25, 10 ], "texture": "#texture" }
    }
},
{
    "__comment": "Disc P",
    "from": [ 5, 6.5, 13 ],
    "to": [ 11, 11, 13.375 ],
    "faces": {
        "up":    { "uv": [ 4, 9.75, 12, 10.25 ], "texture": "#texture" },
        "north": { "uv": [ 4, 4, 12, 10 ], "texture": "#texture" },
        "south": { "uv": [ 4, 4, 12, 10 ], "texture": "#texture" },
        "west":  { "uv": [ 9.75, 4, 10.25, 10 ], "texture": "#texture" },
        "east":  { "uv": [ 5.75, 4, 6.25, 10 ], "texture": "#texture" }
    }
},
{
    "__comment": "Disc P",
    "from": [ 3.5, 6.5, 13 ],
    "to": [ 12.5, 9.5, 13.375 ],
    "faces": {
        "up":    { "uv": [ 2, 9.75, 14, 10.25 ], "texture": "#texture" },
        "north": { "uv": [ 2, 6, 14, 10 ], "texture": "#texture" },
        "south": { "uv": [ 2, 6, 14, 10 ], "texture": "#texture" },
        "west":  { "uv": [ 9.75, 6, 10.25, 10 ], "texture": "#texture" },
        "east":  { "uv": [ 5.75, 6, 6.25, 10 ], "texture": "#texture" }
    }
},
{
    "__comment": "Disc P",
    "from": [ 4.25, 6.5, 13 ],
    "to": [ 11.75, 10.25, 13.375 ],
    "faces": {
        "up":    { "uv": [ 3, 9.75, 13, 10.25 ], "texture": "#texture" },
        "north": { "uv": [ 3, 5, 13, 10 ], "texture": "#texture" },
        "south": { "uv": [ 3, 5, 13, 10 ], "texture": "#texture" },
        "west":  { "uv": [ 9.75, 5, 10.25, 10 ], "texture": "#texture" },
        "east":  { "uv": [ 5.75, 5, 6.25, 10 ], "texture": "#texture" }
    }
},
{
    "__comment": "Disc P",
    "from": [ 7.25, 6.5, 12.995 ],
    "to": [ 8.75, 8, 13.38 ],
    "faces": {
        "north": { "uv": [ 7, 8, 9, 10 ], "texture": "#purple" },
        "south": { "uv": [ 7, 8, 9, 10 ], "texture": "#purple" }
    }
},
{
    "__comment": "Disc P",
    "from": [ 6.5, 6.5, 12.995 ],
    "to": [ 9.5, 7.25, 13.38 ],
    "faces": {
        "north": { "uv": [ 6, 9, 10, 10 ], "texture": "#purple" },
        "south": { "uv": [ 6, 9, 10, 10 ], "texture": "#purple" }
    }
},
{
    "__comment": "Disc L",
    "from": [ 2.75, 6.5, 2.625 ],
    "to": [ 13.25, 8, 3 ],
    "faces": {
        "up":    { "uv": [ 1, 9.75, 15, 10.25 ], "texture": "#texture" },
        "north": { "uv": [ 1, 8, 15, 10 ], "texture": "#texture" },
        "south": { "uv": [ 1, 8, 15, 10 ], "texture": "#texture" },
        "west":  { "uv": [ 9.75, 8, 10.25, 10 ], "texture": "#texture" },
        "east":  { "uv": [ 5.75, 8, 6.25, 10 ], "texture": "#texture" }
    }
},
{
    "__comment": "Disc L",
    "from": [ 6.5, 6.5, 2.625 ],
    "to": [ 9.5, 11.75, 3 ],
    "faces": {
        "up":    { "uv": [ 6, 9.75, 10, 10.25 ], "texture": "#texture" },
        "north": { "uv": [ 6, 3, 10, 10 ], "texture": "#texture" },
        "south": { "uv": [ 6, 3, 10, 10 ], "texture": "#texture" },
        "west":  { "uv": [ 9.75, 3, 10.25, 10 ], "texture": "#texture" },
        "east":  { "uv": [ 5.75, 3, 6.25, 10 ], "texture": "#texture" }
    }
},
{
    "__comment": "Disc L",
    "from": [ 5, 6.5, 2.625 ],
    "to": [ 11, 11, 3 ],
    "faces": {
        "up":    { "uv": [ 4, 9.75, 12, 10.25 ], "texture": "#texture" },
        "north": { "uv": [ 4, 4, 12, 10 ], "texture": "#texture" },
        "south": { "uv": [ 4, 4, 12, 10 ], "texture": "#texture" },
        "west":  { "uv": [ 9.75, 4, 10.25, 10 ], "texture": "#texture" },
        "east":  { "uv": [ 5.75, 4, 6.25, 10 ], "texture": "#texture" }
    }
},
{
    "__comment": "Disc L",
    "from": [ 3.5, 6.5, 2.625 ],
    "to": [ 12.5, 9.5, 3 ],
    "faces": {
        "up":    { "uv": [ 2, 9.75, 14, 10.25 ], "texture": "#texture" },
        "north": { "uv": [ 2, 6, 14, 10 ], "texture": "#texture" },
        "south": { "uv": [ 2, 6, 14, 10 ], "texture": "#texture" },
        "west":  { "uv": [ 9.75, 6, 10.25, 10 ], "texture": "#texture" },
        "east":  { "uv": [ 5.75, 6, 6.25, 10 ], "texture": "#texture" }
    }
},
{
    "__comment": "Disc L",
    "from": [ 4.25, 6.5, 2.625 ],
    "to": [ 11.75, 10.25, 3 ],
    "faces": {
        "up":    { "uv": [ 3, 9.75, 13, 10.25 ], "texture": "#texture" },
        "north": { "uv": [ 3, 5, 13, 10 ], "texture": "#texture" },
        "south": { "uv": [ 3, 5, 13, 10 ], "texture": "#texture" },
        "west":  { "uv": [ 9.75, 5, 10.25, 10 ], "texture": "#texture" },
        "east":  { "uv": [ 5.75, 5, 6.25, 10 ], "texture": "#texture" }
    }
},
{
    "__comment": "Disc L",
    "from": [ 7.25, 6.5, 2.62 ],
    "to": [ 8.75, 8, 3.005 ],
    "faces": {
        "north": { "uv": [ 7, 8, 9, 10 ], "texture": "#lime" },
        "south": { "uv": [ 7, 8, 9, 10 ], "texture": "#lime" }
    }
},
{
    "__comment": "Disc L",
    "from": [ 6.5, 6.5, 2.62 ],
    "to": [ 9.5, 7.25, 3.005 ],
    "faces": {
        "north": { "uv": [ 6, 9, 10, 10 ], "texture": "#lime" },
        "south": { "uv": [ 6, 9, 10, 10 ], "texture": "#lime" }
    }
},
{
    "__comment": "Disc B",
    "from": [ 2.75, 6.5, 4.625 ],
    "to": [ 13.25, 8, 5 ],
    "faces": {
        "up":    { "uv": [ 1, 9.75, 15, 10.25 ], "texture": "#texture" },
        "north": { "uv": [ 1, 8, 15, 10 ], "texture": "#texture" },
        "south": { "uv": [ 1, 8, 15, 10 ], "texture": "#texture" },
        "west":  { "uv": [ 9.75, 8, 10.25, 10 ], "texture": "#texture" },
        "east":  { "uv": [ 5.75, 8, 6.25, 10 ], "texture": "#texture" }
    }
},
{
    "__comment": "Disc B",
    "from": [ 6.5, 6.5, 4.625 ],
    "to": [ 9.5, 11.75, 5 ],
    "faces": {
        "up":    { "uv": [ 6, 9.75, 10, 10.25 ], "texture": "#texture" },
        "north": { "uv": [ 6, 3, 10, 10 ], "texture": "#texture" },
        "south": { "uv": [ 6, 3, 10, 10 ], "texture": "#texture" },
        "west":  { "uv": [ 9.75, 3, 10.25, 10 ], "texture": "#texture" },
        "east":  { "uv": [ 5.75, 3, 6.25, 10 ], "texture": "#texture" }
    }
},
{
    "__comment": "Disc B",
    "from": [ 5, 6.5, 4.625 ],
    "to": [ 11, 11, 5 ],
    "faces": {
        "up":    { "uv": [ 4, 9.75, 12, 10.25 ], "texture": "#texture" },
        "north": { "uv": [ 4, 4, 12, 10 ], "texture": "#texture" },
        "south": { "uv": [ 4, 4, 12, 10 ], "texture": "#texture" },
        "west":  { "uv": [ 9.75, 4, 10.25, 10 ], "texture": "#texture" },
        "east":  { "uv": [ 5.75, 4, 6.25, 10 ], "texture": "#texture" }
    }
},
{
    "__comment": "Disc B",
    "from": [ 3.5, 6.5, 4.625 ],
    "to": [ 12.5, 9.5, 5 ],
    "faces": {
        "up":    { "uv": [ 2, 9.75, 14, 10.25 ], "texture": "#texture" },
        "north": { "uv": [ 2, 6, 14, 10 ], "texture": "#texture" },
        "south": { "uv": [ 2, 6, 14, 10 ], "texture": "#texture" },
        "west":  { "uv": [ 9.75, 6, 10.25, 10 ], "texture": "#texture" },
        "east":  { "uv": [ 5.75, 6, 6.25, 10 ], "texture": "#texture" }
    }
},
{
    "__comment": "Disc B",
    "from": [ 4.25, 6.5, 4.625 ],
    "to": [ 11.75, 10.25, 5 ],
    "faces": {
        "up":    { "uv": [ 3, 9.75, 13, 10.25 ], "texture": "#texture" },
        "north": { "uv": [ 3, 5, 13, 10 ], "texture": "#texture" },
        "south": { "uv": [ 3, 5, 13, 10 ], "texture": "#texture" },
        "west":  { "uv": [ 9.75, 5, 10.25, 10 ], "texture": "#texture" },
        "east":  { "uv": [ 5.75, 5, 6.25, 10 ], "texture": "#texture" }
    }
},
{
    "__comment": "Disc B",
    "from": [ 7.25, 6.5, 4.62 ],
    "to": [ 8.75, 8, 5.005 ],
    "faces": {
        "north": { "uv": [ 7, 8, 9, 10 ], "texture": "#blue" },
        "south": { "uv": [ 7, 8, 9, 10 ], "texture": "#blue" }
    }
},
{
    "__comment": "Disc B",
    "from": [ 6.5, 6.5, 4.62 ],
    "to": [ 9.5, 7.25, 5.005 ],
    "faces": {
        "north": { "uv": [ 6, 9, 10, 10 ], "texture": "#blue" },
        "south": { "uv": [ 6, 9, 10, 10 ], "texture": "#blue" }
    }
},
{
    "__comment": "Disc R",
    "from": [ 2.75, 6.5, 6.625 ],
    "to": [ 13.25, 8, 7 ],
    "faces": {
        "up":    { "uv": [ 1, 9.75, 15, 10.25 ], "texture": "#texture" },
        "north": { "uv": [ 1, 8, 15, 10 ], "texture": "#texture" },
        "south": { "uv": [ 1, 8, 15, 10 ], "texture": "#texture" },
        "west":  { "uv": [ 9.75, 8, 10.25, 10 ], "texture": "#texture" },
        "east":  { "uv": [ 5.75, 8, 6.25, 10 ], "texture": "#texture" }
    }
},
{
    "__comment": "Disc R",
    "from": [ 6.5, 6.5, 6.625 ],
    "to": [ 9.5, 11.75, 7 ],
    "faces": {
        "up":    { "uv": [ 6, 9.75, 10, 10.25 ], "texture": "#texture" },
        "north": { "uv": [ 6, 3, 10, 10 ], "texture": "#texture" },
        "south": { "uv": [ 6, 3, 10, 10 ], "texture": "#texture" },
        "west":  { "uv": [ 9.75, 3, 10.25, 10 ], "texture": "#texture" },
        "east":  { "uv": [ 5.75, 3, 6.25, 10 ], "texture": "#texture" }
    }
},
{
    "__comment": "Disc R",
    "from": [ 5, 6.5, 6.625 ],
    "to": [ 11, 11, 7 ],
    "faces": {
        "up":    { "uv": [ 4, 9.75, 12, 10.25 ], "texture": "#texture" },
        "north": { "uv": [ 4, 4, 12, 10 ], "texture": "#texture" },
        "south": { "uv": [ 4, 4, 12, 10 ], "texture": "#texture" },
        "west":  { "uv": [ 9.75, 4, 10.25, 10 ], "texture": "#texture" },
        "east":  { "uv": [ 5.75, 4, 6.25, 10 ], "texture": "#texture" }
    }
},
{
    "__comment": "Disc R",
    "from": [ 3.5, 6.5, 6.625 ],
    "to": [ 12.5, 9.5, 7 ],
    "faces": {
        "up":    { "uv": [ 2, 9.75, 14, 10.25 ], "texture": "#texture" },
        "north": { "uv": [ 2, 6, 14, 10 ], "texture": "#texture" },
        "south": { "uv": [ 2, 6, 14, 10 ], "texture": "#texture" },
        "west":  { "uv": [ 9.75, 6, 10.25, 10 ], "texture": "#texture" },
        "east":  { "uv": [ 5.75, 6, 6.25, 10 ], "texture": "#texture" }
    }
},
{
    "__comment": "Disc R",
    "from": [ 4.25, 6.5, 6.625 ],
    "to": [ 11.75, 10.25, 7 ],
    "faces": {
        "up":    { "uv": [ 3, 9.75, 13, 10.25 ], "texture": "#texture" },
        "north": { "uv": [ 3, 5, 13, 10 ], "texture": "#texture" },
        "south": { "uv": [ 3, 5, 13, 10 ], "texture": "#texture" },
        "west":  { "uv": [ 9.75, 5, 10.25, 10 ], "texture": "#texture" },
        "east":  { "uv": [ 5.75, 5, 6.25, 10 ], "texture": "#texture" }
    }
},
{
    "__comment": "Disc R",
    "from": [ 7.25, 6.5, 6.62 ],
    "to": [ 8.75, 8, 7.005 ],
    "faces": {
        "north": { "uv": [ 7, 8, 9, 10 ], "texture": "#red" },
        "south": { "uv": [ 7, 8, 9, 10 ], "texture": "#red" }
    }
},
{
    "__comment": "Disc R",
    "from": [ 6.5, 6.5, 6.62 ],
    "to": [ 9.5, 7.25, 7.005 ],
    "faces": {
        "north": { "uv": [ 6, 9, 10, 10 ], "texture": "#red" },
        "south": { "uv": [ 6, 9, 10, 10 ], "texture": "#red" }
    }
},
{
    "__comment": "Side",
    "from": [ 1, 1, 15 ],
    "to": [ 15, 15, 15.5 ],
    "faces": {
        "north": { "uv": [ 1, 1, 15, 15 ], "texture": "#particle" },
        "south": { "uv": [ 1, 1, 15, 15 ], "texture": "#particle" }
    }
},
{
    "__comment": "Side",
    "from": [ 1, 1, 0.5 ],
    "to": [ 15, 15, 1 ],
    "faces": {
        "north": { "uv": [ 1, 1, 15, 15 ], "texture": "#particle" },
        "south": { "uv": [ 1, 1, 15, 15 ], "texture": "#particle" }
    }
},
{
    "__comment": "Side",
    "from": [ 15, 1, 1 ],
    "to": [ 15.5, 15, 15 ],
    "faces": {
        "west":  { "uv": [ 1, 1, 15, 15 ], "texture": "#particle" },
        "east":  { "uv": [ 1, 1, 15, 15 ], "texture": "#particle" }
    }
},
{
    "__comment": "Side",
    "from": [ 0.5, 1, 1 ],
    "to": [ 1, 15, 15 ],
    "faces": {
        "west":  { "uv": [ 1, 1, 15, 15 ], "texture": "#particle" },
        "east":  { "uv": [ 1, 1, 15, 15 ], "texture": "#particle" }
    }
},
{
    "__comment": "Bot",
    "from": [ 1, 0.5, 1 ],
    "to": [ 15, 6.5, 15 ],
    "faces": {
        "down":  { "uv": [ 15, 15, 1, 1 ], "texture": "#particle" },
        "up":    { "uv": [ 1, 1, 15, 15 ], "texture": "#particle" }
    }
},
{
    "__comment": "Holder",
    "from": [ 3.25, 13.25, 1 ],
    "to": [ 3.75, 13.75, 3.25 ],
    "faces": {
        "up":    { "uv": [ 3.25, 1, 3.75, 3.25 ], "texture": "#texture" },
        "west":  { "uv": [ 1, 2.25, 3.25, 2.75 ], "texture": "#texture" },
        "east":  { "uv": [ 12.75, 2.25, 15, 2.75 ], "texture": "#texture" }
    }
},
{
    "__comment": "Holder",
    "from": [ 1, 13.25, 3.25 ],
    "to": [ 3.25, 13.75, 3.75 ],
    "faces": {
        "up":    { "uv": [ 1, 3.25, 3.25, 3.75 ], "texture": "#texture" },
        "north": { "uv": [ 12.75, 2.25, 15, 2.75 ], "texture": "#texture" },
        "south": { "uv": [ 1, 2.25, 3.25, 2.75 ], "texture": "#texture" }
    }
},
{
    "__comment": "Holder",
    "from": [ 3.25, 13.25, 3.25 ],
    "to": [ 3.75, 15.5, 3.75 ],
    "faces": {
        "north": { "uv": [ 12.25, 0.5, 12.75, 2.75 ], "texture": "#texture" },
        "south": { "uv": [ 3.25, 0.5, 3.75, 2.75 ], "texture": "#texture" },
        "west":  { "uv": [ 3.25, 0.5, 3.75, 2.75 ], "texture": "#texture" },
        "east":  { "uv": [ 12.25, 0.5, 12.75, 2.75 ], "texture": "#texture" }
    }
},
{
    "__comment": "Mid Pin",
    "from": [ 7.75, 6.5, 7.75 ],
    "to": [ 8.25, 15.75, 8.25 ],
    "faces": {
        "up":    { "uv": [ 7.75, 7.75, 8.25, 8.25 ], "texture": "#iron" },
        "north": { "uv": [ 7.75, 0.25, 8.25, 9.5 ], "texture": "#iron" },
        "south": { "uv": [ 7.75, 0.25, 8.25, 9.5 ], "texture": "#iron" },
        "west":  { "uv": [ 7.75, 0.25, 8.25, 9.5 ], "texture": "#iron" },
        "east":  { "uv": [ 7.75, 0.25, 8.25, 9.5 ], "texture": "#iron" }
    }
},
{
    "__comment": "Arm",
    "from": [ 1.5, 15.5, 3.25 ],
    "to": [ 6, 16, 3.75 ],
    "faces": {
        "up":    { "uv": [ 1.5, 3.25, 6, 3.75 ], "texture": "#iron" },
        "north": { "uv": [ 10, 0, 14.5, 0.5 ], "texture": "#iron" },
        "south": { "uv": [ 1.5, 0, 6, 0.5 ], "texture": "#iron" },
        "west":  { "uv": [ 3.25, 0, 3.75, 0.5 ], "texture": "#iron" },
        "east":  { "uv": [ 12.25, 0, 12.75, 0.5 ], "texture": "#iron" }
    }
},
{
    "__comment": "Arm",
    "from": [ 5, 15.5, 3.75 ],
    "to": [ 8.5, 16, 4.25 ],
    "faces": {
        "up":    { "uv": [ 5, 4.25, 8.5, 4.75 ], "texture": "#iron" },
        "north": { "uv": [ 7.5, 0, 11, 0.5 ], "texture": "#iron" },
        "south": { "uv": [ 5, 0, 8.5, 0.5 ], "texture": "#iron" },
        "west":  { "uv": [ 4.25, 0, 4.75, 0.5 ], "texture": "#iron" },
        "east":  { "uv": [ 11.25, 0, 11.75, 0.5 ], "texture": "#iron" }
    }
},
{
    "__comment": "Arm",
    "from": [ 7.75, 15.5, 4.25 ],
    "to": [ 9.25, 16, 5 ],
    "faces": {
        "up":    { "uv": [ 8, 5.25, 9.5, 6 ], "texture": "#iron" },
        "north": { "uv": [ 6.5, 0, 8, 0.5 ], "texture": "#iron" },
        "south": { "uv": [ 8, 0, 9.5, 0.5 ], "texture": "#iron" },
        "west":  { "uv": [ 5.25, 0, 6, 0.5 ], "texture": "#iron" },
        "east":  { "uv": [ 10, 0, 10.75, 0.5 ], "texture": "#iron" }
    }
},
{
    "__comment": "Diamond",
    "from": [ 8.75, 15, 4.5 ],
    "to": [ 9, 15.5, 4.75 ],
    "faces": {
        "north": { "uv": [ 7.5, 7, 7, 7.5 ], "texture": "#diamond" },
        "south": { "uv": [ 7.5, 7.5, 8, 8 ], "texture": "#diamond" },
        "west":  { "uv": [ 8, 7.5, 8.5, 8 ], "texture": "#diamond" },
        "east":  { "uv": [ 8.5, 0, 8, 0 ], "texture": "#diamond" }
    }
},
{
    "__comment": "Mid Plate",
    "from": [ 6.5, 14.5625, 7.25 ],
    "to": [ 9.5, 14.8125, 8.75 ],
    "faces": {
        "up":    { "uv": [ 6.5, 7.25, 9.5, 8.75 ], "texture": "#texture" },
        "north": { "uv": [ 6.5, 1.1875, 9.5, 1.4375 ], "texture": "#texture" },
        "south": { "uv": [ 6.5, 1.1875, 9.5, 1.4375 ], "texture": "#texture" },
        "west":  { "uv": [ 7.25, 1.1875, 8.75, 1.4375 ], "texture": "#texture" },
        "east":  { "uv": [ 7.25, 1.1875, 8.75, 1.4375 ], "texture": "#texture" }
    }
},
{
    "__comment": "Mid Plate",
    "from": [ 7.25, 14.5625, 6.5 ],
    "to": [ 8.75, 14.8125, 9.5 ],
    "faces": {
        "up":    { "uv": [ 7.25, 6.5, 8.75, 9.5 ], "texture": "#texture" },
        "north": { "uv": [ 7.25, 1.1875, 8.75, 1.4375 ], "texture": "#texture" },
        "south": { "uv": [ 7.25, 1.1875, 8.75, 1.4375 ], "texture": "#texture" },
        "west":  { "uv": [ 6.5, 1.1875, 9.5, 1.4375 ], "texture": "#texture" },
        "east":  { "uv": [ 6.5, 1.1875, 9.5, 1.4375 ], "texture": "#texture" }
    }
}
],
"display": {
    "thirdperson_righthand": {
        "rotation": [ 30, 0, 0 ],
        "translation": [ 0, 1, 0 ],
        "scale": [ 0.25, 0.25, 0.25 ]
    },
    "thirdperson_lefthand": {
        "rotation": [ 30, 0, 0 ],
        "translation": [ 0, 1, 0 ],
        "scale": [ 0.25, 0.25, 0.25 ]
    },
    "head": {
        "rotation": [ 0, 0, 0 ],
        "translation": [ 0, 0, 0 ],
        "scale": [ 1, 1, 1 ]
    },
    "ground": {
        "rotation": [ 0, 0, 0 ],
        "translation": [ 0, 3, 0 ],
        "scale": [ 0.25, 0.25, 0.25 ]
    },
    "fixed": {
        "rotation": [ -50, 0, 0 ],
        "translation": [ 0, 0, 0 ],
        "scale": [ 0.5, 0.5, 0.5 ]
    },
    "firstperson_righthand": {
        "rotation": [ 0, 0, 0 ],
        "translation": [ 0, 0, 0 ],
        "scale": [ 0.25, 0.25, 0.25 ]
    },
    "firstperson_lefthand": {
        "rotation": [ 0, 0, 0 ],
        "translation": [ 0, 0, 0 ],
        "scale": [ 0.25, 0.25, 0.25 ]
    },
    "gui": {
        "rotation": [ 30, 45, 0 ],
        "translation": [ 0, 0, 0 ],
        "scale": [ 0.65, 0.65, 0.65 ]
    }
}
}