{
"__comment": "Designed by Sibsib92 with BDcraft Cubik PRO 0.96 Beta - http://bdcraft.net",
"ambientocclusion": false,
"textures": {
    "particle": "blocks/jukebox_side",
    "texture": "blocks/cauldron_inner",
    "light_blue": "blocks/wool_colored_light_blue"
},
"elements": [ 
{
    "__comment": "Disc Top",
    "from": [ 4.5, 14.875, 4.5 ],
    "to": [ 11.5, 15.25, 11.5 ],
    "faces": {
        "up":    { "uv": [ 4.5, 4.5, 11.5, 11.5 ], "texture": "#texture" },
        "north": { "uv": [ 4.5, 0.75, 11.5, 1.125 ], "texture": "#texture" },
        "south": { "uv": [ 4.5, 0.75, 11.5, 1.125 ], "texture": "#texture" },
        "west":  { "uv": [ 4.5, 0.75, 11.5, 1.125 ], "texture": "#texture" },
        "east":  { "uv": [ 4.5, 0.75, 11.5, 1.125 ], "texture": "#texture" }
    }
},
{
    "__comment": "Disc Top",
    "from": [ 3.5, 14.875, 5.5 ],
    "to": [ 12.5, 15.25, 10.5 ],
    "faces": {
        "up":    { "uv": [ 3.5, 5.5, 12.5, 10.5 ], "texture": "#texture" },
        "north": { "uv": [ 3.5, 0.75, 12.5, 1.125 ], "texture": "#texture" },
        "south": { "uv": [ 3.5, 0.75, 12.5, 1.125 ], "texture": "#texture" },
        "west":  { "uv": [ 5.5, 0.75, 10.5, 1.125 ], "texture": "#texture" },
        "east":  { "uv": [ 5.5, 0.75, 10.5, 1.125 ], "texture": "#texture" }
    }
},
{
    "__comment": "Disc Top",
    "from": [ 5.5, 14.875, 3.5 ],
    "to": [ 10.5, 15.25, 12.5 ],
    "faces": {
        "up":    { "uv": [ 5.5, 3.5, 10.5, 12.5 ], "texture": "#texture" },
        "north": { "uv": [ 5.5, 0.75, 10.5, 1.125 ], "texture": "#texture" },
        "south": { "uv": [ 5.5, 0.75, 10.5, 1.125 ], "texture": "#texture" },
        "west":  { "uv": [ 3.5, 0.75, 12.5, 1.125 ], "texture": "#texture" },
        "east":  { "uv": [ 3.5, 0.75, 12.5, 1.125 ], "texture": "#texture" }
    }
},
{
    "__comment": "Disc Top",
    "from": [ 3, 14.875, 7 ],
    "to": [ 13, 15.25, 9 ],
    "faces": {
        "up":    { "uv": [ 3, 7, 13, 9 ], "texture": "#texture" },
        "north": { "uv": [ 3, 0.75, 13, 1.125 ], "texture": "#texture" },
        "south": { "uv": [ 3, 0.75, 13, 1.125 ], "texture": "#texture" },
        "west":  { "uv": [ 7, 0.75, 9, 1.125 ], "texture": "#texture" },
        "east":  { "uv": [ 7, 0.75, 9, 1.125 ], "texture": "#texture" }
    }
},
{
    "__comment": "Disc Top",
    "from": [ 7, 14.875, 3 ],
    "to": [ 9, 15.25, 13 ],
    "faces": {
        "up":    { "uv": [ 7, 3, 9, 13 ], "texture": "#texture" },
        "north": { "uv": [ 7, 0.75, 9, 1.125 ], "texture": "#texture" },
        "south": { "uv": [ 7, 0.75, 9, 1.125 ], "texture": "#texture" },
        "west":  { "uv": [ 3, 0.75, 13, 1.125 ], "texture": "#texture" },
        "east":  { "uv": [ 3, 0.75, 13, 1.125 ], "texture": "#texture" }
    }
},
{
    "__comment": "Disc Top",
    "from": [ 7.25, 14.755, 6.5 ],
    "to": [ 8.75, 15.255, 9.5 ],
    "faces": {
        "up":    { "uv": [ 7.25, 6.5, 8.75, 9.5 ], "texture": "#light_blue" },
        "north": { "uv": [ 7.25, 0.745, 8.75, 1.245 ], "texture": "#light_blue" },
        "south": { "uv": [ 7.25, 0.745, 8.75, 1.245 ], "texture": "#light_blue" },
        "west":  { "uv": [ 6.5, 0.745, 9.5, 1.245 ], "texture": "#light_blue" },
        "east":  { "uv": [ 6.5, 0.745, 9.5, 1.245 ], "texture": "#light_blue" }
    }
},
{
    "__comment": "Disc Top",
    "from": [ 6.5, 14.755, 7.25 ],
    "to": [ 9.5, 15.255, 8.75 ],
    "faces": {
        "up":    { "uv": [ 6.5, 7.25, 9.5, 8.75 ], "texture": "#light_blue" },
        "north": { "uv": [ 6.5, 0.745, 9.5, 1.245 ], "texture": "#light_blue" },
        "south": { "uv": [ 6.5, 0.745, 9.5, 1.245 ], "texture": "#light_blue" },
        "west":  { "uv": [ 7.25, 0.745, 8.75, 1.245 ], "texture": "#light_blue" },
        "east":  { "uv": [ 7.25, 0.745, 8.75, 1.245 ], "texture": "#light_blue" }
    }
}
],
"display": {
    "thirdperson_righthand": {
        "rotation": [ 30, 0, 0 ],
        "translation": [ 0, 1, 0 ],
        "scale": [ 0.25, 0.25, 0.25 ]
    },
    "thirdperson_lefthand": {
        "rotation": [ 30, 0, 0 ],
        "translation": [ 0, 1, 0 ],
        "scale": [ 0.25, 0.25, 0.25 ]
    },
    "head": {
        "rotation": [ 0, 0, 0 ],
        "translation": [ 0, 0, 0 ],
        "scale": [ 1, 1, 1 ]
    },
    "ground": {
        "rotation": [ 0, 0, 0 ],
        "translation": [ 0, 3, 0 ],
        "scale": [ 0.25, 0.25, 0.25 ]
    },
    "fixed": {
        "rotation": [ -50, 0, 0 ],
        "translation": [ 0, 0, 0 ],
        "scale": [ 0.5, 0.5, 0.5 ]
    },
    "firstperson_righthand": {
        "rotation": [ 0, 0, 0 ],
        "translation": [ 0, 0, 0 ],
        "scale": [ 0.25, 0.25, 0.25 ]
    },
    "firstperson_lefthand": {
        "rotation": [ 0, 0, 0 ],
        "translation": [ 0, 0, 0 ],
        "scale": [ 0.25, 0.25, 0.25 ]
    },
    "gui": {
        "rotation": [ 30, 45, 0 ],
        "translation": [ 0, 0, 0 ],
        "scale": [ 0.65, 0.65, 0.65 ]
    }
}
}