{
"__comment": "Designed by Sibsib92 with BDcraft Cubik PRO 0.96 Beta - http://bdcraft.net",
"ambientocclusion": false,
"textures": {
    "particle": "blocks/door_jungle_lower",
    "texture": "blocks/planks_jungle",
    "metal": "blocks/cauldron_inner"
},
"elements": [ 
{
    "__comment": "Hinge",
    "from": [ -0.25, 4, -0.0625 ],
    "to": [ 3.25, 6, 0.9375 ],
    "faces": {
        "down":  { "uv": [ 3, 1, 0, 0 ], "texture": "#metal" },
        "up":    { "uv": [ 0, 0, 3, 1 ], "texture": "#metal" },
        "north": { "uv": [ 0, 0, 3, 2 ], "texture": "#metal" },
        "south": { "uv": [ 0, 0, 3, 2 ], "texture": "#metal" },
        "west":  { "uv": [ 0, 0, 1, 2 ], "texture": "#metal" },
        "east":  { "uv": [ 0, 0, 1, 2 ], "texture": "#metal" }
    }
},
{
    "__comment": "Bot Diag Horiz",
    "from": [ 0, 0.5, 6 ],
    "to": [ 1.5, 2, 10 ],
    "rotation": { "origin": [ 0, 2, 6 ], "axis": "z", "angle": 45 },
    "faces": {
        "up":    { "uv": [ 6, 13, 10, 14 ], "rotation": 90, "texture": "#texture" }
    }
},
{
    "__comment": "Bot Diag Horiz",
    "from": [ 0.875, 0.5, 6 ],
    "to": [ 2.375, 2, 10 ],
    "rotation": { "origin": [ 0.875, 2, 6 ], "axis": "z", "angle": 45 },
    "faces": {
        "east":  { "uv": [ 6, 13, 10, 14 ], "texture": "#texture" }
    }
},
{
    "__comment": "Top Diag Horiz",
    "from": [ 0, 14.5, 6 ],
    "to": [ 1.5, 16, 10 ],
    "rotation": { "origin": [ 0, 16, 6 ], "axis": "z", "angle": 45 },
    "faces": {
        "west":  { "uv": [ 6, 2, 10, 3 ], "texture": "#texture" }
    }
},
{
    "__comment": "Door Bot",
    "from": [ 0, 2, 10 ],
    "to": [ 3, 16, 16 ],
    "faces": {
        "north": { "uv": [ 13, 0, 16, 14 ], "texture": "#texture" },
        "south": { "uv": [ 0, 0, 3, 14 ], "texture": "#texture" },
        "west":  { "uv": [ 10, 0, 16, 14 ], "texture": "#texture" },
        "east":  { "uv": [ 0, 0, 6, 14 ], "texture": "#texture" }
    }
},
{
    "__comment": "Door Bot",
    "from": [ 0, 2, 0 ],
    "to": [ 3, 16, 6 ],
    "faces": {
        "north": { "uv": [ 13, 0, 16, 14 ], "texture": "#texture" },
        "south": { "uv": [ 0, 0, 3, 14 ], "texture": "#texture" },
        "west":  { "uv": [ 0, 0, 6, 14 ], "texture": "#texture" },
        "east":  { "uv": [ 10, 0, 16, 14 ], "texture": "#texture" }
    }
},
{
    "__comment": "Door Bot",
    "from": [ 0, 0, 0 ],
    "to": [ 3, 2, 16 ],
    "faces": {
        "down":  { "uv": [ 16, 15, 0, 12 ], "rotation": 90, "texture": "#texture" },
        "up":    { "uv": [ 0, 4, 16, 7 ], "rotation": 90, "texture": "#texture" },
        "north": { "uv": [ 13, 14, 16, 16 ], "texture": "#texture" },
        "south": { "uv": [ 0, 14, 3, 16 ], "texture": "#texture" },
        "west":  { "uv": [ 0, 14, 16, 16 ], "texture": "#texture" },
        "east":  { "uv": [ 0, 14, 16, 16 ], "texture": "#texture" }
    }
},
{
    "__comment": "Bot Diag Vert",
    "from": [ 0, 2, 10 ],
    "to": [ 1.5, 16, 11.5 ],
    "rotation": { "origin": [ 0, 2, 10 ], "axis": "y", "angle": 45 },
    "faces": {
        "north": { "uv": [ 9, 0, 10, 14 ], "texture": "#texture" }
    }
},
{
    "__comment": "Bot Diag Vert",
    "from": [ 0.875, 2, 10 ],
    "to": [ 2.375, 16, 11.5 ],
    "rotation": { "origin": [ 0.875, 2, 10 ], "axis": "y", "angle": 45 },
    "faces": {
        "east":  { "uv": [ 6, 0, 7, 14 ], "texture": "#texture" }
    }
},
{
    "__comment": "Bot Diag Vert",
    "from": [ 0, 2, 6 ],
    "to": [ 1.5, 16, 7.5 ],
    "rotation": { "origin": [ 0, 2, 6 ], "axis": "y", "angle": 45 },
    "faces": {
        "west":  { "uv": [ 5, 0, 6, 14 ], "texture": "#texture" }
    }
},
{
    "__comment": "Bot Diag Vert",
    "from": [ 0.875, 2, 6 ],
    "to": [ 2.375, 16, 7.5 ],
    "rotation": { "origin": [ 0.875, 2, 6 ], "axis": "y", "angle": 45 },
    "faces": {
        "south": { "uv": [ 9, 0, 10, 14 ], "texture": "#texture" }
    }
},
{
    "__comment": "Door Bot",
    "from": [ 1, 3, 9 ],
    "to": [ 2, 15, 10 ],
    "faces": {
        "north": { "uv": [ 14, 1, 15, 13 ], "texture": "#texture" },
        "west":  { "uv": [ 9, 1, 10, 13 ], "texture": "#texture" },
        "east":  { "uv": [ 6, 1, 7, 13 ], "texture": "#texture" }
    }
},
{
    "__comment": "Door Bot",
    "from": [ 1, 2, 6 ],
    "to": [ 2, 3, 10 ],
    "faces": {
        "up":    { "uv": [ 1, 7, 2, 11 ], "texture": "#texture" },
        "west":  { "uv": [ 6, 13, 10, 14 ], "texture": "#texture" },
        "east":  { "uv": [ 6, 13, 10, 14 ], "texture": "#texture" }
    }
},
{
    "__comment": "Door Bot",
    "from": [ 1, 3, 6 ],
    "to": [ 2, 15, 7 ],
    "faces": {
        "south": { "uv": [ 1, 1, 2, 13 ], "texture": "#texture" },
        "west":  { "uv": [ 6, 1, 7, 13 ], "texture": "#texture" },
        "east":  { "uv": [ 9, 1, 10, 13 ], "texture": "#texture" }
    }
},
{
    "__comment": "Door Bot",
    "from": [ 1, 15, 6 ],
    "to": [ 2, 16, 10 ],
    "faces": {
        "down":  { "uv": [ 15, 10, 14, 6 ], "texture": "#texture" },
        "west":  { "uv": [ 6, 13, 10, 14 ], "texture": "#texture" },
        "east":  { "uv": [ 6, 13, 10, 14 ], "texture": "#texture" }
    }
}
]
}