{
"__comment": "Designed by Sibsib92 with BDcraft Cubik PRO 0.96 Beta - http://bdcraft.net",
"ambientocclusion": false,
"textures": {
    "particle": "blocks/door_jungle_lower",
    "texture": "blocks/planks_jungle",
    "metal": "blocks/cauldron_inner"
},
"elements": [ 
{
    "__comment": "Hinge",
    "from": [ -0.25, -1, 15.0625 ],
    "to": [ 3.25, 1, 16.0625 ],
    "faces": {
        "down":  { "uv": [ 3, 1, 0, 0 ], "rotation": 180, "texture": "#metal" },
        "up":    { "uv": [ 0, 0, 3, 1 ], "rotation": 180, "texture": "#metal" },
        "north": { "uv": [ 0, 0, 3, 2 ], "texture": "#metal" },
        "south": { "uv": [ 0, 0, 3, 2 ], "texture": "#metal" },
        "west":  { "uv": [ 0, 0, 1, 2 ], "texture": "#metal" },
        "east":  { "uv": [ 0, 0, 1, 2 ], "texture": "#metal" }
    }
},
{
    "__comment": "Hinge",
    "from": [ -0.25, 10, 15.0625 ],
    "to": [ 3.25, 12, 16.0625 ],
    "faces": {
        "down":  { "uv": [ 3, 1, 0, 0 ], "rotation": 180, "texture": "#metal" },
        "up":    { "uv": [ 0, 0, 3, 1 ], "rotation": 180, "texture": "#metal" },
        "north": { "uv": [ 0, 0, 3, 2 ], "texture": "#metal" },
        "south": { "uv": [ 0, 0, 3, 2 ], "texture": "#metal" },
        "west":  { "uv": [ 0, 0, 1, 2 ], "texture": "#metal" },
        "east":  { "uv": [ 0, 0, 1, 2 ], "texture": "#metal" }
    }
},
{
    "__comment": "Handle",
    "from": [ -0.5, -0.25, 1.25 ],
    "to": [ 3.5, 0.25, 1.75 ],
    "faces": {
        "down":  { "uv": [ 16, 14.75, 12.5, 14.25 ], "rotation": 180, "texture": "#metal" },
        "up":    { "uv": [ 0, 14.25, 3.5, 14.75 ], "rotation": 180, "texture": "#metal" },
        "north": { "uv": [ 0, 15.75, 3.5, 16 ], "texture": "#metal" },
        "south": { "uv": [ 12.5, 15.75, 16, 16 ], "texture": "#metal" }
    }
},
{
    "__comment": "Handle",
    "from": [ -1.5, -0.5, 1 ],
    "to": [ -0.5, 0.5, 2 ],
    "faces": {
        "down":  { "uv": [ 13, 14, 12, 13 ], "rotation": 180, "texture": "#metal" },
        "up":    { "uv": [ 3, 13, 4, 14 ], "rotation": 180, "texture": "#metal" },
        "north": { "uv": [ 3, 15, 4, 16 ], "texture": "#metal" },
        "south": { "uv": [ 12, 15, 13, 16 ], "texture": "#metal" },
        "west":  { "uv": [ 2, 15, 3, 16 ], "texture": "#metal" },
        "east":  { "uv": [ 13, 15, 14, 16 ], "texture": "#metal" }
    }
},
{
    "__comment": "Handle",
    "from": [ -1.5, 0, 4 ],
    "to": [ -0.5, 0.5, 5 ],
    "faces": {
        "down":  { "uv": [ 13, 13, 12, 12 ], "rotation": 180, "texture": "#metal" },
        "up":    { "uv": [ 3, 12, 4, 13 ], "rotation": 180, "texture": "#metal" },
        "north": { "uv": [ 3, 15.5, 4, 16 ], "texture": "#metal" },
        "south": { "uv": [ 12, 15.5, 13, 16 ], "texture": "#metal" },
        "west":  { "uv": [ 3, 15.5, 4, 16 ], "texture": "#metal" },
        "east":  { "uv": [ 12, 15.5, 13, 16 ], "texture": "#metal" }
    }
},
{
    "__comment": "Handle",
    "from": [ -1.25, 0.5, 2.5 ],
    "to": [ -0.75, 1, 4.5 ],
    "faces": {
        "down":  { "uv": [ 13, 12, 12, 10 ], "rotation": 180, "texture": "#metal" },
        "up":    { "uv": [ 3, 10, 4, 12 ], "rotation": 180, "texture": "#metal" },
        "north": { "uv": [ 3, 15.5, 4, 16 ], "texture": "#metal" },
        "south": { "uv": [ 12, 15.5, 13, 16 ], "texture": "#metal" },
        "west":  { "uv": [ 4, 15.5, 6, 16 ], "texture": "#metal" },
        "east":  { "uv": [ 10, 15.5, 12, 16 ], "texture": "#metal" }
    }
},
{
    "__comment": "Handle",
    "from": [ -1.25, 0, 2 ],
    "to": [ -0.75, 0.5, 3 ],
    "faces": {
        "down":  { "uv": [ 13, 13, 12, 12 ], "rotation": 180, "texture": "#metal" },
        "up":    { "uv": [ 3, 12, 4, 13 ], "rotation": 180, "texture": "#metal" },
        "south": { "uv": [ 12, 15.5, 13, 16 ], "texture": "#metal" },
        "west":  { "uv": [ 3, 15.5, 4, 16 ], "texture": "#metal" },
        "east":  { "uv": [ 12, 15.5, 13, 16 ], "texture": "#metal" }
    }
},
{
    "__comment": "Handle",
    "from": [ 3.5, -0.5, 1 ],
    "to": [ 4.5, 0.5, 2 ],
    "faces": {
        "down":  { "uv": [ 13, 14, 12, 13 ], "rotation": 180, "texture": "#metal" },
        "up":    { "uv": [ 3, 13, 4, 14 ], "rotation": 180, "texture": "#metal" },
        "north": { "uv": [ 3, 15, 4, 16 ], "texture": "#metal" },
        "south": { "uv": [ 12, 15, 13, 16 ], "texture": "#metal" },
        "west":  { "uv": [ 2, 15, 3, 16 ], "texture": "#metal" },
        "east":  { "uv": [ 13, 15, 14, 16 ], "texture": "#metal" }
    }
},
{
    "__comment": "Handle",
    "from": [ 3.5, 0, 4 ],
    "to": [ 4.5, 0.5, 5 ],
    "faces": {
        "down":  { "uv": [ 13, 13, 12, 12 ], "rotation": 180, "texture": "#metal" },
        "up":    { "uv": [ 3, 12, 4, 13 ], "rotation": 180, "texture": "#metal" },
        "north": { "uv": [ 3, 15.5, 4, 16 ], "texture": "#metal" },
        "south": { "uv": [ 12, 15.5, 13, 16 ], "texture": "#metal" },
        "west":  { "uv": [ 3, 15.5, 4, 16 ], "texture": "#metal" },
        "east":  { "uv": [ 12, 15.5, 13, 16 ], "texture": "#metal" }
    }
},
{
    "__comment": "Handle",
    "from": [ 3.75, 0.5, 2.5 ],
    "to": [ 4.25, 1, 4.5 ],
    "faces": {
        "down":  { "uv": [ 16, 12.5, 15.5, 10.5 ], "rotation": 180, "texture": "#metal" },
        "up":    { "uv": [ 0, 10.5, 0.5, 12.5 ], "rotation": 180, "texture": "#metal" },
        "north": { "uv": [ 0, 16, 0.5, 16 ], "texture": "#metal" },
        "south": { "uv": [ 15.5, 16, 16, 16 ], "texture": "#metal" },
        "west":  { "uv": [ 3.5, 16, 5.5, 16 ], "texture": "#metal" },
        "east":  { "uv": [ 10.5, 16, 12.5, 16 ], "texture": "#metal" }
    }
},
{
    "__comment": "Handle",
    "from": [ 3.75, 0, 2 ],
    "to": [ 4.25, 0.5, 3 ],
    "faces": {
        "down":  { "uv": [ 16, 13, 15.5, 12 ], "rotation": 180, "texture": "#metal" },
        "up":    { "uv": [ 0, 12, 0.5, 13 ], "rotation": 180, "texture": "#metal" },
        "south": { "uv": [ 15.5, 15.5, 16, 16 ], "texture": "#metal" },
        "west":  { "uv": [ 3, 15.5, 4, 16 ], "texture": "#metal" },
        "east":  { "uv": [ 12, 15.5, 13, 16 ], "texture": "#metal" }
    }
},
{
    "__comment": "Door Top",
    "from": [ 0, 0, 13 ],
    "to": [ 3, 14, 16 ],
    "faces": {
        "north": { "uv": [ 13, 2, 16, 16 ], "texture": "#texture" },
        "south": { "uv": [ 0, 2, 3, 16 ], "texture": "#texture" },
        "west":  { "uv": [ 13, 2, 16, 16 ], "texture": "#texture" },
        "east":  { "uv": [ 0, 2, 3, 16 ], "texture": "#texture" }
    }
},
{
    "__comment": "Door Top",
    "from": [ 0, 0, 0 ],
    "to": [ 3, 14, 3 ],
    "faces": {
        "north": { "uv": [ 13, 2, 16, 16 ], "texture": "#texture" },
        "south": { "uv": [ 0, 2, 3, 16 ], "texture": "#texture" },
        "west":  { "uv": [ 0, 2, 3, 16 ], "texture": "#texture" },
        "east":  { "uv": [ 13, 2, 16, 16 ], "texture": "#texture" }
    }
},
{
    "__comment": "Door Top",
    "from": [ 0, 14, 0 ],
    "to": [ 3, 16, 16 ],
    "faces": {
        "down":  { "uv": [ 16, 15, 0, 12 ], "rotation": 90, "texture": "#texture" },
        "up":    { "uv": [ 0, 0, 16, 3 ], "rotation": 90, "texture": "#texture" },
        "north": { "uv": [ 13, 0, 16, 2 ], "texture": "#texture" },
        "south": { "uv": [ 0, 0, 3, 2 ], "texture": "#texture" },
        "west":  { "uv": [ 0, 0, 16, 2 ], "texture": "#texture" },
        "east":  { "uv": [ 0, 0, 16, 2 ], "texture": "#texture" }
    }
},
{
    "__comment": "Door Top*",
    "from": [ 0, 0, 3 ],
    "to": [ 3, 5, 13 ],
    "faces": {
        "up":    { "uv": [ 0, 3, 3, 13 ], "texture": "#texture" },
        "west":  { "uv": [ 3, 11, 13, 16 ], "texture": "#texture" },
        "east":  { "uv": [ 3, 11, 13, 16 ], "texture": "#texture" }
    }
},
{
    "from": [ 1, 5, 3 ],
    "to": [ 2, 6, 13 ],
    "faces": {
        "up":    { "uv": [ 3, 10, 13, 11 ], "rotation": 90, "texture": "#texture" },
        "west":  { "uv": [ 3, 0, 13, 0 ], "texture": "#texture" },
        "east":  { "uv": [ 3, 0, 13, 0 ], "texture": "#texture" }
    }
},
{
    "__comment": "Bot Diag Horiz*",
    "from": [ 0, 3.5, 3 ],
    "to": [ 1.5, 5, 13 ],
    "rotation": { "origin": [ 0, 5, 3 ], "axis": "z", "angle": 45 },
    "faces": {
        "up":    { "uv": [ 3, 10, 13, 11 ], "rotation": 90, "texture": "#texture" }
    }
},
{
    "__comment": "Bot Diag Horiz*",
    "from": [ 0.875, 3.5, 3 ],
    "to": [ 2.375, 5, 13 ],
    "rotation": { "origin": [ 0.875, 5, 3 ], "axis": "z", "angle": 45 },
    "faces": {
        "east":  { "uv": [ 3, 10, 13, 11 ], "texture": "#texture" }
    }
},
{
    "__comment": "Top Diag Horiz*",
    "from": [ 0, 12.5, 6 ],
    "to": [ 1.5, 14, 10 ],
    "rotation": { "origin": [ 0, 14, 6 ], "axis": "z", "angle": 45 },
    "faces": {
        "west":  { "uv": [ 6, 2, 10, 3 ], "texture": "#texture" }
    }
},
{
    "__comment": "Top Diag Horiz*",
    "from": [ 0.875, 12.5, 6 ],
    "to": [ 2.375, 14, 10 ],
    "rotation": { "origin": [ 0.875, 14, 6 ], "axis": "z", "angle": 45 },
    "faces": {
        "down":  { "uv": [ 6, 2, 10, 3 ], "rotation": 90, "texture": "#texture" }
    }
},
{
    "__comment": "Door Top",
    "from": [ 1, 13, 6 ],
    "to": [ 2, 14, 10 ],
    "faces": {
        "down":  { "uv": [ 15, 10, 14, 6 ], "texture": "#texture" },
        "west":  { "uv": [ 6, 13, 10, 14 ], "texture": "#texture" },
        "east":  { "uv": [ 6, 13, 10, 14 ], "texture": "#texture" }
    }
},
{
    "__comment": "Door Top",
    "from": [ 0, 13, 3 ],
    "to": [ 3, 14, 6 ],
    "faces": {
        "down":  { "uv": [ 16, 6, 13, 3 ], "texture": "#texture" },
        "south": { "uv": [ 0, 2, 3, 3 ], "texture": "#texture" },
        "west":  { "uv": [ 3, 2, 6, 3 ], "texture": "#texture" },
        "east":  { "uv": [ 10, 2, 13, 3 ], "texture": "#texture" }
    }
},
{
    "__comment": "Door Top",
    "from": [ 0, 12, 11 ],
    "to": [ 3, 13, 13 ],
    "faces": {
        "down":  { "uv": [ 16, 13, 13, 11 ], "texture": "#texture" },
        "north": { "uv": [ 13, 3, 16, 4 ], "texture": "#texture" },
        "west":  { "uv": [ 11, 3, 13, 4 ], "texture": "#texture" },
        "east":  { "uv": [ 3, 3, 5, 4 ], "texture": "#texture" }
    }
},
{
    "__comment": "Door Top",
    "from": [ 0, 12, 3 ],
    "to": [ 3, 13, 5 ],
    "faces": {
        "down":  { "uv": [ 16, 4, 13, 2 ], "texture": "#texture" },
        "south": { "uv": [ 0, 3, 3, 4 ], "texture": "#texture" },
        "west":  { "uv": [ 3, 3, 5, 4 ], "texture": "#texture" },
        "east":  { "uv": [ 11, 3, 13, 4 ], "texture": "#texture" }
    }
},
{
    "__comment": "Door Top",
    "from": [ 0, 13, 10 ],
    "to": [ 3, 14, 13 ],
    "faces": {
        "down":  { "uv": [ 16, 13, 13, 10 ], "texture": "#texture" },
        "north": { "uv": [ 13, 2, 16, 3 ], "texture": "#texture" },
        "west":  { "uv": [ 10, 2, 13, 3 ], "texture": "#texture" },
        "east":  { "uv": [ 3, 2, 6, 3 ], "texture": "#texture" }
    }
},
{
    "__comment": "Door Top",
    "from": [ 0, 10, 3 ],
    "to": [ 3, 12, 4 ],
    "faces": {
        "down":  { "uv": [ 16, 4, 13, 3 ], "texture": "#texture" },
        "south": { "uv": [ 0, 4, 3, 6 ], "texture": "#texture" },
        "west":  { "uv": [ 3, 4, 4, 6 ], "texture": "#texture" },
        "east":  { "uv": [ 12, 4, 13, 6 ], "texture": "#texture" }
    }
},
{
    "__comment": "Door Top",
    "from": [ 0, 10, 12 ],
    "to": [ 3, 12, 13 ],
    "faces": {
        "down":  { "uv": [ 16, 4, 13, 3 ], "texture": "#texture" },
        "north": { "uv": [ 13, 4, 16, 6 ], "texture": "#texture" },
        "west":  { "uv": [ 3, 4, 4, 6 ], "texture": "#texture" },
        "east":  { "uv": [ 12, 4, 13, 6 ], "texture": "#texture" }
    }
},
{
    "__comment": "Door Top",
    "from": [ 1, 6, 12 ],
    "to": [ 2, 10, 13 ],
    "faces": {
        "north": { "uv": [ 14, 6, 15, 10 ], "texture": "#texture" },
        "west":  { "uv": [ 12, 6, 13, 10 ], "texture": "#texture" },
        "east":  { "uv": [ 3, 6, 4, 10 ], "texture": "#texture" }
    }
},
{
    "__comment": "Door Top",
    "from": [ 1, 6, 3 ],
    "to": [ 2, 10, 4 ],
    "faces": {
        "south": { "uv": [ 1, 6, 2, 10 ], "texture": "#texture" },
        "west":  { "uv": [ 3, 6, 4, 10 ], "texture": "#texture" },
        "east":  { "uv": [ 12, 6, 13, 10 ], "texture": "#texture" }
    }
},
{
    "__comment": "Door Top",
    "from": [ 1, 10, 11 ],
    "to": [ 2, 12, 12 ],
    "faces": {
        "down":  { "uv": [ 15, 12, 14, 11 ], "texture": "#texture" },
        "north": { "uv": [ 14, 4, 15, 6 ], "texture": "#texture" },
        "west":  { "uv": [ 11, 4, 12, 6 ], "texture": "#texture" },
        "east":  { "uv": [ 4, 4, 5, 6 ], "texture": "#texture" }
    }
},
{
    "__comment": "Door Top",
    "from": [ 1, 10, 4 ],
    "to": [ 2, 12, 5 ],
    "faces": {
        "down":  { "uv": [ 15, 5, 14, 4 ], "texture": "#texture" },
        "south": { "uv": [ 1, 4, 2, 6 ], "texture": "#texture" },
        "west":  { "uv": [ 4, 4, 5, 6 ], "texture": "#texture" },
        "east":  { "uv": [ 11, 4, 12, 6 ], "texture": "#texture" }
    }
},
{
    "__comment": "Door Top",
    "from": [ 1, 12, 10 ],
    "to": [ 2, 13, 11 ],
    "faces": {
        "down":  { "uv": [ 15, 11, 14, 10 ], "texture": "#texture" },
        "north": { "uv": [ 14, 3, 15, 4 ], "texture": "#texture" },
        "west":  { "uv": [ 10, 3, 11, 4 ], "texture": "#texture" },
        "east":  { "uv": [ 5, 3, 6, 4 ], "texture": "#texture" }
    }
},
{
    "__comment": "Door Top",
    "from": [ 1, 12, 5 ],
    "to": [ 2, 13, 6 ],
    "faces": {
        "down":  { "uv": [ 15, 6, 14, 5 ], "texture": "#texture" },
        "south": { "uv": [ 1, 3, 2, 4 ], "texture": "#texture" },
        "west":  { "uv": [ 5, 3, 6, 4 ], "texture": "#texture" },
        "east":  { "uv": [ 10, 3, 11, 4 ], "texture": "#texture" }
    }
}
]
}