{
"__comment": "Designed by Sibsib92 with BDcraft Cubik PRO 0.95 Beta - http://bdcraft.net",
"ambientocclusion": false,
"textures": {
    "particle": "blocks/planks_jungle"
},
"elements": [ 
{
    "__comment": "Horizontal",
    "from": [ 7.25, 12, 0 ],
    "to": [ 8.75, 14, 6 ],
    "faces": {
        "down":  { "uv": [ 0.001, 2.001, 5.999, 2.999 ], "rotation": 270, "texture": "#particle" },
        "up":    { "uv": [ 0.001, 1.001, 5.999, 1.999 ], "rotation": 90, "texture": "#particle" },
        "west":  { "uv": [ 0.001, 1.001, 5.999, 2.999 ], "texture": "#particle" },
        "east":  { "uv": [ 5.999, 1.001, 0.001, 2.999 ], "texture": "#particle" }
    }
},
{
    "__comment": "Horizontal",
    "from": [ 7.25, 7, 0 ],
    "to": [ 8.75, 9, 6 ],
    "faces": {
        "down":  { "uv": [ 0.001, 6.001, 5.999, 6.999 ], "rotation": 270, "texture": "#particle" },
        "up":    { "uv": [ 0.001, 5.001, 5.999, 5.999 ], "rotation": 90, "texture": "#particle" },
        "west":  { "uv": [ 0.001, 5.001, 5.999, 6.999 ], "texture": "#particle" },
        "east":  { "uv": [ 5.999, 5.001, 0.001, 6.999 ], "texture": "#particle" }
    }
},
{
    "__comment": "Horizontal",
    "from": [ 7.25, 2, 0 ],
    "to": [ 8.75, 4, 6 ],
    "faces": {
        "down":  { "uv": [ 0.001, 13.001, 5.999, 13.999 ], "rotation": 270, "texture": "#particle" },
        "up":    { "uv": [ 0.001, 12.001, 5.999, 12.999 ], "rotation": 90, "texture": "#particle" },
        "west":  { "uv": [ 0.001, 12.001, 5.999, 13.999 ], "texture": "#particle" },
        "east":  { "uv": [ 5.999, 12.001, 0.001, 13.999 ], "texture": "#particle" }
    }
}
]
}