{
"__comment": "Designed by Sibsib92 with BDcraft Cubik PRO 0.96 Beta - http://bdcraft.net",
"ambientocclusion": false,
"textures": {
    "particle": "blocks/ladder",
    "texture": "blocks/planks_oak",
    "wood": "blocks/log_oak"
},
"elements": [ 
{
    "__comment": "Plank",
    "from": [ 2, 0, 15 ],
    "to": [ 4, 16, 16 ],
    "faces": {
        "down":  { "uv": [ 13.999, 15.999, 12.001, 15.001 ], "texture": "#texture" },
        "up":    { "uv": [ 2.001, 15.001, 3.999, 15.999 ], "texture": "#texture" },
        "north": { "uv": [ 12.001, 0.001, 13.999, 15.999 ], "texture": "#texture" },
        "south": { "uv": [ 2.001, 0.001, 3.999, 15.999 ], "texture": "#texture" },
        "west":  { "uv": [ 15.001, 0.001, 15.999, 15.999 ], "texture": "#texture" },
        "east":  { "uv": [ 0.001, 0.001, 0.999, 15.999 ], "texture": "#texture" }
    }
},
{
    "__comment": "Plank",
    "from": [ 12, 0, 15 ],
    "to": [ 14, 16, 16 ],
    "faces": {
        "down":  { "uv": [ 3.999, 15.999, 2.001, 15.001 ], "texture": "#texture" },
        "up":    { "uv": [ 12.001, 15.001, 13.999, 15.999 ], "texture": "#texture" },
        "north": { "uv": [ 2.001, 0.001, 3.999, 15.999 ], "texture": "#texture" },
        "south": { "uv": [ 12.001, 0.001, 13.999, 15.999 ], "texture": "#texture" },
        "west":  { "uv": [ 15.001, 0.001, 15.999, 15.999 ], "texture": "#texture" },
        "east":  { "uv": [ 0.001, 0.001, 0.999, 15.999 ], "texture": "#texture" }
    }
},
{
    "__comment": "Plank",
    "from": [ 1, 13.5, 14 ],
    "to": [ 15, 14.5, 15 ],
    "faces": {
        "down":  { "uv": [ 14.999, 14.999, 1.001, 14.001 ], "texture": "#texture" },
        "up":    { "uv": [ 1.001, 14.001, 14.999, 14.999 ], "texture": "#texture" },
        "north": { "uv": [ 1.001, 1.501, 14.999, 2.499 ], "texture": "#texture" },
        "south": { "uv": [ 1.001, 1.501, 14.999, 2.499 ], "texture": "#texture" },
        "west":  { "uv": [ 14.001, 1.501, 14.999, 2.499 ], "texture": "#texture" },
        "east":  { "uv": [ 1.001, 1.501, 1.999, 2.499 ], "texture": "#texture" }
    }
},
{
    "__comment": "Plank",
    "from": [ 1, 1.5, 14 ],
    "to": [ 15, 2.5, 15 ],
    "faces": {
        "down":  { "uv": [ 14.999, 14.999, 1.001, 14.001 ], "texture": "#texture" },
        "up":    { "uv": [ 1.001, 14.001, 14.999, 14.999 ], "texture": "#texture" },
        "north": { "uv": [ 1.001, 13.501, 14.999, 14.499 ], "texture": "#texture" },
        "south": { "uv": [ 1.001, 13.501, 14.999, 14.499 ], "texture": "#texture" },
        "west":  { "uv": [ 14.001, 13.501, 14.999, 14.499 ], "texture": "#texture" },
        "east":  { "uv": [ 1.001, 13.501, 1.999, 14.499 ], "texture": "#texture" }
    }
},
{
    "__comment": "Plank",
    "from": [ 1, 5.5, 14 ],
    "to": [ 15, 6.5, 15 ],
    "faces": {
        "down":  { "uv": [ 14.999, 14.999, 1.001, 14.001 ], "texture": "#texture" },
        "up":    { "uv": [ 1.001, 14.001, 14.999, 14.999 ], "texture": "#texture" },
        "north": { "uv": [ 1.001, 9.501, 14.999, 10.499 ], "texture": "#texture" },
        "south": { "uv": [ 1.001, 9.501, 14.999, 10.499 ], "texture": "#texture" },
        "west":  { "uv": [ 14.001, 9.501, 14.999, 10.499 ], "texture": "#texture" },
        "east":  { "uv": [ 1.001, 9.501, 1.999, 10.499 ], "texture": "#texture" }
    }
},
{
    "__comment": "Plank",
    "from": [ 1, 9.5, 14 ],
    "to": [ 15, 10.5, 15 ],
    "faces": {
        "down":  { "uv": [ 14.999, 14.999, 1.001, 14.001 ], "texture": "#texture" },
        "up":    { "uv": [ 1.001, 14.001, 14.999, 14.999 ], "texture": "#texture" },
        "north": { "uv": [ 1.001, 5.501, 14.999, 6.499 ], "texture": "#texture" },
        "south": { "uv": [ 1.001, 5.501, 14.999, 6.499 ], "texture": "#texture" },
        "west":  { "uv": [ 14.001, 5.501, 14.999, 6.499 ], "texture": "#texture" },
        "east":  { "uv": [ 1.001, 5.501, 1.999, 6.499 ], "texture": "#texture" }
    }
},
{
    "__comment": "Log",
    "from": [ 1.5, 13, 14 ],
    "to": [ 14.5, 15, 15 ],
    "faces": {
        "down":  { "uv": [ 14.499, 14.999, 1.501, 14.001 ], "texture": "#wood" },
        "up":    { "uv": [ 1.501, 14.001, 14.499, 14.999 ], "texture": "#wood" },
        "north": { "uv": [ 1.501, 1.001, 14.499, 2.999 ], "texture": "#wood" },
        "south": { "uv": [ 1.501, 1.001, 14.499, 2.999 ], "texture": "#wood" },
        "west":  { "uv": [ 14.001, 1.001, 14.999, 2.999 ], "texture": "#wood" },
        "east":  { "uv": [ 1.001, 1.001, 1.999, 2.999 ], "texture": "#wood" }
    }
},
{
    "__comment": "Log",
    "from": [ 1.5, 13.5, 13.5 ],
    "to": [ 14.5, 14.5, 15.5 ],
    "faces": {
        "down":  { "uv": [ 14.499, 15.499, 1.501, 13.501 ], "texture": "#wood" },
        "up":    { "uv": [ 1.501, 13.501, 14.499, 15.499 ], "texture": "#wood" },
        "north": { "uv": [ 1.501, 1.501, 14.499, 2.499 ], "texture": "#wood" },
        "south": { "uv": [ 1.501, 1.501, 14.499, 2.499 ], "texture": "#wood" },
        "west":  { "uv": [ 13.501, 1.501, 15.499, 2.499 ], "texture": "#wood" },
        "east":  { "uv": [ 0.501, 1.501, 2.499, 2.499 ], "texture": "#wood" }
    }
},
{
    "__comment": "Log",
    "from": [ 1.5, 9.5, 13.5 ],
    "to": [ 14.5, 10.5, 15.5 ],
    "faces": {
        "down":  { "uv": [ 14.499, 15.499, 1.501, 13.501 ], "texture": "#wood" },
        "up":    { "uv": [ 1.501, 13.501, 14.499, 15.499 ], "texture": "#wood" },
        "north": { "uv": [ 1.501, 5.501, 14.499, 6.499 ], "texture": "#wood" },
        "south": { "uv": [ 1.501, 5.501, 14.499, 6.499 ], "texture": "#wood" },
        "west":  { "uv": [ 13.501, 5.501, 15.499, 6.499 ], "texture": "#wood" },
        "east":  { "uv": [ 0.501, 5.501, 2.499, 6.499 ], "texture": "#wood" }
    }
},
{
    "__comment": "Log",
    "from": [ 1.5, 9, 14 ],
    "to": [ 14.5, 11, 15 ],
    "faces": {
        "down":  { "uv": [ 14.499, 14.999, 1.501, 14.001 ], "texture": "#wood" },
        "up":    { "uv": [ 1.501, 14.001, 14.499, 14.999 ], "texture": "#wood" },
        "north": { "uv": [ 1.501, 5.001, 14.499, 6.999 ], "texture": "#wood" },
        "south": { "uv": [ 1.501, 5.001, 14.499, 6.999 ], "texture": "#wood" },
        "west":  { "uv": [ 14.001, 5.001, 14.999, 6.999 ], "texture": "#wood" },
        "east":  { "uv": [ 1.001, 5.001, 1.999, 6.999 ], "texture": "#wood" }
    }
},
{
    "__comment": "Log",
    "from": [ 1.5, 5.5, 13.5 ],
    "to": [ 14.5, 6.5, 15.5 ],
    "faces": {
        "down":  { "uv": [ 14.499, 15.499, 1.501, 13.501 ], "texture": "#wood" },
        "up":    { "uv": [ 1.501, 13.501, 14.499, 15.499 ], "texture": "#wood" },
        "north": { "uv": [ 1.501, 9.501, 14.499, 10.499 ], "texture": "#wood" },
        "south": { "uv": [ 1.501, 9.501, 14.499, 10.499 ], "texture": "#wood" },
        "west":  { "uv": [ 13.501, 9.501, 15.499, 10.499 ], "texture": "#wood" },
        "east":  { "uv": [ 0.501, 9.501, 2.499, 10.499 ], "texture": "#wood" }
    }
},
{
    "__comment": "Log",
    "from": [ 1.5, 5, 14 ],
    "to": [ 14.5, 7, 15 ],
    "faces": {
        "down":  { "uv": [ 14.499, 14.999, 1.501, 14.001 ], "texture": "#wood" },
        "up":    { "uv": [ 1.501, 14.001, 14.499, 14.999 ], "texture": "#wood" },
        "north": { "uv": [ 1.501, 9.001, 14.499, 10.999 ], "texture": "#wood" },
        "south": { "uv": [ 1.501, 9.001, 14.499, 10.999 ], "texture": "#wood" },
        "west":  { "uv": [ 14.001, 9.001, 14.999, 10.999 ], "texture": "#wood" },
        "east":  { "uv": [ 1.001, 9.001, 1.999, 10.999 ], "texture": "#wood" }
    }
},
{
    "__comment": "Log",
    "from": [ 1.5, 1.5, 13.5 ],
    "to": [ 14.5, 2.5, 15.5 ],
    "faces": {
        "down":  { "uv": [ 14.499, 15.499, 1.501, 13.501 ], "texture": "#wood" },
        "up":    { "uv": [ 1.501, 13.501, 14.499, 15.499 ], "texture": "#wood" },
        "north": { "uv": [ 1.501, 13.501, 14.499, 14.499 ], "texture": "#wood" },
        "south": { "uv": [ 1.501, 13.501, 14.499, 14.499 ], "texture": "#wood" },
        "west":  { "uv": [ 13.501, 13.501, 15.499, 14.499 ], "texture": "#wood" },
        "east":  { "uv": [ 0.501, 13.501, 2.499, 14.499 ], "texture": "#wood" }
    }
},
{
    "__comment": "Log",
    "from": [ 1.5, 1, 14 ],
    "to": [ 14.5, 3, 15 ],
    "faces": {
        "down":  { "uv": [ 14.499, 14.999, 1.501, 14.001 ], "texture": "#wood" },
        "up":    { "uv": [ 1.501, 14.001, 14.499, 14.999 ], "texture": "#wood" },
        "north": { "uv": [ 1.501, 13.001, 14.499, 14.999 ], "texture": "#wood" },
        "south": { "uv": [ 1.501, 13.001, 14.499, 14.999 ], "texture": "#wood" },
        "west":  { "uv": [ 14.001, 13.001, 14.999, 14.999 ], "texture": "#wood" },
        "east":  { "uv": [ 1.001, 13.001, 1.999, 14.999 ], "texture": "#wood" }
    }
},
{
    "__comment": "Plank",
    "from": [ 2.5, 0, 14.5 ],
    "to": [ 3.5, 16, 15 ],
    "faces": {
        "down":  { "uv": [ 13.499, 14.999, 12.501, 14.501 ], "texture": "#texture" },
        "up":    { "uv": [ 2.501, 14.501, 3.499, 14.999 ], "texture": "#texture" },
        "north": { "uv": [ 12.501, 0.001, 13.499, 15.999 ], "texture": "#texture" },
        "south": { "uv": [ 2.501, 0.001, 3.499, 15.999 ], "texture": "#texture" },
        "west":  { "uv": [ 14.501, 0.001, 14.999, 15.999 ], "texture": "#texture" },
        "east":  { "uv": [ 1.001, 0.001, 1.499, 15.999 ], "texture": "#texture" }
    }
},
{
    "__comment": "Plank",
    "from": [ 12.5, 0, 14.5 ],
    "to": [ 13.5, 16, 15 ],
    "faces": {
        "down":  { "uv": [ 3.499, 14.999, 2.501, 14.501 ], "texture": "#texture" },
        "up":    { "uv": [ 12.501, 14.501, 13.499, 14.999 ], "texture": "#texture" },
        "north": { "uv": [ 2.501, 0.001, 3.499, 15.999 ], "texture": "#texture" },
        "south": { "uv": [ 12.501, 0.001, 13.499, 15.999 ], "texture": "#texture" },
        "west":  { "uv": [ 14.501, 0.001, 14.999, 15.999 ], "texture": "#texture" },
        "east":  { "uv": [ 1.001, 0.001, 1.499, 15.999 ], "texture": "#texture" }
    }
}
],
"display": {
    "thirdperson_righthand": {
        "rotation": [ 0, 90, 0 ],
        "translation": [ -4, 0, 0 ],
        "scale": [ 0.5, 0.5, 0.5 ]
    },
    "thirdperson_lefthand": {
        "rotation": [ 0, 90, 0 ],
        "translation": [ -4, 0, 0 ],
        "scale": [ 0.5, 0.5, 0.5 ]
    },
    "head": {
        "rotation": [ 0, 0, 0 ],
        "translation": [ 0, 0, -14 ],
        "scale": [ 1, 1, 1 ]
    },
    "ground": {
        "rotation": [ 0, 0, 0 ],
        "translation": [ 0, 3, -2 ],
        "scale": [ 0.25, 0.25, 0.25 ]
    },
    "fixed": {
        "rotation": [ 0, 0, 0 ],
        "translation": [ 0, 0, -5 ],
        "scale": [ 0.75, 0.75, 0.75 ]
    },
    "firstperson_righthand": {
        "rotation": [ 0, 90, -35 ],
        "translation": [ -5, 0, 2 ],
        "scale": [ 0.68, 0.68, 0.68 ]
    },
    "firstperson_lefthand": {
        "rotation": [ 0, 90, -35 ],
        "translation": [ -5, 0, 2 ],
        "scale": [ 0.68, 0.68, 0.68 ]
    },
    "gui": {
        "rotation": [ 30, -165, 0 ],
        "translation": [ 1.75, -3.5, 0 ],
        "scale": [ 1, 1, 1 ]
    }
}
}