{
"__comment": "Designed by Sibsib92 with BDcraft Cubik PRO 0.96 Beta - http://bdcraft.net",
"ambientocclusion": false,
"textures": {
    "particle": "blocks/lever",
    "texture": "blocks/cobblestone",
    "wood": "blocks/planks_oak",
    "grip": "blocks/cauldron_inner",
    "indicator": "blocks/redstone_block"
},
"elements": [ 
{
    "__comment": "Base",
    "from": [ 5, 1, 4 ],
    "to": [ 11, 3, 12 ],
    "faces": {
        "up":    { "uv": [ 5, 4, 11, 12 ], "texture": "#texture" },
        "north": { "uv": [ 5, 13, 11, 15 ], "texture": "#texture" },
        "south": { "uv": [ 5, 13, 11, 15 ], "texture": "#texture" },
        "west":  { "uv": [ 4, 13, 12, 15 ], "texture": "#texture" },
        "east":  { "uv": [ 4, 13, 12, 15 ], "texture": "#texture" }
    }
},
{
    "__comment": "Base",
    "from": [ 4, 0, 3 ],
    "to": [ 12, 1, 13 ],
    "faces": {
        "down":  { "uv": [ 12, 13, 4, 3 ], "texture": "#texture" },
        "up":    { "uv": [ 4, 3, 12, 13 ], "texture": "#texture" },
        "north": { "uv": [ 4, 15, 12, 16 ], "texture": "#texture" },
        "south": { "uv": [ 4, 15, 12, 16 ], "texture": "#texture" },
        "west":  { "uv": [ 3, 15, 13, 16 ], "texture": "#texture" },
        "east":  { "uv": [ 3, 15, 13, 16 ], "texture": "#texture" }
    }
},
{
    "__comment": "Wood",
    "from": [ 7.25, -1.875, 1.8125 ],
    "to": [ 8.75, 7.125, 3.3125 ],
    "rotation": { "origin": [ 7.25, 7.125, 1.8125 ], "axis": "x", "angle": -45 },
    "faces": {
        "north": { "uv": [ 7.25, 6, 8.75, 15 ], "texture": "#wood" },
        "south": { "uv": [ 7.25, 6, 8.75, 15 ], "texture": "#wood" },
        "west":  { "uv": [ 7.25, 6, 8.75, 15 ], "texture": "#wood" },
        "east":  { "uv": [ 7.25, 6, 8.75, 15 ], "texture": "#wood" }
    }
},
{
    "__comment": "Redstone",
    "from": [ 5.5, 3, 4.5 ],
    "to": [ 6.5, 3.5, 11.5 ],
    "faces": {
        "up":    { "uv": [ 5.5, 4.5, 6.5, 11.5 ], "texture": "#indicator" },
        "north": { "uv": [ 9.5, 12.5, 10.5, 13 ], "texture": "#indicator" },
        "south": { "uv": [ 5.5, 12.5, 6.5, 13 ], "texture": "#indicator" },
        "west":  { "uv": [ 4.5, 12.5, 11.5, 13 ], "texture": "#indicator" },
        "east":  { "uv": [ 4.5, 12.5, 11.5, 13 ], "texture": "#indicator" }
    }
},
{
    "__comment": "Redstone",
    "from": [ 9.5, 3, 4.5 ],
    "to": [ 10.5, 3.5, 11.5 ],
    "faces": {
        "up":    { "uv": [ 9.5, 4.5, 10.5, 11.5 ], "texture": "#indicator" },
        "north": { "uv": [ 5.5, 12.5, 6.5, 13 ], "texture": "#indicator" },
        "south": { "uv": [ 9.5, 12.5, 10.5, 13 ], "texture": "#indicator" },
        "west":  { "uv": [ 4.5, 12.5, 11.5, 13 ], "texture": "#indicator" },
        "east":  { "uv": [ 4.5, 12.5, 11.5, 13 ], "texture": "#indicator" }
    }
},
{
    "__comment": "Grip",
    "from": [ 5, 6.9375, 2.5 ],
    "to": [ 11, 8.9375, 4.5 ],
    "rotation": { "origin": [ 5, 8.9375, 2.5 ], "axis": "x", "angle": 45 },
    "faces": {
        "down":  { "uv": [ 11, 2.5, 5, 0.5 ], "texture": "#grip" },
        "up":    { "uv": [ 5, 0.5, 11, 2.5 ], "texture": "#grip" },
        "north": { "uv": [ 5, 6.5, 11, 8.5 ], "texture": "#grip" },
        "south": { "uv": [ 5, 6.5, 11, 8.5 ], "texture": "#grip" },
        "west":  { "uv": [ 0.5, 6.5, 2.5, 8.5 ], "texture": "#grip" },
        "east":  { "uv": [ 13.5, 6.5, 15.5, 8.5 ], "texture": "#grip" }
    }
}
],
"display": {
    "thirdperson_righthand": {
        "rotation": [ 58, 0, 0 ],
        "translation": [ 0, 2, 3 ],
        "scale": [ 0.5, 0.5, 0.5 ]
    },
    "thirdperson_lefthand": {
        "rotation": [ 58, 0, 0 ],
        "translation": [ 0, 2, 3 ],
        "scale": [ 0.5, 0.5, 0.5 ]
    },
    "head": {
        "rotation": [ 0, 90, 0 ],
        "translation": [ 0, 14, 0 ],
        "scale": [ 1, 1, 1 ]
    },
    "ground": {
        "rotation": [ 0, 0, 0 ],
        "translation": [ 0, 3, 0 ],
        "scale": [ 0.25, 0.25, 0.25 ]
    },
    "fixed": {
        "rotation": [ 0, 90, 0 ],
        "translation": [ 0, 3, 0 ],
        "scale": [ 0.75, 0.75, 0.75 ]
    },
    "firstperson_righthand": {
        "rotation": [ 0, 0, 0 ],
        "translation": [ 0, 1, 0 ],
        "scale": [ 0.25, 0.25, 0.25 ]
    },
    "firstperson_lefthand": {
        "rotation": [ 0, 0, 0 ],
        "translation": [ 0, 1, 0 ],
        "scale": [ 0.25, 0.25, 0.25 ]
    },
    "gui": {
        "rotation": [ 30, 45, 0 ],
        "translation": [ 0, 2.5, 0 ],
        "scale": [ 1, 1, 1 ]
    }
}
}