{
"__comment": "Designed by Sibsib92 with BDcraft Cubik PRO 0.95 Beta - http://bdcraft.net",
"ambientocclusion": false,
"textures": {
    "particle": "blocks/gold_block"
},
"elements": [ 
{
    "__comment": "Gold",
    "from": [ 6, 0, 5 ],
    "to": [ 10, 0.5, 11 ],
    "faces": {
        "down":  { "uv": [ 9.999, 10.999, 6.001, 5.001 ], "texture": "#particle" },
        "up":    { "uv": [ 6.001, 5.001, 9.999, 10.999 ], "texture": "#particle" },
        "north": { "uv": [ 6.001, 15.501, 9.999, 15.999 ], "texture": "#particle" },
        "south": { "uv": [ 6.001, 15.501, 9.999, 15.999 ], "texture": "#particle" },
        "west":  { "uv": [ 5.001, 15.501, 10.999, 15.999 ], "texture": "#particle" },
        "east":  { "uv": [ 5.001, 15.501, 10.999, 15.999 ], "texture": "#particle" }
    }
},
{
    "__comment": "Gold",
    "from": [ 5, 0, 6 ],
    "to": [ 11, 0.5, 10 ],
    "faces": {
        "down":  { "uv": [ 10.999, 9.999, 5.001, 6.001 ], "texture": "#particle" },
        "up":    { "uv": [ 5.001, 6.001, 10.999, 9.999 ], "texture": "#particle" },
        "north": { "uv": [ 5.001, 15.501, 10.999, 15.999 ], "texture": "#particle" },
        "south": { "uv": [ 5.001, 15.501, 10.999, 15.999 ], "texture": "#particle" },
        "west":  { "uv": [ 6.001, 15.501, 9.999, 15.999 ], "texture": "#particle" },
        "east":  { "uv": [ 6.001, 15.501, 9.999, 15.999 ], "texture": "#particle" }
    }
},
{
    "__comment": "Gold",
    "from": [ 6, 0, 1 ],
    "to": [ 10, 1, 3 ],
    "faces": {
        "down":  { "uv": [ 9.999, 2.999, 6.001, 1.001 ], "texture": "#particle" },
        "up":    { "uv": [ 6.001, 1.001, 9.999, 2.999 ], "texture": "#particle" },
        "north": { "uv": [ 6.001, 15.001, 9.999, 15.999 ], "texture": "#particle" },
        "south": { "uv": [ 6.001, 15.001, 9.999, 15.999 ], "texture": "#particle" },
        "west":  { "uv": [ 1.001, 15.001, 2.999, 15.999 ], "texture": "#particle" },
        "east":  { "uv": [ 13.001, 15.001, 14.999, 15.999 ], "texture": "#particle" }
    }
},
{
    "__comment": "Gold",
    "from": [ 9, 0, 2 ],
    "to": [ 12, 1, 4 ],
    "faces": {
        "down":  { "uv": [ 6.999, 3.999, 4.001, 2.001 ], "texture": "#particle" },
        "up":    { "uv": [ 9.001, 2.001, 11.999, 3.999 ], "texture": "#particle" },
        "north": { "uv": [ 4.001, 15.001, 6.999, 15.999 ], "texture": "#particle" },
        "south": { "uv": [ 9.001, 15.001, 11.999, 15.999 ], "texture": "#particle" },
        "west":  { "uv": [ 2.001, 15.001, 3.999, 15.999 ], "texture": "#particle" },
        "east":  { "uv": [ 12.001, 15.001, 13.999, 15.999 ], "texture": "#particle" }
    }
},
{
    "__comment": "Gold",
    "from": [ 11, 0, 3 ],
    "to": [ 13, 1, 5 ],
    "faces": {
        "down":  { "uv": [ 4.999, 4.999, 3.001, 3.001 ], "texture": "#particle" },
        "up":    { "uv": [ 11.001, 3.001, 12.999, 4.999 ], "texture": "#particle" },
        "north": { "uv": [ 3.001, 15.001, 4.999, 15.999 ], "texture": "#particle" },
        "south": { "uv": [ 11.001, 15.001, 12.999, 15.999 ], "texture": "#particle" },
        "west":  { "uv": [ 3.001, 15.001, 4.999, 15.999 ], "texture": "#particle" },
        "east":  { "uv": [ 11.001, 15.001, 12.999, 15.999 ], "texture": "#particle" }
    }
},
{
    "__comment": "Gold",
    "from": [ 12, 0, 4 ],
    "to": [ 14, 1, 7 ],
    "faces": {
        "down":  { "uv": [ 3.999, 6.999, 2.001, 4.001 ], "texture": "#particle" },
        "up":    { "uv": [ 12.001, 4.001, 13.999, 6.999 ], "texture": "#particle" },
        "north": { "uv": [ 2.001, 15.001, 3.999, 15.999 ], "texture": "#particle" },
        "south": { "uv": [ 12.001, 15.001, 13.999, 15.999 ], "texture": "#particle" },
        "west":  { "uv": [ 4.001, 15.001, 6.999, 15.999 ], "texture": "#particle" },
        "east":  { "uv": [ 9.001, 15.001, 11.999, 15.999 ], "texture": "#particle" }
    }
},
{
    "__comment": "Gold",
    "from": [ 6, 0, 13 ],
    "to": [ 10, 1, 15 ],
    "faces": {
        "down":  { "uv": [ 9.999, 14.999, 6.001, 13.001 ], "texture": "#particle" },
        "up":    { "uv": [ 6.001, 13.001, 9.999, 14.999 ], "texture": "#particle" },
        "north": { "uv": [ 6.001, 15.001, 9.999, 15.999 ], "texture": "#particle" },
        "south": { "uv": [ 6.001, 15.001, 9.999, 15.999 ], "texture": "#particle" },
        "west":  { "uv": [ 13.001, 15.001, 14.999, 15.999 ], "texture": "#particle" },
        "east":  { "uv": [ 1.001, 15.001, 2.999, 15.999 ], "texture": "#particle" }
    }
},
{
    "__comment": "Gold",
    "from": [ 9, 0, 12 ],
    "to": [ 12, 1, 14 ],
    "faces": {
        "down":  { "uv": [ 6.999, 13.999, 4.001, 12.001 ], "texture": "#particle" },
        "up":    { "uv": [ 9.001, 12.001, 11.999, 13.999 ], "texture": "#particle" },
        "north": { "uv": [ 4.001, 15.001, 6.999, 15.999 ], "texture": "#particle" },
        "south": { "uv": [ 9.001, 15.001, 11.999, 15.999 ], "texture": "#particle" },
        "west":  { "uv": [ 12.001, 15.001, 13.999, 15.999 ], "texture": "#particle" },
        "east":  { "uv": [ 2.001, 15.001, 3.999, 15.999 ], "texture": "#particle" }
    }
},
{
    "__comment": "Gold",
    "from": [ 11, 0, 11 ],
    "to": [ 13, 1, 13 ],
    "faces": {
        "down":  { "uv": [ 4.999, 12.999, 3.001, 11.001 ], "texture": "#particle" },
        "up":    { "uv": [ 11.001, 11.001, 12.999, 12.999 ], "texture": "#particle" },
        "north": { "uv": [ 3.001, 15.001, 4.999, 15.999 ], "texture": "#particle" },
        "south": { "uv": [ 11.001, 15.001, 12.999, 15.999 ], "texture": "#particle" },
        "west":  { "uv": [ 11.001, 15.001, 12.999, 15.999 ], "texture": "#particle" },
        "east":  { "uv": [ 3.001, 15.001, 4.999, 15.999 ], "texture": "#particle" }
    }
},
{
    "__comment": "Gold",
    "from": [ 12, 0, 9 ],
    "to": [ 14, 1, 12 ],
    "faces": {
        "down":  { "uv": [ 3.999, 11.999, 2.001, 9.001 ], "texture": "#particle" },
        "up":    { "uv": [ 12.001, 9.001, 13.999, 11.999 ], "texture": "#particle" },
        "north": { "uv": [ 2.001, 15.001, 3.999, 15.999 ], "texture": "#particle" },
        "south": { "uv": [ 12.001, 15.001, 13.999, 15.999 ], "texture": "#particle" },
        "west":  { "uv": [ 9.001, 15.001, 11.999, 15.999 ], "texture": "#particle" },
        "east":  { "uv": [ 4.001, 15.001, 6.999, 15.999 ], "texture": "#particle" }
    }
},
{
    "__comment": "Gold",
    "from": [ 13, 0, 6 ],
    "to": [ 15, 1, 10 ],
    "faces": {
        "down":  { "uv": [ 2.999, 9.999, 1.001, 6.001 ], "texture": "#particle" },
        "up":    { "uv": [ 13.001, 6.001, 14.999, 9.999 ], "texture": "#particle" },
        "north": { "uv": [ 1.001, 15.001, 2.999, 15.999 ], "texture": "#particle" },
        "south": { "uv": [ 13.001, 15.001, 14.999, 15.999 ], "texture": "#particle" },
        "west":  { "uv": [ 6.001, 15.001, 9.999, 15.999 ], "texture": "#particle" },
        "east":  { "uv": [ 6.001, 15.001, 9.999, 15.999 ], "texture": "#particle" }
    }
},
{
    "__comment": "Gold",
    "from": [ 4, 0, 2 ],
    "to": [ 7, 1, 4 ],
    "faces": {
        "down":  { "uv": [ 11.999, 3.999, 9.001, 2.001 ], "texture": "#particle" },
        "up":    { "uv": [ 4.001, 2.001, 6.999, 3.999 ], "texture": "#particle" },
        "north": { "uv": [ 9.001, 15.001, 11.999, 15.999 ], "texture": "#particle" },
        "south": { "uv": [ 4.001, 15.001, 6.999, 15.999 ], "texture": "#particle" },
        "west":  { "uv": [ 2.001, 15.001, 3.999, 15.999 ], "texture": "#particle" },
        "east":  { "uv": [ 12.001, 15.001, 13.999, 15.999 ], "texture": "#particle" }
    }
},
{
    "__comment": "Gold",
    "from": [ 3, 0, 3 ],
    "to": [ 5, 1, 5 ],
    "faces": {
        "down":  { "uv": [ 12.999, 4.999, 11.001, 3.001 ], "texture": "#particle" },
        "up":    { "uv": [ 3.001, 3.001, 4.999, 4.999 ], "texture": "#particle" },
        "north": { "uv": [ 11.001, 15.001, 12.999, 15.999 ], "texture": "#particle" },
        "south": { "uv": [ 3.001, 15.001, 4.999, 15.999 ], "texture": "#particle" },
        "west":  { "uv": [ 3.001, 15.001, 4.999, 15.999 ], "texture": "#particle" },
        "east":  { "uv": [ 11.001, 15.001, 12.999, 15.999 ], "texture": "#particle" }
    }
},
{
    "__comment": "Gold",
    "from": [ 2, 0, 4 ],
    "to": [ 4, 1, 7 ],
    "faces": {
        "down":  { "uv": [ 13.999, 6.999, 12.001, 4.001 ], "texture": "#particle" },
        "up":    { "uv": [ 2.001, 4.001, 3.999, 6.999 ], "texture": "#particle" },
        "north": { "uv": [ 12.001, 15.001, 13.999, 15.999 ], "texture": "#particle" },
        "south": { "uv": [ 2.001, 15.001, 3.999, 15.999 ], "texture": "#particle" },
        "west":  { "uv": [ 4.001, 15.001, 6.999, 15.999 ], "texture": "#particle" },
        "east":  { "uv": [ 9.001, 15.001, 11.999, 15.999 ], "texture": "#particle" }
    }
},
{
    "__comment": "Gold",
    "from": [ 4, 0, 12 ],
    "to": [ 7, 1, 14 ],
    "faces": {
        "down":  { "uv": [ 11.999, 13.999, 9.001, 12.001 ], "texture": "#particle" },
        "up":    { "uv": [ 4.001, 12.001, 6.999, 13.999 ], "texture": "#particle" },
        "north": { "uv": [ 9.001, 15.001, 11.999, 15.999 ], "texture": "#particle" },
        "south": { "uv": [ 4.001, 15.001, 6.999, 15.999 ], "texture": "#particle" },
        "west":  { "uv": [ 12.001, 15.001, 13.999, 15.999 ], "texture": "#particle" },
        "east":  { "uv": [ 2.001, 15.001, 3.999, 15.999 ], "texture": "#particle" }
    }
},
{
    "__comment": "Gold",
    "from": [ 3, 0, 11 ],
    "to": [ 5, 1, 13 ],
    "faces": {
        "down":  { "uv": [ 12.999, 12.999, 11.001, 11.001 ], "texture": "#particle" },
        "up":    { "uv": [ 3.001, 11.001, 4.999, 12.999 ], "texture": "#particle" },
        "north": { "uv": [ 11.001, 15.001, 12.999, 15.999 ], "texture": "#particle" },
        "south": { "uv": [ 3.001, 15.001, 4.999, 15.999 ], "texture": "#particle" },
        "west":  { "uv": [ 11.001, 15.001, 12.999, 15.999 ], "texture": "#particle" },
        "east":  { "uv": [ 3.001, 15.001, 4.999, 15.999 ], "texture": "#particle" }
    }
},
{
    "__comment": "Gold",
    "from": [ 2, 0, 9 ],
    "to": [ 4, 1, 12 ],
    "faces": {
        "down":  { "uv": [ 13.999, 11.999, 12.001, 9.001 ], "texture": "#particle" },
        "up":    { "uv": [ 2.001, 9.001, 3.999, 11.999 ], "texture": "#particle" },
        "north": { "uv": [ 12.001, 15.001, 13.999, 15.999 ], "texture": "#particle" },
        "south": { "uv": [ 2.001, 15.001, 3.999, 15.999 ], "texture": "#particle" },
        "west":  { "uv": [ 9.001, 15.001, 11.999, 15.999 ], "texture": "#particle" },
        "east":  { "uv": [ 4.001, 15.001, 6.999, 15.999 ], "texture": "#particle" }
    }
},
{
    "__comment": "Gold",
    "from": [ 1, 0, 6 ],
    "to": [ 3, 1, 10 ],
    "faces": {
        "down":  { "uv": [ 14.999, 9.999, 13.001, 6.001 ], "texture": "#particle" },
        "up":    { "uv": [ 1.001, 6.001, 2.999, 9.999 ], "texture": "#particle" },
        "north": { "uv": [ 13.001, 15.001, 14.999, 15.999 ], "texture": "#particle" },
        "south": { "uv": [ 1.001, 15.001, 2.999, 15.999 ], "texture": "#particle" },
        "west":  { "uv": [ 6.001, 15.001, 9.999, 15.999 ], "texture": "#particle" },
        "east":  { "uv": [ 6.001, 15.001, 9.999, 15.999 ], "texture": "#particle" }
    }
}
]
}