{
"__comment": "Designed by Sibsib92 with BDcraft Cubik PRO 0.95 Beta - http://bdcraft.net",
"ambientocclusion": false,
"textures": {
    "particle": "blocks/redstone_torch_on",
    "texture": "blocks/planks_oak",
    "fire": "blocks/lava_still",
    "indicator": "blocks/redstone_block"
},
"elements": [ 
{
    "__comment": "Wood Holder",
    "from": [ 0.1875, 6.9375, 7 ],
    "to": [ 5.6875, 7.4375, 9 ],
    "rotation": { "origin": [ 0.1875, 7.4375, 7 ], "axis": "z", "angle": -22.5 },
    "faces": {
        "down":  { "uv": [ 0.001, 6.999, 1.999, 0.001 ], "rotation": 90, "texture": "#texture" },
        "up":    { "uv": [ 0.001, 0.001, 1.999, 6.999 ], "rotation": 90, "texture": "#texture" },
        "north": { "uv": [ 0.001, 0.001, 0.499, 6.999 ], "rotation": 90, "texture": "#texture" },
        "south": { "uv": [ 0.001, 0.001, 0.499, 6.999 ], "rotation": 90, "texture": "#texture" },
        "west":  { "uv": [ 7.001, 9.001, 8.999, 9.499 ], "texture": "#texture" },
        "east":  { "uv": [ 7.001, 9.001, 8.999, 9.499 ], "texture": "#texture" }
    }
},
{
    "__comment": "Wood Holder",
    "from": [ 0, 7, 7 ],
    "to": [ 0.5, 12, 9 ],
    "faces": {
        "down":  { "uv": [ 0.001, 9.999, 0.499, 8.001 ], "texture": "#texture" },
        "up":    { "uv": [ 0.001, 8.001, 0.499, 9.999 ], "texture": "#texture" },
        "north": { "uv": [ 15.501, 5.001, 15.999, 9.999 ], "texture": "#texture" },
        "south": { "uv": [ 0.001, 5.001, 0.499, 9.999 ], "texture": "#texture" },
        "west":  { "uv": [ 7.001, 5.001, 8.999, 9.999 ], "texture": "#texture" },
        "east":  { "uv": [ 7.001, 5.001, 8.999, 9.999 ], "texture": "#texture" }
    }
},
{
    "__comment": "Redstone",
    "from": [ 3.5, 12.9375, 7.5 ],
    "to": [ 4.5, 13.25, 8.5 ],
    "faces": {
        "down":  { "uv": [ 7.001, 7.999, 8.999, 6.001 ], "texture": "#indicator" },
        "up":    { "uv": [ 7.001, 14.001, 8.999, 15.999 ], "texture": "#indicator" },
        "north": { "uv": [ 7.001, 15.001, 8.999, 15.999 ], "texture": "#indicator" },
        "south": { "uv": [ 7.001, 15.001, 8.999, 15.999 ], "texture": "#indicator" },
        "west":  { "uv": [ 7.001, 15.001, 8.999, 15.999 ], "texture": "#indicator" },
        "east":  { "uv": [ 7.001, 15.001, 8.999, 15.999 ], "texture": "#indicator" }
    }
},
{
    "__comment": "Redstone",
    "from": [ 3.5, 11.5, 6.6875 ],
    "to": [ 4.5, 12.5, 9.25 ],
    "faces": {
        "down":  { "uv": [ 7.001, 15.999, 8.999, 14.001 ], "texture": "#indicator" },
        "up":    { "uv": [ 7.001, 14.001, 8.999, 15.999 ], "texture": "#indicator" },
        "north": { "uv": [ 7.001, 14.001, 8.999, 15.999 ], "texture": "#indicator" },
        "south": { "uv": [ 7.001, 14.001, 8.999, 15.999 ], "texture": "#indicator" },
        "west":  { "uv": [ 7.001, 14.001, 8.999, 15.999 ], "texture": "#indicator" },
        "east":  { "uv": [ 7.001, 14.001, 8.999, 15.999 ], "texture": "#indicator" }
    }
},
{
    "__comment": "Redstone",
    "from": [ 2.6875, 11.5, 7.5 ],
    "to": [ 5.25, 12.5, 8.5625 ],
    "faces": {
        "down":  { "uv": [ 7.001, 15.999, 8.999, 14.001 ], "texture": "#indicator" },
        "up":    { "uv": [ 7.001, 14.001, 8.999, 15.999 ], "texture": "#indicator" },
        "north": { "uv": [ 7.001, 14.001, 8.999, 15.999 ], "texture": "#indicator" },
        "south": { "uv": [ 7.001, 14.001, 8.999, 15.999 ], "texture": "#indicator" },
        "west":  { "uv": [ 7.001, 14.001, 8.999, 15.999 ], "texture": "#indicator" },
        "east":  { "uv": [ 7.001, 14.001, 8.999, 15.999 ], "texture": "#indicator" }
    }
},
{
    "__comment": "Redstone",
    "from": [ 3, 11, 7 ],
    "to": [ 5, 13, 9 ],
    "faces": {
        "down":  { "uv": [ 7.001, 15.999, 8.999, 14.001 ], "texture": "#indicator" },
        "up":    { "uv": [ 7.001, 14.001, 8.999, 15.999 ], "texture": "#indicator" },
        "north": { "uv": [ 7.001, 14.001, 8.999, 15.999 ], "texture": "#indicator" },
        "south": { "uv": [ 7.001, 14.001, 8.999, 15.999 ], "texture": "#indicator" },
        "west":  { "uv": [ 7.001, 14.001, 8.999, 15.999 ], "texture": "#indicator" },
        "east":  { "uv": [ 7.001, 14.001, 8.999, 15.999 ], "texture": "#indicator" }
    }
},
{
    "__comment": "Redstone",
    "from": [ 3.25, 5.5, 7.75 ],
    "to": [ 4.75, 7, 8.25 ],
    "faces": {
        "down":  { "uv": [ 7.251, 9.249, 8.749, 8.751 ], "texture": "#indicator" },
        "north": { "uv": [ 7.251, 12.001, 8.749, 13.499 ], "texture": "#indicator" },
        "south": { "uv": [ 7.251, 12.001, 8.749, 13.499 ], "texture": "#indicator" },
        "west":  { "uv": [ 7.751, 12.001, 8.249, 13.499 ], "texture": "#indicator" },
        "east":  { "uv": [ 7.751, 12.001, 8.249, 13.499 ], "texture": "#indicator" }
    }
},
{
    "__comment": "Redstone",
    "from": [ 3.75, 5.5, 7.25 ],
    "to": [ 4.25, 7, 8.75 ],
    "faces": {
        "down":  { "uv": [ 7.751, 9.749, 8.249, 8.251 ], "texture": "#indicator" },
        "north": { "uv": [ 7.751, 12.001, 8.249, 13.499 ], "texture": "#indicator" },
        "south": { "uv": [ 7.751, 12.001, 8.249, 13.499 ], "texture": "#indicator" },
        "west":  { "uv": [ 7.251, 12.001, 8.749, 13.499 ], "texture": "#indicator" },
        "east":  { "uv": [ 7.251, 12.001, 8.749, 13.499 ], "texture": "#indicator" }
    }
},
{
    "__comment": "Wood",
    "from": [ 3.5, 3, 7.5 ],
    "to": [ 4.5, 7, 8.5 ],
    "faces": {
        "down":  { "uv": [ 10.001, 7.999, 10.999, 7.001 ], "texture": "#texture" },
        "north": { "uv": [ 7.501, 12.001, 8.499, 15.999 ], "texture": "#texture" },
        "south": { "uv": [ 7.501, 12.001, 8.499, 15.999 ], "texture": "#texture" },
        "west":  { "uv": [ 7.501, 12.001, 8.499, 15.999 ], "texture": "#texture" },
        "east":  { "uv": [ 7.501, 12.001, 8.499, 15.999 ], "texture": "#texture" }
    }
},
{
    "__comment": "Wood",
    "from": [ 3, 7, 7.5 ],
    "to": [ 5, 11, 8.5 ],
    "faces": {
        "down":  { "uv": [ 10.001, 7.999, 11.999, 7.001 ], "texture": "#texture" },
        "north": { "uv": [ 7.001, 8.001, 8.999, 11.999 ], "texture": "#texture" },
        "south": { "uv": [ 7.001, 8.001, 8.999, 11.999 ], "texture": "#texture" },
        "west":  { "uv": [ 7.501, 8.001, 8.499, 11.999 ], "texture": "#texture" },
        "east":  { "uv": [ 7.501, 8.001, 8.499, 11.999 ], "texture": "#texture" }
    }
},
{
    "__comment": "Wood",
    "from": [ 3.5, 7, 7 ],
    "to": [ 4.5, 11, 9 ],
    "faces": {
        "down":  { "uv": [ 10.001, 7.999, 10.999, 6.001 ], "texture": "#texture" },
        "north": { "uv": [ 7.501, 8.001, 8.499, 11.999 ], "texture": "#texture" },
        "south": { "uv": [ 7.501, 8.001, 8.499, 11.999 ], "texture": "#texture" },
        "west":  { "uv": [ 7.001, 8.001, 8.999, 11.999 ], "texture": "#texture" },
        "east":  { "uv": [ 7.001, 8.001, 8.999, 11.999 ], "texture": "#texture" }
    }
},
{
    "__comment": "Redstone",
    "from": [ 2.6875, 10, 7.75 ],
    "to": [ 5.25, 11.5, 8.25 ],
    "faces": {
        "down":  { "uv": [ 7.251, 9.249, 8.749, 8.751 ], "texture": "#indicator" },
        "north": { "uv": [ 7.251, 12.001, 8.749, 13.499 ], "texture": "#indicator" },
        "south": { "uv": [ 7.251, 12.001, 8.749, 13.499 ], "texture": "#indicator" },
        "west":  { "uv": [ 7.751, 12.001, 8.249, 13.499 ], "texture": "#indicator" },
        "east":  { "uv": [ 7.751, 12.001, 8.249, 13.499 ], "texture": "#indicator" }
    }
},
{
    "__comment": "Redstone",
    "from": [ 3.75, 10, 6.6875 ],
    "to": [ 4.25, 11.5, 9.25 ],
    "faces": {
        "down":  { "uv": [ 7.751, 9.749, 8.249, 8.251 ], "texture": "#indicator" },
        "north": { "uv": [ 7.751, 12.001, 8.249, 13.499 ], "texture": "#indicator" },
        "south": { "uv": [ 7.751, 12.001, 8.249, 13.499 ], "texture": "#indicator" },
        "west":  { "uv": [ 7.251, 12.001, 8.749, 13.499 ], "texture": "#indicator" },
        "east":  { "uv": [ 7.251, 12.001, 8.749, 13.499 ], "texture": "#indicator" }
    }
}
]
}