{
"__comment": "Designed by Sibsib92 with BDcraft Cubik PRO 0.95 Beta - http://bdcraft.net",
"ambientocclusion": false,
"textures": {
    "particle": "blocks/redstone_lamp_on",
    "texture": "blocks/cauldron_inner"
},
"elements": [ 
{
    "__comment": "Lamp",
    "from": [ 0.5, 0.5, 0.5 ],
    "to": [ 15.5, 15.5, 15.5 ],
    "faces": {
        "down":  { "uv": [ 15.499, 15.499, 0.501, 0.501 ], "texture": "#particle" },
        "up":    { "uv": [ 0.501, 0.501, 15.499, 15.499 ], "texture": "#particle" },
        "north": { "uv": [ 0.501, 0.501, 15.499, 15.499 ], "texture": "#particle" },
        "south": { "uv": [ 0.501, 0.501, 15.499, 15.499 ], "texture": "#particle" },
        "west":  { "uv": [ 0.501, 0.501, 15.499, 15.499 ], "texture": "#particle" },
        "east":  { "uv": [ 0.501, 0.501, 15.499, 15.499 ], "texture": "#particle" }
    }
},
{
    "__comment": "Corner",
    "from": [ 0, 13, 0 ],
    "to": [ 3, 16, 3 ],
    "faces": {
        "down":  { "uv": [ 15.999, 2.999, 13.001, 0.001 ], "texture": "#texture" },
        "up":    { "uv": [ 0.001, 0.001, 2.999, 2.999 ], "texture": "#texture" },
        "north": { "uv": [ 13.001, 0.001, 15.999, 2.999 ], "texture": "#texture" },
        "south": { "uv": [ 0.001, 0.001, 2.999, 2.999 ], "texture": "#texture" },
        "west":  { "uv": [ 0.001, 0.001, 2.999, 2.999 ], "texture": "#texture" },
        "east":  { "uv": [ 13.001, 0.001, 15.999, 2.999 ], "texture": "#texture" }
    }
},
{
    "__comment": "Corner",
    "from": [ 13, 13, 0 ],
    "to": [ 16, 16, 3 ],
    "faces": {
        "down":  { "uv": [ 2.999, 2.999, 0.001, 0.001 ], "texture": "#texture" },
        "up":    { "uv": [ 13.001, 0.001, 15.999, 2.999 ], "texture": "#texture" },
        "north": { "uv": [ 0.001, 0.001, 2.999, 2.999 ], "texture": "#texture" },
        "south": { "uv": [ 13.001, 0.001, 15.999, 2.999 ], "texture": "#texture" },
        "west":  { "uv": [ 0.001, 0.001, 2.999, 2.999 ], "texture": "#texture" },
        "east":  { "uv": [ 13.001, 0.001, 15.999, 2.999 ], "texture": "#texture" }
    }
},
{
    "__comment": "Corner",
    "from": [ 0, 13, 13 ],
    "to": [ 3, 16, 16 ],
    "faces": {
        "down":  { "uv": [ 15.999, 15.999, 13.001, 13.001 ], "texture": "#texture" },
        "up":    { "uv": [ 0.001, 13.001, 2.999, 15.999 ], "texture": "#texture" },
        "north": { "uv": [ 13.001, 0.001, 15.999, 2.999 ], "texture": "#texture" },
        "south": { "uv": [ 0.001, 0.001, 2.999, 2.999 ], "texture": "#texture" },
        "west":  { "uv": [ 13.001, 0.001, 15.999, 2.999 ], "texture": "#texture" },
        "east":  { "uv": [ 0.001, 0.001, 2.999, 2.999 ], "texture": "#texture" }
    }
},
{
    "__comment": "Corner",
    "from": [ 13, 13, 13 ],
    "to": [ 16, 16, 16 ],
    "faces": {
        "down":  { "uv": [ 2.999, 15.999, 0.001, 13.001 ], "texture": "#texture" },
        "up":    { "uv": [ 13.001, 13.001, 15.999, 15.999 ], "texture": "#texture" },
        "north": { "uv": [ 0.001, 0.001, 2.999, 2.999 ], "texture": "#texture" },
        "south": { "uv": [ 13.001, 0.001, 15.999, 2.999 ], "texture": "#texture" },
        "west":  { "uv": [ 13.001, 0.001, 15.999, 2.999 ], "texture": "#texture" },
        "east":  { "uv": [ 0.001, 0.001, 2.999, 2.999 ], "texture": "#texture" }
    }
},
{
    "__comment": "Corner",
    "from": [ 0, 0, 0 ],
    "to": [ 3, 3, 3 ],
    "faces": {
        "down":  { "uv": [ 15.999, 2.999, 13.001, 0.001 ], "texture": "#texture" },
        "up":    { "uv": [ 0.001, 0.001, 2.999, 2.999 ], "texture": "#texture" },
        "north": { "uv": [ 13.001, 13.001, 15.999, 15.999 ], "texture": "#texture" },
        "south": { "uv": [ 0.001, 13.001, 2.999, 15.999 ], "texture": "#texture" },
        "west":  { "uv": [ 0.001, 13.001, 2.999, 15.999 ], "texture": "#texture" },
        "east":  { "uv": [ 13.001, 13.001, 15.999, 15.999 ], "texture": "#texture" }
    }
},
{
    "__comment": "Corner",
    "from": [ 13, 0, 0 ],
    "to": [ 16, 3, 3 ],
    "faces": {
        "down":  { "uv": [ 2.999, 2.999, 0.001, 0.001 ], "texture": "#texture" },
        "up":    { "uv": [ 13.001, 0.001, 15.999, 2.999 ], "texture": "#texture" },
        "north": { "uv": [ 0.001, 13.001, 2.999, 15.999 ], "texture": "#texture" },
        "south": { "uv": [ 13.001, 13.001, 15.999, 15.999 ], "texture": "#texture" },
        "west":  { "uv": [ 0.001, 13.001, 2.999, 15.999 ], "texture": "#texture" },
        "east":  { "uv": [ 13.001, 13.001, 15.999, 15.999 ], "texture": "#texture" }
    }
},
{
    "__comment": "Corner",
    "from": [ 0, 0, 13 ],
    "to": [ 3, 3, 16 ],
    "faces": {
        "down":  { "uv": [ 15.999, 15.999, 13.001, 13.001 ], "texture": "#texture" },
        "up":    { "uv": [ 0.001, 13.001, 2.999, 15.999 ], "texture": "#texture" },
        "north": { "uv": [ 13.001, 13.001, 15.999, 15.999 ], "texture": "#texture" },
        "south": { "uv": [ 0.001, 13.001, 2.999, 15.999 ], "texture": "#texture" },
        "west":  { "uv": [ 13.001, 13.001, 15.999, 15.999 ], "texture": "#texture" },
        "east":  { "uv": [ 0.001, 13.001, 2.999, 15.999 ], "texture": "#texture" }
    }
},
{
    "__comment": "Corner",
    "from": [ 13, 0, 13 ],
    "to": [ 16, 3, 16 ],
    "faces": {
        "down":  { "uv": [ 2.999, 15.999, 0.001, 13.001 ], "texture": "#texture" },
        "up":    { "uv": [ 13.001, 13.001, 15.999, 15.999 ], "texture": "#texture" },
        "north": { "uv": [ 0.001, 13.001, 2.999, 15.999 ], "texture": "#texture" },
        "south": { "uv": [ 13.001, 13.001, 15.999, 15.999 ], "texture": "#texture" },
        "west":  { "uv": [ 13.001, 13.001, 15.999, 15.999 ], "texture": "#texture" },
        "east":  { "uv": [ 0.001, 13.001, 2.999, 15.999 ], "texture": "#texture" }
    }
},
{
    "__comment": "Corner Mid",
    "from": [ 7, 12, 0 ],
    "to": [ 9, 16, 4 ],
    "faces": {
        "down":  { "uv": [ 8.999, 3.999, 7.001, 0.001 ], "texture": "#texture" },
        "up":    { "uv": [ 7.001, 0.001, 8.999, 3.999 ], "texture": "#texture" },
        "north": { "uv": [ 7.001, 0.001, 8.999, 3.999 ], "texture": "#texture" },
        "south": { "uv": [ 7.001, 0.001, 8.999, 3.999 ], "texture": "#texture" },
        "west":  { "uv": [ 0.001, 0.001, 3.999, 3.999 ], "texture": "#texture" },
        "east":  { "uv": [ 12.001, 0.001, 15.999, 3.999 ], "texture": "#texture" }
    }
},
{
    "__comment": "Corner Mid",
    "from": [ 7, 12, 12 ],
    "to": [ 9, 16, 16 ],
    "faces": {
        "down":  { "uv": [ 8.999, 15.999, 7.001, 12.001 ], "texture": "#texture" },
        "up":    { "uv": [ 7.001, 12.001, 8.999, 15.999 ], "texture": "#texture" },
        "north": { "uv": [ 7.001, 0.001, 8.999, 3.999 ], "texture": "#texture" },
        "south": { "uv": [ 7.001, 0.001, 8.999, 3.999 ], "texture": "#texture" },
        "west":  { "uv": [ 12.001, 0.001, 15.999, 3.999 ], "texture": "#texture" },
        "east":  { "uv": [ 0.001, 0.001, 3.999, 3.999 ], "texture": "#texture" }
    }
},
{
    "__comment": "Corner Mid",
    "from": [ 0, 12, 7 ],
    "to": [ 4, 16, 9 ],
    "faces": {
        "down":  { "uv": [ 15.999, 8.999, 12.001, 7.001 ], "texture": "#texture" },
        "up":    { "uv": [ 0.001, 7.001, 3.999, 8.999 ], "texture": "#texture" },
        "north": { "uv": [ 12.001, 0.001, 15.999, 3.999 ], "texture": "#texture" },
        "south": { "uv": [ 0.001, 0.001, 3.999, 3.999 ], "texture": "#texture" },
        "west":  { "uv": [ 7.001, 0.001, 8.999, 3.999 ], "texture": "#texture" },
        "east":  { "uv": [ 7.001, 0.001, 8.999, 3.999 ], "texture": "#texture" }
    }
},
{
    "__comment": "Corner Mid",
    "from": [ 12, 12, 7 ],
    "to": [ 16, 16, 9 ],
    "faces": {
        "down":  { "uv": [ 3.999, 8.999, 0.001, 7.001 ], "texture": "#texture" },
        "up":    { "uv": [ 12.001, 7.001, 15.999, 8.999 ], "texture": "#texture" },
        "north": { "uv": [ 0.001, 0.001, 3.999, 3.999 ], "texture": "#texture" },
        "south": { "uv": [ 12.001, 0.001, 15.999, 3.999 ], "texture": "#texture" },
        "west":  { "uv": [ 7.001, 0.001, 8.999, 3.999 ], "texture": "#texture" },
        "east":  { "uv": [ 7.001, 0.001, 8.999, 3.999 ], "texture": "#texture" }
    }
},
{
    "__comment": "Corner Mid",
    "from": [ 7, 0, 0 ],
    "to": [ 9, 4, 4 ],
    "faces": {
        "down":  { "uv": [ 8.999, 3.999, 7.001, 0.001 ], "texture": "#texture" },
        "up":    { "uv": [ 7.001, 0.001, 8.999, 3.999 ], "texture": "#texture" },
        "north": { "uv": [ 7.001, 12.001, 8.999, 15.999 ], "texture": "#texture" },
        "south": { "uv": [ 7.001, 12.001, 8.999, 15.999 ], "texture": "#texture" },
        "west":  { "uv": [ 0.001, 12.001, 3.999, 15.999 ], "texture": "#texture" },
        "east":  { "uv": [ 12.001, 12.001, 15.999, 15.999 ], "texture": "#texture" }
    }
},
{
    "__comment": "Corner Mid",
    "from": [ 7, 0, 12 ],
    "to": [ 9, 4, 16 ],
    "faces": {
        "down":  { "uv": [ 8.999, 15.999, 7.001, 12.001 ], "texture": "#texture" },
        "up":    { "uv": [ 7.001, 12.001, 8.999, 15.999 ], "texture": "#texture" },
        "north": { "uv": [ 7.001, 12.001, 8.999, 15.999 ], "texture": "#texture" },
        "south": { "uv": [ 7.001, 12.001, 8.999, 15.999 ], "texture": "#texture" },
        "west":  { "uv": [ 12.001, 12.001, 15.999, 15.999 ], "texture": "#texture" },
        "east":  { "uv": [ 0.001, 12.001, 3.999, 15.999 ], "texture": "#texture" }
    }
},
{
    "__comment": "Corner Mid",
    "from": [ 0, 0, 7 ],
    "to": [ 4, 4, 9 ],
    "faces": {
        "down":  { "uv": [ 15.999, 8.999, 12.001, 7.001 ], "texture": "#texture" },
        "up":    { "uv": [ 0.001, 7.001, 3.999, 8.999 ], "texture": "#texture" },
        "north": { "uv": [ 12.001, 12.001, 15.999, 15.999 ], "texture": "#texture" },
        "south": { "uv": [ 0.001, 12.001, 3.999, 15.999 ], "texture": "#texture" },
        "west":  { "uv": [ 7.001, 12.001, 8.999, 15.999 ], "texture": "#texture" },
        "east":  { "uv": [ 7.001, 12.001, 8.999, 15.999 ], "texture": "#texture" }
    }
},
{
    "__comment": "Corner Mid",
    "from": [ 12, 0, 7 ],
    "to": [ 16, 4, 9 ],
    "faces": {
        "down":  { "uv": [ 3.999, 8.999, 0.001, 7.001 ], "texture": "#texture" },
        "up":    { "uv": [ 12.001, 7.001, 15.999, 8.999 ], "texture": "#texture" },
        "north": { "uv": [ 0.001, 12.001, 3.999, 15.999 ], "texture": "#texture" },
        "south": { "uv": [ 12.001, 12.001, 15.999, 15.999 ], "texture": "#texture" },
        "west":  { "uv": [ 7.001, 12.001, 8.999, 15.999 ], "texture": "#texture" },
        "east":  { "uv": [ 7.001, 12.001, 8.999, 15.999 ], "texture": "#texture" }
    }
},
{
    "__comment": "Corner Mid",
    "from": [ 0, 7, 0 ],
    "to": [ 4, 9, 4 ],
    "faces": {
        "down":  { "uv": [ 15.999, 3.999, 12.001, 0.001 ], "texture": "#texture" },
        "up":    { "uv": [ 0.001, 0.001, 3.999, 3.999 ], "texture": "#texture" },
        "north": { "uv": [ 12.001, 7.001, 15.999, 8.999 ], "texture": "#texture" },
        "south": { "uv": [ 0.001, 7.001, 3.999, 8.999 ], "texture": "#texture" },
        "west":  { "uv": [ 0.001, 7.001, 3.999, 8.999 ], "texture": "#texture" },
        "east":  { "uv": [ 12.001, 7.001, 15.999, 8.999 ], "texture": "#texture" }
    }
},
{
    "__comment": "Corner Mid",
    "from": [ 12, 7, 0 ],
    "to": [ 16, 9, 4 ],
    "faces": {
        "down":  { "uv": [ 3.999, 3.999, 0.001, 0.001 ], "texture": "#texture" },
        "up":    { "uv": [ 12.001, 0.001, 15.999, 3.999 ], "texture": "#texture" },
        "north": { "uv": [ 0.001, 7.001, 3.999, 8.999 ], "texture": "#texture" },
        "south": { "uv": [ 12.001, 7.001, 15.999, 8.999 ], "texture": "#texture" },
        "west":  { "uv": [ 0.001, 7.001, 3.999, 8.999 ], "texture": "#texture" },
        "east":  { "uv": [ 12.001, 7.001, 15.999, 8.999 ], "texture": "#texture" }
    }
},
{
    "__comment": "Corner Mid",
    "from": [ 0, 7, 12 ],
    "to": [ 4, 9, 16 ],
    "faces": {
        "down":  { "uv": [ 15.999, 15.999, 12.001, 12.001 ], "texture": "#texture" },
        "up":    { "uv": [ 0.001, 12.001, 3.999, 15.999 ], "texture": "#texture" },
        "north": { "uv": [ 12.001, 7.001, 15.999, 8.999 ], "texture": "#texture" },
        "south": { "uv": [ 0.001, 7.001, 3.999, 8.999 ], "texture": "#texture" },
        "west":  { "uv": [ 12.001, 7.001, 15.999, 8.999 ], "texture": "#texture" },
        "east":  { "uv": [ 0.001, 7.001, 3.999, 8.999 ], "texture": "#texture" }
    }
},
{
    "__comment": "Corner Mid",
    "from": [ 12, 7, 12 ],
    "to": [ 16, 9, 16 ],
    "faces": {
        "down":  { "uv": [ 3.999, 15.999, 0.001, 12.001 ], "texture": "#texture" },
        "up":    { "uv": [ 12.001, 12.001, 15.999, 15.999 ], "texture": "#texture" },
        "north": { "uv": [ 0.001, 7.001, 3.999, 8.999 ], "texture": "#texture" },
        "south": { "uv": [ 12.001, 7.001, 15.999, 8.999 ], "texture": "#texture" },
        "west":  { "uv": [ 12.001, 7.001, 15.999, 8.999 ], "texture": "#texture" },
        "east":  { "uv": [ 0.001, 7.001, 3.999, 8.999 ], "texture": "#texture" }
    }
},
{
    "__comment": "Frame",
    "from": [ 15, 15, 3 ],
    "to": [ 16, 16, 13 ],
    "faces": {
        "down":  { "uv": [ 0.999, 12.999, 0.001, 3.001 ], "texture": "#texture" },
        "up":    { "uv": [ 15.001, 3.001, 15.999, 12.999 ], "texture": "#texture" },
        "west":  { "uv": [ 3.001, 0.001, 12.999, 0.999 ], "texture": "#texture" },
        "east":  { "uv": [ 3.001, 0.001, 12.999, 0.999 ], "texture": "#texture" }
    }
},
{
    "__comment": "Frame",
    "from": [ 0, 15, 3 ],
    "to": [ 1, 16, 13 ],
    "faces": {
        "down":  { "uv": [ 15.999, 12.999, 15.001, 3.001 ], "texture": "#texture" },
        "up":    { "uv": [ 0.001, 3.001, 0.999, 12.999 ], "texture": "#texture" },
        "west":  { "uv": [ 3.001, 0.001, 12.999, 0.999 ], "texture": "#texture" },
        "east":  { "uv": [ 3.001, 0.001, 12.999, 0.999 ], "texture": "#texture" }
    }
},
{
    "__comment": "Frame",
    "from": [ 3, 15, 0 ],
    "to": [ 13, 16, 1 ],
    "faces": {
        "down":  { "uv": [ 12.999, 0.999, 3.001, 0.001 ], "texture": "#texture" },
        "up":    { "uv": [ 3.001, 0.001, 12.999, 0.999 ], "texture": "#texture" },
        "north": { "uv": [ 3.001, 0.001, 12.999, 0.999 ], "texture": "#texture" },
        "south": { "uv": [ 3.001, 0.001, 12.999, 0.999 ], "texture": "#texture" }
    }
},
{
    "__comment": "Frame",
    "from": [ 3, 15, 15 ],
    "to": [ 13, 16, 16 ],
    "faces": {
        "down":  { "uv": [ 12.999, 15.999, 3.001, 15.001 ], "texture": "#texture" },
        "up":    { "uv": [ 3.001, 15.001, 12.999, 15.999 ], "texture": "#texture" },
        "north": { "uv": [ 3.001, 0.001, 12.999, 0.999 ], "texture": "#texture" },
        "south": { "uv": [ 3.001, 0.001, 12.999, 0.999 ], "texture": "#texture" }
    }
},
{
    "__comment": "Frame",
    "from": [ 15, 0, 3 ],
    "to": [ 16, 1, 13 ],
    "faces": {
        "down":  { "uv": [ 0.999, 12.999, 0.001, 3.001 ], "texture": "#texture" },
        "up":    { "uv": [ 15.001, 3.001, 15.999, 12.999 ], "texture": "#texture" },
        "west":  { "uv": [ 3.001, 15.001, 12.999, 15.999 ], "texture": "#texture" },
        "east":  { "uv": [ 3.001, 15.001, 12.999, 15.999 ], "texture": "#texture" }
    }
},
{
    "__comment": "Frame",
    "from": [ 0, 0, 3 ],
    "to": [ 1, 1, 13 ],
    "faces": {
        "down":  { "uv": [ 15.999, 12.999, 15.001, 3.001 ], "texture": "#texture" },
        "up":    { "uv": [ 0.001, 3.001, 0.999, 12.999 ], "texture": "#texture" },
        "west":  { "uv": [ 3.001, 15.001, 12.999, 15.999 ], "texture": "#texture" },
        "east":  { "uv": [ 3.001, 15.001, 12.999, 15.999 ], "texture": "#texture" }
    }
},
{
    "__comment": "Frame",
    "from": [ 3, 0, 0 ],
    "to": [ 13, 1, 1 ],
    "faces": {
        "down":  { "uv": [ 12.999, 0.999, 3.001, 0.001 ], "texture": "#texture" },
        "up":    { "uv": [ 3.001, 0.001, 12.999, 0.999 ], "texture": "#texture" },
        "north": { "uv": [ 3.001, 15.001, 12.999, 15.999 ], "texture": "#texture" },
        "south": { "uv": [ 3.001, 15.001, 12.999, 15.999 ], "texture": "#texture" }
    }
},
{
    "__comment": "Frame",
    "from": [ 3, 0, 15 ],
    "to": [ 13, 1, 16 ],
    "faces": {
        "down":  { "uv": [ 12.999, 15.999, 3.001, 15.001 ], "texture": "#texture" },
        "up":    { "uv": [ 3.001, 15.001, 12.999, 15.999 ], "texture": "#texture" },
        "north": { "uv": [ 3.001, 15.001, 12.999, 15.999 ], "texture": "#texture" },
        "south": { "uv": [ 3.001, 15.001, 12.999, 15.999 ], "texture": "#texture" }
    }
},
{
    "__comment": "Frame",
    "from": [ 15, 3, 0 ],
    "to": [ 16, 13, 1 ],
    "faces": {
        "north": { "uv": [ 0.001, 3.001, 0.999, 12.999 ], "texture": "#texture" },
        "south": { "uv": [ 15.001, 3.001, 15.999, 12.999 ], "texture": "#texture" },
        "west":  { "uv": [ 0.001, 3.001, 0.999, 12.999 ], "texture": "#texture" },
        "east":  { "uv": [ 15.001, 3.001, 15.999, 12.999 ], "texture": "#texture" }
    }
},
{
    "__comment": "Frame",
    "from": [ 0, 3, 0 ],
    "to": [ 1, 13, 1 ],
    "faces": {
        "north": { "uv": [ 15.001, 3.001, 15.999, 12.999 ], "texture": "#texture" },
        "south": { "uv": [ 0.001, 3.001, 0.999, 12.999 ], "texture": "#texture" },
        "west":  { "uv": [ 0.001, 3.001, 0.999, 12.999 ], "texture": "#texture" },
        "east":  { "uv": [ 15.001, 3.001, 15.999, 12.999 ], "texture": "#texture" }
    }
},
{
    "__comment": "Frame",
    "from": [ 15, 3, 15 ],
    "to": [ 16, 13, 16 ],
    "faces": {
        "north": { "uv": [ 0.001, 3.001, 0.999, 12.999 ], "texture": "#texture" },
        "south": { "uv": [ 15.001, 3.001, 15.999, 12.999 ], "texture": "#texture" },
        "west":  { "uv": [ 15.001, 3.001, 15.999, 12.999 ], "texture": "#texture" },
        "east":  { "uv": [ 0.001, 3.001, 0.999, 12.999 ], "texture": "#texture" }
    }
},
{
    "__comment": "Frame",
    "from": [ 0, 3, 15 ],
    "to": [ 1, 13, 16 ],
    "faces": {
        "north": { "uv": [ 15.001, 3.001, 15.999, 12.999 ], "texture": "#texture" },
        "south": { "uv": [ 0.001, 3.001, 0.999, 12.999 ], "texture": "#texture" },
        "west":  { "uv": [ 15.001, 3.001, 15.999, 12.999 ], "texture": "#texture" },
        "east":  { "uv": [ 0.001, 3.001, 0.999, 12.999 ], "texture": "#texture" }
    }
}
],
"display": {
    "thirdperson_righthand": {
        "rotation": [ 45, 0, 0 ],
        "translation": [ 0, 0, 0 ],
        "scale": [ 0.25, 0.25, 0.25 ]
    },
    "thirdperson_lefthand": {
        "rotation": [ 45, 0, 0 ],
        "translation": [ 0, 0, 0 ],
        "scale": [ 0.25, 0.25, 0.25 ]
    },
    "head": {
        "rotation": [ 0, 0, 0 ],
        "translation": [ 0, 14, 0 ],
        "scale": [ 1, 1, 1 ]
    },
    "ground": {
        "rotation": [ 0, 0, 0 ],
        "translation": [ 0, 3, 0 ],
        "scale": [ 0.25, 0.25, 0.25 ]
    },
    "fixed": {
        "rotation": [ 0, 0, 0 ],
        "translation": [ 0, 0, 0 ],
        "scale": [ 0.5, 0.5, 0.5 ]
    },
    "firstperson_righthand": {
        "rotation": [ 0, 0, 0 ],
        "translation": [ 0, 0, 0 ],
        "scale": [ 0.25, 0.25, 0.25 ]
    },
    "firstperson_lefthand": {
        "rotation": [ 0, 0, 0 ],
        "translation": [ 0, 0, 0 ],
        "scale": [ 0.25, 0.25, 0.25 ]
    },
    "gui": {
        "rotation": [ 30, 45, 0 ],
        "translation": [ 0, 0, 0 ],
        "scale": [ 0.65, 0.65, 0.65 ]
    }
}
}