{
"__comment": "Designed by Sibsib92 with BDcraft Cubik PRO 0.96 Beta - http://bdcraft.net",
"ambientocclusion": false,
"textures": {
    "particle": "blocks/mob_spawner",
    "texture": "blocks/glass",
    "obsidian": "blocks/obsidian"
},
"elements": [ 
{
    "__comment": "Frame",
    "from": [ 0, 1, 0 ],
    "to": [ 1, 15, 1 ],
    "faces": {
        "north": { "uv": [ 15, 1, 16, 15 ], "texture": "#obsidian" },
        "south": { "uv": [ 0, 1, 1, 15 ], "texture": "#obsidian" },
        "west":  { "uv": [ 0, 1, 1, 15 ], "texture": "#obsidian" },
        "east":  { "uv": [ 15, 1, 16, 15 ], "texture": "#obsidian" }
    }
},
{
    "__comment": "Frame",
    "from": [ 15, 1, 15 ],
    "to": [ 16, 15, 16 ],
    "faces": {
        "north": { "uv": [ 0, 1, 1, 15 ], "texture": "#obsidian" },
        "south": { "uv": [ 15, 1, 16, 15 ], "texture": "#obsidian" },
        "west":  { "uv": [ 15, 1, 16, 15 ], "texture": "#obsidian" },
        "east":  { "uv": [ 0, 1, 1, 15 ], "texture": "#obsidian" }
    }
},
{
    "__comment": "Frame",
    "from": [ 0, 1, 15 ],
    "to": [ 1, 15, 16 ],
    "faces": {
        "north": { "uv": [ 15, 1, 16, 15 ], "texture": "#obsidian" },
        "south": { "uv": [ 0, 1, 1, 15 ], "texture": "#obsidian" },
        "west":  { "uv": [ 15, 1, 16, 15 ], "texture": "#obsidian" },
        "east":  { "uv": [ 0, 1, 1, 15 ], "texture": "#obsidian" }
    }
},
{
    "__comment": "Frame",
    "from": [ 15, 1, 0 ],
    "to": [ 16, 15, 1 ],
    "faces": {
        "north": { "uv": [ 0, 1, 1, 15 ], "texture": "#obsidian" },
        "south": { "uv": [ 15, 1, 16, 15 ], "texture": "#obsidian" },
        "west":  { "uv": [ 0, 1, 1, 15 ], "texture": "#obsidian" },
        "east":  { "uv": [ 15, 1, 16, 15 ], "texture": "#obsidian" }
    }
},
{
    "__comment": "Frame",
    "from": [ 15, 15, 0 ],
    "to": [ 16, 16, 16 ],
    "faces": {
        "down":  { "uv": [ 1, 16, 0, 0 ], "texture": "#obsidian" },
        "up":    { "uv": [ 15, 0, 16, 16 ], "texture": "#obsidian" },
        "west":  { "uv": [ 0, 0, 16, 1 ], "texture": "#obsidian" },
        "east":  { "uv": [ 0, 0, 16, 1 ], "texture": "#obsidian" }
    }
},
{
    "__comment": "Frame",
    "from": [ 0, 15, 0 ],
    "to": [ 1, 16, 16 ],
    "faces": {
        "down":  { "uv": [ 16, 16, 15, 0 ], "texture": "#obsidian" },
        "up":    { "uv": [ 0, 0, 1, 16 ], "texture": "#obsidian" },
        "west":  { "uv": [ 0, 0, 16, 1 ], "texture": "#obsidian" },
        "east":  { "uv": [ 0, 0, 16, 1 ], "texture": "#obsidian" }
    }
},
{
    "__comment": "Frame",
    "from": [ 0, 15, 0 ],
    "to": [ 16, 16, 1 ],
    "faces": {
        "down":  { "uv": [ 16, 1, 0, 0 ], "texture": "#obsidian" },
        "up":    { "uv": [ 0, 0, 16, 1 ], "texture": "#obsidian" },
        "north": { "uv": [ 0, 0, 16, 1 ], "texture": "#obsidian" },
        "south": { "uv": [ 0, 0, 16, 1 ], "texture": "#obsidian" }
    }
},
{
    "__comment": "Frame",
    "from": [ 0, 15, 15 ],
    "to": [ 16, 16, 16 ],
    "faces": {
        "down":  { "uv": [ 16, 16, 0, 15 ], "texture": "#obsidian" },
        "up":    { "uv": [ 0, 15, 16, 16 ], "texture": "#obsidian" },
        "north": { "uv": [ 0, 0, 16, 1 ], "texture": "#obsidian" },
        "south": { "uv": [ 0, 0, 16, 1 ], "texture": "#obsidian" }
    }
},
{
    "__comment": "Frame",
    "from": [ 15, 0, 0 ],
    "to": [ 16, 1, 16 ],
    "faces": {
        "down":  { "uv": [ 1, 16, 0, 0 ], "texture": "#obsidian" },
        "up":    { "uv": [ 15, 0, 16, 16 ], "texture": "#obsidian" },
        "west":  { "uv": [ 0, 15, 16, 16 ], "texture": "#obsidian" },
        "east":  { "uv": [ 0, 15, 16, 16 ], "texture": "#obsidian" }
    }
},
{
    "__comment": "Frame",
    "from": [ 0, 0, 0 ],
    "to": [ 1, 1, 16 ],
    "faces": {
        "down":  { "uv": [ 16, 16, 15, 0 ], "texture": "#obsidian" },
        "up":    { "uv": [ 0, 0, 1, 16 ], "texture": "#obsidian" },
        "west":  { "uv": [ 0, 15, 16, 16 ], "texture": "#obsidian" },
        "east":  { "uv": [ 0, 15, 16, 16 ], "texture": "#obsidian" }
    }
},
{
    "__comment": "Frame",
    "from": [ 0, 0, 0 ],
    "to": [ 16, 1, 1 ],
    "faces": {
        "down":  { "uv": [ 16, 1, 0, 0 ], "texture": "#obsidian" },
        "up":    { "uv": [ 0, 0, 16, 1 ], "texture": "#obsidian" },
        "north": { "uv": [ 0, 15, 16, 16 ], "texture": "#obsidian" },
        "south": { "uv": [ 0, 15, 16, 16 ], "texture": "#obsidian" }
    }
},
{
    "__comment": "Frame",
    "from": [ 0, 0, 15 ],
    "to": [ 16, 1, 16 ],
    "faces": {
        "down":  { "uv": [ 16, 16, 0, 15 ], "texture": "#obsidian" },
        "up":    { "uv": [ 0, 15, 16, 16 ], "texture": "#obsidian" },
        "north": { "uv": [ 0, 15, 16, 16 ], "texture": "#obsidian" },
        "south": { "uv": [ 0, 15, 16, 16 ], "texture": "#obsidian" }
    }
},
{
    "__comment": "Glass",
    "from": [ 0.5, 1, 1 ],
    "to": [ 15.5, 15, 15 ],
    "faces": {
        "west":  { "uv": [ 0.5, 0.5, 15.5, 15.5 ], "texture": "#texture" },
        "east":  { "uv": [ 0.5, 0.5, 15.5, 15.5 ], "texture": "#texture" }
    }
},
{
    "__comment": "Glass",
    "from": [ 1, 1, 0.5 ],
    "to": [ 15, 15, 15.5 ],
    "faces": {
        "north": { "uv": [ 0.5, 0.5, 15.5, 15.5 ], "texture": "#texture" },
        "south": { "uv": [ 0.5, 0.5, 15.5, 15.5 ], "texture": "#texture" }
    }
},
{
    "__comment": "Glass",
    "from": [ 1, 0.5, 1 ],
    "to": [ 15, 15.5, 15 ],
    "faces": {
        "down":  { "uv": [ 0.5, 0.5, 15.5, 15.5 ], "texture": "#texture" },
        "up":    { "uv": [ 0.5, 0.5, 15.5, 15.5 ], "texture": "#texture" }
    }
}
],
"display": {
    "thirdperson_righthand": {
        "rotation": [ 0, 0, 0 ],
        "translation": [ 0, 0, 0 ],
        "scale": [ 0.25, 0.25, 0.25 ]
    },
    "thirdperson_lefthand": {
        "rotation": [ 0, 0, 0 ],
        "translation": [ 0, 0, 0 ],
        "scale": [ 0.25, 0.25, 0.25 ]
    },
    "head": {
        "rotation": [ 0, 0, 0 ],
        "translation": [ 0, 0, 0 ],
        "scale": [ 1, 1, 1 ]
    },
    "ground": {
        "rotation": [ 0, 0, 0 ],
        "translation": [ 0, 3, 0 ],
        "scale": [ 0.25, 0.25, 0.25 ]
    },
    "fixed": {
        "rotation": [ 0, 0, 0 ],
        "translation": [ 0, 0, 0 ],
        "scale": [ 0.5, 0.5, 0.5 ]
    },
    "firstperson_righthand": {
        "rotation": [ 0, 0, 0 ],
        "translation": [ 0, 0, 0 ],
        "scale": [ 0.25, 0.25, 0.25 ]
    },
    "firstperson_lefthand": {
        "rotation": [ 0, 0, 0 ],
        "translation": [ 0, 0, 0 ],
        "scale": [ 0.25, 0.25, 0.25 ]
    },
    "gui": {
        "rotation": [ 30, 45, 0 ],
        "translation": [ 0, 0, 0 ],
        "scale": [ 0.65, 0.65, 0.65 ]
    }
}
}