{
"__comment": "Designed by Sibsib92 with BDcraft Cubik PRO 0.95 Beta - http://bdcraft.net",
"ambientocclusion": false,
"textures": {
    "particle": "blocks/nether_brick"
},
"elements": [ 
{
    "__comment": "Side",
    "from": [ 7, 4, 4 ],
    "to": [ 9, 5, 7 ],
    "faces": {
        "down":  { "uv": [ 7.001, 6.999, 8.999, 4.001 ], "texture": "#particle" },
        "up":    { "uv": [ 7.001, 4.001, 8.999, 6.999 ], "texture": "#particle" },
        "north": { "uv": [ 7.001, 11.001, 8.999, 11.999 ], "texture": "#particle" },
        "west":  { "uv": [ 4.001, 11.001, 6.999, 11.999 ], "texture": "#particle" },
        "east":  { "uv": [ 9.001, 11.001, 11.999, 11.999 ], "texture": "#particle" }
    }
},
{
    "__comment": "Side",
    "from": [ 7, 2, 4 ],
    "to": [ 9, 3, 7 ],
    "faces": {
        "down":  { "uv": [ 7.001, 6.999, 8.999, 4.001 ], "texture": "#particle" },
        "up":    { "uv": [ 7.001, 4.001, 8.999, 6.999 ], "texture": "#particle" },
        "north": { "uv": [ 7.001, 13.001, 8.999, 13.999 ], "texture": "#particle" },
        "west":  { "uv": [ 4.001, 13.001, 6.999, 13.999 ], "texture": "#particle" },
        "east":  { "uv": [ 9.001, 13.001, 11.999, 13.999 ], "texture": "#particle" }
    }
},
{
    "__comment": "Side",
    "from": [ 7, 6, 4 ],
    "to": [ 9, 7, 7 ],
    "faces": {
        "down":  { "uv": [ 7.001, 6.999, 8.999, 4.001 ], "texture": "#particle" },
        "up":    { "uv": [ 7.001, 4.001, 8.999, 6.999 ], "texture": "#particle" },
        "north": { "uv": [ 7.001, 9.001, 8.999, 9.999 ], "texture": "#particle" },
        "west":  { "uv": [ 4.001, 9.001, 6.999, 9.999 ], "texture": "#particle" },
        "east":  { "uv": [ 9.001, 9.001, 11.999, 9.999 ], "texture": "#particle" }
    }
},
{
    "__comment": "Side",
    "from": [ 6, 10, 0 ],
    "to": [ 10, 14, 4 ],
    "faces": {
        "down":  { "uv": [ 6.001, 3.999, 9.999, 0.001 ], "texture": "#particle" },
        "up":    { "uv": [ 6.001, 0.001, 9.999, 3.999 ], "texture": "#particle" },
        "north": { "uv": [ 6.001, 2.001, 9.999, 5.999 ], "texture": "#particle" },
        "south": { "uv": [ 6.001, 2.001, 9.999, 5.999 ], "texture": "#particle" },
        "west":  { "uv": [ 0.001, 2.001, 3.999, 5.999 ], "texture": "#particle" },
        "east":  { "uv": [ 12.001, 2.001, 15.999, 5.999 ], "texture": "#particle" }
    }
},
{
    "__comment": "Side",
    "from": [ 7, 8, 2 ],
    "to": [ 9, 10, 7 ],
    "faces": {
        "down":  { "uv": [ 7.001, 6.999, 8.999, 2.001 ], "texture": "#particle" },
        "up":    { "uv": [ 7.001, 2.001, 8.999, 6.999 ], "texture": "#particle" },
        "north": { "uv": [ 7.001, 6.001, 8.999, 7.999 ], "texture": "#particle" },
        "west":  { "uv": [ 2.001, 6.001, 6.999, 7.999 ], "texture": "#particle" },
        "east":  { "uv": [ 9.001, 6.001, 13.999, 7.999 ], "texture": "#particle" }
    }
}
]
}