{
"__comment": "Designed by Sibsib92 with BDcraft Cubik PRO 0.95 Beta - http://bdcraft.net",
"ambientocclusion": false,
"textures": {
    "particle": "blocks/nether_brick"
},
"elements": [ 
{
    "from": [ 7, 0, 7 ],
    "to": [ 9, 10, 9 ],
    "faces": {
        "down":  { "uv": [ 7.001, 8.999, 8.999, 7.001 ], "texture": "#particle" },
        "north": { "uv": [ 7.001, 6.001, 8.999, 15.999 ], "texture": "#particle" },
        "south": { "uv": [ 7.001, 6.001, 8.999, 15.999 ], "texture": "#particle" },
        "west":  { "uv": [ 7.001, 6.001, 8.999, 15.999 ], "texture": "#particle" },
        "east":  { "uv": [ 7.001, 6.001, 8.999, 15.999 ], "texture": "#particle" }
    }
},
{
    "from": [ 5, 10, 5 ],
    "to": [ 11, 16, 11 ],
    "faces": {
        "down":  { "uv": [ 5.001, 10.999, 10.999, 5.001 ], "texture": "#particle" },
        "up":    { "uv": [ 5.001, 5.001, 10.999, 10.999 ], "texture": "#particle" },
        "north": { "uv": [ 5.001, 0.001, 10.999, 5.999 ], "texture": "#particle" },
        "south": { "uv": [ 5.001, 0.001, 10.999, 5.999 ], "texture": "#particle" },
        "west":  { "uv": [ 5.001, 0.001, 10.999, 5.999 ], "texture": "#particle" },
        "east":  { "uv": [ 5.001, 0.001, 10.999, 5.999 ], "texture": "#particle" }
    }
}
]
}