{
"__comment": "Designed by Sibsib92 with BDcraft Cubik PRO 0.95 Beta - http://bdcraft.net",
"ambientocclusion": false,
"textures": {
    "particle": "blocks/rail_normal_turned",
    "texture": "blocks/planks_oak",
    "inner": "blocks/cauldron_inner",
    "outer": "blocks/iron_block"
},
"elements": [ 
{
    "__comment": "Wood",
    "from": [ 9.5625, 0, 1.6875 ],
    "to": [ 11.5625, 1, 13.6875 ],
    "rotation": { "origin": [ 9.5625, 0, 1.6875 ], "axis": "y", "angle": 22.5 },
    "faces": {
        "down":  { "uv": [ 1.001, 2.999, 12.999, 1.001 ], "rotation": 270, "texture": "#texture" },
        "up":    { "uv": [ 1.001, 1.001, 12.999, 2.999 ], "rotation": 90, "texture": "#texture" },
        "north": { "uv": [ 1.001, 2.999, 1.999, 1.001 ], "rotation": 90, "texture": "#texture" },
        "south": { "uv": [ 12.001, 1.001, 12.999, 2.999 ], "rotation": 90, "texture": "#texture" },
        "west":  { "uv": [ 1.001, 2.001, 12.999, 2.999 ], "texture": "#texture" },
        "east":  { "uv": [ 12.999, 1.001, 1.001, 1.999 ], "texture": "#texture" }
    }
},
{
    "__comment": "Wood",
    "from": [ 5.75, 0, 4.3125 ],
    "to": [ 19.75, 1, 6.3125 ],
    "rotation": { "origin": [ 5.75, 0, 4.3125 ], "axis": "y", "angle": -45 },
    "faces": {
        "down":  { "uv": [ 1.001, 6.999, 14.999, 5.001 ], "texture": "#texture" },
        "up":    { "uv": [ 1.001, 5.001, 14.999, 6.999 ], "texture": "#texture" },
        "north": { "uv": [ 14.999, 5.001, 1.001, 5.999 ], "texture": "#texture" },
        "south": { "uv": [ 1.001, 6.001, 14.999, 6.999 ], "texture": "#texture" },
        "west":  { "uv": [ 1.001, 6.999, 1.999, 5.001 ], "rotation": 90, "texture": "#texture" },
        "east":  { "uv": [ 14.001, 5.001, 14.999, 6.999 ], "rotation": 90, "texture": "#texture" }
    }
},
{
    "__comment": "Wood",
    "from": [ 1.6875, 0, 9.5625 ],
    "to": [ 13.6875, 1, 11.5625 ],
    "rotation": { "origin": [ 1.6875, 0, 9.5625 ], "axis": "y", "angle": -22.5 },
    "faces": {
        "down":  { "uv": [ 1.001, 10.999, 12.999, 9.001 ], "texture": "#texture" },
        "up":    { "uv": [ 1.001, 9.001, 12.999, 10.999 ], "texture": "#texture" },
        "north": { "uv": [ 12.999, 9.001, 1.001, 9.999 ], "texture": "#texture" },
        "south": { "uv": [ 1.001, 10.001, 12.999, 10.999 ], "texture": "#texture" },
        "west":  { "uv": [ 1.001, 10.999, 1.999, 9.001 ], "rotation": 90, "texture": "#texture" },
        "east":  { "uv": [ 12.001, 9.001, 12.999, 10.999 ], "rotation": 90, "texture": "#texture" }
    }
},
{
    "__comment": "Inner",
    "from": [ 12, 0.5, 14 ],
    "to": [ 13, 1.5, 16 ],
    "faces": {
        "down":  { "uv": [ 0.999, 1.999, 0.001, 0.001 ], "texture": "#inner" },
        "up":    { "uv": [ 0.001, 0.001, 0.999, 1.999 ], "texture": "#inner" },
        "north": { "uv": [ 0.001, 0.001, 0.999, 0.999 ], "texture": "#inner" },
        "south": { "uv": [ 0.001, 1.001, 0.999, 1.999 ], "texture": "#inner" },
        "west":  { "uv": [ 0.001, 1.999, 0.999, 0.001 ], "rotation": 90, "texture": "#inner" }
    }
},
{
    "__comment": "Inner",
    "from": [ 14, 0.5, 12 ],
    "to": [ 16, 1.5, 13 ],
    "faces": {
        "down":  { "uv": [ 0.999, 1.999, 0.001, 0.001 ], "rotation": 270, "texture": "#inner" },
        "up":    { "uv": [ 0.001, 0.001, 0.999, 1.999 ], "rotation": 90, "texture": "#inner" },
        "north": { "uv": [ 0.001, 1.999, 0.999, 0.001 ], "rotation": 90, "texture": "#inner" },
        "west":  { "uv": [ 0.001, 1.001, 0.999, 1.999 ], "texture": "#inner" },
        "east":  { "uv": [ 0.001, 0.001, 0.999, 0.999 ], "texture": "#inner" }
    }
},
{
    "__comment": "Inner",
    "from": [ 13, 0.5, 13 ],
    "to": [ 14, 1.5, 14 ],
    "faces": {
        "down":  { "uv": [ 0.999, 0.999, 0.001, 0.001 ], "rotation": 270, "texture": "#inner" },
        "up":    { "uv": [ 0.001, 0.001, 0.999, 0.999 ], "rotation": 90, "texture": "#inner" },
        "north": { "uv": [ 0.001, 0.999, 0.999, 0.001 ], "rotation": 90, "texture": "#inner" },
        "west":  { "uv": [ 0.001, 0.001, 0.999, 0.999 ], "texture": "#inner" }
    }
},
{
    "__comment": "Inner",
    "from": [ 5, 0.5, 8 ],
    "to": [ 6, 1.5, 10 ],
    "faces": {
        "down":  { "uv": [ 0.999, 1.999, 0.001, 0.001 ], "texture": "#inner" },
        "up":    { "uv": [ 0.001, 0.001, 0.999, 1.999 ], "texture": "#inner" },
        "south": { "uv": [ 0.001, 1.001, 0.999, 1.999 ], "texture": "#inner" },
        "east":  { "uv": [ 0.001, 0.001, 0.999, 1.999 ], "rotation": 90, "texture": "#inner" }
    }
},
{
    "__comment": "Inner",
    "from": [ 8, 0.5, 5 ],
    "to": [ 10, 1.5, 6 ],
    "faces": {
        "down":  { "uv": [ 0.999, 1.999, 0.001, 0.001 ], "rotation": 270, "texture": "#inner" },
        "up":    { "uv": [ 0.001, 0.001, 0.999, 1.999 ], "rotation": 90, "texture": "#inner" },
        "south": { "uv": [ 0.001, 0.001, 0.999, 1.999 ], "rotation": 90, "texture": "#inner" },
        "east":  { "uv": [ 0.001, 0.001, 0.999, 0.999 ], "texture": "#inner" }
    }
},
{
    "__comment": "Inner",
    "from": [ 6, 0.5, 7 ],
    "to": [ 7, 1.5, 8 ],
    "faces": {
        "down":  { "uv": [ 0.999, 0.999, 0.001, 0.001 ], "rotation": 270, "texture": "#inner" },
        "up":    { "uv": [ 0.001, 0.001, 0.999, 0.999 ], "rotation": 90, "texture": "#inner" },
        "south": { "uv": [ 0.001, 0.001, 0.999, 0.999 ], "rotation": 90, "texture": "#inner" },
        "east":  { "uv": [ 0.001, 0.001, 0.999, 0.999 ], "texture": "#inner" }
    }
},
{
    "__comment": "Inner",
    "from": [ 7, 0.5, 6 ],
    "to": [ 8, 1.5, 7 ],
    "faces": {
        "down":  { "uv": [ 0.999, 0.999, 0.001, 0.001 ], "rotation": 270, "texture": "#inner" },
        "up":    { "uv": [ 0.001, 0.001, 0.999, 0.999 ], "rotation": 90, "texture": "#inner" },
        "south": { "uv": [ 0.001, 0.001, 0.999, 0.999 ], "rotation": 90, "texture": "#inner" },
        "east":  { "uv": [ 0.001, 0.001, 0.999, 0.999 ], "texture": "#inner" }
    }
},
{
    "__comment": "Inner",
    "from": [ 4, 0.5, 10 ],
    "to": [ 5, 1.5, 12 ],
    "faces": {
        "down":  { "uv": [ 0.999, 1.999, 0.001, 0.001 ], "texture": "#inner" },
        "up":    { "uv": [ 0.001, 0.001, 0.999, 1.999 ], "texture": "#inner" },
        "south": { "uv": [ 0.001, 1.001, 0.999, 1.999 ], "texture": "#inner" },
        "east":  { "uv": [ 0.001, 0.001, 0.999, 1.999 ], "rotation": 90, "texture": "#inner" }
    }
},
{
    "__comment": "Inner",
    "from": [ 10, 0.5, 4 ],
    "to": [ 12, 1.5, 5 ],
    "faces": {
        "down":  { "uv": [ 0.999, 1.999, 0.001, 0.001 ], "rotation": 270, "texture": "#inner" },
        "up":    { "uv": [ 0.001, 0.001, 0.999, 1.999 ], "rotation": 90, "texture": "#inner" },
        "south": { "uv": [ 0.001, 0.001, 0.999, 1.999 ], "rotation": 90, "texture": "#inner" },
        "east":  { "uv": [ 0.001, 0.001, 0.999, 0.999 ], "texture": "#inner" }
    }
},
{
    "__comment": "Inner",
    "from": [ 3, 0.5, 12 ],
    "to": [ 4, 1.5, 16 ],
    "faces": {
        "down":  { "uv": [ 0.999, 3.999, 0.001, 0.001 ], "texture": "#inner" },
        "up":    { "uv": [ 0.001, 0.001, 0.999, 3.999 ], "texture": "#inner" },
        "south": { "uv": [ 0.001, 3.001, 0.999, 3.999 ], "texture": "#inner" },
        "east":  { "uv": [ 0.001, 0.001, 0.999, 3.999 ], "rotation": 90, "texture": "#inner" }
    }
},
{
    "__comment": "Inner",
    "from": [ 12, 0.5, 3 ],
    "to": [ 16, 1.5, 4 ],
    "faces": {
        "down":  { "uv": [ 0.999, 3.999, 0.001, 0.001 ], "rotation": 270, "texture": "#inner" },
        "up":    { "uv": [ 0.001, 0.001, 0.999, 3.999 ], "rotation": 90, "texture": "#inner" },
        "south": { "uv": [ 0.001, 0.001, 0.999, 3.999 ], "rotation": 90, "texture": "#inner" },
        "east":  { "uv": [ 0.001, 3.001, 0.999, 3.999 ], "texture": "#inner" }
    }
},
{
    "__comment": "Outer",
    "from": [ 13, 0.5, 14 ],
    "to": [ 14, 2, 16 ],
    "faces": {
        "down":  { "uv": [ 1.999, 0.001, 0.001, 0.999 ], "rotation": 90, "texture": "#outer" },
        "up":    { "uv": [ 0.001, 0.001, 1.999, 0.999 ], "rotation": 90, "texture": "#outer" },
        "north": { "uv": [ 1.001, 0.001, 1.999, 0.999 ], "texture": "#outer" },
        "south": { "uv": [ 0.001, 0.001, 0.999, 0.999 ], "texture": "#outer" },
        "west":  { "uv": [ 0.001, 0.001, 1.999, 0.999 ], "texture": "#outer" },
        "east":  { "uv": [ 1.999, 0.001, 0.001, 0.999 ], "texture": "#outer" }
    }
},
{
    "__comment": "Outer",
    "from": [ 14, 0.5, 13 ],
    "to": [ 16, 2, 14 ],
    "faces": {
        "down":  { "uv": [ 1.999, 0.001, 0.001, 0.999 ], "texture": "#outer" },
        "up":    { "uv": [ 0.001, 0.001, 1.999, 0.999 ], "rotation": 180, "texture": "#outer" },
        "north": { "uv": [ 0.001, 0.001, 1.999, 0.999 ], "texture": "#outer" },
        "south": { "uv": [ 1.999, 0.001, 0.001, 0.999 ], "texture": "#outer" },
        "west":  { "uv": [ 0.001, 0.001, 0.999, 0.999 ], "texture": "#outer" },
        "east":  { "uv": [ 1.001, 0.001, 1.999, 0.999 ], "texture": "#outer" }
    }
},
{
    "__comment": "Outer",
    "from": [ 4, 0.5, 8 ],
    "to": [ 5, 2, 10 ],
    "faces": {
        "down":  { "uv": [ 1.999, 0.001, 0.001, 0.999 ], "rotation": 90, "texture": "#outer" },
        "up":    { "uv": [ 0.001, 0.001, 1.999, 0.999 ], "rotation": 90, "texture": "#outer" },
        "north": { "uv": [ 1.001, 0.001, 1.999, 0.999 ], "texture": "#outer" },
        "south": { "uv": [ 0.001, 0.001, 0.999, 0.999 ], "texture": "#outer" },
        "west":  { "uv": [ 0.001, 0.001, 1.999, 0.999 ], "texture": "#outer" },
        "east":  { "uv": [ 1.999, 0.001, 0.001, 0.999 ], "texture": "#outer" }
    }
},
{
    "__comment": "Outer",
    "from": [ 8, 0.5, 4 ],
    "to": [ 10, 2, 5 ],
    "faces": {
        "down":  { "uv": [ 1.999, 0.001, 0.001, 0.999 ], "texture": "#outer" },
        "up":    { "uv": [ 0.001, 0.001, 1.999, 0.999 ], "rotation": 180, "texture": "#outer" },
        "north": { "uv": [ 0.001, 0.001, 1.999, 0.999 ], "texture": "#outer" },
        "south": { "uv": [ 1.999, 0.001, 0.001, 0.999 ], "texture": "#outer" },
        "west":  { "uv": [ 0.001, 0.001, 0.999, 0.999 ], "texture": "#outer" },
        "east":  { "uv": [ 1.001, 0.001, 1.999, 0.999 ], "texture": "#outer" }
    }
},
{
    "__comment": "Outer",
    "from": [ 3, 0.5, 10 ],
    "to": [ 4, 2, 12 ],
    "faces": {
        "down":  { "uv": [ 1.999, 0.001, 0.001, 0.999 ], "rotation": 90, "texture": "#outer" },
        "up":    { "uv": [ 0.001, 0.001, 1.999, 0.999 ], "rotation": 90, "texture": "#outer" },
        "north": { "uv": [ 1.001, 0.001, 1.999, 0.999 ], "texture": "#outer" },
        "south": { "uv": [ 0.001, 0.001, 0.999, 0.999 ], "texture": "#outer" },
        "west":  { "uv": [ 0.001, 0.001, 1.999, 0.999 ], "texture": "#outer" },
        "east":  { "uv": [ 1.999, 0.001, 0.001, 0.999 ], "texture": "#outer" }
    }
},
{
    "__comment": "Outer",
    "from": [ 10, 0.5, 3 ],
    "to": [ 12, 2, 4 ],
    "faces": {
        "down":  { "uv": [ 1.999, 0.001, 0.001, 0.999 ], "texture": "#outer" },
        "up":    { "uv": [ 0.001, 0.001, 1.999, 0.999 ], "rotation": 180, "texture": "#outer" },
        "north": { "uv": [ 0.001, 0.001, 1.999, 0.999 ], "texture": "#outer" },
        "south": { "uv": [ 1.999, 0.001, 0.001, 0.999 ], "texture": "#outer" },
        "west":  { "uv": [ 0.001, 0.001, 0.999, 0.999 ], "texture": "#outer" },
        "east":  { "uv": [ 1.001, 0.001, 1.999, 0.999 ], "texture": "#outer" }
    }
},
{
    "__comment": "Outer",
    "from": [ 5, 0.5, 7 ],
    "to": [ 6, 2, 8 ],
    "faces": {
        "down":  { "uv": [ 0.999, 0.001, 0.001, 0.999 ], "rotation": 90, "texture": "#outer" },
        "up":    { "uv": [ 0.001, 0.001, 0.999, 0.999 ], "rotation": 90, "texture": "#outer" },
        "north": { "uv": [ 1.001, 0.001, 1.999, 0.999 ], "texture": "#outer" },
        "south": { "uv": [ 0.001, 0.001, 0.999, 0.999 ], "texture": "#outer" },
        "west":  { "uv": [ 0.001, 0.001, 0.999, 0.999 ], "texture": "#outer" },
        "east":  { "uv": [ 0.999, 0.001, 0.001, 0.999 ], "texture": "#outer" }
    }
},
{
    "__comment": "Outer",
    "from": [ 7, 0.5, 5 ],
    "to": [ 8, 2, 6 ],
    "faces": {
        "down":  { "uv": [ 0.999, 0.001, 0.001, 0.999 ], "rotation": 90, "texture": "#outer" },
        "up":    { "uv": [ 0.001, 0.001, 0.999, 0.999 ], "rotation": 90, "texture": "#outer" },
        "north": { "uv": [ 1.001, 0.001, 1.999, 0.999 ], "texture": "#outer" },
        "south": { "uv": [ 0.001, 0.001, 0.999, 0.999 ], "texture": "#outer" },
        "west":  { "uv": [ 0.001, 0.001, 0.999, 0.999 ], "texture": "#outer" },
        "east":  { "uv": [ 0.999, 0.001, 0.001, 0.999 ], "texture": "#outer" }
    }
},
{
    "__comment": "Outer",
    "from": [ 6, 0.5, 6 ],
    "to": [ 7, 2, 7 ],
    "faces": {
        "down":  { "uv": [ 0.999, 0.001, 0.001, 0.999 ], "rotation": 90, "texture": "#outer" },
        "up":    { "uv": [ 0.001, 0.001, 0.999, 0.999 ], "rotation": 90, "texture": "#outer" },
        "north": { "uv": [ 1.001, 0.001, 1.999, 0.999 ], "texture": "#outer" },
        "south": { "uv": [ 0.001, 0.001, 0.999, 0.999 ], "texture": "#outer" },
        "west":  { "uv": [ 0.001, 0.001, 0.999, 0.999 ], "texture": "#outer" },
        "east":  { "uv": [ 0.999, 0.001, 0.001, 0.999 ], "texture": "#outer" }
    }
},
{
    "__comment": "Outer",
    "from": [ 2, 0.5, 12 ],
    "to": [ 3, 2, 16 ],
    "faces": {
        "down":  { "uv": [ 3.999, 0.001, 0.001, 0.999 ], "rotation": 90, "texture": "#outer" },
        "up":    { "uv": [ 0.001, 0.001, 3.999, 0.999 ], "rotation": 90, "texture": "#outer" },
        "north": { "uv": [ 3.001, 0.001, 3.999, 0.999 ], "texture": "#outer" },
        "south": { "uv": [ 0.001, 0.001, 0.999, 0.999 ], "texture": "#outer" },
        "west":  { "uv": [ 0.001, 0.001, 3.999, 0.999 ], "texture": "#outer" },
        "east":  { "uv": [ 3.999, 0.001, 0.001, 0.999 ], "texture": "#outer" }
    }
},
{
    "__comment": "Outer",
    "from": [ 12, 0.5, 2 ],
    "to": [ 16, 2, 3 ],
    "faces": {
        "down":  { "uv": [ 3.999, 0.001, 0.001, 0.999 ], "texture": "#outer" },
        "up":    { "uv": [ 0.001, 0.001, 3.999, 0.999 ], "rotation": 180, "texture": "#outer" },
        "north": { "uv": [ 0.001, 0.001, 3.999, 0.999 ], "texture": "#outer" },
        "south": { "uv": [ 3.999, 0.001, 0.001, 0.999 ], "texture": "#outer" },
        "west":  { "uv": [ 0.001, 0.001, 0.999, 0.999 ], "texture": "#outer" },
        "east":  { "uv": [ 3.001, 0.001, 3.999, 0.999 ], "texture": "#outer" }
    }
}
]
}