{
"__comment": "Designed by Sibsib92 with BDcraft Cubik PRO 0.96 Beta - http://bdcraft.net",
"ambientocclusion": false,
"textures": {
    "particle": "blocks/torch_on",
    "texture": "blocks/planks_oak",
    "fire": "blocks/lava_still"
},
"elements": [ 
{
    "__comment": "Fire",
    "from": [ 7.5, 9.9375, 7.5 ],
    "to": [ 8.5, 10.25, 8.5 ],
    "faces": {
        "down":  { "uv": [ 7.001, 7.999, 8.999, 6.001 ], "texture": "#fire" },
        "up":    { "uv": [ 7.001, 14.001, 8.999, 15.999 ], "texture": "#fire" },
        "north": { "uv": [ 7.001, 15.001, 8.999, 15.999 ], "texture": "#fire" },
        "south": { "uv": [ 7.001, 15.001, 8.999, 15.999 ], "texture": "#fire" },
        "west":  { "uv": [ 7.001, 15.001, 8.999, 15.999 ], "texture": "#fire" },
        "east":  { "uv": [ 7.001, 15.001, 8.999, 15.999 ], "texture": "#fire" }
    }
},
{
    "__comment": "Fire",
    "from": [ 7.5, 8.5, 6.6875 ],
    "to": [ 8.5, 9.5, 9.25 ],
    "faces": {
        "down":  { "uv": [ 7.001, 15.999, 8.999, 14.001 ], "texture": "#fire" },
        "up":    { "uv": [ 7.001, 14.001, 8.999, 15.999 ], "texture": "#fire" },
        "north": { "uv": [ 7.001, 14.001, 8.999, 15.999 ], "texture": "#fire" },
        "south": { "uv": [ 7.001, 14.001, 8.999, 15.999 ], "texture": "#fire" },
        "west":  { "uv": [ 7.001, 14.001, 8.999, 15.999 ], "texture": "#fire" },
        "east":  { "uv": [ 7.001, 14.001, 8.999, 15.999 ], "texture": "#fire" }
    }
},
{
    "__comment": "Fire",
    "from": [ 6.6875, 8.5, 7.5 ],
    "to": [ 9.25, 9.5, 8.5625 ],
    "faces": {
        "down":  { "uv": [ 7.001, 15.999, 8.999, 14.001 ], "texture": "#fire" },
        "up":    { "uv": [ 7.001, 14.001, 8.999, 15.999 ], "texture": "#fire" },
        "north": { "uv": [ 7.001, 14.001, 8.999, 15.999 ], "texture": "#fire" },
        "south": { "uv": [ 7.001, 14.001, 8.999, 15.999 ], "texture": "#fire" },
        "west":  { "uv": [ 7.001, 14.001, 8.999, 15.999 ], "texture": "#fire" },
        "east":  { "uv": [ 7.001, 14.001, 8.999, 15.999 ], "texture": "#fire" }
    }
},
{
    "__comment": "Fire",
    "from": [ 7, 8, 7 ],
    "to": [ 9, 10, 9 ],
    "faces": {
        "down":  { "uv": [ 7.001, 15.999, 8.999, 14.001 ], "texture": "#fire" },
        "up":    { "uv": [ 7.001, 14.001, 8.999, 15.999 ], "texture": "#fire" },
        "north": { "uv": [ 7.001, 14.001, 8.999, 15.999 ], "texture": "#fire" },
        "south": { "uv": [ 7.001, 14.001, 8.999, 15.999 ], "texture": "#fire" },
        "west":  { "uv": [ 7.001, 14.001, 8.999, 15.999 ], "texture": "#fire" },
        "east":  { "uv": [ 7.001, 14.001, 8.999, 15.999 ], "texture": "#fire" }
    }
},
{
    "__comment": "Wood",
    "from": [ 7.25, 2.5, 7.75 ],
    "to": [ 8.75, 4, 8.25 ],
    "faces": {
        "down":  { "uv": [ 7.251, 9.249, 8.749, 8.751 ], "texture": "#texture" },
        "north": { "uv": [ 7.251, 12.001, 8.749, 13.499 ], "texture": "#texture" },
        "south": { "uv": [ 7.251, 12.001, 8.749, 13.499 ], "texture": "#texture" },
        "west":  { "uv": [ 7.751, 12.001, 8.249, 13.499 ], "texture": "#texture" },
        "east":  { "uv": [ 7.751, 12.001, 8.249, 13.499 ], "texture": "#texture" }
    }
},
{
    "__comment": "Wood",
    "from": [ 7.75, 2.5, 7.25 ],
    "to": [ 8.25, 4, 8.75 ],
    "faces": {
        "down":  { "uv": [ 7.751, 9.749, 8.249, 8.251 ], "texture": "#texture" },
        "north": { "uv": [ 7.751, 12.001, 8.249, 13.499 ], "texture": "#texture" },
        "south": { "uv": [ 7.751, 12.001, 8.249, 13.499 ], "texture": "#texture" },
        "west":  { "uv": [ 7.251, 12.001, 8.749, 13.499 ], "texture": "#texture" },
        "east":  { "uv": [ 7.251, 12.001, 8.749, 13.499 ], "texture": "#texture" }
    }
},
{
    "__comment": "Wood",
    "from": [ 7.5, 0, 7.5 ],
    "to": [ 8.5, 4, 8.5 ],
    "faces": {
        "down":  { "uv": [ 10.001, 7.999, 10.999, 7.001 ], "texture": "#texture" },
        "north": { "uv": [ 7.501, 12.001, 8.499, 15.999 ], "texture": "#texture" },
        "south": { "uv": [ 7.501, 12.001, 8.499, 15.999 ], "texture": "#texture" },
        "west":  { "uv": [ 7.501, 12.001, 8.499, 15.999 ], "texture": "#texture" },
        "east":  { "uv": [ 7.501, 12.001, 8.499, 15.999 ], "texture": "#texture" }
    }
},
{
    "__comment": "Wood",
    "from": [ 7, 4, 7.5 ],
    "to": [ 9, 8, 8.5 ],
    "faces": {
        "down":  { "uv": [ 10.001, 7.999, 11.999, 7.001 ], "texture": "#texture" },
        "north": { "uv": [ 7.001, 8.001, 8.999, 11.999 ], "texture": "#texture" },
        "south": { "uv": [ 7.001, 8.001, 8.999, 11.999 ], "texture": "#texture" },
        "west":  { "uv": [ 7.501, 8.001, 8.499, 11.999 ], "texture": "#texture" },
        "east":  { "uv": [ 7.501, 8.001, 8.499, 11.999 ], "texture": "#texture" }
    }
},
{
    "__comment": "Wood",
    "from": [ 7.5, 4, 7 ],
    "to": [ 8.5, 8, 9 ],
    "faces": {
        "down":  { "uv": [ 10.001, 7.999, 10.999, 6.001 ], "texture": "#texture" },
        "north": { "uv": [ 7.501, 8.001, 8.499, 11.999 ], "texture": "#texture" },
        "south": { "uv": [ 7.501, 8.001, 8.499, 11.999 ], "texture": "#texture" },
        "west":  { "uv": [ 7.001, 8.001, 8.999, 11.999 ], "texture": "#texture" },
        "east":  { "uv": [ 7.001, 8.001, 8.999, 11.999 ], "texture": "#texture" }
    }
},
{
    "__comment": "Wood",
    "from": [ 6.6875, 7, 7.75 ],
    "to": [ 9.25, 8.5, 8.25 ],
    "faces": {
        "down":  { "uv": [ 7.251, 9.249, 8.749, 8.751 ], "texture": "#texture" },
        "north": { "uv": [ 7.251, 12.001, 8.749, 13.499 ], "texture": "#texture" },
        "south": { "uv": [ 7.251, 12.001, 8.749, 13.499 ], "texture": "#texture" },
        "west":  { "uv": [ 7.751, 12.001, 8.249, 13.499 ], "texture": "#texture" },
        "east":  { "uv": [ 7.751, 12.001, 8.249, 13.499 ], "texture": "#texture" }
    }
},
{
    "__comment": "Wood",
    "from": [ 7.75, 7, 6.6875 ],
    "to": [ 8.25, 8.5, 9.25 ],
    "faces": {
        "down":  { "uv": [ 7.751, 9.749, 8.249, 8.251 ], "texture": "#texture" },
        "north": { "uv": [ 7.751, 12.001, 8.249, 13.499 ], "texture": "#texture" },
        "south": { "uv": [ 7.751, 12.001, 8.249, 13.499 ], "texture": "#texture" },
        "west":  { "uv": [ 7.251, 12.001, 8.749, 13.499 ], "texture": "#texture" },
        "east":  { "uv": [ 7.251, 12.001, 8.749, 13.499 ], "texture": "#texture" }
    }
}
],
"display": {
    "thirdperson_righthand": {
        "rotation": [ -10, 0, 0 ],
        "translation": [ 0, 4, 0.5 ],
        "scale": [ 1, 1, 1 ]
    },
    "thirdperson_lefthand": {
        "rotation": [ -10, 0, 0 ],
        "translation": [ 0, 4, 0.5 ],
        "scale": [ 1, 1, 1 ]
    },
    "head": {
        "rotation": [ 0, 0, 0 ],
        "translation": [ 0, 14, 0 ],
        "scale": [ 1, 1, 1 ]
    },
    "ground": {
        "rotation": [ 0, 0, 0 ],
        "translation": [ 0, 3, 0 ],
        "scale": [ 0.5, 0.5, 0.5 ]
    },
    "fixed": {
        "rotation": [ 0, 0, 0 ],
        "translation": [ 0, 2, 0 ],
        "scale": [ 0.75, 0.75, 0.75 ]
    },
    "firstperson_righthand": {
        "rotation": [ 0, -90, -10 ],
        "translation": [ 1.12, 3.2, 1.12 ],
        "scale": [ 0.68, 0.68, 0.68 ]
    },
    "firstperson_lefthand": {
        "rotation": [ 0, 90, 10 ],
        "translation": [ 1.12, 3.2, 1.12 ],
        "scale": [ 0.68, 0.68, 0.68 ]
    },
    "gui": {
        "rotation": [ 30, 45, 0 ],
        "translation": [ 0, 2, 0 ],
        "scale": [ 1, 1, 1 ]
    }
}
}