{
"__comment": "Designed by Sibsib92 with BDcraft Cubik PRO 0.95 Beta - http://bdcraft.net",
"ambientocclusion": false,
"textures": {
    "particle": "blocks/planks_oak",
    "texture": "blocks/log_oak",
    "top": "blocks/log_oak_top"
},
"elements": [ 
{
    "__comment": "Side",
    "from": [ 7, 0, 6 ],
    "to": [ 9, 16, 7 ],
    "faces": {
        "down":  { "uv": [ 1.001, 15.999, 2.999, 15.001 ], "texture": "#texture" },
        "up":    { "uv": [ 1.001, 0.001, 2.999, 0.999 ], "texture": "#texture" },
        "north": { "uv": [ 1.001, 0.001, 2.999, 15.999 ], "texture": "#texture" },
        "west":  { "uv": [ 3.001, 0.001, 3.999, 15.999 ], "texture": "#texture" },
        "east":  { "uv": [ 0.001, 0.001, 0.999, 15.999 ], "texture": "#texture" }
    }
},
{
    "__comment": "Side",
    "from": [ 9, 0, 7 ],
    "to": [ 10, 16, 9 ],
    "faces": {
        "down":  { "uv": [ 14.999, 15.001, 13.001, 15.999 ], "rotation": 90, "texture": "#texture" },
        "up":    { "uv": [ 14.999, 0.001, 13.001, 0.999 ], "rotation": 90, "texture": "#texture" },
        "north": { "uv": [ 15.001, 0.001, 15.999, 15.999 ], "texture": "#texture" },
        "south": { "uv": [ 12.001, 0.001, 12.999, 15.999 ], "texture": "#texture" },
        "east":  { "uv": [ 13.001, 0.001, 14.999, 15.999 ], "texture": "#texture" }
    }
},
{
    "__comment": "Side",
    "from": [ 7, 0, 9 ],
    "to": [ 9, 16, 10 ],
    "faces": {
        "down":  { "uv": [ 13.999, 15.999, 12.001, 15.001 ], "texture": "#texture" },
        "up":    { "uv": [ 9.001, 0.001, 10.999, 0.999 ], "texture": "#texture" },
        "south": { "uv": [ 9.001, 0.001, 10.999, 15.999 ], "texture": "#texture" },
        "west":  { "uv": [ 8.001, 0.001, 8.999, 15.999 ], "texture": "#texture" },
        "east":  { "uv": [ 11.001, 0.001, 11.999, 15.999 ], "texture": "#texture" }
    }
},
{
    "__comment": "Side",
    "from": [ 6, 0, 7 ],
    "to": [ 7, 16, 9 ],
    "faces": {
        "down":  { "uv": [ 6.999, 15.999, 5.001, 15.001 ], "rotation": 90, "texture": "#texture" },
        "up":    { "uv": [ 5.001, 0.001, 6.999, 0.999 ], "rotation": 90, "texture": "#texture" },
        "north": { "uv": [ 4.001, 0.001, 4.999, 15.999 ], "texture": "#texture" },
        "south": { "uv": [ 7.001, 0.001, 7.999, 15.999 ], "texture": "#texture" },
        "west":  { "uv": [ 5.001, 0.001, 6.999, 15.999 ], "texture": "#texture" }
    }
},
{
    "__comment": "Mid",
    "from": [ 7, 0, 7 ],
    "to": [ 9, 16, 9 ],
    "faces": {
        "down":  { "uv": [ 7.001, 8.999, 8.999, 7.001 ], "texture": "#top" },
        "up":    { "uv": [ 7.001, 7.001, 8.999, 8.999 ], "texture": "#top" }
    }
}
]
}