{
"__comment": "Designed by Sibsib92 with BDcraft Cubik PRO 0.96 Beta - http://bdcraft.net",
"ambientocclusion": false,
"textures": {
    "particle": "blocks/door_wood_upper",
    "texture": "blocks/planks_oak",
    "metal": "blocks/cauldron_inner"
},
"elements": [ 
{
    "__comment": "Hinge",
    "from": [ -0.25, -1, -0.0625 ],
    "to": [ 3.25, 1, 0.9375 ],
    "faces": {
        "down":  { "uv": [ 3, 1, 0, 0 ], "texture": "#metal" },
        "up":    { "uv": [ 0, 0, 3, 1 ], "texture": "#metal" },
        "north": { "uv": [ 0, 0, 3, 2 ], "texture": "#metal" },
        "south": { "uv": [ 0, 0, 3, 2 ], "texture": "#metal" },
        "west":  { "uv": [ 0, 0, 1, 2 ], "texture": "#metal" },
        "east":  { "uv": [ 0, 0, 1, 2 ], "texture": "#metal" }
    }
},
{
    "__comment": "Hinge",
    "from": [ -0.25, 10, -0.0625 ],
    "to": [ 3.25, 12, 0.9375 ],
    "faces": {
        "down":  { "uv": [ 3, 1, 0, 0 ], "texture": "#metal" },
        "up":    { "uv": [ 0, 0, 3, 1 ], "texture": "#metal" },
        "north": { "uv": [ 0, 0, 3, 2 ], "texture": "#metal" },
        "south": { "uv": [ 0, 0, 3, 2 ], "texture": "#metal" },
        "west":  { "uv": [ 0, 0, 1, 2 ], "texture": "#metal" },
        "east":  { "uv": [ 0, 0, 1, 2 ], "texture": "#metal" }
    }
},
{
    "__comment": "Handle",
    "from": [ -0.5, -0.25, 14.25 ],
    "to": [ 3.5, 0.25, 14.75 ],
    "faces": {
        "down":  { "uv": [ 16, 14.75, 12.5, 14.25 ], "texture": "#metal" },
        "up":    { "uv": [ 0, 14.25, 3.5, 14.75 ], "texture": "#metal" },
        "north": { "uv": [ 12.5, 15.75, 16, 16 ], "texture": "#metal" },
        "south": { "uv": [ 0, 15.75, 3.5, 16 ], "texture": "#metal" }
    }
},
{
    "__comment": "Handle",
    "from": [ 3.5, -0.5, 14 ],
    "to": [ 4.5, 0.5, 15 ],
    "faces": {
        "down":  { "uv": [ 13, 14, 12, 13 ], "texture": "#metal" },
        "up":    { "uv": [ 3, 13, 4, 14 ], "texture": "#metal" },
        "north": { "uv": [ 12, 15, 13, 16 ], "texture": "#metal" },
        "south": { "uv": [ 3, 15, 4, 16 ], "texture": "#metal" },
        "west":  { "uv": [ 13, 15, 14, 16 ], "texture": "#metal" },
        "east":  { "uv": [ 2, 15, 3, 16 ], "texture": "#metal" }
    }
},
{
    "__comment": "Handle",
    "from": [ 3.5, -0.5, 11 ],
    "to": [ 4.5, 0, 12 ],
    "faces": {
        "down":  { "uv": [ 13, 13, 12, 12 ], "texture": "#metal" },
        "up":    { "uv": [ 3, 12, 4, 13 ], "texture": "#metal" },
        "north": { "uv": [ 12, 15.5, 13, 16 ], "texture": "#metal" },
        "south": { "uv": [ 3, 15.5, 4, 16 ], "texture": "#metal" },
        "west":  { "uv": [ 12, 15.5, 13, 16 ], "texture": "#metal" },
        "east":  { "uv": [ 3, 15.5, 4, 16 ], "texture": "#metal" }
    }
},
{
    "__comment": "Handle",
    "from": [ 3.75, -1, 11.5 ],
    "to": [ 4.25, -0.5, 13.5 ],
    "faces": {
        "down":  { "uv": [ 13, 12, 12, 10 ], "texture": "#metal" },
        "up":    { "uv": [ 3, 10, 4, 12 ], "texture": "#metal" },
        "north": { "uv": [ 12, 15.5, 13, 16 ], "texture": "#metal" },
        "south": { "uv": [ 3, 15.5, 4, 16 ], "texture": "#metal" },
        "west":  { "uv": [ 10, 15.5, 12, 16 ], "texture": "#metal" },
        "east":  { "uv": [ 4, 15.5, 6, 16 ], "texture": "#metal" }
    }
},
{
    "__comment": "Handle",
    "from": [ 3.75, -0.5, 13 ],
    "to": [ 4.25, 0, 14 ],
    "faces": {
        "down":  { "uv": [ 13, 13, 12, 12 ], "texture": "#metal" },
        "up":    { "uv": [ 3, 12, 4, 13 ], "texture": "#metal" },
        "north": { "uv": [ 12, 15.5, 13, 16 ], "texture": "#metal" },
        "west":  { "uv": [ 12, 15.5, 13, 16 ], "texture": "#metal" },
        "east":  { "uv": [ 3, 15.5, 4, 16 ], "texture": "#metal" }
    }
},
{
    "__comment": "Handle",
    "from": [ -1.5, -0.5, 14 ],
    "to": [ -0.5, 0.5, 15 ],
    "faces": {
        "down":  { "uv": [ 13, 14, 12, 13 ], "texture": "#metal" },
        "up":    { "uv": [ 3, 13, 4, 14 ], "texture": "#metal" },
        "north": { "uv": [ 12, 15, 13, 16 ], "texture": "#metal" },
        "south": { "uv": [ 3, 15, 4, 16 ], "texture": "#metal" },
        "west":  { "uv": [ 13, 15, 14, 16 ], "texture": "#metal" },
        "east":  { "uv": [ 2, 15, 3, 16 ], "texture": "#metal" }
    }
},
{
    "__comment": "Handle",
    "from": [ -1.5, -0.5, 11 ],
    "to": [ -0.5, 0, 12 ],
    "faces": {
        "down":  { "uv": [ 13, 13, 12, 12 ], "texture": "#metal" },
        "up":    { "uv": [ 3, 12, 4, 13 ], "texture": "#metal" },
        "north": { "uv": [ 12, 15.5, 13, 16 ], "texture": "#metal" },
        "south": { "uv": [ 3, 15.5, 4, 16 ], "texture": "#metal" },
        "west":  { "uv": [ 12, 15.5, 13, 16 ], "texture": "#metal" },
        "east":  { "uv": [ 3, 15.5, 4, 16 ], "texture": "#metal" }
    }
},
{
    "__comment": "Handle",
    "from": [ -1.25, -1, 11.5 ],
    "to": [ -0.75, -0.5, 13.5 ],
    "faces": {
        "down":  { "uv": [ 16, 12.5, 15.5, 10.5 ], "texture": "#metal" },
        "up":    { "uv": [ 0, 10.5, 0.5, 12.5 ], "texture": "#metal" },
        "north": { "uv": [ 15.5, 16, 16, 16 ], "texture": "#metal" },
        "south": { "uv": [ 0, 16, 0.5, 16 ], "texture": "#metal" },
        "west":  { "uv": [ 10.5, 16, 12.5, 16 ], "texture": "#metal" },
        "east":  { "uv": [ 3.5, 16, 5.5, 16 ], "texture": "#metal" }
    }
},
{
    "__comment": "Handle",
    "from": [ -1.25, -0.5, 13 ],
    "to": [ -0.75, 0, 14 ],
    "faces": {
        "down":  { "uv": [ 16, 13, 15.5, 12 ], "texture": "#metal" },
        "up":    { "uv": [ 0, 12, 0.5, 13 ], "texture": "#metal" },
        "north": { "uv": [ 15.5, 15.5, 16, 16 ], "texture": "#metal" },
        "west":  { "uv": [ 12, 15.5, 13, 16 ], "texture": "#metal" },
        "east":  { "uv": [ 3, 15.5, 4, 16 ], "texture": "#metal" }
    }
},
{
    "__comment": "Top",
    "from": [ 0, 14, 0 ],
    "to": [ 3, 16, 16 ],
    "faces": {
        "down":  { "uv": [ 16, 15, 0, 12 ], "rotation": 90, "texture": "#texture" },
        "up":    { "uv": [ 0, 0, 16, 3 ], "rotation": 90, "texture": "#texture" },
        "north": { "uv": [ 13, 0, 16, 2 ], "texture": "#texture" },
        "south": { "uv": [ 0, 0, 3, 2 ], "texture": "#texture" },
        "west":  { "uv": [ 0, 0, 16, 2 ], "texture": "#texture" },
        "east":  { "uv": [ 0, 0, 16, 2 ], "texture": "#texture" }
    }
},
{
    "__comment": "Top",
    "from": [ 0, 3, 2 ],
    "to": [ 3, 4, 14 ],
    "faces": {
        "down":  { "uv": [ 2, 15, 14, 12 ], "rotation": 90, "texture": "#texture" },
        "up":    { "uv": [ 2, 0, 14, 3 ], "rotation": 90, "texture": "#texture" },
        "west":  { "uv": [ 2, 12, 14, 13 ], "texture": "#texture" },
        "east":  { "uv": [ 2, 12, 14, 13 ], "texture": "#texture" }
    }
},
{
    "__comment": "Top",
    "from": [ 1, 13, 2 ],
    "to": [ 2, 14, 14 ],
    "faces": {
        "down":  { "uv": [ 2, 3, 14, 2 ], "rotation": 90, "texture": "#texture" },
        "west":  { "uv": [ 2, 2, 14, 3 ], "texture": "#texture" },
        "east":  { "uv": [ 2, 2, 14, 3 ], "texture": "#texture" }
    }
},
{
    "__comment": "Top",
    "from": [ 1, 4, 2 ],
    "to": [ 2, 5, 14 ],
    "faces": {
        "up":    { "uv": [ 2, 3, 14, 4 ], "rotation": 90, "texture": "#texture" },
        "west":  { "uv": [ 2, 11, 14, 12 ], "texture": "#texture" },
        "east":  { "uv": [ 2, 11, 14, 12 ], "texture": "#texture" }
    }
},
{
    "__comment": "Top",
    "from": [ 1, 5, 13 ],
    "to": [ 2, 13, 14 ],
    "faces": {
        "north": { "uv": [ 14, 3, 15, 11 ], "texture": "#texture" },
        "west":  { "uv": [ 13, 3, 14, 11 ], "texture": "#texture" },
        "east":  { "uv": [ 2, 3, 3, 11 ], "texture": "#texture" }
    }
},
{
    "__comment": "Top",
    "from": [ 1, 5, 2 ],
    "to": [ 2, 13, 3 ],
    "faces": {
        "south": { "uv": [ 1, 3, 2, 11 ], "texture": "#texture" },
        "west":  { "uv": [ 2, 3, 3, 11 ], "texture": "#texture" },
        "east":  { "uv": [ 13, 3, 14, 11 ], "texture": "#texture" }
    }
},
{
    "__comment": "Top",
    "from": [ 0, 0, 0 ],
    "to": [ 3, 14, 2 ],
    "faces": {
        "north": { "uv": [ 13, 2, 16, 16 ], "texture": "#texture" },
        "south": { "uv": [ 0, 2, 3, 16 ], "texture": "#texture" },
        "west":  { "uv": [ 0, 2, 2, 16 ], "texture": "#texture" },
        "east":  { "uv": [ 14, 2, 16, 16 ], "texture": "#texture" }
    }
},
{
    "__comment": "Top",
    "from": [ 0, 0, 14 ],
    "to": [ 3, 14, 16 ],
    "faces": {
        "north": { "uv": [ 13, 2, 16, 16 ], "texture": "#texture" },
        "south": { "uv": [ 0, 2, 3, 16 ], "texture": "#texture" },
        "west":  { "uv": [ 14, 2, 16, 16 ], "texture": "#texture" },
        "east":  { "uv": [ 0, 2, 2, 16 ], "texture": "#texture" }
    }
},
{
    "__comment": "Top",
    "from": [ 1, 0, 2 ],
    "to": [ 2, 3, 14 ],
    "faces": {
        "west":  { "uv": [ 2, 13, 14, 16 ], "texture": "#texture" },
        "east":  { "uv": [ 2, 13, 14, 16 ], "texture": "#texture" }
    }
},
{
    "__comment": "Top",
    "from": [ 0, 0, 8 ],
    "to": [ 1.5, 3, 9.5 ],
    "rotation": { "origin": [ 0, 0, 8 ], "axis": "y", "angle": 45 },
    "faces": {
        "north": { "uv": [ 7, 13, 8, 16 ], "texture": "#texture" },
        "west":  { "uv": [ 8, 13, 9, 16 ], "texture": "#texture" }
    }
},
{
    "__comment": "Top",
    "from": [ 0.875, 0, 8 ],
    "to": [ 2.375, 3, 9.5 ],
    "rotation": { "origin": [ 0.875, 0, 8 ], "axis": "y", "angle": 45 },
    "faces": {
        "south": { "uv": [ 7, 13, 8, 16 ], "texture": "#texture" },
        "east":  { "uv": [ 8, 13, 9, 16 ], "texture": "#texture" }
    }
},
{
    "__comment": "Top Diag Cross",
    "from": [ 0.375, 4, 8 ],
    "to": [ 1.875, 14, 9.5 ],
    "rotation": { "origin": [ 0.375, 4, 8 ], "axis": "y", "angle": 45 },
    "faces": {
        "north": { "uv": [ 7, 2, 8, 12 ], "texture": "#texture" },
        "south": { "uv": [ 7, 2, 8, 12 ], "texture": "#texture" },
        "west":  { "uv": [ 8, 2, 9, 12 ], "texture": "#texture" },
        "east":  { "uv": [ 8, 2, 9, 12 ], "texture": "#texture" }
    }
},
{
    "__comment": "Top Diag Cross",
    "from": [ 1.5, 8.5625, 2 ],
    "to": [ 3, 10.0625, 14 ],
    "rotation": { "origin": [ 1.5, 10.0625, 2 ], "axis": "z", "angle": -45 },
    "faces": {
        "down":  { "uv": [ 2, 8, 14, 7 ], "rotation": 90, "texture": "#texture" },
        "up":    { "uv": [ 2, 6, 14, 7 ], "rotation": 90, "texture": "#texture" },
        "west":  { "uv": [ 2, 6, 14, 7 ], "texture": "#texture" },
        "east":  { "uv": [ 2, 7, 14, 8 ], "texture": "#texture" }
    }
},
{
    "__comment": "Top Diag Vert",
    "from": [ 0, 0, 14 ],
    "to": [ 1.5, 14, 15.5 ],
    "rotation": { "origin": [ 0, 0, 14 ], "axis": "y", "angle": 45 },
    "faces": {
        "north": { "uv": [ 13, 2, 14, 16 ], "texture": "#texture" }
    }
},
{
    "__comment": "Top Diag Vert",
    "from": [ 0.875, 0, 14 ],
    "to": [ 2.375, 14, 15.5 ],
    "rotation": { "origin": [ 0.875, 0, 14 ], "axis": "y", "angle": 45 },
    "faces": {
        "east":  { "uv": [ 2, 2, 3, 16 ], "texture": "#texture" }
    }
},
{
    "__comment": "Top Diag Vert",
    "from": [ 0, 0, 2 ],
    "to": [ 1.5, 14, 3.5 ],
    "rotation": { "origin": [ 0, 0, 2 ], "axis": "y", "angle": 45 },
    "faces": {
        "west":  { "uv": [ 2, 2, 3, 16 ], "texture": "#texture" }
    }
},
{
    "__comment": "Top Diag Vert",
    "from": [ 0.875, 0, 2 ],
    "to": [ 2.375, 14, 3.5 ],
    "rotation": { "origin": [ 0.875, 0, 2 ], "axis": "y", "angle": 45 },
    "faces": {
        "south": { "uv": [ 13, 2, 14, 16 ], "texture": "#texture" }
    }
},
{
    "__comment": "Top Diag Horiz",
    "from": [ 0, 2.5, 2 ],
    "to": [ 1.5, 4, 14 ],
    "rotation": { "origin": [ 0, 4, 2 ], "axis": "z", "angle": 45 },
    "faces": {
        "up":    { "uv": [ 2, 11, 14, 12 ], "rotation": 90, "texture": "#texture" }
    }
},
{
    "__comment": "Top Diag Horiz",
    "from": [ 0.875, 2.5, 2 ],
    "to": [ 2.375, 4, 14 ],
    "rotation": { "origin": [ 0.875, 4, 2 ], "axis": "z", "angle": 45 },
    "faces": {
        "east":  { "uv": [ 2, 11, 14, 12 ], "texture": "#texture" }
    }
},
{
    "__comment": "Top Diag Horiz",
    "from": [ 0, 1.5, 2 ],
    "to": [ 1.5, 3, 14 ],
    "rotation": { "origin": [ 0, 3, 2 ], "axis": "z", "angle": 45 },
    "faces": {
        "west":  { "uv": [ 2, 13, 14, 14 ], "texture": "#texture" }
    }
},
{
    "__comment": "Top Diag Horiz",
    "from": [ 0.875, 1.5, 2 ],
    "to": [ 2.375, 3, 14 ],
    "rotation": { "origin": [ 0.875, 3, 2 ], "axis": "z", "angle": 45 },
    "faces": {
        "down":  { "uv": [ 2, 13, 14, 14 ], "rotation": 90, "texture": "#texture" }
    }
},
{
    "__comment": "Top Diag Horiz",
    "from": [ 0, 12.5, 2 ],
    "to": [ 1.5, 14, 14 ],
    "rotation": { "origin": [ 0, 14, 2 ], "axis": "z", "angle": 45 },
    "faces": {
        "west":  { "uv": [ 2, 2, 14, 3 ], "texture": "#texture" }
    }
},
{
    "__comment": "Top Diag Horiz",
    "from": [ 0.875, 12.5, 2 ],
    "to": [ 2.375, 14, 14 ],
    "rotation": { "origin": [ 0.875, 14, 2 ], "axis": "z", "angle": 45 },
    "faces": {
        "down":  { "uv": [ 2, 2, 14, 3 ], "rotation": 90, "texture": "#texture" }
    }
}
]
}