{
"__comment": "Designed by Sibsib92 with BDcraft Cubik PRO 0.96 Beta - http://bdcraft.net",
"ambientocclusion": false,
"textures": {
    "particle": "blocks/piston_top_normal",
    "texture": "blocks/cobblestone",
    "inner": "blocks/piston_inner",
    "iron": "blocks/iron_block",
    "indicator": "blocks/coal_block",
    "frame": "blocks/cauldron_inner"
},
"elements": [ 
{
    "__comment": "Redstone",
    "from": [ 7, 7, 15.005 ],
    "to": [ 9, 9, 15.505 ],
    "faces": {
        "south": { "uv": [ 7, 7, 9, 9 ], "texture": "#indicator" }
    }
},
{
    "__comment": "Redstone",
    "from": [ 7, 0.495, 9 ],
    "to": [ 9, 15.505, 11 ],
    "faces": {
        "down":  { "uv": [ 9, 11, 7, 9 ], "texture": "#indicator" },
        "up":    { "uv": [ 7, 9, 9, 11 ], "texture": "#indicator" }
    }
},
{
    "__comment": "Redstone",
    "from": [ 0.495, 7, 9 ],
    "to": [ 15.505, 9, 11 ],
    "faces": {
        "west":  { "uv": [ 9, 7, 11, 9 ], "texture": "#indicator" },
        "east":  { "uv": [ 5, 7, 7, 9 ], "texture": "#indicator" }
    }
},
{
    "__comment": "Mid",
    "from": [ 0.5, 0.5, 4.5 ],
    "to": [ 15.5, 15.5, 15.5 ],
    "faces": {
        "down":  { "uv": [ 15.5, 15.5, 0.5, 4.5 ], "texture": "#texture" },
        "up":    { "uv": [ 0.5, 4.5, 15.5, 15.5 ], "texture": "#texture" },
        "north": { "uv": [ 0.5, 0.5, 15.5, 15.5 ], "texture": "#inner" },
        "south": { "uv": [ 0.5, 0.5, 15.5, 15.5 ], "texture": "#texture" },
        "west":  { "uv": [ 4.5, 0.5, 15.5, 15.5 ], "texture": "#texture" },
        "east":  { "uv": [ 0.5, 0.5, 11.5, 15.5 ], "texture": "#texture" }
    }
},
{
    "__comment": "Frame",
    "from": [ 15, 0, 4 ],
    "to": [ 16, 1, 16 ],
    "faces": {
        "down":  { "uv": [ 1, 16, 0, 4 ], "texture": "#frame" },
        "up":    { "uv": [ 15, 4, 16, 16 ], "texture": "#frame" },
        "west":  { "uv": [ 4, 15, 16, 16 ], "texture": "#frame" },
        "east":  { "uv": [ 0, 15, 12, 16 ], "texture": "#frame" }
    }
},
{
    "__comment": "Frame",
    "from": [ 0, 0, 4 ],
    "to": [ 1, 1, 16 ],
    "faces": {
        "down":  { "uv": [ 16, 16, 15, 4 ], "texture": "#frame" },
        "up":    { "uv": [ 0, 4, 1, 16 ], "texture": "#frame" },
        "west":  { "uv": [ 4, 15, 16, 16 ], "texture": "#frame" },
        "east":  { "uv": [ 0, 15, 12, 16 ], "texture": "#frame" }
    }
},
{
    "__comment": "Frame",
    "from": [ 15, 15, 4 ],
    "to": [ 16, 16, 16 ],
    "faces": {
        "down":  { "uv": [ 1, 16, 0, 4 ], "texture": "#frame" },
        "up":    { "uv": [ 15, 4, 16, 16 ], "texture": "#frame" },
        "west":  { "uv": [ 4, 0, 16, 1 ], "texture": "#frame" },
        "east":  { "uv": [ 0, 0, 12, 1 ], "texture": "#frame" }
    }
},
{
    "__comment": "Frame",
    "from": [ 0, 15, 4 ],
    "to": [ 1, 16, 16 ],
    "faces": {
        "down":  { "uv": [ 16, 16, 15, 4 ], "texture": "#frame" },
        "up":    { "uv": [ 0, 4, 1, 16 ], "texture": "#frame" },
        "west":  { "uv": [ 4, 0, 16, 1 ], "texture": "#frame" },
        "east":  { "uv": [ 0, 0, 12, 1 ], "texture": "#frame" }
    }
},
{
    "__comment": "Frame",
    "from": [ 15, 1, 4 ],
    "to": [ 16, 15, 5 ],
    "faces": {
        "north": { "uv": [ 0, 1, 1, 15 ], "texture": "#frame" },
        "south": { "uv": [ 15, 1, 16, 15 ], "texture": "#frame" },
        "west":  { "uv": [ 4, 1, 5, 15 ], "texture": "#frame" },
        "east":  { "uv": [ 11, 1, 12, 15 ], "texture": "#frame" }
    }
},
{
    "__comment": "Frame",
    "from": [ 0, 1, 4 ],
    "to": [ 1, 15, 5 ],
    "faces": {
        "north": { "uv": [ 15, 1, 16, 15 ], "texture": "#frame" },
        "south": { "uv": [ 0, 1, 1, 15 ], "texture": "#frame" },
        "west":  { "uv": [ 4, 1, 5, 15 ], "texture": "#frame" },
        "east":  { "uv": [ 11, 1, 12, 15 ], "texture": "#frame" }
    }
},
{
    "__comment": "Frame",
    "from": [ 0, 0, 4 ],
    "to": [ 16, 1, 5 ],
    "faces": {
        "down":  { "uv": [ 16, 5, 0, 4 ], "texture": "#frame" },
        "up":    { "uv": [ 0, 4, 16, 5 ], "texture": "#frame" },
        "north": { "uv": [ 0, 15, 16, 16 ], "texture": "#frame" },
        "south": { "uv": [ 0, 15, 16, 16 ], "texture": "#frame" }
    }
},
{
    "__comment": "Frame",
    "from": [ 0, 15, 4 ],
    "to": [ 16, 16, 5 ],
    "faces": {
        "down":  { "uv": [ 16, 5, 0, 4 ], "texture": "#frame" },
        "up":    { "uv": [ 0, 4, 16, 5 ], "texture": "#frame" },
        "north": { "uv": [ 0, 0, 16, 1 ], "texture": "#frame" },
        "south": { "uv": [ 0, 0, 16, 1 ], "texture": "#frame" }
    }
},
{
    "__comment": "Frame",
    "from": [ 15, 1, 15 ],
    "to": [ 16, 15, 16 ],
    "faces": {
        "north": { "uv": [ 0, 1, 1, 15 ], "texture": "#frame" },
        "south": { "uv": [ 15, 1, 16, 15 ], "texture": "#frame" },
        "west":  { "uv": [ 15, 1, 16, 15 ], "texture": "#frame" },
        "east":  { "uv": [ 0, 1, 1, 15 ], "texture": "#frame" }
    }
},
{
    "__comment": "Frame",
    "from": [ 0, 1, 15 ],
    "to": [ 1, 15, 16 ],
    "faces": {
        "north": { "uv": [ 15, 1, 16, 15 ], "texture": "#frame" },
        "south": { "uv": [ 0, 1, 1, 15 ], "texture": "#frame" },
        "west":  { "uv": [ 15, 1, 16, 15 ], "texture": "#frame" },
        "east":  { "uv": [ 0, 1, 1, 15 ], "texture": "#frame" }
    }
},
{
    "__comment": "Frame",
    "from": [ 0, 0, 15 ],
    "to": [ 16, 1, 16 ],
    "faces": {
        "down":  { "uv": [ 16, 16, 0, 15 ], "texture": "#frame" },
        "up":    { "uv": [ 0, 15, 16, 16 ], "texture": "#frame" },
        "north": { "uv": [ 0, 15, 16, 16 ], "texture": "#frame" },
        "south": { "uv": [ 0, 15, 16, 16 ], "texture": "#frame" }
    }
},
{
    "__comment": "Frame",
    "from": [ 0, 15, 15 ],
    "to": [ 16, 16, 16 ],
    "faces": {
        "down":  { "uv": [ 16, 16, 0, 15 ], "texture": "#frame" },
        "up":    { "uv": [ 0, 15, 16, 16 ], "texture": "#frame" },
        "north": { "uv": [ 0, 0, 16, 1 ], "texture": "#frame" },
        "south": { "uv": [ 0, 0, 16, 1 ], "texture": "#frame" }
    }
},
{
    "__comment": "Iron Mid",
    "from": [ 6.5, 6.5, 3 ],
    "to": [ 9.5, 9.5, 4.5 ],
    "faces": {
        "down":  { "uv": [ 0, 3.5, 1, 6.5 ], "rotation": 90, "texture": "#iron" },
        "up":    { "uv": [ 0, 3.5, 1, 6.5 ], "rotation": 90, "texture": "#iron" },
        "west":  { "uv": [ 0, 3.5, 1, 6.5 ], "texture": "#iron" },
        "east":  { "uv": [ 0, 3.5, 1, 6.5 ], "texture": "#iron" }
    }
},
{
    "__comment": "Wood Front",
    "from": [ 0.5, 0.5, 1 ],
    "to": [ 15.5, 15.5, 3 ],
    "faces": {
        "down":  { "uv": [ 0.5, 15, 15.5, 13 ], "texture": "#particle" },
        "up":    { "uv": [ 15.5, 1, 0.5, 3 ], "texture": "#particle" },
        "north": { "uv": [ 0.5, 0.5, 15.5, 15.5 ], "texture": "#particle" },
        "south": { "uv": [ 15.5, 0.5, 0.5, 15.5 ], "texture": "#particle" },
        "west":  { "uv": [ 1, 0.5, 3, 15.5 ], "texture": "#particle" },
        "east":  { "uv": [ 13, 0.5, 15, 15.5 ], "texture": "#particle" }
    }
},
{
    "__comment": "Iron",
    "from": [ 14, 0, 0 ],
    "to": [ 16, 2, 4 ],
    "faces": {
        "down":  { "uv": [ 7, 10, 9, 6 ], "texture": "#iron" },
        "up":    { "uv": [ 9, 6, 7, 10 ], "texture": "#iron" },
        "north": { "uv": [ 7, 7, 9, 9 ], "texture": "#iron" },
        "south": { "uv": [ 7, 7, 9, 9 ], "texture": "#iron" },
        "west":  { "uv": [ 8.5, 6, 6.5, 10 ], "rotation": 90, "texture": "#iron" },
        "east":  { "uv": [ 7, 6, 9, 10 ], "rotation": 90, "texture": "#iron" }
    }
},
{
    "__comment": "Iron",
    "from": [ 14, 7, 0 ],
    "to": [ 16, 9, 4 ],
    "faces": {
        "down":  { "uv": [ 7, 10, 9, 6 ], "texture": "#iron" },
        "up":    { "uv": [ 9, 6, 7, 10 ], "texture": "#iron" },
        "north": { "uv": [ 7, 7, 9, 9 ], "texture": "#iron" },
        "south": { "uv": [ 7, 7, 9, 9 ], "texture": "#iron" },
        "west":  { "uv": [ 8.5, 6, 6.5, 10 ], "rotation": 90, "texture": "#iron" },
        "east":  { "uv": [ 7, 6, 9, 10 ], "rotation": 90, "texture": "#iron" }
    }
},
{
    "__comment": "Iron",
    "from": [ 14, 14, 0 ],
    "to": [ 16, 16, 4 ],
    "faces": {
        "down":  { "uv": [ 7, 10, 9, 6 ], "texture": "#iron" },
        "up":    { "uv": [ 9, 6, 7, 10 ], "texture": "#iron" },
        "north": { "uv": [ 7, 7, 9, 9 ], "texture": "#iron" },
        "south": { "uv": [ 7, 7, 9, 9 ], "texture": "#iron" },
        "west":  { "uv": [ 8.5, 6, 6.5, 10 ], "rotation": 90, "texture": "#iron" },
        "east":  { "uv": [ 7, 6, 9, 10 ], "rotation": 90, "texture": "#iron" }
    }
},
{
    "__comment": "Iron",
    "from": [ 7, 14, 0 ],
    "to": [ 9, 16, 4 ],
    "faces": {
        "down":  { "uv": [ 7, 10, 9, 6 ], "texture": "#iron" },
        "up":    { "uv": [ 9, 6, 7, 10 ], "texture": "#iron" },
        "north": { "uv": [ 7, 7, 9, 9 ], "texture": "#iron" },
        "south": { "uv": [ 7, 7, 9, 9 ], "texture": "#iron" },
        "west":  { "uv": [ 8.5, 6, 6.5, 10 ], "rotation": 90, "texture": "#iron" },
        "east":  { "uv": [ 7, 6, 9, 10 ], "rotation": 90, "texture": "#iron" }
    }
},
{
    "__comment": "Iron",
    "from": [ 0, 14, 0 ],
    "to": [ 2, 16, 4 ],
    "faces": {
        "down":  { "uv": [ 7, 10, 9, 6 ], "texture": "#iron" },
        "up":    { "uv": [ 9, 6, 7, 10 ], "texture": "#iron" },
        "north": { "uv": [ 7, 7, 9, 9 ], "texture": "#iron" },
        "south": { "uv": [ 7, 7, 9, 9 ], "texture": "#iron" },
        "west":  { "uv": [ 8.5, 6, 6.5, 10 ], "rotation": 90, "texture": "#iron" },
        "east":  { "uv": [ 7, 6, 9, 10 ], "rotation": 90, "texture": "#iron" }
    }
},
{
    "__comment": "Iron",
    "from": [ 7, 0, 0 ],
    "to": [ 9, 2, 4 ],
    "faces": {
        "down":  { "uv": [ 7, 10, 9, 6 ], "texture": "#iron" },
        "up":    { "uv": [ 9, 6, 7, 10 ], "texture": "#iron" },
        "north": { "uv": [ 7, 7, 9, 9 ], "texture": "#iron" },
        "south": { "uv": [ 7, 7, 9, 9 ], "texture": "#iron" },
        "west":  { "uv": [ 8.5, 6, 6.5, 10 ], "rotation": 90, "texture": "#iron" },
        "east":  { "uv": [ 7, 6, 9, 10 ], "rotation": 90, "texture": "#iron" }
    }
},
{
    "__comment": "Iron",
    "from": [ 0, 0, 0 ],
    "to": [ 2, 2, 4 ],
    "faces": {
        "down":  { "uv": [ 7, 10, 9, 6 ], "texture": "#iron" },
        "up":    { "uv": [ 9, 6, 7, 10 ], "texture": "#iron" },
        "north": { "uv": [ 7, 7, 9, 9 ], "texture": "#iron" },
        "south": { "uv": [ 7, 7, 9, 9 ], "texture": "#iron" },
        "west":  { "uv": [ 8.5, 6, 6.5, 10 ], "rotation": 90, "texture": "#iron" },
        "east":  { "uv": [ 7, 6, 9, 10 ], "rotation": 90, "texture": "#iron" }
    }
},
{
    "__comment": "Iron",
    "from": [ 0, 7, 0 ],
    "to": [ 2, 9, 4 ],
    "faces": {
        "down":  { "uv": [ 7, 10, 9, 6 ], "texture": "#iron" },
        "up":    { "uv": [ 9, 6, 7, 10 ], "texture": "#iron" },
        "north": { "uv": [ 7, 7, 9, 9 ], "texture": "#iron" },
        "south": { "uv": [ 7, 7, 9, 9 ], "texture": "#iron" },
        "west":  { "uv": [ 8.5, 6, 6.5, 10 ], "rotation": 90, "texture": "#iron" },
        "east":  { "uv": [ 7, 6, 9, 10 ], "rotation": 90, "texture": "#iron" }
    }
}
],
"display": {
    "thirdperson_righthand": {
        "rotation": [ 90, 0, 0 ],
        "translation": [ 0, 0, 0 ],
        "scale": [ 0.25, 0.25, 0.25 ]
    },
    "thirdperson_lefthand": {
        "rotation": [ 90, 0, 0 ],
        "translation": [ 0, 0, 0 ],
        "scale": [ 0.25, 0.25, 0.25 ]
    },
    "head": {
        "rotation": [ 0, 0, 0 ],
        "translation": [ 0, 14, 0 ],
        "scale": [ 1, 1, 1 ]
    },
    "ground": {
        "rotation": [ 0, 0, 0 ],
        "translation": [ 0, 3, 0 ],
        "scale": [ 0.25, 0.25, 0.25 ]
    },
    "fixed": {
        "rotation": [ 90, 0, 0 ],
        "translation": [ 0, 0, 0 ],
        "scale": [ 0.5, 0.5, 0.5 ]
    },
    "firstperson_righthand": {
        "rotation": [ 0, 0, 0 ],
        "translation": [ 0, 0, 0 ],
        "scale": [ 0.25, 0.25, 0.25 ]
    },
    "firstperson_lefthand": {
        "rotation": [ 0, 0, 0 ],
        "translation": [ 0, 0, 0 ],
        "scale": [ 0.25, 0.25, 0.25 ]
    },
    "gui": {
        "rotation": [ 30, 135, 0 ],
        "translation": [ 0, 0, 0 ],
        "scale": [ 0.65, 0.65, 0.65 ]
    }
}
}