{
"__comment": "Designed by Sibsib92 with BDcraft Cubik PRO 0.96 Beta - http://bdcraft.net",
"ambientocclusion": false,
"textures": {
    "particle": "blocks/piston_top_normal",
    "texture": "blocks/cobblestone",
    "inner": "blocks/piston_inner",
    "indicator": "blocks/redstone_block",
    "frame": "blocks/cauldron_inner"
},
"elements": [ 
{
    "__comment": "Redstone",
    "from": [ 7, 7, 15.005 ],
    "to": [ 9, 9, 15.505 ],
    "faces": {
        "south": { "uv": [ 7, 7, 9, 9 ], "texture": "#indicator" }
    }
},
{
    "__comment": "Redstone",
    "from": [ 7, 0.495, 9 ],
    "to": [ 9, 15.505, 11 ],
    "faces": {
        "down":  { "uv": [ 9, 11, 7, 9 ], "texture": "#indicator" },
        "up":    { "uv": [ 7, 9, 9, 11 ], "texture": "#indicator" }
    }
},
{
    "__comment": "Redstone",
    "from": [ 0.495, 7, 9 ],
    "to": [ 15.505, 9, 11 ],
    "faces": {
        "west":  { "uv": [ 9, 7, 11, 9 ], "texture": "#indicator" },
        "east":  { "uv": [ 5, 7, 7, 9 ], "texture": "#indicator" }
    }
},
{
    "__comment": "Mid",
    "from": [ 0.5, 0.5, 4.5 ],
    "to": [ 15.5, 15.5, 15.5 ],
    "faces": {
        "down":  { "uv": [ 15.5, 15.5, 0.5, 4.5 ], "texture": "#texture" },
        "up":    { "uv": [ 0.5, 4.5, 15.5, 15.5 ], "texture": "#texture" },
        "north": { "uv": [ 0.5, 0.5, 15.5, 15.5 ], "texture": "#inner" },
        "south": { "uv": [ 0.5, 0.5, 15.5, 15.5 ], "texture": "#texture" },
        "west":  { "uv": [ 4.5, 0.5, 15.5, 15.5 ], "texture": "#texture" },
        "east":  { "uv": [ 0.5, 0.5, 11.5, 15.5 ], "texture": "#texture" }
    }
},
{
    "__comment": "Frame",
    "from": [ 15, 0, 4 ],
    "to": [ 16, 1, 16 ],
    "faces": {
        "down":  { "uv": [ 1, 16, 0, 4 ], "texture": "#frame" },
        "up":    { "uv": [ 15, 4, 16, 16 ], "texture": "#frame" },
        "west":  { "uv": [ 4, 15, 16, 16 ], "texture": "#frame" },
        "east":  { "uv": [ 0, 15, 12, 16 ], "texture": "#frame" }
    }
},
{
    "__comment": "Frame",
    "from": [ 0, 0, 4 ],
    "to": [ 1, 1, 16 ],
    "faces": {
        "down":  { "uv": [ 16, 16, 15, 4 ], "texture": "#frame" },
        "up":    { "uv": [ 0, 4, 1, 16 ], "texture": "#frame" },
        "west":  { "uv": [ 4, 15, 16, 16 ], "texture": "#frame" },
        "east":  { "uv": [ 0, 15, 12, 16 ], "texture": "#frame" }
    }
},
{
    "__comment": "Frame",
    "from": [ 15, 15, 4 ],
    "to": [ 16, 16, 16 ],
    "faces": {
        "down":  { "uv": [ 1, 16, 0, 4 ], "texture": "#frame" },
        "up":    { "uv": [ 15, 4, 16, 16 ], "texture": "#frame" },
        "west":  { "uv": [ 4, 0, 16, 1 ], "texture": "#frame" },
        "east":  { "uv": [ 0, 0, 12, 1 ], "texture": "#frame" }
    }
},
{
    "__comment": "Frame",
    "from": [ 0, 15, 4 ],
    "to": [ 1, 16, 16 ],
    "faces": {
        "down":  { "uv": [ 16, 16, 15, 4 ], "texture": "#frame" },
        "up":    { "uv": [ 0, 4, 1, 16 ], "texture": "#frame" },
        "west":  { "uv": [ 4, 0, 16, 1 ], "texture": "#frame" },
        "east":  { "uv": [ 0, 0, 12, 1 ], "texture": "#frame" }
    }
},
{
    "__comment": "Frame",
    "from": [ 15, 1, 4 ],
    "to": [ 16, 15, 5 ],
    "faces": {
        "north": { "uv": [ 0, 1, 1, 15 ], "texture": "#frame" },
        "south": { "uv": [ 15, 1, 16, 15 ], "texture": "#frame" },
        "west":  { "uv": [ 4, 1, 5, 15 ], "texture": "#frame" },
        "east":  { "uv": [ 11, 1, 12, 15 ], "texture": "#frame" }
    }
},
{
    "__comment": "Frame",
    "from": [ 0, 1, 4 ],
    "to": [ 1, 15, 5 ],
    "faces": {
        "north": { "uv": [ 15, 1, 16, 15 ], "texture": "#frame" },
        "south": { "uv": [ 0, 1, 1, 15 ], "texture": "#frame" },
        "west":  { "uv": [ 4, 1, 5, 15 ], "texture": "#frame" },
        "east":  { "uv": [ 11, 1, 12, 15 ], "texture": "#frame" }
    }
},
{
    "__comment": "Frame",
    "from": [ 0, 0, 4 ],
    "to": [ 16, 1, 5 ],
    "faces": {
        "down":  { "uv": [ 16, 5, 0, 4 ], "texture": "#frame" },
        "up":    { "uv": [ 0, 4, 16, 5 ], "texture": "#frame" },
        "north": { "uv": [ 0, 15, 16, 16 ], "texture": "#frame" },
        "south": { "uv": [ 0, 15, 16, 16 ], "texture": "#frame" }
    }
},
{
    "__comment": "Frame",
    "from": [ 0, 15, 4 ],
    "to": [ 16, 16, 5 ],
    "faces": {
        "down":  { "uv": [ 16, 5, 0, 4 ], "texture": "#frame" },
        "up":    { "uv": [ 0, 4, 16, 5 ], "texture": "#frame" },
        "north": { "uv": [ 0, 0, 16, 1 ], "texture": "#frame" },
        "south": { "uv": [ 0, 0, 16, 1 ], "texture": "#frame" }
    }
},
{
    "__comment": "Frame",
    "from": [ 15, 1, 15 ],
    "to": [ 16, 15, 16 ],
    "faces": {
        "north": { "uv": [ 0, 1, 1, 15 ], "texture": "#frame" },
        "south": { "uv": [ 15, 1, 16, 15 ], "texture": "#frame" },
        "west":  { "uv": [ 15, 1, 16, 15 ], "texture": "#frame" },
        "east":  { "uv": [ 0, 1, 1, 15 ], "texture": "#frame" }
    }
},
{
    "__comment": "Frame",
    "from": [ 0, 1, 15 ],
    "to": [ 1, 15, 16 ],
    "faces": {
        "north": { "uv": [ 15, 1, 16, 15 ], "texture": "#frame" },
        "south": { "uv": [ 0, 1, 1, 15 ], "texture": "#frame" },
        "west":  { "uv": [ 15, 1, 16, 15 ], "texture": "#frame" },
        "east":  { "uv": [ 0, 1, 1, 15 ], "texture": "#frame" }
    }
},
{
    "__comment": "Frame",
    "from": [ 0, 0, 15 ],
    "to": [ 16, 1, 16 ],
    "faces": {
        "down":  { "uv": [ 16, 16, 0, 15 ], "texture": "#frame" },
        "up":    { "uv": [ 0, 15, 16, 16 ], "texture": "#frame" },
        "north": { "uv": [ 0, 15, 16, 16 ], "texture": "#frame" },
        "south": { "uv": [ 0, 15, 16, 16 ], "texture": "#frame" }
    }
},
{
    "__comment": "Frame",
    "from": [ 0, 15, 15 ],
    "to": [ 16, 16, 16 ],
    "faces": {
        "down":  { "uv": [ 16, 16, 0, 15 ], "texture": "#frame" },
        "up":    { "uv": [ 0, 15, 16, 16 ], "texture": "#frame" },
        "north": { "uv": [ 0, 0, 16, 1 ], "texture": "#frame" },
        "south": { "uv": [ 0, 0, 16, 1 ], "texture": "#frame" }
    }
}
]
}