{
"__comment": "Designed by Sibsib92 with BDcraft Cubik PRO 0.95 Beta - http://bdcraft.net",
"ambientocclusion": false,
"textures": {
    "particle": "blocks/portal"
},
"elements": [ 
{
    "__comment": "Frame",
    "from": [ 6, 0, 0 ],
    "to": [ 10, 6, 2 ],
    "faces": {
        "west":  { "uv": [ 0.001, 10.001, 1.999, 15.999 ], "texture": "#particle" },
        "east":  { "uv": [ 1.999, 10.001, 0.001, 15.999 ], "texture": "#particle" }
    }
},
{
    "__comment": "Frame",
    "from": [ 6, 12, 2 ],
    "to": [ 10, 16, 3 ],
    "faces": {
        "west":  { "uv": [ 2.001, 0.001, 2.999, 3.999 ], "texture": "#particle" },
        "east":  { "uv": [ 2.999, 0.001, 2.001, 3.999 ], "texture": "#particle" }
    }
},
{
    "__comment": "Frame",
    "from": [ 6, 12, 13 ],
    "to": [ 10, 16, 14 ],
    "faces": {
        "west":  { "uv": [ 13.001, 0.001, 13.999, 3.999 ], "texture": "#particle" },
        "east":  { "uv": [ 13.999, 0.001, 13.001, 3.999 ], "texture": "#particle" }
    }
},
{
    "__comment": "Frame",
    "from": [ 6, 10, 0 ],
    "to": [ 10, 16, 2 ],
    "faces": {
        "west":  { "uv": [ 0.001, 0.001, 1.999, 5.999 ], "texture": "#particle" },
        "east":  { "uv": [ 1.999, 0.001, 0.001, 5.999 ], "texture": "#particle" }
    }
},
{
    "__comment": "Creeper",
    "from": [ 7, 9, 5 ],
    "to": [ 9, 11, 7 ],
    "faces": {
        "down":  { "uv": [ 7.001, 6.999, 8.999, 5.001 ], "texture": "#particle" },
        "up":    { "uv": [ 7.001, 5.001, 8.999, 6.999 ], "texture": "#particle" },
        "north": { "uv": [ 8.999, 5.001, 7.001, 6.999 ], "texture": "#particle" },
        "south": { "uv": [ 7.001, 5.001, 8.999, 6.999 ], "texture": "#particle" },
        "west":  { "uv": [ 5.001, 5.001, 6.999, 6.999 ], "texture": "#particle" },
        "east":  { "uv": [ 6.999, 5.001, 5.001, 6.999 ], "texture": "#particle" }
    }
},
{
    "__comment": "Creeper",
    "from": [ 7, 9, 9 ],
    "to": [ 9, 11, 11 ],
    "faces": {
        "down":  { "uv": [ 7.001, 10.999, 8.999, 9.001 ], "texture": "#particle" },
        "up":    { "uv": [ 7.001, 9.001, 8.999, 10.999 ], "texture": "#particle" },
        "north": { "uv": [ 8.999, 5.001, 7.001, 6.999 ], "texture": "#particle" },
        "south": { "uv": [ 7.001, 5.001, 8.999, 6.999 ], "texture": "#particle" },
        "west":  { "uv": [ 9.001, 5.001, 10.999, 6.999 ], "texture": "#particle" },
        "east":  { "uv": [ 10.999, 5.001, 9.001, 6.999 ], "texture": "#particle" }
    }
},
{
    "__comment": "Creeper",
    "from": [ 7, 7, 7 ],
    "to": [ 9, 8, 9 ],
    "faces": {
        "up":    { "uv": [ 7.001, 7.001, 8.999, 8.999 ], "texture": "#particle" },
        "north": { "uv": [ 8.999, 8.001, 7.001, 8.999 ], "texture": "#particle" },
        "south": { "uv": [ 7.001, 8.001, 8.999, 8.999 ], "texture": "#particle" },
        "west":  { "uv": [ 7.001, 8.001, 8.999, 8.999 ], "texture": "#particle" },
        "east":  { "uv": [ 8.999, 8.001, 7.001, 8.999 ], "texture": "#particle" }
    }
},
{
    "__comment": "Creeper",
    "from": [ 7, 5, 6 ],
    "to": [ 9, 6, 7 ],
    "faces": {
        "down":  { "uv": [ 7.001, 6.999, 8.999, 6.001 ], "texture": "#particle" },
        "north": { "uv": [ 8.999, 10.001, 7.001, 10.999 ], "texture": "#particle" },
        "south": { "uv": [ 7.001, 10.001, 8.999, 10.999 ], "texture": "#particle" },
        "west":  { "uv": [ 6.001, 10.001, 6.999, 10.999 ], "texture": "#particle" },
        "east":  { "uv": [ 6.999, 10.001, 6.001, 10.999 ], "texture": "#particle" }
    }
},
{
    "__comment": "Creeper",
    "from": [ 7, 5, 9 ],
    "to": [ 9, 6, 10 ],
    "faces": {
        "down":  { "uv": [ 7.001, 9.999, 8.999, 9.001 ], "texture": "#particle" },
        "north": { "uv": [ 8.999, 10.001, 7.001, 10.999 ], "texture": "#particle" },
        "south": { "uv": [ 7.001, 10.001, 8.999, 10.999 ], "texture": "#particle" },
        "west":  { "uv": [ 9.001, 10.001, 9.999, 10.999 ], "texture": "#particle" },
        "east":  { "uv": [ 9.999, 10.001, 9.001, 10.999 ], "texture": "#particle" }
    }
},
{
    "__comment": "Creeper",
    "from": [ 7, 6, 7 ],
    "to": [ 9, 7, 9 ],
    "faces": {
        "down":  { "uv": [ 7.001, 8.999, 8.999, 7.001 ], "texture": "#particle" },
        "west":  { "uv": [ 7.001, 9.001, 8.999, 9.999 ], "texture": "#particle" },
        "east":  { "uv": [ 8.999, 9.001, 7.001, 9.999 ], "texture": "#particle" }
    }
},
{
    "__comment": "Creeper",
    "from": [ 7, 6, 9 ],
    "to": [ 9, 7, 10 ],
    "faces": {
        "up":    { "uv": [ 7.001, 9.001, 8.999, 9.999 ], "texture": "#particle" },
        "south": { "uv": [ 7.001, 9.001, 8.999, 9.999 ], "texture": "#particle" },
        "west":  { "uv": [ 9.001, 9.001, 9.999, 9.999 ], "texture": "#particle" },
        "east":  { "uv": [ 9.999, 9.001, 9.001, 9.999 ], "texture": "#particle" }
    }
},
{
    "__comment": "Creeper",
    "from": [ 7, 6, 6 ],
    "to": [ 9, 7, 7 ],
    "faces": {
        "up":    { "uv": [ 7.001, 6.001, 8.999, 6.999 ], "texture": "#particle" },
        "north": { "uv": [ 8.999, 9.001, 7.001, 9.999 ], "texture": "#particle" },
        "west":  { "uv": [ 6.001, 9.001, 6.999, 9.999 ], "texture": "#particle" },
        "east":  { "uv": [ 6.999, 9.001, 6.001, 9.999 ], "texture": "#particle" }
    }
},
{
    "__comment": "Frame*",
    "from": [ 6, 13, 10 ],
    "to": [ 10, 14, 12 ],
    "faces": {
        "down":  { "uv": [ 6.001, 11.999, 9.999, 10.001 ], "texture": "#particle" },
        "north": { "uv": [ 9.999, 2.001, 6.001, 2.999 ], "texture": "#particle" },
        "west":  { "uv": [ 10.001, 2.001, 11.999, 2.999 ], "texture": "#particle" },
        "east":  { "uv": [ 11.999, 2.001, 10.001, 2.999 ], "texture": "#particle" }
    }
},
{
    "__comment": "Frame*",
    "from": [ 6, 12, 12 ],
    "to": [ 10, 13, 13 ],
    "faces": {
        "down":  { "uv": [ 6.001, 12.999, 9.999, 12.001 ], "texture": "#particle" },
        "north": { "uv": [ 9.999, 3.001, 6.001, 3.999 ], "texture": "#particle" },
        "west":  { "uv": [ 12.001, 3.001, 12.999, 3.999 ], "texture": "#particle" },
        "east":  { "uv": [ 12.999, 3.001, 12.001, 3.999 ], "texture": "#particle" }
    }
},
{
    "__comment": "Frame*",
    "from": [ 6, 10, 13 ],
    "to": [ 10, 12, 14 ],
    "faces": {
        "down":  { "uv": [ 6.001, 13.999, 9.999, 13.001 ], "texture": "#particle" },
        "north": { "uv": [ 9.999, 4.001, 6.001, 5.999 ], "texture": "#particle" },
        "west":  { "uv": [ 13.001, 4.001, 13.999, 5.999 ], "texture": "#particle" },
        "east":  { "uv": [ 13.999, 4.001, 13.001, 5.999 ], "texture": "#particle" }
    }
},
{
    "__comment": "Frame*",
    "from": [ 6, 2, 10 ],
    "to": [ 10, 3, 12 ],
    "faces": {
        "up":    { "uv": [ 6.001, 10.001, 9.999, 11.999 ], "texture": "#particle" },
        "north": { "uv": [ 9.999, 13.001, 6.001, 13.999 ], "texture": "#particle" },
        "west":  { "uv": [ 10.001, 13.001, 11.999, 13.999 ], "texture": "#particle" },
        "east":  { "uv": [ 11.999, 13.001, 10.001, 13.999 ], "texture": "#particle" }
    }
},
{
    "__comment": "Frame*",
    "from": [ 6, 3, 12 ],
    "to": [ 10, 4, 13 ],
    "faces": {
        "up":    { "uv": [ 6.001, 12.001, 9.999, 12.999 ], "texture": "#particle" },
        "north": { "uv": [ 9.999, 12.001, 6.001, 12.999 ], "texture": "#particle" },
        "west":  { "uv": [ 12.001, 12.001, 12.999, 12.999 ], "texture": "#particle" },
        "east":  { "uv": [ 12.999, 12.001, 12.001, 12.999 ], "texture": "#particle" }
    }
},
{
    "__comment": "Frame*",
    "from": [ 6, 4, 13 ],
    "to": [ 10, 6, 14 ],
    "faces": {
        "up":    { "uv": [ 6.001, 13.001, 9.999, 13.999 ], "texture": "#particle" },
        "north": { "uv": [ 9.999, 10.001, 6.001, 11.999 ], "texture": "#particle" },
        "west":  { "uv": [ 13.001, 10.001, 13.999, 11.999 ], "texture": "#particle" },
        "east":  { "uv": [ 13.999, 10.001, 13.001, 11.999 ], "texture": "#particle" }
    }
},
{
    "__comment": "Frame*",
    "from": [ 6, 13, 4 ],
    "to": [ 10, 14, 6 ],
    "faces": {
        "down":  { "uv": [ 6.001, 5.999, 9.999, 4.001 ], "texture": "#particle" },
        "south": { "uv": [ 6.001, 2.001, 9.999, 2.999 ], "texture": "#particle" },
        "west":  { "uv": [ 4.001, 2.001, 5.999, 2.999 ], "texture": "#particle" },
        "east":  { "uv": [ 5.999, 2.001, 4.001, 2.999 ], "texture": "#particle" }
    }
},
{
    "__comment": "Frame*",
    "from": [ 6, 12, 3 ],
    "to": [ 10, 13, 4 ],
    "faces": {
        "down":  { "uv": [ 6.001, 3.999, 9.999, 3.001 ], "texture": "#particle" },
        "south": { "uv": [ 6.001, 3.001, 9.999, 3.999 ], "texture": "#particle" },
        "west":  { "uv": [ 3.001, 3.001, 3.999, 3.999 ], "texture": "#particle" },
        "east":  { "uv": [ 3.999, 3.001, 3.001, 3.999 ], "texture": "#particle" }
    }
},
{
    "__comment": "Frame*",
    "from": [ 6, 10, 2 ],
    "to": [ 10, 12, 3 ],
    "faces": {
        "down":  { "uv": [ 6.001, 2.999, 9.999, 2.001 ], "texture": "#particle" },
        "south": { "uv": [ 6.001, 4.001, 9.999, 5.999 ], "texture": "#particle" },
        "west":  { "uv": [ 2.001, 4.001, 2.999, 5.999 ], "texture": "#particle" },
        "east":  { "uv": [ 2.999, 4.001, 2.001, 5.999 ], "texture": "#particle" }
    }
},
{
    "__comment": "Frame*",
    "from": [ 6, 2, 4 ],
    "to": [ 10, 3, 6 ],
    "faces": {
        "up":    { "uv": [ 6.001, 4.001, 9.999, 5.999 ], "texture": "#particle" },
        "south": { "uv": [ 6.001, 13.001, 9.999, 13.999 ], "texture": "#particle" },
        "west":  { "uv": [ 4.001, 13.001, 5.999, 13.999 ], "texture": "#particle" },
        "east":  { "uv": [ 5.999, 13.001, 4.001, 13.999 ], "texture": "#particle" }
    }
},
{
    "__comment": "Frame*",
    "from": [ 6, 3, 3 ],
    "to": [ 10, 4, 4 ],
    "faces": {
        "up":    { "uv": [ 6.001, 3.001, 9.999, 3.999 ], "texture": "#particle" },
        "south": { "uv": [ 6.001, 12.001, 9.999, 12.999 ], "texture": "#particle" },
        "west":  { "uv": [ 3.001, 12.001, 3.999, 12.999 ], "texture": "#particle" },
        "east":  { "uv": [ 3.999, 12.001, 3.001, 12.999 ], "texture": "#particle" }
    }
},
{
    "__comment": "Frame*",
    "from": [ 6, 4, 2 ],
    "to": [ 10, 6, 3 ],
    "faces": {
        "up":    { "uv": [ 6.001, 2.001, 9.999, 2.999 ], "texture": "#particle" },
        "south": { "uv": [ 6.001, 10.001, 9.999, 11.999 ], "texture": "#particle" },
        "west":  { "uv": [ 2.001, 10.001, 2.999, 11.999 ], "texture": "#particle" },
        "east":  { "uv": [ 2.999, 10.001, 2.001, 11.999 ], "texture": "#particle" }
    }
},
{
    "__comment": "Frame*",
    "from": [ 6, 0, 14 ],
    "to": [ 10, 6, 16 ],
    "faces": {
        "west":  { "uv": [ 14.001, 10.001, 15.999, 15.999 ], "texture": "#particle" },
        "east":  { "uv": [ 15.999, 10.001, 14.001, 15.999 ], "texture": "#particle" }
    }
},
{
    "__comment": "Frame*",
    "from": [ 6, 0, 2 ],
    "to": [ 10, 4, 3 ],
    "faces": {
        "west":  { "uv": [ 2.001, 12.001, 2.999, 15.999 ], "texture": "#particle" },
        "east":  { "uv": [ 2.999, 12.001, 2.001, 15.999 ], "texture": "#particle" }
    }
},
{
    "__comment": "Frame*",
    "from": [ 6, 0, 13 ],
    "to": [ 10, 4, 14 ],
    "faces": {
        "west":  { "uv": [ 13.001, 12.001, 13.999, 15.999 ], "texture": "#particle" },
        "east":  { "uv": [ 13.999, 12.001, 13.001, 15.999 ], "texture": "#particle" }
    }
},
{
    "__comment": "Frame*",
    "from": [ 6, 10, 14 ],
    "to": [ 10, 16, 16 ],
    "faces": {
        "west":  { "uv": [ 14.001, 0.001, 15.999, 5.999 ], "texture": "#particle" },
        "east":  { "uv": [ 15.999, 0.001, 14.001, 5.999 ], "texture": "#particle" }
    }
},
{
    "__comment": "Frame*",
    "from": [ 6, 0, 6 ],
    "to": [ 10, 2, 10 ],
    "faces": {
        "up":    { "uv": [ 6.001, 6.001, 9.999, 9.999 ], "texture": "#particle" },
        "west":  { "uv": [ 6.001, 14.001, 9.999, 15.999 ], "texture": "#particle" },
        "east":  { "uv": [ 9.999, 14.001, 6.001, 15.999 ], "texture": "#particle" }
    }
},
{
    "__comment": "Frame*",
    "from": [ 6, 6, 0 ],
    "to": [ 10, 10, 2 ],
    "faces": {
        "south": { "uv": [ 6.001, 6.001, 9.999, 9.999 ], "texture": "#particle" },
        "west":  { "uv": [ 0.001, 6.001, 1.999, 9.999 ], "texture": "#particle" },
        "east":  { "uv": [ 1.999, 6.001, 0.001, 9.999 ], "texture": "#particle" }
    }
},
{
    "__comment": "Frame*",
    "from": [ 6, 6, 14 ],
    "to": [ 10, 10, 16 ],
    "faces": {
        "north": { "uv": [ 9.999, 6.001, 6.001, 9.999 ], "texture": "#particle" },
        "west":  { "uv": [ 14.001, 6.001, 15.999, 9.999 ], "texture": "#particle" },
        "east":  { "uv": [ 15.999, 6.001, 14.001, 9.999 ], "texture": "#particle" }
    }
},
{
    "__comment": "Frame*",
    "from": [ 6, 13, 3 ],
    "to": [ 10, 16, 4 ],
    "faces": {
        "west":  { "uv": [ 3.001, 0.001, 3.999, 2.999 ], "texture": "#particle" },
        "east":  { "uv": [ 3.999, 0.001, 3.001, 2.999 ], "texture": "#particle" }
    }
},
{
    "__comment": "Frame*",
    "from": [ 6, 0, 3 ],
    "to": [ 10, 3, 4 ],
    "faces": {
        "west":  { "uv": [ 3.001, 13.001, 3.999, 15.999 ], "texture": "#particle" },
        "east":  { "uv": [ 3.999, 13.001, 3.001, 15.999 ], "texture": "#particle" }
    }
},
{
    "__comment": "Frame*",
    "from": [ 6, 14, 4 ],
    "to": [ 10, 16, 6 ],
    "faces": {
        "west":  { "uv": [ 4.001, 0.001, 5.999, 1.999 ], "texture": "#particle" },
        "east":  { "uv": [ 5.999, 0.001, 4.001, 1.999 ], "texture": "#particle" }
    }
},
{
    "__comment": "Frame*",
    "from": [ 6, 0, 4 ],
    "to": [ 10, 2, 6 ],
    "faces": {
        "west":  { "uv": [ 4.001, 14.001, 5.999, 15.999 ], "texture": "#particle" },
        "east":  { "uv": [ 5.999, 14.001, 4.001, 15.999 ], "texture": "#particle" }
    }
},
{
    "__comment": "Frame*",
    "from": [ 6, 14, 6 ],
    "to": [ 10, 16, 10 ],
    "faces": {
        "down":  { "uv": [ 6.001, 9.999, 9.999, 6.001 ], "texture": "#particle" },
        "west":  { "uv": [ 6.001, 0.001, 9.999, 1.999 ], "texture": "#particle" },
        "east":  { "uv": [ 9.999, 0.001, 6.001, 1.999 ], "texture": "#particle" }
    }
},
{
    "__comment": "Frame*",
    "from": [ 6, 0, 12 ],
    "to": [ 10, 3, 13 ],
    "faces": {
        "west":  { "uv": [ 12.001, 13.001, 12.999, 15.999 ], "texture": "#particle" },
        "east":  { "uv": [ 12.999, 13.001, 12.001, 15.999 ], "texture": "#particle" }
    }
},
{
    "__comment": "Frame*",
    "from": [ 6, 0, 10 ],
    "to": [ 10, 2, 12 ],
    "faces": {
        "west":  { "uv": [ 10.001, 14.001, 11.999, 15.999 ], "texture": "#particle" },
        "east":  { "uv": [ 11.999, 14.001, 10.001, 15.999 ], "texture": "#particle" }
    }
},
{
    "__comment": "Frame*",
    "from": [ 6, 13, 12 ],
    "to": [ 10, 16, 13 ],
    "faces": {
        "west":  { "uv": [ 12.001, 0.001, 12.999, 2.999 ], "texture": "#particle" },
        "east":  { "uv": [ 12.999, 0.001, 12.001, 2.999 ], "texture": "#particle" }
    }
},
{
    "__comment": "Frame*",
    "from": [ 6, 14, 10 ],
    "to": [ 10, 16, 12 ],
    "faces": {
        "west":  { "uv": [ 10.001, 0.001, 11.999, 1.999 ], "texture": "#particle" },
        "east":  { "uv": [ 11.999, 0.001, 10.001, 1.999 ], "texture": "#particle" }
    }
}
]
}