{
"__comment": "Designed by Sibsib92 with BDcraft Cubik PRO 0.96 Beta - http://bdcraft.net",
"textures": {
    "particle": "blocks/quartz_block_bottom"
},
"elements": [ 
{
    "__comment": "Frame Ver",
    "from": [ 0, 2, 14 ],
    "to": [ 2, 14, 16 ],
    "faces": {
        "north": { "uv": [ 14, 2, 16, 14 ], "texture": "#particle" },
        "south": { "uv": [ 0, 2, 2, 14 ], "texture": "#particle", "cullface": "south" },
        "west":  { "uv": [ 14, 2, 16, 14 ], "texture": "#particle", "cullface": "west" },
        "east":  { "uv": [ 0, 2, 2, 14 ], "texture": "#particle" }
    }
},
{
    "__comment": "Frame Ver",
    "from": [ 14, 2, 14 ],
    "to": [ 16, 14, 16 ],
    "faces": {
        "north": { "uv": [ 0, 2, 2, 14 ], "texture": "#particle" },
        "south": { "uv": [ 14, 2, 16, 14 ], "texture": "#particle", "cullface": "south" },
        "west":  { "uv": [ 14, 2, 16, 14 ], "texture": "#particle" },
        "east":  { "uv": [ 0, 2, 2, 14 ], "texture": "#particle", "cullface": "east" }
    }
},
{
    "__comment": "Frame Ver",
    "from": [ 14, 2, 0 ],
    "to": [ 16, 14, 2 ],
    "faces": {
        "north": { "uv": [ 0, 2, 2, 14 ], "texture": "#particle", "cullface": "north" },
        "south": { "uv": [ 14, 2, 16, 14 ], "texture": "#particle" },
        "west":  { "uv": [ 0, 2, 2, 14 ], "texture": "#particle" },
        "east":  { "uv": [ 14, 2, 16, 14 ], "texture": "#particle", "cullface": "east" }
    }
},
{
    "__comment": "Frame Ver",
    "from": [ 0, 2, 0 ],
    "to": [ 2, 14, 2 ],
    "faces": {
        "north": { "uv": [ 14, 2, 16, 14 ], "texture": "#particle", "cullface": "north" },
        "south": { "uv": [ 0, 2, 2, 14 ], "texture": "#particle" },
        "west":  { "uv": [ 0, 2, 2, 14 ], "texture": "#particle", "cullface": "west" },
        "east":  { "uv": [ 14, 2, 16, 14 ], "texture": "#particle" }
    }
},
{
    "__comment": "Frame Hor",
    "from": [ 0, 0, 14 ],
    "to": [ 16, 2, 16 ],
    "faces": {
        "down":  { "uv": [ 16, 16, 0, 14 ], "texture": "#particle", "cullface": "down" },
        "up":    { "uv": [ 0, 14, 16, 16 ], "texture": "#particle" },
        "north": { "uv": [ 0, 14, 16, 16 ], "texture": "#particle" },
        "south": { "uv": [ 0, 14, 16, 16 ], "texture": "#particle", "cullface": "south" }
    }
},
{
    "__comment": "Frame Hor",
    "from": [ 14, 0, 0 ],
    "to": [ 16, 2, 16 ],
    "faces": {
        "down":  { "uv": [ 14, 16, 16, 0 ], "texture": "#particle", "cullface": "down" },
        "up":    { "uv": [ 14, 0, 16, 16 ], "texture": "#particle" },
        "west":  { "uv": [ 0, 14, 16, 16 ], "texture": "#particle" },
        "east":  { "uv": [ 0, 14, 16, 16 ], "texture": "#particle", "cullface": "east" }
    }
},
{
    "__comment": "Frame Hor",
    "from": [ 0, 0, 0 ],
    "to": [ 16, 2, 2 ],
    "faces": {
        "down":  { "uv": [ 16, 2, 0, 0 ], "texture": "#particle", "cullface": "down" },
        "up":    { "uv": [ 0, 0, 16, 2 ], "texture": "#particle" },
        "north": { "uv": [ 0, 14, 16, 16 ], "texture": "#particle", "cullface": "north" },
        "south": { "uv": [ 0, 14, 16, 16 ], "texture": "#particle" }
    }
},
{
    "__comment": "Frame Hor",
    "from": [ 0, 0, 0 ],
    "to": [ 2, 2, 16 ],
    "faces": {
        "down":  { "uv": [ 0, 16, 2, 0 ], "texture": "#particle", "cullface": "down" },
        "up":    { "uv": [ 0, 0, 2, 16 ], "texture": "#particle" },
        "west":  { "uv": [ 0, 14, 16, 16 ], "texture": "#particle", "cullface": "west" },
        "east":  { "uv": [ 0, 14, 16, 16 ], "texture": "#particle" }
    }
},
{
    "__comment": "Frame Hor",
    "from": [ 0, 14, 14 ],
    "to": [ 16, 16, 16 ],
    "faces": {
        "down":  { "uv": [ 16, 16, 0, 14 ], "texture": "#particle" },
        "up":    { "uv": [ 0, 14, 16, 16 ], "texture": "#particle", "cullface": "up" },
        "north": { "uv": [ 0, 0, 16, 2 ], "texture": "#particle" },
        "south": { "uv": [ 0, 0, 16, 2 ], "texture": "#particle", "cullface": "south" }
    }
},
{
    "__comment": "Frame Hor",
    "from": [ 14, 14, 0 ],
    "to": [ 16, 16, 16 ],
    "faces": {
        "down":  { "uv": [ 14, 16, 16, 0 ], "texture": "#particle" },
        "up":    { "uv": [ 14, 0, 16, 16 ], "texture": "#particle", "cullface": "up" },
        "west":  { "uv": [ 0, 0, 16, 2 ], "texture": "#particle" },
        "east":  { "uv": [ 0, 0, 16, 2 ], "texture": "#particle", "cullface": "east" }
    }
},
{
    "__comment": "Frame Hor",
    "from": [ 0, 14, 0 ],
    "to": [ 16, 16, 2 ],
    "faces": {
        "down":  { "uv": [ 16, 2, 0, 0 ], "texture": "#particle" },
        "up":    { "uv": [ 0, 0, 16, 2 ], "texture": "#particle", "cullface": "up" },
        "north": { "uv": [ 0, 0, 16, 2 ], "texture": "#particle", "cullface": "north" },
        "south": { "uv": [ 0, 0, 16, 2 ], "texture": "#particle" }
    }
},
{
    "__comment": "Frame Hor",
    "from": [ 0, 14, 0 ],
    "to": [ 2, 16, 16 ],
    "faces": {
        "down":  { "uv": [ 0, 16, 2, 0 ], "texture": "#particle" },
        "up":    { "uv": [ 0, 0, 2, 16 ], "texture": "#particle", "cullface": "up" },
        "west":  { "uv": [ 0, 0, 16, 2 ], "texture": "#particle", "cullface": "west" },
        "east":  { "uv": [ 0, 0, 16, 2 ], "texture": "#particle" }
    }
},
{
    "__comment": "Inner Cube",
    "from": [ 1, 1, 1 ],
    "to": [ 15, 15, 15 ],
    "faces": {
        "down":  { "uv": [ 15, 15, 1, 1 ], "texture": "#particle", "cullface": "down" },
        "up":    { "uv": [ 1, 1, 15, 15 ], "texture": "#particle", "cullface": "up" },
        "north": { "uv": [ 1, 1, 15, 15 ], "texture": "#particle", "cullface": "north" },
        "south": { "uv": [ 1, 1, 15, 15 ], "texture": "#particle", "cullface": "south" },
        "west":  { "uv": [ 1, 1, 15, 15 ], "texture": "#particle", "cullface": "west" },
        "east":  { "uv": [ 1, 1, 15, 15 ], "texture": "#particle", "cullface": "east" }
    }
}
],
"display": {
    "thirdperson_righthand": {
        "rotation": [ 0, 0, 0 ],
        "translation": [ 0, 0, 0 ],
        "scale": [ 0.25, 0.25, 0.25 ]
    },
    "thirdperson_lefthand": {
        "rotation": [ 0, 0, 0 ],
        "translation": [ 0, 0, 0 ],
        "scale": [ 0.25, 0.25, 0.25 ]
    },
    "head": {
        "rotation": [ 0, 0, 0 ],
        "translation": [ 0, 0, 0 ],
        "scale": [ 1, 1, 1 ]
    },
    "ground": {
        "rotation": [ 0, 0, 0 ],
        "translation": [ 0, 3, 0 ],
        "scale": [ 0.25, 0.25, 0.25 ]
    },
    "fixed": {
        "rotation": [ 35, 0, 45 ],
        "translation": [ 0, 0, 0 ],
        "scale": [ 0.5, 0.5, 0.5 ]
    },
    "firstperson_righthand": {
        "rotation": [ 0, 0, 0 ],
        "translation": [ 0, 0, 0 ],
        "scale": [ 0.25, 0.25, 0.25 ]
    },
    "firstperson_lefthand": {
        "rotation": [ 0, 0, 0 ],
        "translation": [ 0, 0, 0 ],
        "scale": [ 0.25, 0.25, 0.25 ]
    },
    "gui": {
        "rotation": [ 30, 45, 0 ],
        "translation": [ 0, 0, 0 ],
        "scale": [ 0.65, 0.65, 0.65 ]
    }
}
}