{
"__comment": "Designed by Sibsib92 with BDcraft Cubik PRO 0.96 Beta - http://bdcraft.net",
"ambientocclusion": false,
"textures": {
    "particle": "blocks/door_spruce_upper",
    "texture": "blocks/planks_spruce",
    "iron": "blocks/iron_block",
    "metal": "blocks/cauldron_inner"
},
"elements": [ 
{
    "__comment": "Hinge",
    "from": [ -0.25, -1, 15.125 ],
    "to": [ 3.25, 1, 16.125 ],
    "faces": {
        "down":  { "uv": [ 3, 1, 0, 0 ], "rotation": 180, "texture": "#metal" },
        "up":    { "uv": [ 0, 0, 3, 1 ], "rotation": 180, "texture": "#metal" },
        "north": { "uv": [ 0, 0, 3, 2 ], "texture": "#metal" },
        "south": { "uv": [ 0, 0, 3, 2 ], "texture": "#metal" },
        "west":  { "uv": [ 0, 0, 1, 2 ], "texture": "#metal" },
        "east":  { "uv": [ 0, 0, 1, 2 ], "texture": "#metal" }
    }
},
{
    "__comment": "Hinge",
    "from": [ -0.25, 10, 15.125 ],
    "to": [ 3.25, 12, 16.125 ],
    "faces": {
        "down":  { "uv": [ 3, 1, 0, 0 ], "rotation": 180, "texture": "#metal" },
        "up":    { "uv": [ 0, 0, 3, 1 ], "rotation": 180, "texture": "#metal" },
        "north": { "uv": [ 0, 0, 3, 2 ], "texture": "#metal" },
        "south": { "uv": [ 0, 0, 3, 2 ], "texture": "#metal" },
        "west":  { "uv": [ 0, 0, 1, 2 ], "texture": "#metal" },
        "east":  { "uv": [ 0, 0, 1, 2 ], "texture": "#metal" }
    }
},
{
    "__comment": "Hinge extra",
    "from": [ 0.5, 9.5, 2 ],
    "to": [ 2, 11, 14 ],
    "rotation": { "origin": [ 0.5, 11, 2 ], "axis": "z", "angle": 45 },
    "faces": {
        "down":  { "uv": [ 14.5, 14, 13, 2 ], "texture": "#metal" },
        "up":    { "uv": [ 1.5, 2, 3, 14 ], "texture": "#metal" },
        "west":  { "uv": [ 2, 0, 14, 1.5 ], "texture": "#metal" },
        "east":  { "uv": [ 2, 0, 14, 1.5 ], "texture": "#metal" }
    }
},
{
    "__comment": "Handle",
    "from": [ -1.5, -2.5, 4 ],
    "to": [ -0.5, -0.5, 5 ],
    "faces": {
        "down":  { "uv": [ 12, 15, 11, 14 ], "rotation": 180, "texture": "#iron" },
        "up":    { "uv": [ 4, 14, 5, 15 ], "rotation": 180, "texture": "#iron" },
        "north": { "uv": [ 4, 14, 5, 16 ], "texture": "#iron" },
        "south": { "uv": [ 11, 14, 12, 16 ], "texture": "#iron" },
        "west":  { "uv": [ 1, 14, 2, 16 ], "texture": "#iron" },
        "east":  { "uv": [ 14, 14, 15, 16 ], "texture": "#iron" }
    }
},
{
    "__comment": "Handle",
    "from": [ -1.5, -2.5, 1 ],
    "to": [ -0.5, -0.5, 2 ],
    "faces": {
        "down":  { "uv": [ 12, 15, 11, 14 ], "rotation": 180, "texture": "#iron" },
        "up":    { "uv": [ 4, 14, 5, 15 ], "rotation": 180, "texture": "#iron" },
        "north": { "uv": [ 4, 14, 5, 16 ], "texture": "#iron" },
        "south": { "uv": [ 11, 14, 12, 16 ], "texture": "#iron" },
        "west":  { "uv": [ 1, 14, 2, 16 ], "texture": "#iron" },
        "east":  { "uv": [ 14, 14, 15, 16 ], "texture": "#iron" }
    }
},
{
    "__comment": "Handle",
    "from": [ -1.5, -0.5, 2 ],
    "to": [ -0.5, 0.5, 4 ],
    "faces": {
        "down":  { "uv": [ 12, 13, 11, 11 ], "rotation": 180, "texture": "#iron" },
        "up":    { "uv": [ 4, 11, 5, 13 ], "rotation": 180, "texture": "#iron" },
        "north": { "uv": [ 4, 12, 5, 13 ], "texture": "#iron" },
        "south": { "uv": [ 11, 12, 12, 13 ], "texture": "#iron" },
        "west":  { "uv": [ 3, 12, 5, 13 ], "texture": "#iron" },
        "east":  { "uv": [ 11, 12, 13, 13 ], "texture": "#iron" }
    }
},
{
    "__comment": "Handle",
    "from": [ -1.5, -3.5, 2 ],
    "to": [ -0.5, -2.5, 4 ],
    "faces": {
        "down":  { "uv": [ 12, 13, 11, 11 ], "rotation": 180, "texture": "#iron" },
        "up":    { "uv": [ 4, 11, 5, 13 ], "rotation": 180, "texture": "#iron" },
        "north": { "uv": [ 4, 12, 5, 13 ], "texture": "#iron" },
        "south": { "uv": [ 11, 12, 12, 13 ], "texture": "#iron" },
        "west":  { "uv": [ 3, 12, 5, 13 ], "texture": "#iron" },
        "east":  { "uv": [ 11, 12, 13, 13 ], "texture": "#iron" }
    }
},
{
    "__comment": "Handle",
    "from": [ -0.5, -0.25, 2.75 ],
    "to": [ 3.5, 0.25, 3.25 ],
    "faces": {
        "down":  { "uv": [ 16, 14.5, 12, 14 ], "rotation": 180, "texture": "#iron" },
        "up":    { "uv": [ 0, 14, 4, 14.5 ], "rotation": 180, "texture": "#iron" },
        "north": { "uv": [ 0, 15.25, 4, 15.75 ], "texture": "#iron" },
        "south": { "uv": [ 12, 15.25, 16, 15.75 ], "texture": "#iron" }
    }
},
{
    "__comment": "Handle",
    "from": [ 3.5, -2.5, 4 ],
    "to": [ 4.5, -0.5, 5 ],
    "faces": {
        "down":  { "uv": [ 12, 15, 11, 14 ], "rotation": 180, "texture": "#iron" },
        "up":    { "uv": [ 4, 14, 5, 15 ], "rotation": 180, "texture": "#iron" },
        "north": { "uv": [ 4, 14, 5, 16 ], "texture": "#iron" },
        "south": { "uv": [ 11, 14, 12, 16 ], "texture": "#iron" },
        "west":  { "uv": [ 1, 14, 2, 16 ], "texture": "#iron" },
        "east":  { "uv": [ 14, 14, 15, 16 ], "texture": "#iron" }
    }
},
{
    "__comment": "Handle",
    "from": [ 3.5, -2.5, 1 ],
    "to": [ 4.5, -0.5, 2 ],
    "faces": {
        "down":  { "uv": [ 12, 15, 11, 14 ], "rotation": 180, "texture": "#iron" },
        "up":    { "uv": [ 4, 14, 5, 15 ], "rotation": 180, "texture": "#iron" },
        "north": { "uv": [ 4, 14, 5, 16 ], "texture": "#iron" },
        "south": { "uv": [ 11, 14, 12, 16 ], "texture": "#iron" },
        "west":  { "uv": [ 1, 14, 2, 16 ], "texture": "#iron" },
        "east":  { "uv": [ 14, 14, 15, 16 ], "texture": "#iron" }
    }
},
{
    "__comment": "Handle",
    "from": [ 3.5, -0.5, 2 ],
    "to": [ 4.5, 0.5, 4 ],
    "faces": {
        "down":  { "uv": [ 12, 13, 11, 11 ], "rotation": 180, "texture": "#iron" },
        "up":    { "uv": [ 4, 11, 5, 13 ], "rotation": 180, "texture": "#iron" },
        "north": { "uv": [ 4, 12, 5, 13 ], "texture": "#iron" },
        "south": { "uv": [ 11, 12, 12, 13 ], "texture": "#iron" },
        "west":  { "uv": [ 3, 12, 5, 13 ], "texture": "#iron" },
        "east":  { "uv": [ 11, 12, 13, 13 ], "texture": "#iron" }
    }
},
{
    "__comment": "Handle",
    "from": [ 3.5, -3.5, 2 ],
    "to": [ 4.5, -2.5, 4 ],
    "faces": {
        "down":  { "uv": [ 12, 13, 11, 11 ], "rotation": 180, "texture": "#iron" },
        "up":    { "uv": [ 4, 11, 5, 13 ], "rotation": 180, "texture": "#iron" },
        "north": { "uv": [ 4, 12, 5, 13 ], "texture": "#iron" },
        "south": { "uv": [ 11, 12, 12, 13 ], "texture": "#iron" },
        "west":  { "uv": [ 3, 12, 5, 13 ], "texture": "#iron" },
        "east":  { "uv": [ 11, 12, 13, 13 ], "texture": "#iron" }
    }
},
{
    "__comment": "Door Top",
    "from": [ 0, 0, 14 ],
    "to": [ 3, 14, 16 ],
    "faces": {
        "north": { "uv": [ 13, 2, 16, 16 ], "texture": "#texture" },
        "south": { "uv": [ 0, 2, 3, 16 ], "texture": "#texture" },
        "west":  { "uv": [ 14, 2, 16, 16 ], "texture": "#texture" },
        "east":  { "uv": [ 0, 2, 2, 16 ], "texture": "#texture" }
    }
},
{
    "__comment": "Door Top",
    "from": [ 0, 0, 0 ],
    "to": [ 3, 14, 2 ],
    "faces": {
        "north": { "uv": [ 13, 2, 16, 16 ], "texture": "#texture" },
        "south": { "uv": [ 0, 2, 3, 16 ], "texture": "#texture" },
        "west":  { "uv": [ 0, 2, 2, 16 ], "texture": "#texture" },
        "east":  { "uv": [ 14, 2, 16, 16 ], "texture": "#texture" }
    }
},
{
    "__comment": "Door Top",
    "from": [ 0, 14, 0 ],
    "to": [ 3, 16, 16 ],
    "faces": {
        "down":  { "uv": [ 16, 15, 0, 12 ], "rotation": 90, "texture": "#texture" },
        "up":    { "uv": [ 0, 0, 16, 3 ], "rotation": 90, "texture": "#texture" },
        "north": { "uv": [ 13, 0, 16, 2 ], "texture": "#texture" },
        "south": { "uv": [ 0, 0, 3, 2 ], "texture": "#texture" },
        "west":  { "uv": [ 0, 0, 16, 2 ], "texture": "#texture" },
        "east":  { "uv": [ 0, 0, 16, 2 ], "texture": "#texture" }
    }
},
{
    "__comment": "Bot Diag Top",
    "from": [ 0.5, 0, 3 ],
    "to": [ 2, 14, 4.5 ],
    "rotation": { "origin": [ 0.5, 0, 3 ], "axis": "y", "angle": 45 },
    "faces": {
        "north": { "uv": [ 2, 2, 3, 16 ], "texture": "#texture" },
        "south": { "uv": [ 12, 2, 13, 16 ], "texture": "#texture" },
        "west":  { "uv": [ 3, 2, 4, 16 ], "texture": "#texture" },
        "east":  { "uv": [ 13, 2, 14, 16 ], "texture": "#texture" }
    }
},
{
    "__comment": "Bot Diag Top",
    "from": [ 0.5, 0, 5 ],
    "to": [ 2, 14, 6.5 ],
    "rotation": { "origin": [ 0.5, 0, 5 ], "axis": "y", "angle": 45 },
    "faces": {
        "north": { "uv": [ 4, 2, 5, 16 ], "texture": "#texture" },
        "south": { "uv": [ 10, 2, 11, 16 ], "texture": "#texture" },
        "west":  { "uv": [ 5, 2, 6, 16 ], "texture": "#texture" },
        "east":  { "uv": [ 11, 2, 12, 16 ], "texture": "#texture" }
    }
},
{
    "__comment": "Bot Diag Top",
    "from": [ 0.5, 0, 7 ],
    "to": [ 2, 14, 8.5 ],
    "rotation": { "origin": [ 0.5, 0, 7 ], "axis": "y", "angle": 45 },
    "faces": {
        "north": { "uv": [ 6, 2, 7, 16 ], "texture": "#texture" },
        "south": { "uv": [ 8, 2, 9, 16 ], "texture": "#texture" },
        "west":  { "uv": [ 7, 2, 8, 16 ], "texture": "#texture" },
        "east":  { "uv": [ 9, 2, 10, 16 ], "texture": "#texture" }
    }
},
{
    "__comment": "Bot Diag Top",
    "from": [ 0.5, 0, 9 ],
    "to": [ 2, 14, 10.5 ],
    "rotation": { "origin": [ 0.5, 0, 9 ], "axis": "y", "angle": 45 },
    "faces": {
        "north": { "uv": [ 8, 2, 9, 16 ], "texture": "#texture" },
        "south": { "uv": [ 6, 2, 7, 16 ], "texture": "#texture" },
        "west":  { "uv": [ 9, 2, 10, 16 ], "texture": "#texture" },
        "east":  { "uv": [ 7, 2, 8, 16 ], "texture": "#texture" }
    }
},
{
    "__comment": "Bot Diag Top",
    "from": [ 0.5, 0, 11 ],
    "to": [ 2, 14, 12.5 ],
    "rotation": { "origin": [ 0.5, 0, 11 ], "axis": "y", "angle": 45 },
    "faces": {
        "north": { "uv": [ 10, 2, 11, 16 ], "texture": "#texture" },
        "south": { "uv": [ 4, 2, 5, 16 ], "texture": "#texture" },
        "west":  { "uv": [ 11, 2, 12, 16 ], "texture": "#texture" },
        "east":  { "uv": [ 5, 2, 6, 16 ], "texture": "#texture" }
    }
},
{
    "__comment": "Bot Diag Top",
    "from": [ 0.5, 0, 13 ],
    "to": [ 2, 14, 14.5 ],
    "rotation": { "origin": [ 0.5, 0, 13 ], "axis": "y", "angle": 45 },
    "faces": {
        "north": { "uv": [ 12, 2, 13, 16 ], "texture": "#texture" },
        "south": { "uv": [ 2, 2, 3, 16 ], "texture": "#texture" },
        "west":  { "uv": [ 13, 2, 14, 16 ], "texture": "#texture" },
        "east":  { "uv": [ 3, 2, 4, 16 ], "texture": "#texture" }
    }
}
]
}