{
"__comment": "Designed by Sibsib92 with BDcraft Cubik PRO 0.96 Beta - http://bdcraft.net",
"ambientocclusion": false,
"textures": {
    "particle": "blocks/door_spruce_lower",
    "texture": "blocks/planks_spruce",
    "iron": "blocks/iron_block",
    "metal": "blocks/cauldron_inner"
},
"elements": [ 
{
    "__comment": "Hinge",
    "from": [ -0.25, 4, 15.0625 ],
    "to": [ 3.25, 6, 16.0625 ],
    "faces": {
        "down":  { "uv": [ 3, 1, 0, 0 ], "rotation": 180, "texture": "#metal" },
        "up":    { "uv": [ 0, 0, 3, 1 ], "rotation": 180, "texture": "#metal" },
        "north": { "uv": [ 0, 0, 3, 2 ], "texture": "#metal" },
        "south": { "uv": [ 0, 0, 3, 2 ], "texture": "#metal" },
        "west":  { "uv": [ 0, 0, 1, 2 ], "texture": "#metal" },
        "east":  { "uv": [ 0, 0, 1, 2 ], "texture": "#metal" }
    }
},
{
    "__comment": "Hinge extra",
    "from": [ 0.5, 3.5, 2 ],
    "to": [ 2, 5, 14 ],
    "rotation": { "origin": [ 0.5, 5, 2 ], "axis": "z", "angle": 45 },
    "faces": {
        "down":  { "uv": [ 14.5, 14, 13, 2 ], "texture": "#metal" },
        "up":    { "uv": [ 1.5, 2, 3, 14 ], "texture": "#metal" },
        "west":  { "uv": [ 2, 0, 14, 1.5 ], "texture": "#metal" },
        "east":  { "uv": [ 2, 0, 14, 1.5 ], "texture": "#metal" }
    }
},
{
    "__comment": "Door Bot",
    "from": [ 0, 2, 14 ],
    "to": [ 3, 16, 16 ],
    "faces": {
        "north": { "uv": [ 13, 0, 16, 14 ], "texture": "#texture" },
        "south": { "uv": [ 0, 0, 3, 14 ], "texture": "#texture" },
        "west":  { "uv": [ 14, 0, 16, 14 ], "texture": "#texture" },
        "east":  { "uv": [ 0, 0, 2, 14 ], "texture": "#texture" }
    }
},
{
    "__comment": "Door Bot",
    "from": [ 0, 2, 0 ],
    "to": [ 3, 16, 2 ],
    "faces": {
        "north": { "uv": [ 13, 0, 16, 14 ], "texture": "#texture" },
        "south": { "uv": [ 0, 0, 3, 14 ], "texture": "#texture" },
        "west":  { "uv": [ 0, 0, 2, 14 ], "texture": "#texture" },
        "east":  { "uv": [ 14, 0, 16, 14 ], "texture": "#texture" }
    }
},
{
    "__comment": "Door Bot",
    "from": [ 0, 0, 0 ],
    "to": [ 3, 2, 16 ],
    "faces": {
        "down":  { "uv": [ 16, 15, 0, 12 ], "rotation": 90, "texture": "#texture" },
        "up":    { "uv": [ 0, 4, 16, 7 ], "rotation": 90, "texture": "#texture" },
        "north": { "uv": [ 13, 14, 16, 16 ], "texture": "#texture" },
        "south": { "uv": [ 0, 14, 3, 16 ], "texture": "#texture" },
        "west":  { "uv": [ 0, 14, 16, 16 ], "texture": "#texture" },
        "east":  { "uv": [ 0, 14, 16, 16 ], "texture": "#texture" }
    }
},
{
    "__comment": "Bot Diag Mid",
    "from": [ 0.5, 2, 3 ],
    "to": [ 2, 16, 4.5 ],
    "rotation": { "origin": [ 0.5, 2, 3 ], "axis": "y", "angle": 45 },
    "faces": {
        "north": { "uv": [ 2, 0, 3, 14 ], "texture": "#texture" },
        "south": { "uv": [ 12, 0, 13, 14 ], "texture": "#texture" },
        "west":  { "uv": [ 3, 0, 4, 14 ], "texture": "#texture" },
        "east":  { "uv": [ 13, 0, 14, 14 ], "texture": "#texture" }
    }
},
{
    "__comment": "Bot Diag Mid",
    "from": [ 0.5, 2, 5 ],
    "to": [ 2, 16, 6.5 ],
    "rotation": { "origin": [ 0.5, 2, 5 ], "axis": "y", "angle": 45 },
    "faces": {
        "north": { "uv": [ 4, 0, 5, 14 ], "texture": "#texture" },
        "south": { "uv": [ 10, 0, 11, 14 ], "texture": "#texture" },
        "west":  { "uv": [ 5, 0, 6, 14 ], "texture": "#texture" },
        "east":  { "uv": [ 11, 0, 12, 14 ], "texture": "#texture" }
    }
},
{
    "__comment": "Bot Diag Mid",
    "from": [ 0.5, 2, 7 ],
    "to": [ 2, 16, 8.5 ],
    "rotation": { "origin": [ 0.5, 2, 7 ], "axis": "y", "angle": 45 },
    "faces": {
        "north": { "uv": [ 6, 0, 7, 14 ], "texture": "#texture" },
        "south": { "uv": [ 8, 0, 9, 14 ], "texture": "#texture" },
        "west":  { "uv": [ 7, 0, 8, 14 ], "texture": "#texture" },
        "east":  { "uv": [ 9, 0, 10, 14 ], "texture": "#texture" }
    }
},
{
    "__comment": "Bot Diag Mid",
    "from": [ 0.5, 2, 9 ],
    "to": [ 2, 16, 10.5 ],
    "rotation": { "origin": [ 0.5, 2, 9 ], "axis": "y", "angle": 45 },
    "faces": {
        "north": { "uv": [ 8, 0, 9, 14 ], "texture": "#texture" },
        "south": { "uv": [ 6, 0, 7, 14 ], "texture": "#texture" },
        "west":  { "uv": [ 9, 0, 10, 14 ], "texture": "#texture" },
        "east":  { "uv": [ 7, 0, 8, 14 ], "texture": "#texture" }
    }
},
{
    "__comment": "Bot Diag Mid",
    "from": [ 0.5, 2, 11 ],
    "to": [ 2, 16, 12.5 ],
    "rotation": { "origin": [ 0.5, 2, 11 ], "axis": "y", "angle": 45 },
    "faces": {
        "north": { "uv": [ 10, 0, 11, 14 ], "texture": "#texture" },
        "south": { "uv": [ 4, 0, 5, 14 ], "texture": "#texture" },
        "west":  { "uv": [ 11, 0, 12, 14 ], "texture": "#texture" },
        "east":  { "uv": [ 5, 0, 6, 14 ], "texture": "#texture" }
    }
},
{
    "__comment": "Bot Diag Mid",
    "from": [ 0.5, 2, 13 ],
    "to": [ 2, 16, 14.5 ],
    "rotation": { "origin": [ 0.5, 2, 13 ], "axis": "y", "angle": 45 },
    "faces": {
        "north": { "uv": [ 12, 0, 13, 14 ], "texture": "#texture" },
        "south": { "uv": [ 2, 0, 3, 14 ], "texture": "#texture" },
        "west":  { "uv": [ 13, 0, 14, 14 ], "texture": "#texture" },
        "east":  { "uv": [ 3, 0, 4, 14 ], "texture": "#texture" }
    }
}
]
}