{
"__comment": "Designed by Sibsib92 with BDcraft Cubik PRO 0.95 Beta - http://bdcraft.net",
"ambientocclusion": false,
"textures": {
    "particle": "blocks/stone"
},
"elements": [ 
{
    "__comment": "Stone",
    "from": [ 1, 0, 1 ],
    "to": [ 5, 1, 5 ],
    "faces": {
        "down":  { "uv": [ 14.999, 4.999, 11.001, 1.001 ], "texture": "#particle" },
        "up":    { "uv": [ 1.001, 1.001, 4.999, 4.999 ], "texture": "#particle" },
        "north": { "uv": [ 11.001, 15.001, 14.999, 15.999 ], "texture": "#particle" },
        "south": { "uv": [ 1.001, 15.001, 4.999, 15.999 ], "texture": "#particle" },
        "west":  { "uv": [ 1.001, 15.001, 4.999, 15.999 ], "texture": "#particle" },
        "east":  { "uv": [ 11.001, 15.001, 14.999, 15.999 ], "texture": "#particle" }
    }
},
{
    "__comment": "Stone",
    "from": [ 6, 0, 1 ],
    "to": [ 10, 1, 5 ],
    "faces": {
        "down":  { "uv": [ 9.999, 4.999, 6.001, 1.001 ], "texture": "#particle" },
        "up":    { "uv": [ 6.001, 1.001, 9.999, 4.999 ], "texture": "#particle" },
        "north": { "uv": [ 6.001, 15.001, 9.999, 15.999 ], "texture": "#particle" },
        "south": { "uv": [ 6.001, 15.001, 9.999, 15.999 ], "texture": "#particle" },
        "west":  { "uv": [ 1.001, 15.001, 4.999, 15.999 ], "texture": "#particle" },
        "east":  { "uv": [ 11.001, 15.001, 14.999, 15.999 ], "texture": "#particle" }
    }
},
{
    "__comment": "Stone",
    "from": [ 11, 0, 1 ],
    "to": [ 15, 1, 5 ],
    "faces": {
        "down":  { "uv": [ 4.999, 4.999, 1.001, 1.001 ], "texture": "#particle" },
        "up":    { "uv": [ 11.001, 1.001, 14.999, 4.999 ], "texture": "#particle" },
        "north": { "uv": [ 1.001, 15.001, 4.999, 15.999 ], "texture": "#particle" },
        "south": { "uv": [ 11.001, 15.001, 14.999, 15.999 ], "texture": "#particle" },
        "west":  { "uv": [ 1.001, 15.001, 4.999, 15.999 ], "texture": "#particle" },
        "east":  { "uv": [ 11.001, 15.001, 14.999, 15.999 ], "texture": "#particle" }
    }
},
{
    "__comment": "Stone",
    "from": [ 1, 0, 6 ],
    "to": [ 5, 1, 10 ],
    "faces": {
        "down":  { "uv": [ 14.999, 9.999, 11.001, 6.001 ], "texture": "#particle" },
        "up":    { "uv": [ 1.001, 6.001, 4.999, 9.999 ], "texture": "#particle" },
        "north": { "uv": [ 11.001, 15.001, 14.999, 15.999 ], "texture": "#particle" },
        "south": { "uv": [ 1.001, 15.001, 4.999, 15.999 ], "texture": "#particle" },
        "west":  { "uv": [ 6.001, 15.001, 9.999, 15.999 ], "texture": "#particle" },
        "east":  { "uv": [ 6.001, 15.001, 9.999, 15.999 ], "texture": "#particle" }
    }
},
{
    "__comment": "Stone",
    "from": [ 6, 0, 6 ],
    "to": [ 10, 0.5, 10 ],
    "faces": {
        "down":  { "uv": [ 9.999, 9.999, 6.001, 6.001 ], "texture": "#particle" },
        "up":    { "uv": [ 6.001, 6.001, 9.999, 9.999 ], "texture": "#particle" },
        "north": { "uv": [ 6.001, 15.501, 9.999, 15.999 ], "texture": "#particle" },
        "south": { "uv": [ 6.001, 15.501, 9.999, 15.999 ], "texture": "#particle" },
        "west":  { "uv": [ 6.001, 15.501, 9.999, 15.999 ], "texture": "#particle" },
        "east":  { "uv": [ 6.001, 15.501, 9.999, 15.999 ], "texture": "#particle" }
    }
},
{
    "__comment": "Stone",
    "from": [ 11, 0, 6 ],
    "to": [ 15, 1, 10 ],
    "faces": {
        "down":  { "uv": [ 4.999, 9.999, 1.001, 6.001 ], "texture": "#particle" },
        "up":    { "uv": [ 11.001, 6.001, 14.999, 9.999 ], "texture": "#particle" },
        "north": { "uv": [ 1.001, 15.001, 4.999, 15.999 ], "texture": "#particle" },
        "south": { "uv": [ 11.001, 15.001, 14.999, 15.999 ], "texture": "#particle" },
        "west":  { "uv": [ 6.001, 15.001, 9.999, 15.999 ], "texture": "#particle" },
        "east":  { "uv": [ 6.001, 15.001, 9.999, 15.999 ], "texture": "#particle" }
    }
},
{
    "__comment": "Stone",
    "from": [ 1, 0, 11 ],
    "to": [ 5, 1, 15 ],
    "faces": {
        "down":  { "uv": [ 14.999, 14.999, 11.001, 11.001 ], "texture": "#particle" },
        "up":    { "uv": [ 1.001, 11.001, 4.999, 14.999 ], "texture": "#particle" },
        "north": { "uv": [ 11.001, 15.001, 14.999, 15.999 ], "texture": "#particle" },
        "south": { "uv": [ 1.001, 15.001, 4.999, 15.999 ], "texture": "#particle" },
        "west":  { "uv": [ 11.001, 15.001, 14.999, 15.999 ], "texture": "#particle" },
        "east":  { "uv": [ 1.001, 15.001, 4.999, 15.999 ], "texture": "#particle" }
    }
},
{
    "__comment": "Stone",
    "from": [ 6, 0, 11 ],
    "to": [ 10, 1, 15 ],
    "faces": {
        "down":  { "uv": [ 9.999, 14.999, 6.001, 11.001 ], "texture": "#particle" },
        "up":    { "uv": [ 6.001, 11.001, 9.999, 14.999 ], "texture": "#particle" },
        "north": { "uv": [ 6.001, 15.001, 9.999, 15.999 ], "texture": "#particle" },
        "south": { "uv": [ 6.001, 15.001, 9.999, 15.999 ], "texture": "#particle" },
        "west":  { "uv": [ 11.001, 15.001, 14.999, 15.999 ], "texture": "#particle" },
        "east":  { "uv": [ 1.001, 15.001, 4.999, 15.999 ], "texture": "#particle" }
    }
},
{
    "__comment": "Stone",
    "from": [ 11, 0, 11 ],
    "to": [ 15, 1, 15 ],
    "faces": {
        "down":  { "uv": [ 4.999, 14.999, 1.001, 11.001 ], "texture": "#particle" },
        "up":    { "uv": [ 11.001, 11.001, 14.999, 14.999 ], "texture": "#particle" },
        "north": { "uv": [ 1.001, 15.001, 4.999, 15.999 ], "texture": "#particle" },
        "south": { "uv": [ 11.001, 15.001, 14.999, 15.999 ], "texture": "#particle" },
        "west":  { "uv": [ 11.001, 15.001, 14.999, 15.999 ], "texture": "#particle" },
        "east":  { "uv": [ 1.001, 15.001, 4.999, 15.999 ], "texture": "#particle" }
    }
}
]
}