{
"__comment": "Designed by Sibsib92 with BDcraft Cubik PRO 0.95 Beta - http://bdcraft.net",
"ambientocclusion": false,
"textures": {
    "particle": "blocks/stone"
},
"elements": [ 
{
    "from": [ 6, 0.5, 5 ],
    "to": [ 10, 1.5, 11 ],
    "faces": {
        "up":    { "uv": [ 6.001, 5.001, 9.999, 10.999 ], "texture": "#particle" },
        "north": { "uv": [ 6.001, 14.501, 9.999, 15.499 ], "texture": "#particle" },
        "south": { "uv": [ 6.001, 14.501, 9.999, 15.499 ], "texture": "#particle" },
        "west":  { "uv": [ 5.001, 14.501, 10.999, 15.499 ], "texture": "#particle" },
        "east":  { "uv": [ 5.001, 14.501, 10.999, 15.499 ], "texture": "#particle" }
    }
},
{
    "from": [ 5, 0.5, 6 ],
    "to": [ 11, 1.5, 10 ],
    "faces": {
        "up":    { "uv": [ 5.001, 6.001, 10.999, 9.999 ], "texture": "#particle" },
        "north": { "uv": [ 5.001, 14.501, 10.999, 15.499 ], "texture": "#particle" },
        "south": { "uv": [ 5.001, 14.501, 10.999, 15.499 ], "texture": "#particle" },
        "west":  { "uv": [ 6.001, 14.501, 9.999, 15.499 ], "texture": "#particle" },
        "east":  { "uv": [ 6.001, 14.501, 9.999, 15.499 ], "texture": "#particle" }
    }
},
{
    "from": [ 5, 0, 4 ],
    "to": [ 11, 1, 12 ],
    "faces": {
        "down":  { "uv": [ 10.999, 11.999, 5.001, 4.001 ], "texture": "#particle" },
        "up":    { "uv": [ 5.001, 4.001, 10.999, 11.999 ], "texture": "#particle" },
        "north": { "uv": [ 5.001, 15.001, 10.999, 15.999 ], "texture": "#particle" },
        "south": { "uv": [ 5.001, 15.001, 10.999, 15.999 ], "texture": "#particle" },
        "west":  { "uv": [ 4.001, 15.001, 11.999, 15.999 ], "texture": "#particle" },
        "east":  { "uv": [ 4.001, 15.001, 11.999, 15.999 ], "texture": "#particle" }
    }
},
{
    "from": [ 4, 0, 5 ],
    "to": [ 12, 1, 11 ],
    "faces": {
        "down":  { "uv": [ 11.999, 10.999, 4.001, 5.001 ], "texture": "#particle" },
        "up":    { "uv": [ 4.001, 5.001, 11.999, 10.999 ], "texture": "#particle" },
        "north": { "uv": [ 4.001, 15.001, 11.999, 15.999 ], "texture": "#particle" },
        "south": { "uv": [ 4.001, 15.001, 11.999, 15.999 ], "texture": "#particle" },
        "west":  { "uv": [ 5.001, 15.001, 10.999, 15.999 ], "texture": "#particle" },
        "east":  { "uv": [ 5.001, 15.001, 10.999, 15.999 ], "texture": "#particle" }
    }
}
]
}