{
"__comment": "Designed by Sibsib92 with BDcraft Cubik PRO 0.95 Beta - http://bdcraft.net",
"textures": {
    "particle": "blocks/tnt_side",
    "texture": "blocks/planks_oak"
},
"elements": [ 
{
    "__comment": "Wood",
    "from": [ 0, 15, 0 ],
    "to": [ 16, 16, 16 ],
    "faces": {
        "down":  { "uv": [ 15.999, 15.999, 0.001, 0.001 ], "texture": "#texture" },
        "up":    { "uv": [ 0.001, 0.001, 15.999, 15.999 ], "texture": "#texture" },
        "north": { "uv": [ 0.001, 0.001, 15.999, 0.999 ], "texture": "#texture" },
        "south": { "uv": [ 0.001, 0.001, 15.999, 0.999 ], "texture": "#texture" },
        "west":  { "uv": [ 0.001, 0.001, 15.999, 0.999 ], "texture": "#texture" },
        "east":  { "uv": [ 0.001, 0.001, 15.999, 0.999 ], "texture": "#texture" }
    }
},
{
    "__comment": "Wood",
    "from": [ 0, 0, 0 ],
    "to": [ 16, 1, 16 ],
    "faces": {
        "down":  { "uv": [ 15.999, 15.999, 0.001, 0.001 ], "texture": "#texture" },
        "up":    { "uv": [ 0.001, 0.001, 15.999, 15.999 ], "texture": "#texture" },
        "north": { "uv": [ 0.001, 15.001, 15.999, 15.999 ], "texture": "#texture" },
        "south": { "uv": [ 0.001, 15.001, 15.999, 15.999 ], "texture": "#texture" },
        "west":  { "uv": [ 0.001, 15.001, 15.999, 15.999 ], "texture": "#texture" },
        "east":  { "uv": [ 0.001, 15.001, 15.999, 15.999 ], "texture": "#texture" }
    }
},
{
    "__comment": "Wood",
    "from": [ 3.5, 1, 3.5 ],
    "to": [ 12.5, 15, 12.5 ],
    "faces": {
        "north": { "uv": [ 3.501, 1.001, 12.499, 14.999 ], "texture": "#texture" },
        "south": { "uv": [ 3.501, 1.001, 12.499, 14.999 ], "texture": "#texture" },
        "west":  { "uv": [ 3.501, 1.001, 12.499, 14.999 ], "texture": "#texture" },
        "east":  { "uv": [ 3.501, 1.001, 12.499, 14.999 ], "texture": "#texture" }
    }
},
{
    "__comment": "Wood",
    "from": [ 0, 1, 0 ],
    "to": [ 2, 15, 2 ],
    "faces": {
        "north": { "uv": [ 14.001, 1.001, 15.999, 14.999 ], "texture": "#texture" },
        "south": { "uv": [ 0.001, 1.001, 1.999, 14.999 ], "texture": "#texture" },
        "west":  { "uv": [ 0.001, 1.001, 1.999, 14.999 ], "texture": "#texture" },
        "east":  { "uv": [ 14.001, 1.001, 15.999, 14.999 ], "texture": "#texture" }
    }
},
{
    "__comment": "Wood",
    "from": [ 14, 1, 0 ],
    "to": [ 16, 15, 2 ],
    "faces": {
        "north": { "uv": [ 0.001, 1.001, 1.999, 14.999 ], "texture": "#texture" },
        "south": { "uv": [ 14.001, 1.001, 15.999, 14.999 ], "texture": "#texture" },
        "west":  { "uv": [ 0.001, 1.001, 1.999, 14.999 ], "texture": "#texture" },
        "east":  { "uv": [ 14.001, 1.001, 15.999, 14.999 ], "texture": "#texture" }
    }
},
{
    "__comment": "Wood",
    "from": [ 0, 1, 14 ],
    "to": [ 2, 15, 16 ],
    "faces": {
        "north": { "uv": [ 14.001, 1.001, 15.999, 14.999 ], "texture": "#texture" },
        "south": { "uv": [ 0.001, 1.001, 1.999, 14.999 ], "texture": "#texture" },
        "west":  { "uv": [ 14.001, 1.001, 15.999, 14.999 ], "texture": "#texture" },
        "east":  { "uv": [ 0.001, 1.001, 1.999, 14.999 ], "texture": "#texture" }
    }
},
{
    "__comment": "Wood",
    "from": [ 14, 1, 14 ],
    "to": [ 16, 15, 16 ],
    "faces": {
        "north": { "uv": [ 0.001, 1.001, 1.999, 14.999 ], "texture": "#texture" },
        "south": { "uv": [ 14.001, 1.001, 15.999, 14.999 ], "texture": "#texture" },
        "west":  { "uv": [ 14.001, 1.001, 15.999, 14.999 ], "texture": "#texture" },
        "east":  { "uv": [ 0.001, 1.001, 1.999, 14.999 ], "texture": "#texture" }
    }
},
{
    "__comment": "TNT",
    "from": [ 1.5, 1, 1.5 ],
    "to": [ 3.5, 15, 3.5 ],
    "faces": {
        "north": { "uv": [ 15.749, 1.001, 14.251, 14.999 ], "texture": "#particle" },
        "south": { "uv": [ 15.749, 1.001, 14.251, 14.999 ], "texture": "#particle" },
        "west":  { "uv": [ 14.251, 1.001, 15.749, 14.999 ], "texture": "#particle" },
        "east":  { "uv": [ 14.251, 1.001, 15.749, 14.999 ], "texture": "#particle" }
    }
},
{
    "__comment": "TNT",
    "from": [ 12.5, 1, 1.5 ],
    "to": [ 14.5, 15, 3.5 ],
    "faces": {
        "north": { "uv": [ 15.749, 1.001, 14.251, 14.999 ], "texture": "#particle" },
        "south": { "uv": [ 15.749, 1.001, 14.251, 14.999 ], "texture": "#particle" },
        "west":  { "uv": [ 14.251, 1.001, 15.749, 14.999 ], "texture": "#particle" },
        "east":  { "uv": [ 14.251, 1.001, 15.749, 14.999 ], "texture": "#particle" }
    }
},
{
    "__comment": "TNT",
    "from": [ 12.5, 1, 12.5 ],
    "to": [ 14.5, 15, 14.5 ],
    "faces": {
        "north": { "uv": [ 15.749, 1.001, 14.251, 14.999 ], "texture": "#particle" },
        "south": { "uv": [ 15.749, 1.001, 14.251, 14.999 ], "texture": "#particle" },
        "west":  { "uv": [ 14.251, 1.001, 15.749, 14.999 ], "texture": "#particle" },
        "east":  { "uv": [ 14.251, 1.001, 15.749, 14.999 ], "texture": "#particle" }
    }
},
{
    "__comment": "TNT",
    "from": [ 1.5, 1, 12.5 ],
    "to": [ 3.5, 15, 14.5 ],
    "faces": {
        "north": { "uv": [ 15.749, 1.001, 14.251, 14.999 ], "texture": "#particle" },
        "south": { "uv": [ 15.749, 1.001, 14.251, 14.999 ], "texture": "#particle" },
        "west":  { "uv": [ 14.251, 1.001, 15.749, 14.999 ], "texture": "#particle" },
        "east":  { "uv": [ 14.251, 1.001, 15.749, 14.999 ], "texture": "#particle" }
    }
},
{
    "__comment": "TNT",
    "from": [ 4.25, 1, 1 ],
    "to": [ 6.25, 15, 3 ],
    "faces": {
        "north": { "uv": [ 15.749, 1.001, 14.251, 14.999 ], "texture": "#particle" },
        "west":  { "uv": [ 14.251, 1.001, 15.749, 14.999 ], "texture": "#particle" },
        "east":  { "uv": [ 14.251, 1.001, 15.749, 14.999 ], "texture": "#particle" }
    }
},
{
    "__comment": "TNT",
    "from": [ 7, 1, 0.5 ],
    "to": [ 9, 15, 2.5 ],
    "faces": {
        "north": { "uv": [ 15.749, 1.001, 14.251, 14.999 ], "texture": "#particle" },
        "west":  { "uv": [ 14.251, 1.001, 15.749, 14.999 ], "texture": "#particle" },
        "east":  { "uv": [ 14.251, 1.001, 15.749, 14.999 ], "texture": "#particle" }
    }
},
{
    "__comment": "TNT",
    "from": [ 9.75, 1, 1 ],
    "to": [ 11.75, 15, 3 ],
    "faces": {
        "north": { "uv": [ 15.749, 1.001, 14.251, 14.999 ], "texture": "#particle" },
        "west":  { "uv": [ 14.251, 1.001, 15.749, 14.999 ], "texture": "#particle" },
        "east":  { "uv": [ 14.251, 1.001, 15.749, 14.999 ], "texture": "#particle" }
    }
},
{
    "__comment": "TNT",
    "from": [ 13, 1, 4.25 ],
    "to": [ 15, 15, 6.25 ],
    "faces": {
        "north": { "uv": [ 14.251, 1.001, 15.749, 14.999 ], "texture": "#particle" },
        "south": { "uv": [ 14.251, 1.001, 15.749, 14.999 ], "texture": "#particle" },
        "east":  { "uv": [ 15.749, 1.001, 14.251, 14.999 ], "texture": "#particle" }
    }
},
{
    "__comment": "TNT",
    "from": [ 13.5, 1, 7 ],
    "to": [ 15.5, 15, 9 ],
    "faces": {
        "north": { "uv": [ 14.251, 1.001, 15.749, 14.999 ], "texture": "#particle" },
        "south": { "uv": [ 14.251, 1.001, 15.749, 14.999 ], "texture": "#particle" },
        "east":  { "uv": [ 15.749, 1.001, 14.251, 14.999 ], "texture": "#particle" }
    }
},
{
    "__comment": "TNT",
    "from": [ 13, 1, 9.75 ],
    "to": [ 15, 15, 11.75 ],
    "faces": {
        "north": { "uv": [ 14.251, 1.001, 15.749, 14.999 ], "texture": "#particle" },
        "south": { "uv": [ 14.251, 1.001, 15.749, 14.999 ], "texture": "#particle" },
        "east":  { "uv": [ 15.749, 1.001, 14.251, 14.999 ], "texture": "#particle" }
    }
},
{
    "__comment": "TNT",
    "from": [ 9.75, 1, 13 ],
    "to": [ 11.75, 15, 15 ],
    "faces": {
        "south": { "uv": [ 15.749, 1.001, 14.251, 14.999 ], "texture": "#particle" },
        "west":  { "uv": [ 14.251, 1.001, 15.749, 14.999 ], "texture": "#particle" },
        "east":  { "uv": [ 14.251, 1.001, 15.749, 14.999 ], "texture": "#particle" }
    }
},
{
    "__comment": "TNT",
    "from": [ 7, 1, 13.5 ],
    "to": [ 9, 15, 15.5 ],
    "faces": {
        "south": { "uv": [ 15.749, 1.001, 14.251, 14.999 ], "texture": "#particle" },
        "west":  { "uv": [ 14.251, 1.001, 15.749, 14.999 ], "texture": "#particle" },
        "east":  { "uv": [ 14.251, 1.001, 15.749, 14.999 ], "texture": "#particle" }
    }
},
{
    "__comment": "TNT",
    "from": [ 4.25, 1, 13 ],
    "to": [ 6.25, 15, 15 ],
    "faces": {
        "south": { "uv": [ 15.749, 1.001, 14.251, 14.999 ], "texture": "#particle" },
        "west":  { "uv": [ 14.251, 1.001, 15.749, 14.999 ], "texture": "#particle" },
        "east":  { "uv": [ 14.251, 1.001, 15.749, 14.999 ], "texture": "#particle" }
    }
},
{
    "__comment": "TNT",
    "from": [ 1, 1, 9.75 ],
    "to": [ 3, 15, 11.75 ],
    "faces": {
        "north": { "uv": [ 14.251, 1.001, 15.749, 14.999 ], "texture": "#particle" },
        "south": { "uv": [ 14.251, 1.001, 15.749, 14.999 ], "texture": "#particle" },
        "west":  { "uv": [ 15.749, 1.001, 14.251, 14.999 ], "texture": "#particle" }
    }
},
{
    "__comment": "TNT",
    "from": [ 0.5, 1, 7 ],
    "to": [ 2.5, 15, 9 ],
    "faces": {
        "north": { "uv": [ 14.251, 1.001, 15.749, 14.999 ], "texture": "#particle" },
        "south": { "uv": [ 14.251, 1.001, 15.749, 14.999 ], "texture": "#particle" },
        "west":  { "uv": [ 15.749, 1.001, 14.251, 14.999 ], "texture": "#particle" }
    }
},
{
    "__comment": "TNT",
    "from": [ 1, 1, 4.25 ],
    "to": [ 3, 15, 6.25 ],
    "faces": {
        "north": { "uv": [ 14.251, 1.001, 15.749, 14.999 ], "texture": "#particle" },
        "south": { "uv": [ 14.251, 1.001, 15.749, 14.999 ], "texture": "#particle" },
        "west":  { "uv": [ 15.749, 1.001, 14.251, 14.999 ], "texture": "#particle" }
    }
},
{
    "__comment": "Label",
    "from": [ 2.75, -0.1, 2.5 ],
    "to": [ 16.75, 16.1, 8.5 ],
    "rotation": { "origin": [ 2.75, -0.1, 2.5 ], "axis": "y", "angle": -22.5 },
    "faces": {
        "down":  { "uv": [ 14.999, 10.749, 1.251, 5.251 ], "texture": "#particle" },
        "up":    { "uv": [ 1.001, 5.251, 14.999, 10.749 ], "texture": "#particle" }
    }
}
],
"display": {
    "thirdperson_righthand": {
        "rotation": [ 40, 0, 0 ],
        "translation": [ 0, 0, 0 ],
        "scale": [ 0.35, 0.35, 0.35 ]
    },
    "thirdperson_lefthand": {
        "rotation": [ 40, 0, 0 ],
        "translation": [ 0, 0, 0 ],
        "scale": [ 0.35, 0.35, 0.35 ]
    },
    "head": {
        "rotation": [ 0, 0, 0 ],
        "translation": [ 0, 0, 0 ],
        "scale": [ 1, 1, 1 ]
    },
    "ground": {
        "rotation": [ 0, 0, 0 ],
        "translation": [ 0, 3, 0 ],
        "scale": [ 0.25, 0.25, 0.25 ]
    },
    "fixed": {
        "rotation": [ 0, 0, 0 ],
        "translation": [ 0, 0, 0 ],
        "scale": [ 0.5, 0.5, 0.5 ]
    },
    "firstperson_righthand": {
        "rotation": [ 0, 0, 0 ],
        "translation": [ 0, 0, 0 ],
        "scale": [ 0.25, 0.25, 0.25 ]
    },
    "firstperson_lefthand": {
        "rotation": [ 0, 0, 0 ],
        "translation": [ 0, 0, 0 ],
        "scale": [ 0.25, 0.25, 0.25 ]
    },
    "gui": {
        "rotation": [ 30, 45, 0 ],
        "translation": [ 0, 0, 0 ],
        "scale": [ 0.65, 0.65, 0.65 ]
    }
}
}