{
"__comment": "Designed by Sibsib92 with BDcraft Cubik PRO 0.95 Beta - http://bdcraft.net",
"ambientocclusion": false,
"textures": {
    "particle": "blocks/redstone_torch_off",
    "texture": "blocks/planks_oak",
    "indicator": "blocks/redstone_block",
    "material": "blocks/coal_block"
},
"elements": [ 
{
    "__comment": "Redstone",
    "from": [ 7.5, 9.9375, 7.5 ],
    "to": [ 8.5, 10.25, 8.5 ],
    "faces": {
        "down":  { "uv": [ 7.001, 7.999, 8.999, 6.001 ], "texture": "#material" },
        "up":    { "uv": [ 7.001, 14.001, 8.999, 15.999 ], "texture": "#material" },
        "north": { "uv": [ 7.001, 15.001, 8.999, 15.999 ], "texture": "#material" },
        "south": { "uv": [ 7.001, 15.001, 8.999, 15.999 ], "texture": "#material" },
        "west":  { "uv": [ 7.001, 15.001, 8.999, 15.999 ], "texture": "#material" },
        "east":  { "uv": [ 7.001, 15.001, 8.999, 15.999 ], "texture": "#material" }
    }
},
{
    "__comment": "Redstone",
    "from": [ 7.5, 8.5, 6.6875 ],
    "to": [ 8.5, 9.5, 9.25 ],
    "faces": {
        "down":  { "uv": [ 7.001, 15.999, 8.999, 14.001 ], "texture": "#material" },
        "up":    { "uv": [ 7.001, 14.001, 8.999, 15.999 ], "texture": "#material" },
        "north": { "uv": [ 7.001, 14.001, 8.999, 15.999 ], "texture": "#material" },
        "south": { "uv": [ 7.001, 14.001, 8.999, 15.999 ], "texture": "#material" },
        "west":  { "uv": [ 7.001, 14.001, 8.999, 15.999 ], "texture": "#material" },
        "east":  { "uv": [ 7.001, 14.001, 8.999, 15.999 ], "texture": "#material" }
    }
},
{
    "__comment": "Redstone",
    "from": [ 6.6875, 8.5, 7.5 ],
    "to": [ 9.25, 9.5, 8.5625 ],
    "faces": {
        "down":  { "uv": [ 7.001, 15.999, 8.999, 14.001 ], "texture": "#material" },
        "up":    { "uv": [ 7.001, 14.001, 8.999, 15.999 ], "texture": "#material" },
        "north": { "uv": [ 7.001, 14.001, 8.999, 15.999 ], "texture": "#material" },
        "south": { "uv": [ 7.001, 14.001, 8.999, 15.999 ], "texture": "#material" },
        "west":  { "uv": [ 7.001, 14.001, 8.999, 15.999 ], "texture": "#material" },
        "east":  { "uv": [ 7.001, 14.001, 8.999, 15.999 ], "texture": "#material" }
    }
},
{
    "__comment": "Redstone",
    "from": [ 7, 8, 7 ],
    "to": [ 9, 10, 9 ],
    "faces": {
        "down":  { "uv": [ 7.001, 15.999, 8.999, 14.001 ], "texture": "#material" },
        "up":    { "uv": [ 7.001, 14.001, 8.999, 15.999 ], "texture": "#material" },
        "north": { "uv": [ 7.001, 14.001, 8.999, 15.999 ], "texture": "#material" },
        "south": { "uv": [ 7.001, 14.001, 8.999, 15.999 ], "texture": "#material" },
        "west":  { "uv": [ 7.001, 14.001, 8.999, 15.999 ], "texture": "#material" },
        "east":  { "uv": [ 7.001, 14.001, 8.999, 15.999 ], "texture": "#material" }
    }
},
{
    "__comment": "Redstone",
    "from": [ 7.25, 2.5, 7.75 ],
    "to": [ 8.75, 4, 8.25 ],
    "faces": {
        "down":  { "uv": [ 7.251, 9.249, 8.749, 8.751 ], "texture": "#indicator" },
        "north": { "uv": [ 7.251, 12.001, 8.749, 13.499 ], "texture": "#indicator" },
        "south": { "uv": [ 7.251, 12.001, 8.749, 13.499 ], "texture": "#indicator" },
        "west":  { "uv": [ 7.751, 12.001, 8.249, 13.499 ], "texture": "#indicator" },
        "east":  { "uv": [ 7.751, 12.001, 8.249, 13.499 ], "texture": "#indicator" }
    }
},
{
    "__comment": "Redstone",
    "from": [ 7.75, 2.5, 7.25 ],
    "to": [ 8.25, 4, 8.75 ],
    "faces": {
        "down":  { "uv": [ 7.751, 9.749, 8.249, 8.251 ], "texture": "#indicator" },
        "north": { "uv": [ 7.751, 12.001, 8.249, 13.499 ], "texture": "#indicator" },
        "south": { "uv": [ 7.751, 12.001, 8.249, 13.499 ], "texture": "#indicator" },
        "west":  { "uv": [ 7.251, 12.001, 8.749, 13.499 ], "texture": "#indicator" },
        "east":  { "uv": [ 7.251, 12.001, 8.749, 13.499 ], "texture": "#indicator" }
    }
},
{
    "__comment": "Wood",
    "from": [ 7.5, 0, 7.5 ],
    "to": [ 8.5, 4, 8.5 ],
    "faces": {
        "down":  { "uv": [ 10.001, 7.999, 10.999, 7.001 ], "texture": "#texture" },
        "north": { "uv": [ 7.501, 12.001, 8.499, 15.999 ], "texture": "#texture" },
        "south": { "uv": [ 7.501, 12.001, 8.499, 15.999 ], "texture": "#texture" },
        "west":  { "uv": [ 7.501, 12.001, 8.499, 15.999 ], "texture": "#texture" },
        "east":  { "uv": [ 7.501, 12.001, 8.499, 15.999 ], "texture": "#texture" }
    }
},
{
    "__comment": "Wood",
    "from": [ 7, 4, 7.5 ],
    "to": [ 9, 8, 8.5 ],
    "faces": {
        "down":  { "uv": [ 10.001, 7.999, 11.999, 7.001 ], "texture": "#texture" },
        "north": { "uv": [ 7.001, 8.001, 8.999, 11.999 ], "texture": "#texture" },
        "south": { "uv": [ 7.001, 8.001, 8.999, 11.999 ], "texture": "#texture" },
        "west":  { "uv": [ 7.501, 8.001, 8.499, 11.999 ], "texture": "#texture" },
        "east":  { "uv": [ 7.501, 8.001, 8.499, 11.999 ], "texture": "#texture" }
    }
},
{
    "__comment": "Wood",
    "from": [ 7.5, 4, 7 ],
    "to": [ 8.5, 8, 9 ],
    "faces": {
        "down":  { "uv": [ 10.001, 7.999, 10.999, 6.001 ], "texture": "#texture" },
        "north": { "uv": [ 7.501, 8.001, 8.499, 11.999 ], "texture": "#texture" },
        "south": { "uv": [ 7.501, 8.001, 8.499, 11.999 ], "texture": "#texture" },
        "west":  { "uv": [ 7.001, 8.001, 8.999, 11.999 ], "texture": "#texture" },
        "east":  { "uv": [ 7.001, 8.001, 8.999, 11.999 ], "texture": "#texture" }
    }
},
{
    "__comment": "Redstone",
    "from": [ 6.6875, 7, 7.75 ],
    "to": [ 9.25, 8.5, 8.25 ],
    "faces": {
        "down":  { "uv": [ 7.251, 9.249, 8.749, 8.751 ], "texture": "#indicator" },
        "north": { "uv": [ 7.251, 12.001, 8.749, 13.499 ], "texture": "#indicator" },
        "south": { "uv": [ 7.251, 12.001, 8.749, 13.499 ], "texture": "#indicator" },
        "west":  { "uv": [ 7.751, 12.001, 8.249, 13.499 ], "texture": "#indicator" },
        "east":  { "uv": [ 7.751, 12.001, 8.249, 13.499 ], "texture": "#indicator" }
    }
},
{
    "__comment": "Redstone",
    "from": [ 7.75, 7, 6.6875 ],
    "to": [ 8.25, 8.5, 9.25 ],
    "faces": {
        "down":  { "uv": [ 7.751, 9.749, 8.249, 8.251 ], "texture": "#indicator" },
        "north": { "uv": [ 7.751, 12.001, 8.249, 13.499 ], "texture": "#indicator" },
        "south": { "uv": [ 7.751, 12.001, 8.249, 13.499 ], "texture": "#indicator" },
        "west":  { "uv": [ 7.251, 12.001, 8.749, 13.499 ], "texture": "#indicator" },
        "east":  { "uv": [ 7.251, 12.001, 8.749, 13.499 ], "texture": "#indicator" }
    }
}
]
}