{
"__comment": "Designed by Sibsib92 with BDcraft Cubik PRO 0.95 Beta - http://bdcraft.net",
"ambientocclusion": false,
"textures": {
    "particle": "blocks/planks_oak"
},
"elements": [ 
{
    "__comment": "Wood",
    "from": [ 1, 0, 1 ],
    "to": [ 15, 1, 5 ],
    "faces": {
        "down":  { "uv": [ 1.001, 4.999, 14.999, 1.001 ], "texture": "#particle" },
        "up":    { "uv": [ 1.001, 1.001, 14.999, 4.999 ], "texture": "#particle" },
        "north": { "uv": [ 14.999, 1.001, 1.001, 1.999 ], "texture": "#particle" },
        "south": { "uv": [ 1.001, 4.001, 14.999, 4.999 ], "texture": "#particle" },
        "west":  { "uv": [ 1.001, 4.999, 1.999, 1.001 ], "rotation": 90, "texture": "#particle" },
        "east":  { "uv": [ 14.001, 1.001, 14.999, 4.999 ], "rotation": 90, "texture": "#particle" }
    }
},
{
    "__comment": "Wood",
    "from": [ 1, 0, 6 ],
    "to": [ 15, 0.5, 10 ],
    "faces": {
        "down":  { "uv": [ 1.001, 9.999, 14.999, 6.001 ], "texture": "#particle" },
        "up":    { "uv": [ 1.001, 6.001, 14.999, 9.999 ], "texture": "#particle" },
        "north": { "uv": [ 14.999, 6.001, 1.001, 6.499 ], "texture": "#particle" },
        "south": { "uv": [ 1.001, 9.001, 14.999, 9.499 ], "texture": "#particle" },
        "west":  { "uv": [ 1.001, 9.999, 1.499, 6.001 ], "rotation": 90, "texture": "#particle" },
        "east":  { "uv": [ 14.001, 6.001, 14.499, 9.999 ], "rotation": 90, "texture": "#particle" }
    }
},
{
    "__comment": "Wood",
    "from": [ 1, 0, 11 ],
    "to": [ 15, 1, 15 ],
    "faces": {
        "down":  { "uv": [ 1.001, 14.999, 14.999, 11.001 ], "texture": "#particle" },
        "up":    { "uv": [ 1.001, 11.001, 14.999, 14.999 ], "texture": "#particle" },
        "north": { "uv": [ 14.999, 11.001, 1.001, 11.999 ], "texture": "#particle" },
        "south": { "uv": [ 1.001, 14.001, 14.999, 14.999 ], "texture": "#particle" },
        "west":  { "uv": [ 1.001, 14.999, 1.999, 11.001 ], "rotation": 90, "texture": "#particle" },
        "east":  { "uv": [ 14.001, 11.001, 14.999, 14.999 ], "rotation": 90, "texture": "#particle" }
    }
}
]
}