{
"__comment": "Designed by Sibsib92 with BDcraft Cubik PRO 0.96 Beta - http://bdcraft.net",
"ambientocclusion": false,
"textures": {
    "particle": "blocks/planks_oak"
},
"elements": [ 
{
    "from": [ 6, 1, 5 ],
    "to": [ 10, 2, 11 ],
    "faces": {
        "up":    { "uv": [ 6.001, 5.001, 9.999, 10.999 ], "texture": "#particle" },
        "north": { "uv": [ 6.001, 14.001, 9.999, 14.999 ], "texture": "#particle" },
        "south": { "uv": [ 6.001, 14.001, 9.999, 14.999 ], "texture": "#particle" },
        "west":  { "uv": [ 5.001, 14.001, 10.999, 14.999 ], "texture": "#particle" },
        "east":  { "uv": [ 5.001, 14.001, 10.999, 14.999 ], "texture": "#particle" }
    }
},
{
    "from": [ 5, 1, 6 ],
    "to": [ 11, 2, 10 ],
    "faces": {
        "up":    { "uv": [ 5.001, 6.001, 10.999, 9.999 ], "texture": "#particle" },
        "north": { "uv": [ 5.001, 14.001, 10.999, 14.999 ], "texture": "#particle" },
        "south": { "uv": [ 5.001, 14.001, 10.999, 14.999 ], "texture": "#particle" },
        "west":  { "uv": [ 6.001, 14.001, 9.999, 14.999 ], "texture": "#particle" },
        "east":  { "uv": [ 6.001, 14.001, 9.999, 14.999 ], "texture": "#particle" }
    }
},
{
    "from": [ 5, 0, 4 ],
    "to": [ 11, 1, 12 ],
    "faces": {
        "down":  { "uv": [ 10.999, 11.999, 5.001, 4.001 ], "texture": "#particle" },
        "up":    { "uv": [ 5.001, 4.001, 10.999, 11.999 ], "texture": "#particle" },
        "north": { "uv": [ 5.001, 15.001, 10.999, 15.999 ], "texture": "#particle" },
        "south": { "uv": [ 5.001, 15.001, 10.999, 15.999 ], "texture": "#particle" },
        "west":  { "uv": [ 4.001, 15.001, 11.999, 15.999 ], "texture": "#particle" },
        "east":  { "uv": [ 4.001, 15.001, 11.999, 15.999 ], "texture": "#particle" }
    }
},
{
    "from": [ 4, 0, 5 ],
    "to": [ 12, 1, 11 ],
    "faces": {
        "down":  { "uv": [ 11.999, 10.999, 4.001, 5.001 ], "texture": "#particle" },
        "up":    { "uv": [ 4.001, 5.001, 11.999, 10.999 ], "texture": "#particle" },
        "north": { "uv": [ 4.001, 15.001, 11.999, 15.999 ], "texture": "#particle" },
        "south": { "uv": [ 4.001, 15.001, 11.999, 15.999 ], "texture": "#particle" },
        "west":  { "uv": [ 5.001, 15.001, 10.999, 15.999 ], "texture": "#particle" },
        "east":  { "uv": [ 5.001, 15.001, 10.999, 15.999 ], "texture": "#particle" }
    }
}
],
"display": {
    "thirdperson_righthand": {
        "rotation": [ 35, 0, 0 ],
        "translation": [ 0, 3, 2 ],
        "scale": [ 0.5, 0.5, 0.5 ]
    },
    "thirdperson_lefthand": {
        "rotation": [ 35, 0, 0 ],
        "translation": [ 0, 3, 2 ],
        "scale": [ 0.5, 0.5, 0.5 ]
    },
    "head": {
        "rotation": [ 0, 0, 0 ],
        "translation": [ 0, 14, 0 ],
        "scale": [ 1, 1, 1 ]
    },
    "ground": {
        "rotation": [ 0, 0, 0 ],
        "translation": [ 0, 3, 0 ],
        "scale": [ 0.35, 0.35, 0.35 ]
    },
    "fixed": {
        "rotation": [ -90, 0, 0 ],
        "translation": [ 0, 0, -7 ],
        "scale": [ 1, 1, 1 ]
    },
    "firstperson_righthand": {
        "rotation": [ 0, 0, 0 ],
        "translation": [ 2, 1.5, 0 ],
        "scale": [ 0.25, 0.25, 0.25 ]
    },
    "firstperson_lefthand": {
        "rotation": [ 0, 0, 0 ],
        "translation": [ 2, 1.5, 0 ],
        "scale": [ 0.25, 0.25, 0.25 ]
    },
    "gui": {
        "rotation": [ 30, 45, 0 ],
        "translation": [ 0, 4, 0 ],
        "scale": [ 0.75, 0.75, 0.75 ]
    }
}
}