{
    "__comment": "Created by Filal",
    "variants": {
        "":  [
            { "model": "block/acacia_leaves" },
            { "model": "block/acacia_leaves2" },
            { "model": "block/acacia_leaves2", "y": 90 },
            { "model": "block/acacia_leaves2", "y": 180 },
            { "model": "block/acacia_leaves2", "y": 270 },
            { "model": "block/acacia_leaves1" },
            { "model": "block/acacia_leaves1", "y": 90 },
            { "model": "block/acacia_leaves1", "y": 180 },
            { "model": "block/acacia_leaves1", "y": 270 }
        ]
    }
}
