{
    "__comment": "Created by Filal",
    "variants": {
        "facing=east,half=bottom,shape=straight": { "model": "block/brick_stairs_e" },
        "facing=west,half=bottom,shape=straight": { "model": "block/brick_stairs_w" },
        "facing=south,half=bottom,shape=straight": { "model": "block/brick_stairs_s" },
        "facing=north,half=bottom,shape=straight": { "model": "block/brick_stairs_n" },
        "facing=east,half=bottom,shape=outer_right": { "model": "block/brick_stairs_outer_se" },
        "facing=west,half=bottom,shape=outer_right": { "model": "block/brick_stairs_outer_nw" },
        "facing=south,half=bottom,shape=outer_right": { "model": "block/brick_stairs_outer_sw" },
        "facing=north,half=bottom,shape=outer_right": { "model": "block/brick_stairs_outer_ne" },
        "facing=east,half=bottom,shape=outer_left": { "model": "block/brick_stairs_outer_ne" },
        "facing=west,half=bottom,shape=outer_left": { "model": "block/brick_stairs_outer_sw" },
        "facing=south,half=bottom,shape=outer_left": { "model": "block/brick_stairs_outer_se" },
        "facing=north,half=bottom,shape=outer_left": { "model": "block/brick_stairs_outer_nw" },
        "facing=east,half=bottom,shape=inner_right": { "model": "block/brick_stairs_inner_nw" },
        "facing=west,half=bottom,shape=inner_right": { "model": "block/brick_stairs_inner_se" },
        "facing=south,half=bottom,shape=inner_right": { "model": "block/brick_stairs_inner_ne" },
        "facing=north,half=bottom,shape=inner_right": { "model": "block/brick_stairs_inner_sw" },
        "facing=east,half=bottom,shape=inner_left": { "model": "block/brick_stairs_inner_sw" },
        "facing=west,half=bottom,shape=inner_left": { "model": "block/brick_stairs_inner_ne" },
        "facing=south,half=bottom,shape=inner_left": { "model": "block/brick_stairs_inner_nw" },
        "facing=north,half=bottom,shape=inner_left": { "model": "block/brick_stairs_inner_se" },
        "facing=east,half=top,shape=straight": { "model": "block/brick_stairs_top_e" },
        "facing=west,half=top,shape=straight": { "model": "block/brick_stairs_top_w" },
        "facing=south,half=top,shape=straight": { "model": "block/brick_stairs_top_s" },
        "facing=north,half=top,shape=straight": { "model": "block/brick_stairs_top_n" },
        "facing=east,half=top,shape=outer_right": { "model": "block/brick_stairs_outer_top_se" },
        "facing=west,half=top,shape=outer_right": { "model": "block/brick_stairs_outer_top_nw" },
        "facing=south,half=top,shape=outer_right": { "model": "block/brick_stairs_outer_top_sw" },
        "facing=north,half=top,shape=outer_right": { "model": "block/brick_stairs_outer_top_ne" },
        "facing=east,half=top,shape=outer_left": { "model": "block/brick_stairs_outer_top_ne" },
        "facing=west,half=top,shape=outer_left": { "model": "block/brick_stairs_outer_top_sw" },
        "facing=south,half=top,shape=outer_left": { "model": "block/brick_stairs_outer_top_se" },
        "facing=north,half=top,shape=outer_left": { "model": "block/brick_stairs_outer_top_nw" },
        "facing=east,half=top,shape=inner_right": { "model": "block/brick_stairs_inner_top_nw" },
        "facing=west,half=top,shape=inner_right": { "model": "block/brick_stairs_inner_top_se" },
        "facing=south,half=top,shape=inner_right": { "model": "block/brick_stairs_inner_top_ne" },
        "facing=north,half=top,shape=inner_right": { "model": "block/brick_stairs_inner_top_sw" },
        "facing=east,half=top,shape=inner_left": { "model": "block/brick_stairs_inner_top_sw" },
        "facing=west,half=top,shape=inner_left": { "model": "block/brick_stairs_inner_top_ne" },
        "facing=south,half=top,shape=inner_left": { "model": "block/brick_stairs_inner_top_nw" },
        "facing=north,half=top,shape=inner_left": { "model": "block/brick_stairs_inner_top_se" }
    }
}
