{
    "variants": {
        "": [
			{ "model": "block/potted_poppy" },
			{ "model": "block/potted_poppy", "y": 90 },
			{ "model": "block/potted_poppy", "y": 180 },
			{ "model": "block/potted_poppy", "y": 270 },
			{ "model": "block/potted_poppy1" },
			{ "model": "block/potted_poppy1", "y": 90 },
			{ "model": "block/potted_poppy1", "y": 180 },
			{ "model": "block/potted_poppy1", "y": 270 },
			{ "model": "block/potted_poppy2" },
			{ "model": "block/potted_poppy2", "y": 90 },
			{ "model": "block/potted_poppy2", "y": 180 },
			{ "model": "block/potted_poppy2", "y": 270 },
			{ "model": "block/potted_poppy3" },
			{ "model": "block/potted_poppy3", "y": 90 },
			{ "model": "block/potted_poppy3", "y": 180 },
			{ "model": "block/potted_poppy3", "y": 270 }
		]
    }
}
