{
    "__comment": "Created by Filal",
    "variants": {
        "facing=east,half=bottom,shape=straight": [
        { "model": "block/red_sandstone_stairs_e" },
        { "model": "block/red_sandstone_stairs_e1" },
        { "model": "block/red_sandstone_stairs_e2" },
        { "model": "block/red_sandstone_stairs_e3" },
        { "model": "block/red_sandstone_stairs_e4" },
        { "model": "block/red_sandstone_stairs_e5" }
        ],
        "facing=west,half=bottom,shape=straight": [
        { "model": "block/red_sandstone_stairs_w" },
        { "model": "block/red_sandstone_stairs_w1" },
        { "model": "block/red_sandstone_stairs_w2" },
        { "model": "block/red_sandstone_stairs_w3" },
        { "model": "block/red_sandstone_stairs_w4" },
        { "model": "block/red_sandstone_stairs_w5" }
        ],
        "facing=south,half=bottom,shape=straight": [
        { "model": "block/red_sandstone_stairs_s" },
        { "model": "block/red_sandstone_stairs_s1" },
        { "model": "block/red_sandstone_stairs_s2" },
        { "model": "block/red_sandstone_stairs_s3" },
        { "model": "block/red_sandstone_stairs_s4" },
        { "model": "block/red_sandstone_stairs_s5" }
        ],
        "facing=north,half=bottom,shape=straight": [
        { "model": "block/red_sandstone_stairs_n" },
        { "model": "block/red_sandstone_stairs_n1" },
        { "model": "block/red_sandstone_stairs_n2" },
        { "model": "block/red_sandstone_stairs_n3" },
        { "model": "block/red_sandstone_stairs_n4" },
        { "model": "block/red_sandstone_stairs_n5" }
        ],
        "facing=east,half=bottom,shape=outer_right": [
        { "model": "block/red_sandstone_stairs_outer_se" },
        { "model": "block/red_sandstone_stairs_outer_se1" },
        { "model": "block/red_sandstone_stairs_outer_se2" },
        { "model": "block/red_sandstone_stairs_outer_se3" },
        { "model": "block/red_sandstone_stairs_outer_se4" },
        { "model": "block/red_sandstone_stairs_outer_se5" }
        ],
        "facing=west,half=bottom,shape=outer_right": [
        { "model": "block/red_sandstone_stairs_outer_nw" },
        { "model": "block/red_sandstone_stairs_outer_nw1" },
        { "model": "block/red_sandstone_stairs_outer_nw2" },
        { "model": "block/red_sandstone_stairs_outer_nw3" },
        { "model": "block/red_sandstone_stairs_outer_nw4" },
        { "model": "block/red_sandstone_stairs_outer_nw5" }
        ],
        "facing=south,half=bottom,shape=outer_right": [
        { "model": "block/red_sandstone_stairs_outer_sw" },
        { "model": "block/red_sandstone_stairs_outer_sw1" },
        { "model": "block/red_sandstone_stairs_outer_sw2" },
        { "model": "block/red_sandstone_stairs_outer_sw3" },
        { "model": "block/red_sandstone_stairs_outer_sw4" },
        { "model": "block/red_sandstone_stairs_outer_sw5" }
        ],
        "facing=north,half=bottom,shape=outer_right": [
        { "model": "block/red_sandstone_stairs_outer_ne" },
        { "model": "block/red_sandstone_stairs_outer_ne1" },
        { "model": "block/red_sandstone_stairs_outer_ne2" },
        { "model": "block/red_sandstone_stairs_outer_ne3" },
        { "model": "block/red_sandstone_stairs_outer_ne4" },
        { "model": "block/red_sandstone_stairs_outer_ne5" }
        ],
        "facing=east,half=bottom,shape=outer_left": [
        { "model": "block/red_sandstone_stairs_outer_ne" },
        { "model": "block/red_sandstone_stairs_outer_ne1" },
        { "model": "block/red_sandstone_stairs_outer_ne2" },
        { "model": "block/red_sandstone_stairs_outer_ne3" },
        { "model": "block/red_sandstone_stairs_outer_ne4" },
        { "model": "block/red_sandstone_stairs_outer_ne5" }
        ],
        "facing=west,half=bottom,shape=outer_left": [
        { "model": "block/red_sandstone_stairs_outer_sw" },
        { "model": "block/red_sandstone_stairs_outer_sw1" },
        { "model": "block/red_sandstone_stairs_outer_sw2" },
        { "model": "block/red_sandstone_stairs_outer_sw3" },
        { "model": "block/red_sandstone_stairs_outer_sw4" },
        { "model": "block/red_sandstone_stairs_outer_sw5" }
        ],
        "facing=south,half=bottom,shape=outer_left": [
        { "model": "block/red_sandstone_stairs_outer_se" },
        { "model": "block/red_sandstone_stairs_outer_se1" },
        { "model": "block/red_sandstone_stairs_outer_se2" },
        { "model": "block/red_sandstone_stairs_outer_se3" },
        { "model": "block/red_sandstone_stairs_outer_se4" },
        { "model": "block/red_sandstone_stairs_outer_se5" }
        ],
        "facing=north,half=bottom,shape=outer_left": [
        { "model": "block/red_sandstone_stairs_outer_nw" },
        { "model": "block/red_sandstone_stairs_outer_nw1" },
        { "model": "block/red_sandstone_stairs_outer_nw2" },
        { "model": "block/red_sandstone_stairs_outer_nw3" },
        { "model": "block/red_sandstone_stairs_outer_nw4" },
        { "model": "block/red_sandstone_stairs_outer_nw5" }
        ],
        "facing=east,half=bottom,shape=inner_right": [
        { "model": "block/red_sandstone_stairs_inner_nw" },
        { "model": "block/red_sandstone_stairs_inner_nw1" },
        { "model": "block/red_sandstone_stairs_inner_nw2" },
        { "model": "block/red_sandstone_stairs_inner_nw3" },
        { "model": "block/red_sandstone_stairs_inner_nw4" },
        { "model": "block/red_sandstone_stairs_inner_nw5" }
        ],
        "facing=west,half=bottom,shape=inner_right": [
        { "model": "block/red_sandstone_stairs_inner_se" },
        { "model": "block/red_sandstone_stairs_inner_se1" },
        { "model": "block/red_sandstone_stairs_inner_se2" },
        { "model": "block/red_sandstone_stairs_inner_se3" },
        { "model": "block/red_sandstone_stairs_inner_se4" },
        { "model": "block/red_sandstone_stairs_inner_se5" }
        ],
        "facing=south,half=bottom,shape=inner_right": [
        { "model": "block/red_sandstone_stairs_inner_ne" },
        { "model": "block/red_sandstone_stairs_inner_ne1" },
        { "model": "block/red_sandstone_stairs_inner_ne2" },
        { "model": "block/red_sandstone_stairs_inner_ne3" },
        { "model": "block/red_sandstone_stairs_inner_ne4" },
        { "model": "block/red_sandstone_stairs_inner_ne5" }
        ],
        "facing=north,half=bottom,shape=inner_right": [
        { "model": "block/red_sandstone_stairs_inner_sw" },
        { "model": "block/red_sandstone_stairs_inner_sw1" },
        { "model": "block/red_sandstone_stairs_inner_sw2" },
        { "model": "block/red_sandstone_stairs_inner_sw3" },
        { "model": "block/red_sandstone_stairs_inner_sw4" },
        { "model": "block/red_sandstone_stairs_inner_sw5" }
        ],
        "facing=east,half=bottom,shape=inner_left": [
        { "model": "block/red_sandstone_stairs_inner_sw" },
        { "model": "block/red_sandstone_stairs_inner_sw1" },
        { "model": "block/red_sandstone_stairs_inner_sw2" },
        { "model": "block/red_sandstone_stairs_inner_sw3" },
        { "model": "block/red_sandstone_stairs_inner_sw4" },
        { "model": "block/red_sandstone_stairs_inner_sw5" }
        ],
        "facing=west,half=bottom,shape=inner_left": [
        { "model": "block/red_sandstone_stairs_inner_ne" },
        { "model": "block/red_sandstone_stairs_inner_ne1" },
        { "model": "block/red_sandstone_stairs_inner_ne2" },
        { "model": "block/red_sandstone_stairs_inner_ne3" },
        { "model": "block/red_sandstone_stairs_inner_ne4" },
        { "model": "block/red_sandstone_stairs_inner_ne5" }
        ],
        "facing=south,half=bottom,shape=inner_left": [
        { "model": "block/red_sandstone_stairs_inner_nw" },
        { "model": "block/red_sandstone_stairs_inner_nw1" },
        { "model": "block/red_sandstone_stairs_inner_nw2" },
        { "model": "block/red_sandstone_stairs_inner_nw3" },
        { "model": "block/red_sandstone_stairs_inner_nw4" },
        { "model": "block/red_sandstone_stairs_inner_nw5" }
        ],
        "facing=north,half=bottom,shape=inner_left": [
        { "model": "block/red_sandstone_stairs_inner_se" },
        { "model": "block/red_sandstone_stairs_inner_se1" },
        { "model": "block/red_sandstone_stairs_inner_se2" },
        { "model": "block/red_sandstone_stairs_inner_se3" },
        { "model": "block/red_sandstone_stairs_inner_se4" },
        { "model": "block/red_sandstone_stairs_inner_se5" }
        ],
        "facing=east,half=top,shape=straight": [
        { "model": "block/red_sandstone_stairs_top_e" },
        { "model": "block/red_sandstone_stairs_top_e1" },
        { "model": "block/red_sandstone_stairs_top_e2" },
        { "model": "block/red_sandstone_stairs_top_e3" },
        { "model": "block/red_sandstone_stairs_top_e4" },
        { "model": "block/red_sandstone_stairs_top_e5" }
        ],
        "facing=west,half=top,shape=straight": [
        { "model": "block/red_sandstone_stairs_top_w" },
        { "model": "block/red_sandstone_stairs_top_w1" },
        { "model": "block/red_sandstone_stairs_top_w2" },
        { "model": "block/red_sandstone_stairs_top_w3" },
        { "model": "block/red_sandstone_stairs_top_w4" },
        { "model": "block/red_sandstone_stairs_top_w5" }
        ],
        "facing=south,half=top,shape=straight": [
        { "model": "block/red_sandstone_stairs_top_s" },
        { "model": "block/red_sandstone_stairs_top_s1" },
        { "model": "block/red_sandstone_stairs_top_s2" },
        { "model": "block/red_sandstone_stairs_top_s3" },
        { "model": "block/red_sandstone_stairs_top_s4" },
        { "model": "block/red_sandstone_stairs_top_s5" }
        ],
        "facing=north,half=top,shape=straight": [
        { "model": "block/red_sandstone_stairs_top_n" },
        { "model": "block/red_sandstone_stairs_top_n1" },
        { "model": "block/red_sandstone_stairs_top_n2" },
        { "model": "block/red_sandstone_stairs_top_n3" },
        { "model": "block/red_sandstone_stairs_top_n4" },
        { "model": "block/red_sandstone_stairs_top_n5" }
        ],
        "facing=east,half=top,shape=outer_right": [
        { "model": "block/red_sandstone_stairs_outer_top_se" },
        { "model": "block/red_sandstone_stairs_outer_top_se1" },
        { "model": "block/red_sandstone_stairs_outer_top_se2" },
        { "model": "block/red_sandstone_stairs_outer_top_se3" },
        { "model": "block/red_sandstone_stairs_outer_top_se4" },
        { "model": "block/red_sandstone_stairs_outer_top_se5" }
        ],
        "facing=west,half=top,shape=outer_right": [
        { "model": "block/red_sandstone_stairs_outer_top_nw" },
        { "model": "block/red_sandstone_stairs_outer_top_nw1" },
        { "model": "block/red_sandstone_stairs_outer_top_nw2" },
        { "model": "block/red_sandstone_stairs_outer_top_nw3" },
        { "model": "block/red_sandstone_stairs_outer_top_nw4" },
        { "model": "block/red_sandstone_stairs_outer_top_nw5" }
        ],
        "facing=south,half=top,shape=outer_right": [
        { "model": "block/red_sandstone_stairs_outer_top_sw" },
        { "model": "block/red_sandstone_stairs_outer_top_sw1" },
        { "model": "block/red_sandstone_stairs_outer_top_sw2" },
        { "model": "block/red_sandstone_stairs_outer_top_sw3" },
        { "model": "block/red_sandstone_stairs_outer_top_sw4" },
        { "model": "block/red_sandstone_stairs_outer_top_sw5" }
        ],
        "facing=north,half=top,shape=outer_right": [
        { "model": "block/red_sandstone_stairs_outer_top_ne" },
        { "model": "block/red_sandstone_stairs_outer_top_ne1" },
        { "model": "block/red_sandstone_stairs_outer_top_ne2" },
        { "model": "block/red_sandstone_stairs_outer_top_ne3" },
        { "model": "block/red_sandstone_stairs_outer_top_ne4" },
        { "model": "block/red_sandstone_stairs_outer_top_ne5" }
        ],
        "facing=east,half=top,shape=outer_left": [
        { "model": "block/red_sandstone_stairs_outer_top_ne" },
        { "model": "block/red_sandstone_stairs_outer_top_ne1" },
        { "model": "block/red_sandstone_stairs_outer_top_ne2" },
        { "model": "block/red_sandstone_stairs_outer_top_ne3" },
        { "model": "block/red_sandstone_stairs_outer_top_ne4" },
        { "model": "block/red_sandstone_stairs_outer_top_ne5" }
        ],
        "facing=west,half=top,shape=outer_left": [
        { "model": "block/red_sandstone_stairs_outer_top_sw" },
        { "model": "block/red_sandstone_stairs_outer_top_sw1" },
        { "model": "block/red_sandstone_stairs_outer_top_sw2" },
        { "model": "block/red_sandstone_stairs_outer_top_sw3" },
        { "model": "block/red_sandstone_stairs_outer_top_sw4" },
        { "model": "block/red_sandstone_stairs_outer_top_sw5" }
        ],
        "facing=south,half=top,shape=outer_left": [
        { "model": "block/red_sandstone_stairs_outer_top_se" },
        { "model": "block/red_sandstone_stairs_outer_top_se1" },
        { "model": "block/red_sandstone_stairs_outer_top_se2" },
        { "model": "block/red_sandstone_stairs_outer_top_se3" },
        { "model": "block/red_sandstone_stairs_outer_top_se4" },
        { "model": "block/red_sandstone_stairs_outer_top_se5" }
        ],
        "facing=north,half=top,shape=outer_left": [
        { "model": "block/red_sandstone_stairs_outer_top_nw" },
        { "model": "block/red_sandstone_stairs_outer_top_nw1" },
        { "model": "block/red_sandstone_stairs_outer_top_nw2" },
        { "model": "block/red_sandstone_stairs_outer_top_nw3" },
        { "model": "block/red_sandstone_stairs_outer_top_nw4" },
        { "model": "block/red_sandstone_stairs_outer_top_nw5" }
        ],
        "facing=east,half=top,shape=inner_right": [
        { "model": "block/red_sandstone_stairs_inner_top_nw" },
        { "model": "block/red_sandstone_stairs_inner_top_nw1" },
        { "model": "block/red_sandstone_stairs_inner_top_nw2" },
        { "model": "block/red_sandstone_stairs_inner_top_nw3" },
        { "model": "block/red_sandstone_stairs_inner_top_nw4" },
        { "model": "block/red_sandstone_stairs_inner_top_nw5" }
        ],
        "facing=west,half=top,shape=inner_right": [
        { "model": "block/red_sandstone_stairs_inner_top_se" },
        { "model": "block/red_sandstone_stairs_inner_top_se1" },
        { "model": "block/red_sandstone_stairs_inner_top_se2" },
        { "model": "block/red_sandstone_stairs_inner_top_se3" },
        { "model": "block/red_sandstone_stairs_inner_top_se4" },
        { "model": "block/red_sandstone_stairs_inner_top_se5" }
        ],
        "facing=south,half=top,shape=inner_right": [
        { "model": "block/red_sandstone_stairs_inner_top_ne" },
        { "model": "block/red_sandstone_stairs_inner_top_ne1" },
        { "model": "block/red_sandstone_stairs_inner_top_ne2" },
        { "model": "block/red_sandstone_stairs_inner_top_ne3" },
        { "model": "block/red_sandstone_stairs_inner_top_ne4" },
        { "model": "block/red_sandstone_stairs_inner_top_ne5" }
        ],
        "facing=north,half=top,shape=inner_right": [
        { "model": "block/red_sandstone_stairs_inner_top_sw" },
        { "model": "block/red_sandstone_stairs_inner_top_sw1" },
        { "model": "block/red_sandstone_stairs_inner_top_sw2" },
        { "model": "block/red_sandstone_stairs_inner_top_sw3" },
        { "model": "block/red_sandstone_stairs_inner_top_sw4" },
        { "model": "block/red_sandstone_stairs_inner_top_sw5" }
        ],
        "facing=east,half=top,shape=inner_left": [
        { "model": "block/red_sandstone_stairs_inner_top_sw" },
        { "model": "block/red_sandstone_stairs_inner_top_sw1" },
        { "model": "block/red_sandstone_stairs_inner_top_sw2" },
        { "model": "block/red_sandstone_stairs_inner_top_sw3" },
        { "model": "block/red_sandstone_stairs_inner_top_sw4" },
        { "model": "block/red_sandstone_stairs_inner_top_sw5" }
        ],
        "facing=west,half=top,shape=inner_left": [
        { "model": "block/red_sandstone_stairs_inner_top_ne" },
        { "model": "block/red_sandstone_stairs_inner_top_ne1" },
        { "model": "block/red_sandstone_stairs_inner_top_ne2" },
        { "model": "block/red_sandstone_stairs_inner_top_ne3" },
        { "model": "block/red_sandstone_stairs_inner_top_ne4" },
        { "model": "block/red_sandstone_stairs_inner_top_ne5" }
        ],
        "facing=south,half=top,shape=inner_left": [
        { "model": "block/red_sandstone_stairs_inner_top_nw" },
        { "model": "block/red_sandstone_stairs_inner_top_nw1" },
        { "model": "block/red_sandstone_stairs_inner_top_nw2" },
        { "model": "block/red_sandstone_stairs_inner_top_nw3" },
        { "model": "block/red_sandstone_stairs_inner_top_nw4" },
        { "model": "block/red_sandstone_stairs_inner_top_nw5" }
        ],
        "facing=north,half=top,shape=inner_left": [
        { "model": "block/red_sandstone_stairs_inner_top_se" },
        { "model": "block/red_sandstone_stairs_inner_top_se1" },
        { "model": "block/red_sandstone_stairs_inner_top_se2" },
        { "model": "block/red_sandstone_stairs_inner_top_se3" },
        { "model": "block/red_sandstone_stairs_inner_top_se4" },
        { "model": "block/red_sandstone_stairs_inner_top_se5" }
        ]
    }
}
