{
    "__comment": "JimStoneCraft - 2018",
    "variants": {
        "": [
            { "model": "block/smooth_stone", "weight": 3 },
            { "model": "block/smooth_stone", "y": 90, "weight": 3 },
            { "model": "block/smooth_stone", "y": 180, "weight": 3 },
            { "model": "block/smooth_stone", "y": 270, "weight": 3 },
            { "model": "block/smooth_stone1", "weight": 2 },
            { "model": "block/smooth_stone1", "y": 90, "weight": 2 },
            { "model": "block/smooth_stone1", "y": 180, "weight": 2 },
            { "model": "block/smooth_stone1", "y": 270, "weight": 2 },
            { "model": "block/smooth_stone2", "weight": 1 },
            { "model": "block/smooth_stone2", "y": 90, "weight": 1 },
            { "model": "block/smooth_stone2", "y": 180, "weight": 1 },
            { "model": "block/smooth_stone2", "y": 270, "weight": 1 },
            { "model": "block/smooth_stone3", "weight": 2 },
            { "model": "block/smooth_stone3", "y": 90, "weight": 2 },
            { "model": "block/smooth_stone3", "y": 180, "weight": 2 },
            { "model": "block/smooth_stone3", "y": 270, "weight": 2 }
        ]
    }
}
