{
    "__comment": "Created by Filal",
    "variants": {
        "":  [
            { "model": "block/spruce_leaves" },
            { "model": "block/spruce_leaves", "y": 90 },
            { "model": "block/spruce_leaves", "y": 180 },
            { "model": "block/spruce_leaves", "y": 270 },
            { "model": "block/spruce_leaves_1" },
            { "model": "block/spruce_leaves_1", "y": 90 },
            { "model": "block/spruce_leaves_1", "y": 180 },
            { "model": "block/spruce_leaves_1", "y": 270 },
            { "model": "block/spruce_leaves_2" },
            { "model": "block/spruce_leaves_2", "y": 90 },
            { "model": "block/spruce_leaves_2", "y": 180 },
            { "model": "block/spruce_leaves_2", "y": 270 },
            { "model": "block/spruce_leaves_3" },
            { "model": "block/spruce_leaves_3", "y": 90 },
            { "model": "block/spruce_leaves_3", "y": 180 },
            { "model": "block/spruce_leaves_3", "y": 270 },
            { "model": "block/spruce_leaves1" },
            { "model": "block/spruce_leaves1", "y": 90 },
            { "model": "block/spruce_leaves1", "y": 180 },
            { "model": "block/spruce_leaves1", "y": 270 },
            { "model": "block/spruce_leaves1_1" },
            { "model": "block/spruce_leaves1_1", "y": 90 },
            { "model": "block/spruce_leaves1_1", "y": 180 },
            { "model": "block/spruce_leaves1_1", "y": 270 },
            { "model": "block/spruce_leaves1_2" },
            { "model": "block/spruce_leaves1_2", "y": 90 },
            { "model": "block/spruce_leaves1_2", "y": 180 },
            { "model": "block/spruce_leaves1_2", "y": 270 },
            { "model": "block/spruce_leaves1_3" },
            { "model": "block/spruce_leaves1_3", "y": 90 },
            { "model": "block/spruce_leaves1_3", "y": 180 },
            { "model": "block/spruce_leaves1_3", "y": 270 },
            { "model": "block/spruce_leaves2" },
            { "model": "block/spruce_leaves2", "y": 90 },
            { "model": "block/spruce_leaves2", "y": 180 },
            { "model": "block/spruce_leaves2", "y": 270 },
            { "model": "block/spruce_leaves2_1" },
            { "model": "block/spruce_leaves2_1", "y": 90 },
            { "model": "block/spruce_leaves2_1", "y": 180 },
            { "model": "block/spruce_leaves2_1", "y": 270 },
            { "model": "block/spruce_leaves2_2" },
            { "model": "block/spruce_leaves2_2", "y": 90 },
            { "model": "block/spruce_leaves2_2", "y": 180 },
            { "model": "block/spruce_leaves2_2", "y": 270 },
            { "model": "block/spruce_leaves2_3" },
            { "model": "block/spruce_leaves2_3", "y": 90 },
            { "model": "block/spruce_leaves2_3", "y": 180 },
            { "model": "block/spruce_leaves2_3", "y": 270 }
        ]
    }
}
