{
    "__comment": "JimStoneCraft - 2014",
    "variants": {
        "": [
            { "model": "block/white_tulip1" },
            { "model": "block/white_tulip1", "y": 90 },
            { "model": "block/white_tulip1", "y": 180 },
            { "model": "block/white_tulip1", "y": 270 },
            { "model": "block/white_tulip2" },
            { "model": "block/white_tulip2", "y": 90 },
            { "model": "block/white_tulip2", "y": 180 },
            { "model": "block/white_tulip2", "y": 270 },
            { "model": "block/white_tulip" },
            { "model": "block/white_tulip", "y": 90 },
            { "model": "block/white_tulip", "y": 180 },
            { "model": "block/white_tulip", "y": 270 },
            { "model": "block/white_tulip3" },
            { "model": "block/white_tulip3", "y": 90 },
            { "model": "block/white_tulip3", "y": 180 },
            { "model": "block/white_tulip3", "y": 270 }
        ]
    }
}
