{"stats":{"minecraft:custom":{"minecraft:mob_kills":4,"minecraft:interact_with_crafting_table":1,"minecraft:leave_game":32,"minecraft:time_since_death":77386,"minecraft:climb_one_cm":1492,"minecraft:sprint_one_cm":686907,"minecraft:walk_one_cm":780463,"minecraft:drop":356,"minecraft:deaths":20,"minecraft:sneak_time":39667,"minecraft:walk_under_water_one_cm":12392,"minecraft:interact_with_brewingstand":6,"minecraft:jump":6099,"minecraft:walk_on_water_one_cm":1274,"minecraft:tune_noteblock":8,"minecraft:play_one_minute":1071454,"minecraft:pot_flower":137,"minecraft:time_since_rest":77407,"minecraft:damage_taken":1890,"minecraft:trigger_trapped_chest":8,"minecraft:damage_dealt":738,"minecraft:fly_one_cm":8301829,"minecraft:swim_one_cm":18187,"minecraft:crouch_one_cm":76757,"minecraft:inspect_dispenser":1,"minecraft:fall_one_cm":19191},"minecraft:used":{"minecraft:oak_fence":11,"minecraft:iron_bars":412,"minecraft:dead_tube_coral_block":29,"minecraft:flint_and_steel":6,"minecraft:red_concrete":38,"minecraft:dead_horn_coral_block":5,"minecraft:armor_stand":4,"minecraft:spruce_slab":64,"minecraft:dispenser":12,"minecraft:redstone":154,"minecraft:carrot_on_a_stick":418,"minecraft:ladder":10,"minecraft:spruce_planks":98,"minecraft:stone":35,"minecraft:zombie_spawn_egg":3,"minecraft:quartz_stairs":248,"minecraft:dried_kelp_block":30,"minecraft:debug_stick":213,"minecraft:brewing_stand":63,"minecraft:soul_sand":1,"minecraft:anvil":8,"minecraft:white_carpet":8,"minecraft:spruce_stairs":167,"minecraft:nether_brick_slab":16,"minecraft:spruce_fence":4,"minecraft:light_blue_stained_glass":72,"minecraft:dead_brain_coral_block":1,"minecraft:blue_concrete":41,"minecraft:oak_fence_gate":2,"minecraft:sea_lantern":1881,"minecraft:lava_bucket":101,"minecraft:bookshelf":1380,"minecraft:red_wool":8,"minecraft:quartz_slab":196,"minecraft:iron_block":1265,"minecraft:grass_block":1,"minecraft:oak_stairs":145,"minecraft:quartz_block":4037,"minecraft:smooth_quartz":12,"minecraft:item_frame":33,"minecraft:repeater":178,"minecraft:lime_concrete":43,"minecraft:red_carpet":29,"minecraft:redstone_lamp":153,"minecraft:magma_block":1,"minecraft:iron_trapdoor":2,"minecraft:gold_block":47,"minecraft:trapped_chest":3,"minecraft:stone_pressure_plate":8,"minecraft:dead_bubble_coral_block":9,"minecraft:dark_oak_stairs":20,"minecraft:water_bucket":73,"minecraft:diorite":96,"minecraft:end_rod":2,"minecraft:spruce_door":71,"minecraft:polished_andesite":35,"minecraft:powered_rail":19,"minecraft:ender_pearl":1,"minecraft:redstone_block":271,"minecraft:cauldron":24,"minecraft:oak_leaves":421,"minecraft:white_wool":173,"minecraft:diamond_block":4,"minecraft:rail":25,"minecraft:comparator":1,"minecraft:light_blue_concrete":315,"minecraft:oak_slab":51,"minecraft:crafting_table":4,"minecraft:dead_fire_coral_block":9,"minecraft:yellow_concrete":43,"minecraft:note_block":16,"minecraft:black_concrete_powder":2,"minecraft:cyan_stained_glass":41,"minecraft:redstone_torch":3,"minecraft:oak_log":29,"minecraft:sticky_piston":51,"minecraft:lever":3,"minecraft:flower_pot":132,"minecraft:black_concrete":238,"minecraft:command_block":173,"minecraft:barrier":84,"minecraft:string":16,"minecraft:stone_button":9,"minecraft:detector_rail":7,"minecraft:sign":19,"minecraft:magenta_concrete":45,"minecraft:red_terracotta":5,"minecraft:spruce_trapdoor":24,"minecraft:iron_door":132,"minecraft:gravel":25,"minecraft:diamond_sword":10,"minecraft:cobblestone":2,"minecraft:dark_oak_fence":1,"minecraft:white_stained_glass":33,"minecraft:chain_command_block":362,"minecraft:repeating_command_block":70,"minecraft:smooth_stone":3,"minecraft:jukebox":6,"minecraft:cobweb":64},"minecraft:picked_up":{"minecraft:shulker_shell":1,"minecraft:redstone_block":1,"minecraft:ladder":32,"minecraft:iron_boots":1,"minecraft:golden_helmet":1,"minecraft:stone":1,"minecraft:stone_button":1,"minecraft:redstone":10,"minecraft:stone_pressure_plate":1,"minecraft:quartz_block":1,"minecraft:rotten_flesh":4,"minecraft:command_block":1,"minecraft:iron_block":1,"minecraft:rail":1,"minecraft:repeater":2,"minecraft:iron_door":8,"minecraft:flint":1,"minecraft:paper":1,"minecraft:sign":1,"minecraft:debug_stick":1,"minecraft:chain_command_block":1,"minecraft:spruce_door":4,"minecraft:sea_lantern":1,"minecraft:iron_helmet":2,"minecraft:nether_star":1},"minecraft:killed":{"minecraft:shulker":1,"minecraft:zombie":3},"minecraft:dropped":{"minecraft:repeating_command_block":20,"minecraft:golden_helmet":1,"minecraft:nether_star":7,"minecraft:bookshelf":1,"minecraft:feather":1,"minecraft:iron_helmet":6,"minecraft:command_block":87,"minecraft:carrot_on_a_stick":3,"minecraft:gold_block":66,"minecraft:item_frame":1,"minecraft:stick":2,"minecraft:flint":7,"minecraft:sign":2,"minecraft:lava_bucket":1,"minecraft:iron_block":1,"minecraft:diorite":1,"minecraft:repeater":11,"minecraft:smooth_quartz":1,"minecraft:iron_door":70,"minecraft:iron_leggings":1,"minecraft:black_concrete":5,"minecraft:cactus":3,"minecraft:paper":8,"minecraft:redstone_block":144,"minecraft:redstone":136,"minecraft:diamond_block":1,"minecraft:stone_sword":2,"minecraft:wheat":1,"minecraft:iron_boots":2,"minecraft:slime_block":1,"minecraft:light_blue_concrete":6,"minecraft:debug_stick":1,"minecraft:filled_map":1,"minecraft:diamond_sword":1,"minecraft:sea_lantern":15,"minecraft:stone":2,"minecraft:flower_pot":2,"minecraft:iron_chestplate":1,"minecraft:quartz_block":14,"minecraft:quartz_stairs":1,"minecraft:ladder":33,"minecraft:stone_pressure_plate":2,"minecraft:arrow":1,"minecraft:dead_brain_coral_block":64,"minecraft:chain_command_block":343,"minecraft:magma_block":1,"minecraft:oak_leaves":1,"minecraft:dead_tube_coral_block":65}},"DataVersion":1628}