{"stats":{"minecraft:custom":{"minecraft:time_since_rest":2013197,"minecraft:crouch_one_cm":41714,"minecraft:play_one_minute":2013197,"minecraft:sprint_one_cm":362212,"minecraft:damage_taken":40,"minecraft:walk_one_cm":975429,"minecraft:sneak_time":53600,"minecraft:drop":3,"minecraft:jump":1956,"minecraft:leave_game":16,"minecraft:time_since_death":2013197,"minecraft:damage_resisted":10,"minecraft:fall_one_cm":335,"minecraft:fly_one_cm":7983965},"minecraft:used":{"minecraft:stone_brick_stairs":17,"minecraft:oak_trapdoor":2,"minecraft:sticky_piston":4,"minecraft:pink_concrete":389,"minecraft:lever":10,"minecraft:black_concrete":961,"minecraft:sea_lantern":37,"minecraft:lime_concrete":442,"minecraft:command_block":50,"minecraft:black_stained_glass":11,"minecraft:light_blue_concrete":180,"minecraft:orange_concrete":1,"minecraft:flint_and_steel":1,"minecraft:quartz_slab":11,"minecraft:light_gray_concrete":2,"minecraft:black_stained_glass_pane":18,"minecraft:lime_stained_glass":2,"minecraft:red_concrete":412,"minecraft:string":10,"minecraft:barrier":591,"minecraft:yellow_concrete":380,"minecraft:chain_command_block":24,"minecraft:quartz_block":126,"minecraft:oak_sign":86,"minecraft:repeating_command_block":70,"minecraft:magenta_concrete":1143,"minecraft:white_concrete":29040,"minecraft:stone":4,"minecraft:redstone_block":7,"minecraft:smooth_stone":837,"minecraft:quartz_stairs":80},"minecraft:picked_up":{"minecraft:white_concrete":2},"minecraft:dropped":{"minecraft:white_concrete":3}},"DataVersion":1952}