{"stats":{"minecraft:used":{"minecraft:water_bucket":17,"minecraft:chest":2,"minecraft:fishing_rod":2,"minecraft:stone":24,"minecraft:purple_shulker_box":2,"minecraft:anvil":1,"minecraft:hopper":3,"minecraft:grass_block":10},"minecraft:custom":{"minecraft:jump":36,"minecraft:open_chest":2,"minecraft:time_since_rest":11570,"minecraft:leave_game":1,"minecraft:walk_on_water_one_cm":1017,"minecraft:crouch_one_cm":1194,"minecraft:play_one_minute":11570,"minecraft:open_shulker_box":1,"minecraft:sprint_one_cm":87,"minecraft:time_since_death":11570,"minecraft:walk_one_cm":13992,"minecraft:sneak_time":596,"minecraft:walk_under_water_one_cm":357,"minecraft:interact_with_anvil":2,"minecraft:tune_noteblock":77,"minecraft:fly_one_cm":18038}},"DataVersion":2567}