{
"__comment": "Designed by Mcmakistein with BDcraft Cubik PRO 0.96 Beta - http://bdcraft.net",
"textures": {
    "texture": "custom/c1"
},
"elements": [ 
{
    "from": [ 0, 0, 4 ],
    "to": [ 16, 16, 4.0625 ],
    "faces": {
        "north": { "uv": [ 0.5, 0.5, 1, 1 ], "texture": "#texture" },
        "south": { "uv": [ 0.5, 0.5, 1, 1 ], "texture": "#texture" }
    }
}
],
"display": {
    "ground": {
        "rotation": [ 0, 0, 0 ],
        "translation": [ 0, 0, 0 ],
        "scale": [ 1, 1, 1 ]
    },
    "gui": {
        "rotation": [ 180, 0, 0 ],
        "translation": [ 0, -6.8, 24 ],
        "scale": [ 1.12, 1.92, 1 ]
    }
}
}