{
"__comment": "Designed by Mcmakistein with BDcraft Cubik PRO 0.96 Beta - http://bdcraft.net",
"textures": {
    "texture": "custom/c1"
},
"elements": [ 
{
    "from": [ 0, 15.9375, 0 ],
    "to": [ 16, 16, 16 ],
    "faces": {
        "down":  { "uv": [ 13.5, 13, 7.5, 9.5 ], "texture": "#texture" },
        "up":    { "uv": [ 5, 0, 7, 2 ], "texture": "#texture" }
    }
}
],
"display": {
    "gui": {
        "rotation": [ 90, 0, 0 ],
        "translation": [ 1.7, 9.8, 24 ],
        "scale": [ 1.2, 1.2, 1.2 ]
    }
}
}