{
	"parent": "item/handheld",
	"textures": {
		"layer0": "items/carrot_on_a_stick"
	},
	"overrides": [
		{ "predicate": {"damaged": 0, "damage": 0}, "model": "item/snowballlauncher"},
		{ "predicate": {"damaged": 0, "damage": 0.04}, "model": "item/embassador"},
		{ "predicate": {"damaged": 0, "damage": 0.08}, "model": "item/lyre"},
		{ "predicate": {"damaged": 0, "damage": 0.12}, "model": "item/trident"},
		{ "predicate": {"damaged": 0, "damage": 0.16}, "model": "item/bolt"},
		{ "predicate": {"damaged": 0, "damage": 0.2}, "model": "item/warhammer"},
		{ "predicate": {"damaged": 0, "damage": 0.24}, "model": "item/caduceus"},
		{ "predicate": {"damaged": 0, "damage": 0.28}, "model": "item/gauntlet"},
		{ "predicate": {"damaged": 0, "damage": 0.32}, "model": "item/chronos_staff"}
	]
}