{
"__comment": "Designed by Mcmakistein with BDcraft Cubik PRO 0.95 Beta - http://bdcraft.net",
"textures": {
    "texture": "custom/w1_1",
    "Tnt1": "custom/tnt1",
    "Tnt2": "custom/tnt2",
    "Tnt3": "custom/tnt3",
    "Tnt4": "custom/tnt4"
},
"elements": [ 
{
    "from": [ 7, -13, 7 ],
    "to": [ 10, 19, 10 ],
    "faces": {
        "down":  { "uv": [ 15, 0.5, 15.5, 1 ], "texture": "#texture" },
        "up":    { "uv": [ 15, 0.5, 15.5, 1 ], "texture": "#texture" },
        "north": { "uv": [ 15, 0.5, 15.5, 1 ], "texture": "#texture" },
        "south": { "uv": [ 15, 0.5, 15.5, 1 ], "texture": "#texture" },
        "west":  { "uv": [ 15, 0.5, 15.5, 1 ], "texture": "#texture" },
        "east":  { "uv": [ 15, 0.5, 15.5, 1 ], "texture": "#texture" }
    }
},
{
    "from": [ 6.5, 18, 6.5 ],
    "to": [ 10.5, 19.5, 10.5 ],
    "faces": {
        "down":  { "uv": [ 15, 0.5, 15.5, 1 ], "texture": "#texture" },
        "up":    { "uv": [ 15, 0.5, 15.5, 1 ], "texture": "#texture" },
        "north": { "uv": [ 15, 0.5, 15.5, 1 ], "texture": "#texture" },
        "south": { "uv": [ 15, 0.5, 15.5, 1 ], "texture": "#texture" },
        "west":  { "uv": [ 15, 0.5, 15.5, 1 ], "texture": "#texture" },
        "east":  { "uv": [ 15, 0.5, 15.5, 1 ], "texture": "#texture" }
    }
},
{
    "from": [ 10, -13, 7.5 ],
    "to": [ 10.5, 19, 9.5 ],
    "faces": {
        "down":  { "uv": [ 15, 0.5, 15.5, 1 ], "texture": "#texture" },
        "up":    { "uv": [ 15, 0.5, 15.5, 1 ], "texture": "#texture" },
        "north": { "uv": [ 15, 0.5, 15.5, 1 ], "texture": "#texture" },
        "south": { "uv": [ 15, 0.5, 15.5, 1 ], "texture": "#texture" },
        "west":  { "uv": [ 15, 0.5, 15.5, 1 ], "texture": "#texture" },
        "east":  { "uv": [ 15, 0.5, 15.5, 1 ], "texture": "#texture" }
    }
},
{
    "from": [ 6.5, -13, 7.5 ],
    "to": [ 7, 19, 9.5 ],
    "faces": {
        "down":  { "uv": [ 15, 0.5, 15.5, 1 ], "texture": "#texture" },
        "up":    { "uv": [ 15, 0.5, 15.5, 1 ], "texture": "#texture" },
        "north": { "uv": [ 15, 0.5, 15.5, 1 ], "texture": "#texture" },
        "south": { "uv": [ 15, 0.5, 15.5, 1 ], "texture": "#texture" },
        "west":  { "uv": [ 15, 0.5, 15.5, 1 ], "texture": "#texture" },
        "east":  { "uv": [ 15, 0.5, 15.5, 1 ], "texture": "#texture" }
    }
},
{
    "from": [ 7.5, -13, 10 ],
    "to": [ 9.5, 19, 10.5 ],
    "faces": {
        "down":  { "uv": [ 15, 0.5, 15.5, 1 ], "texture": "#texture" },
        "up":    { "uv": [ 15, 0.5, 15.5, 1 ], "texture": "#texture" },
        "north": { "uv": [ 15, 0.5, 15.5, 1 ], "texture": "#texture" },
        "south": { "uv": [ 15, 0.5, 15.5, 1 ], "texture": "#texture" },
        "west":  { "uv": [ 15, 0.5, 15.5, 1 ], "texture": "#texture" },
        "east":  { "uv": [ 15, 0.5, 15.5, 1 ], "texture": "#texture" }
    }
},
{
    "from": [ 7.5, -13, 6.5 ],
    "to": [ 9.5, 19, 7 ],
    "faces": {
        "down":  { "uv": [ 15, 0.5, 15.5, 1 ], "texture": "#texture" },
        "up":    { "uv": [ 15, 0.5, 15.5, 1 ], "texture": "#texture" },
        "north": { "uv": [ 15, 0.5, 15.5, 1 ], "texture": "#texture" },
        "south": { "uv": [ 15, 0.5, 15.5, 1 ], "texture": "#texture" },
        "west":  { "uv": [ 15, 0.5, 15.5, 1 ], "texture": "#texture" },
        "east":  { "uv": [ 15, 0.5, 15.5, 1 ], "texture": "#texture" }
    }
},
{
    "from": [ 7, -13.5, 7 ],
    "to": [ 10, -13, 10 ],
    "faces": {
        "down":  { "uv": [ 15, 0.5, 15.5, 1 ], "texture": "#texture" },
        "up":    { "uv": [ 15, 0.5, 15.5, 1 ], "texture": "#texture" },
        "north": { "uv": [ 15, 0.5, 15.5, 1 ], "texture": "#texture" },
        "south": { "uv": [ 15, 0.5, 15.5, 1 ], "texture": "#texture" },
        "west":  { "uv": [ 15, 0.5, 15.5, 1 ], "texture": "#texture" },
        "east":  { "uv": [ 15, 0.5, 15.5, 1 ], "texture": "#texture" }
    }
},
{
    "from": [ 7.5, -14.5, 7.5 ],
    "to": [ 9.5, -13.5, 9.5 ],
    "faces": {
        "down":  { "uv": [ 15, 0.5, 15.5, 1 ], "texture": "#texture" },
        "up":    { "uv": [ 15, 0.5, 15.5, 1 ], "texture": "#texture" },
        "north": { "uv": [ 15, 0.5, 15.5, 1 ], "texture": "#texture" },
        "south": { "uv": [ 15, 0.5, 15.5, 1 ], "texture": "#texture" },
        "west":  { "uv": [ 15, 0.5, 15.5, 1 ], "texture": "#texture" },
        "east":  { "uv": [ 15, 0.5, 15.5, 1 ], "texture": "#texture" }
    }
},
{
    "from": [ 8, -15.5, 8 ],
    "to": [ 9, -14.5, 9 ],
    "faces": {
        "down":  { "uv": [ 15, 0.5, 15.5, 1 ], "texture": "#texture" },
        "up":    { "uv": [ 15, 0.5, 15.5, 1 ], "texture": "#texture" },
        "north": { "uv": [ 15, 0.5, 15.5, 1 ], "texture": "#texture" },
        "south": { "uv": [ 15, 0.5, 15.5, 1 ], "texture": "#texture" },
        "west":  { "uv": [ 15, 0.5, 15.5, 1 ], "texture": "#texture" },
        "east":  { "uv": [ 15, 0.5, 15.5, 1 ], "texture": "#texture" }
    }
},
{
    "from": [ 9.625, 4.5, 8.6875 ],
    "to": [ 10.625, 5.5, 9.6875 ],
    "faces": {
        "down":  { "uv": [ 14, 0.5, 14.5, 1 ], "texture": "#texture" },
        "up":    { "uv": [ 14, 0.5, 14.5, 1 ], "texture": "#texture" },
        "north": { "uv": [ 14, 0.5, 14.5, 1 ], "texture": "#texture" },
        "south": { "uv": [ 14, 0.5, 14.5, 1 ], "texture": "#texture" },
        "west":  { "uv": [ 14, 0.5, 14.5, 1 ], "texture": "#texture" },
        "east":  { "uv": [ 14, 0.5, 14.5, 1 ], "texture": "#texture" }
    }
},
{
    "from": [ 10, 5.5, 8 ],
    "to": [ 11, 19, 9 ],
    "faces": {
        "down":  { "uv": [ 14, 0.5, 14.5, 1 ], "texture": "#texture" },
        "up":    { "uv": [ 14, 0.5, 14.5, 1 ], "texture": "#texture" },
        "north": { "uv": [ 14, 0.5, 14.5, 1 ], "texture": "#texture" },
        "south": { "uv": [ 14, 0.5, 14.5, 1 ], "texture": "#texture" },
        "west":  { "uv": [ 14, 0.5, 14.5, 1 ], "texture": "#texture" },
        "east":  { "uv": [ 14, 0.5, 14.5, 1 ], "texture": "#texture" }
    }
},
{
    "from": [ 9.0625, -13.25, 9.125 ],
    "to": [ 10.125, 4.5, 10.125 ],
    "faces": {
        "down":  { "uv": [ 14, 0.5, 14.5, 1 ], "texture": "#texture" },
        "up":    { "uv": [ 14, 0.5, 14.5, 1 ], "texture": "#texture" },
        "north": { "uv": [ 14, 0.5, 14.5, 1 ], "texture": "#texture" },
        "south": { "uv": [ 14, 0.5, 14.5, 1 ], "texture": "#texture" },
        "west":  { "uv": [ 14, 0.5, 14.5, 1 ], "texture": "#texture" },
        "east":  { "uv": [ 14, 0.5, 14.5, 1 ], "texture": "#texture" }
    }
},
{
    "from": [ 8.6875, 4.5, 9.6875 ],
    "to": [ 9.6875, 5.5, 10.6875 ],
    "faces": {
        "down":  { "uv": [ 14, 0.5, 14.5, 1 ], "texture": "#texture" },
        "up":    { "uv": [ 14, 0.5, 14.5, 1 ], "texture": "#texture" },
        "north": { "uv": [ 14, 0.5, 14.5, 1 ], "texture": "#texture" },
        "south": { "uv": [ 14, 0.5, 14.5, 1 ], "texture": "#texture" },
        "west":  { "uv": [ 14, 0.5, 14.5, 1 ], "texture": "#texture" },
        "east":  { "uv": [ 14, 0.5, 14.5, 1 ], "texture": "#texture" }
    }
},
{
    "from": [ 8, 5.5, 10 ],
    "to": [ 9, 19, 11 ],
    "faces": {
        "down":  { "uv": [ 14, 0.5, 14.5, 1 ], "texture": "#texture" },
        "up":    { "uv": [ 14, 0.5, 14.5, 1 ], "texture": "#texture" },
        "north": { "uv": [ 14, 0.5, 14.5, 1 ], "texture": "#texture" },
        "south": { "uv": [ 14, 0.5, 14.5, 1 ], "texture": "#texture" },
        "west":  { "uv": [ 14, 0.5, 14.5, 1 ], "texture": "#texture" },
        "east":  { "uv": [ 14, 0.5, 14.5, 1 ], "texture": "#texture" }
    }
},
{
    "from": [ 6, 5.5, 8 ],
    "to": [ 7, 19, 9 ],
    "faces": {
        "down":  { "uv": [ 14, 0.5, 14.5, 1 ], "texture": "#texture" },
        "up":    { "uv": [ 14, 0.5, 14.5, 1 ], "texture": "#texture" },
        "north": { "uv": [ 14, 0.5, 14.5, 1 ], "texture": "#texture" },
        "south": { "uv": [ 14, 0.5, 14.5, 1 ], "texture": "#texture" },
        "west":  { "uv": [ 14, 0.5, 14.5, 1 ], "texture": "#texture" },
        "east":  { "uv": [ 14, 0.5, 14.5, 1 ], "texture": "#texture" }
    }
},
{
    "from": [ 8, 5.5, 6 ],
    "to": [ 9, 19, 7 ],
    "faces": {
        "down":  { "uv": [ 14, 0.5, 14.5, 1 ], "texture": "#texture" },
        "up":    { "uv": [ 14, 0.5, 14.5, 1 ], "texture": "#texture" },
        "north": { "uv": [ 14, 0.5, 14.5, 1 ], "texture": "#texture" },
        "south": { "uv": [ 14, 0.5, 14.5, 1 ], "texture": "#texture" },
        "west":  { "uv": [ 14, 0.5, 14.5, 1 ], "texture": "#texture" },
        "east":  { "uv": [ 14, 0.5, 14.5, 1 ], "texture": "#texture" }
    }
},
{
    "from": [ 9.6875, 4.5, 7.375 ],
    "to": [ 10.6875, 5.5, 8.375 ],
    "faces": {
        "down":  { "uv": [ 14, 0.5, 14.5, 1 ], "texture": "#texture" },
        "up":    { "uv": [ 14, 0.5, 14.5, 1 ], "texture": "#texture" },
        "north": { "uv": [ 14, 0.5, 14.5, 1 ], "texture": "#texture" },
        "south": { "uv": [ 14, 0.5, 14.5, 1 ], "texture": "#texture" },
        "west":  { "uv": [ 14, 0.5, 14.5, 1 ], "texture": "#texture" },
        "east":  { "uv": [ 14, 0.5, 14.5, 1 ], "texture": "#texture" }
    }
},
{
    "from": [ 9.1875, -13.25, 6.875 ],
    "to": [ 10.125, 4.5, 7.875 ],
    "faces": {
        "down":  { "uv": [ 14, 0.5, 14.5, 1 ], "texture": "#texture" },
        "up":    { "uv": [ 14, 0.5, 14.5, 1 ], "texture": "#texture" },
        "north": { "uv": [ 14, 0.5, 14.5, 1 ], "texture": "#texture" },
        "south": { "uv": [ 14, 0.5, 14.5, 1 ], "texture": "#texture" },
        "west":  { "uv": [ 14, 0.5, 14.5, 1 ], "texture": "#texture" },
        "east":  { "uv": [ 14, 0.5, 14.5, 1 ], "texture": "#texture" }
    }
},
{
    "from": [ 8.625, 4.5, 6.375 ],
    "to": [ 9.625, 5.5, 7.375 ],
    "faces": {
        "down":  { "uv": [ 14, 0.5, 14.5, 1 ], "texture": "#texture" },
        "up":    { "uv": [ 14, 0.5, 14.5, 1 ], "texture": "#texture" },
        "north": { "uv": [ 14, 0.5, 14.5, 1 ], "texture": "#texture" },
        "south": { "uv": [ 14, 0.5, 14.5, 1 ], "texture": "#texture" },
        "west":  { "uv": [ 14, 0.5, 14.5, 1 ], "texture": "#texture" },
        "east":  { "uv": [ 14, 0.5, 14.5, 1 ], "texture": "#texture" }
    }
},
{
    "from": [ 7.3125, 4.5, 9.6875 ],
    "to": [ 8.3125, 5.5, 10.6875 ],
    "faces": {
        "down":  { "uv": [ 14, 0.5, 14.5, 1 ], "texture": "#texture" },
        "up":    { "uv": [ 14, 0.5, 14.5, 1 ], "texture": "#texture" },
        "north": { "uv": [ 14, 0.5, 14.5, 1 ], "texture": "#texture" },
        "south": { "uv": [ 14, 0.5, 14.5, 1 ], "texture": "#texture" },
        "west":  { "uv": [ 14, 0.5, 14.5, 1 ], "texture": "#texture" },
        "east":  { "uv": [ 14, 0.5, 14.5, 1 ], "texture": "#texture" }
    }
},
{
    "from": [ 6.875, -13.25, 9.0625 ],
    "to": [ 7.9375, 4.5, 10.0625 ],
    "faces": {
        "down":  { "uv": [ 14, 0.5, 14.5, 1 ], "texture": "#texture" },
        "up":    { "uv": [ 14, 0.5, 14.5, 1 ], "texture": "#texture" },
        "north": { "uv": [ 14, 0.5, 14.5, 1 ], "texture": "#texture" },
        "south": { "uv": [ 14, 0.5, 14.5, 1 ], "texture": "#texture" },
        "west":  { "uv": [ 14, 0.5, 14.5, 1 ], "texture": "#texture" },
        "east":  { "uv": [ 14, 0.5, 14.5, 1 ], "texture": "#texture" }
    }
},
{
    "from": [ 6.375, 4.5, 8.625 ],
    "to": [ 7.375, 5.5, 9.625 ],
    "faces": {
        "down":  { "uv": [ 14, 0.5, 14.5, 1 ], "texture": "#texture" },
        "up":    { "uv": [ 14, 0.5, 14.5, 1 ], "texture": "#texture" },
        "north": { "uv": [ 14, 0.5, 14.5, 1 ], "texture": "#texture" },
        "south": { "uv": [ 14, 0.5, 14.5, 1 ], "texture": "#texture" },
        "west":  { "uv": [ 14, 0.5, 14.5, 1 ], "texture": "#texture" },
        "east":  { "uv": [ 14, 0.5, 14.5, 1 ], "texture": "#texture" }
    }
},
{
    "from": [ 6.875, -13.25, 6.875 ],
    "to": [ 7.9375, 4.5, 7.875 ],
    "faces": {
        "down":  { "uv": [ 14, 0.5, 14.5, 1 ], "texture": "#texture" },
        "up":    { "uv": [ 14, 0.5, 14.5, 1 ], "texture": "#texture" },
        "north": { "uv": [ 14, 0.5, 14.5, 1 ], "texture": "#texture" },
        "south": { "uv": [ 14, 0.5, 14.5, 1 ], "texture": "#texture" },
        "west":  { "uv": [ 14, 0.5, 14.5, 1 ], "texture": "#texture" },
        "east":  { "uv": [ 14, 0.5, 14.5, 1 ], "texture": "#texture" }
    }
},
{
    "from": [ 6.3125, 4.5, 7.3125 ],
    "to": [ 7.3125, 5.5, 8.3125 ],
    "faces": {
        "down":  { "uv": [ 14, 0.5, 14.5, 1 ], "texture": "#texture" },
        "up":    { "uv": [ 14, 0.5, 14.5, 1 ], "texture": "#texture" },
        "north": { "uv": [ 14, 0.5, 14.5, 1 ], "texture": "#texture" },
        "south": { "uv": [ 14, 0.5, 14.5, 1 ], "texture": "#texture" },
        "west":  { "uv": [ 14, 0.5, 14.5, 1 ], "texture": "#texture" },
        "east":  { "uv": [ 14, 0.5, 14.5, 1 ], "texture": "#texture" }
    }
},
{
    "from": [ 7.3125, 4.5, 6.375 ],
    "to": [ 8.3125, 5.5, 7.375 ],
    "faces": {
        "down":  { "uv": [ 14, 0.5, 14.5, 1 ], "texture": "#texture" },
        "up":    { "uv": [ 14, 0.5, 14.5, 1 ], "texture": "#texture" },
        "north": { "uv": [ 14, 0.5, 14.5, 1 ], "texture": "#texture" },
        "south": { "uv": [ 14, 0.5, 14.5, 1 ], "texture": "#texture" },
        "west":  { "uv": [ 14, 0.5, 14.5, 1 ], "texture": "#texture" },
        "east":  { "uv": [ 14, 0.5, 14.5, 1 ], "texture": "#texture" }
    }
},
{
    "from": [ 9.25, -14.3125, 7.875 ],
    "to": [ 10.25, -12.8125, 9.125 ],
    "rotation": { "origin": [ 9.25, -12.8125, 7.875 ], "axis": "z", "angle": -22.5 },
    "faces": {
        "down":  { "uv": [ 14, 0.5, 14.5, 1 ], "texture": "#texture" },
        "up":    { "uv": [ 14, 0.5, 14.5, 1 ], "texture": "#texture" },
        "north": { "uv": [ 14, 0.5, 14.5, 1 ], "texture": "#texture" },
        "south": { "uv": [ 14, 0.5, 14.5, 1 ], "texture": "#texture" },
        "west":  { "uv": [ 14, 0.5, 14.5, 1 ], "texture": "#texture" },
        "east":  { "uv": [ 14, 0.5, 14.5, 1 ], "texture": "#texture" }
    }
},
{
    "from": [ 6.875, -14.75, 7.875 ],
    "to": [ 7.875, -13.25, 9.125 ],
    "rotation": { "origin": [ 6.875, -13.25, 7.875 ], "axis": "z", "angle": 22.5 },
    "faces": {
        "down":  { "uv": [ 14, 0.5, 14.5, 1 ], "texture": "#texture" },
        "up":    { "uv": [ 14, 0.5, 14.5, 1 ], "texture": "#texture" },
        "north": { "uv": [ 14, 0.5, 14.5, 1 ], "texture": "#texture" },
        "south": { "uv": [ 14, 0.5, 14.5, 1 ], "texture": "#texture" },
        "west":  { "uv": [ 14, 0.5, 14.5, 1 ], "texture": "#texture" },
        "east":  { "uv": [ 14, 0.5, 14.5, 1 ], "texture": "#texture" }
    }
},
{
    "from": [ 7.6875, -14.25, 9.25 ],
    "to": [ 9.0625, -12.75, 10.25 ],
    "rotation": { "origin": [ 7.6875, -12.75, 9.25 ], "axis": "x", "angle": 22.5 },
    "faces": {
        "down":  { "uv": [ 14, 0.5, 14.5, 1 ], "texture": "#texture" },
        "up":    { "uv": [ 14, 0.5, 14.5, 1 ], "texture": "#texture" },
        "north": { "uv": [ 14, 0.5, 14.5, 1 ], "texture": "#texture" },
        "south": { "uv": [ 14, 0.5, 14.5, 1 ], "texture": "#texture" },
        "west":  { "uv": [ 14, 0.5, 14.5, 1 ], "texture": "#texture" },
        "east":  { "uv": [ 14, 0.5, 14.5, 1 ], "texture": "#texture" }
    }
},
{
    "from": [ 7.6875, -14.6875, 6.875 ],
    "to": [ 9.0625, -13.1875, 7.875 ],
    "rotation": { "origin": [ 7.6875, -13.1875, 6.875 ], "axis": "x", "angle": -22.5 },
    "faces": {
        "down":  { "uv": [ 14, 0.5, 14.5, 1 ], "texture": "#texture" },
        "up":    { "uv": [ 14, 0.5, 14.5, 1 ], "texture": "#texture" },
        "north": { "uv": [ 14, 0.5, 14.5, 1 ], "texture": "#texture" },
        "south": { "uv": [ 14, 0.5, 14.5, 1 ], "texture": "#texture" },
        "west":  { "uv": [ 14, 0.5, 14.5, 1 ], "texture": "#texture" },
        "east":  { "uv": [ 14, 0.5, 14.5, 1 ], "texture": "#texture" }
    }
},
{
    "from": [ 8.125, -15.6875, 8.125 ],
    "to": [ 8.875, -14.1875, 8.9375 ],
    "faces": {
        "down":  { "uv": [ 14, 0.5, 14.5, 1 ], "texture": "#texture" },
        "up":    { "uv": [ 14, 0.5, 14.5, 1 ], "texture": "#texture" },
        "north": { "uv": [ 14, 0.5, 14.5, 1 ], "texture": "#texture" },
        "south": { "uv": [ 14, 0.5, 14.5, 1 ], "texture": "#texture" },
        "west":  { "uv": [ 14, 0.5, 14.5, 1 ], "texture": "#texture" },
        "east":  { "uv": [ 14, 0.5, 14.5, 1 ], "texture": "#texture" }
    }
},
{
    "from": [ 10, 18.1875, 7 ],
    "to": [ 12, 19.1875, 10 ],
    "rotation": { "origin": [ 10, 19.1875, 7 ], "axis": "z", "angle": 22.5 },
    "faces": {
        "down":  { "uv": [ 15, 0.5, 15.5, 1 ], "texture": "#texture" },
        "up":    { "uv": [ 15, 0.5, 15.5, 1 ], "texture": "#texture" },
        "north": { "uv": [ 15, 0.5, 15.5, 1 ], "texture": "#texture" },
        "south": { "uv": [ 15, 0.5, 15.5, 1 ], "texture": "#texture" },
        "west":  { "uv": [ 15, 0.5, 15.5, 1 ], "texture": "#texture" },
        "east":  { "uv": [ 15, 0.5, 15.5, 1 ], "texture": "#texture" }
    }
},
{
    "from": [ 11.5, 19, 7.5 ],
    "to": [ 13.625, 19.625, 9.5 ],
    "rotation": { "origin": [ 11.5, 19.625, 7.5 ], "axis": "z", "angle": 45 },
    "faces": {
        "down":  { "uv": [ 15, 0.5, 15.5, 1 ], "texture": "#texture" },
        "up":    { "uv": [ 15, 0.5, 15.5, 1 ], "texture": "#texture" },
        "north": { "uv": [ 15, 0.5, 15.5, 1 ], "texture": "#texture" },
        "south": { "uv": [ 15, 0.5, 15.5, 1 ], "texture": "#texture" },
        "west":  { "uv": [ 15, 0.5, 15.5, 1 ], "texture": "#texture" },
        "east":  { "uv": [ 15, 0.5, 15.5, 1 ], "texture": "#texture" }
    }
},
{
    "from": [ 13.625, 20.6875, 8 ],
    "to": [ 14.1875, 22.625, 9 ],
    "rotation": { "origin": [ 13.625, 22.625, 8 ], "axis": "z", "angle": -22.5 },
    "faces": {
        "down":  { "uv": [ 15, 0.5, 15.5, 1 ], "texture": "#texture" },
        "up":    { "uv": [ 15, 0.5, 15.5, 1 ], "texture": "#texture" },
        "north": { "uv": [ 15, 0.5, 15.5, 1 ], "texture": "#texture" },
        "south": { "uv": [ 15, 0.5, 15.5, 1 ], "texture": "#texture" },
        "west":  { "uv": [ 15, 0.5, 15.5, 1 ], "texture": "#texture" },
        "east":  { "uv": [ 15, 0.5, 15.5, 1 ], "texture": "#texture" }
    }
},
{
    "from": [ 5, 19, 7 ],
    "to": [ 7, 20, 10 ],
    "rotation": { "origin": [ 5, 20, 7 ], "axis": "z", "angle": -22.5 },
    "faces": {
        "down":  { "uv": [ 15, 0.5, 15.5, 1 ], "texture": "#texture" },
        "up":    { "uv": [ 15, 0.5, 15.5, 1 ], "texture": "#texture" },
        "north": { "uv": [ 15, 0.5, 15.5, 1 ], "texture": "#texture" },
        "south": { "uv": [ 15, 0.5, 15.5, 1 ], "texture": "#texture" },
        "west":  { "uv": [ 15, 0.5, 15.5, 1 ], "texture": "#texture" },
        "east":  { "uv": [ 15, 0.5, 15.5, 1 ], "texture": "#texture" }
    }
},
{
    "from": [ 3.625, 20.6875, 7.5 ],
    "to": [ 5.75, 21.3125, 9.5 ],
    "rotation": { "origin": [ 3.625, 21.3125, 7.5 ], "axis": "z", "angle": -45 },
    "faces": {
        "down":  { "uv": [ 15, 0.5, 15.5, 1 ], "texture": "#texture" },
        "up":    { "uv": [ 15, 0.5, 15.5, 1 ], "texture": "#texture" },
        "north": { "uv": [ 15, 0.5, 15.5, 1 ], "texture": "#texture" },
        "south": { "uv": [ 15, 0.5, 15.5, 1 ], "texture": "#texture" },
        "west":  { "uv": [ 15, 0.5, 15.5, 1 ], "texture": "#texture" },
        "east":  { "uv": [ 15, 0.5, 15.5, 1 ], "texture": "#texture" }
    }
},
{
    "from": [ 2.4375, 20.5625, 8 ],
    "to": [ 3, 22.5, 9 ],
    "rotation": { "origin": [ 2.4375, 22.5, 8 ], "axis": "z", "angle": 22.5 },
    "faces": {
        "down":  { "uv": [ 15, 0.5, 15.5, 1 ], "texture": "#texture" },
        "up":    { "uv": [ 15, 0.5, 15.5, 1 ], "texture": "#texture" },
        "north": { "uv": [ 15, 0.5, 15.5, 1 ], "texture": "#texture" },
        "south": { "uv": [ 15, 0.5, 15.5, 1 ], "texture": "#texture" },
        "west":  { "uv": [ 15, 0.5, 15.5, 1 ], "texture": "#texture" },
        "east":  { "uv": [ 15, 0.5, 15.5, 1 ], "texture": "#texture" }
    }
},
{
    "from": [ 7, 18.1875, 10.0625 ],
    "to": [ 10, 19.1875, 12.0625 ],
    "rotation": { "origin": [ 7, 19.1875, 10.0625 ], "axis": "x", "angle": -22.5 },
    "faces": {
        "down":  { "uv": [ 15, 0.5, 15.5, 1 ], "texture": "#texture" },
        "up":    { "uv": [ 15, 0.5, 15.5, 1 ], "texture": "#texture" },
        "north": { "uv": [ 15, 0.5, 15.5, 1 ], "texture": "#texture" },
        "south": { "uv": [ 15, 0.5, 15.5, 1 ], "texture": "#texture" },
        "west":  { "uv": [ 15, 0.5, 15.5, 1 ], "texture": "#texture" },
        "east":  { "uv": [ 15, 0.5, 15.5, 1 ], "texture": "#texture" }
    }
},
{
    "from": [ 7.5, 18.8125, 11.5625 ],
    "to": [ 9.5, 19.625, 13.625 ],
    "rotation": { "origin": [ 7.5, 19.625, 11.5625 ], "axis": "x", "angle": -45 },
    "faces": {
        "down":  { "uv": [ 15, 0.5, 15.5, 1 ], "texture": "#texture" },
        "up":    { "uv": [ 15, 0.5, 15.5, 1 ], "texture": "#texture" },
        "north": { "uv": [ 15, 0.5, 15.5, 1 ], "texture": "#texture" },
        "south": { "uv": [ 15, 0.5, 15.5, 1 ], "texture": "#texture" },
        "west":  { "uv": [ 15, 0.5, 15.5, 1 ], "texture": "#texture" },
        "east":  { "uv": [ 15, 0.5, 15.5, 1 ], "texture": "#texture" }
    }
},
{
    "from": [ 8, 20.625, 13.6875 ],
    "to": [ 9, 22.625, 14.1875 ],
    "rotation": { "origin": [ 8, 22.625, 13.6875 ], "axis": "x", "angle": 22.5 },
    "faces": {
        "down":  { "uv": [ 15, 0.5, 15.5, 1 ], "texture": "#texture" },
        "up":    { "uv": [ 15, 0.5, 15.5, 1 ], "texture": "#texture" },
        "north": { "uv": [ 15, 0.5, 15.5, 1 ], "texture": "#texture" },
        "south": { "uv": [ 15, 0.5, 15.5, 1 ], "texture": "#texture" },
        "west":  { "uv": [ 15, 0.5, 15.5, 1 ], "texture": "#texture" },
        "east":  { "uv": [ 15, 0.5, 15.5, 1 ], "texture": "#texture" }
    }
},
{
    "from": [ 7, 19, 5 ],
    "to": [ 10, 20, 7 ],
    "rotation": { "origin": [ 7, 20, 5 ], "axis": "x", "angle": 22.5 },
    "faces": {
        "down":  { "uv": [ 15, 0.5, 15.5, 1 ], "texture": "#texture" },
        "up":    { "uv": [ 15, 0.5, 15.5, 1 ], "texture": "#texture" },
        "north": { "uv": [ 15, 0.5, 15.5, 1 ], "texture": "#texture" },
        "south": { "uv": [ 15, 0.5, 15.5, 1 ], "texture": "#texture" },
        "west":  { "uv": [ 15, 0.5, 15.5, 1 ], "texture": "#texture" },
        "east":  { "uv": [ 15, 0.5, 15.5, 1 ], "texture": "#texture" }
    }
},
{
    "from": [ 7.5, 20.4375, 3.75 ],
    "to": [ 9.5, 21.25, 5.8125 ],
    "rotation": { "origin": [ 7.5, 21.25, 3.75 ], "axis": "x", "angle": 45 },
    "faces": {
        "down":  { "uv": [ 15, 0.5, 15.5, 1 ], "texture": "#texture" },
        "up":    { "uv": [ 15, 0.5, 15.5, 1 ], "texture": "#texture" },
        "north": { "uv": [ 15, 0.5, 15.5, 1 ], "texture": "#texture" },
        "south": { "uv": [ 15, 0.5, 15.5, 1 ], "texture": "#texture" },
        "west":  { "uv": [ 15, 0.5, 15.5, 1 ], "texture": "#texture" },
        "east":  { "uv": [ 15, 0.5, 15.5, 1 ], "texture": "#texture" }
    }
},
{
    "from": [ 8, 20.5, 2.5625 ],
    "to": [ 9, 22.5, 3.0625 ],
    "rotation": { "origin": [ 8, 22.5, 2.5625 ], "axis": "x", "angle": -22.5 },
    "faces": {
        "down":  { "uv": [ 15, 0.5, 15.5, 1 ], "texture": "#texture" },
        "up":    { "uv": [ 15, 0.5, 15.5, 1 ], "texture": "#texture" },
        "north": { "uv": [ 15, 0.5, 15.5, 1 ], "texture": "#texture" },
        "south": { "uv": [ 15, 0.5, 15.5, 1 ], "texture": "#texture" },
        "west":  { "uv": [ 15, 0.5, 15.5, 1 ], "texture": "#texture" },
        "east":  { "uv": [ 15, 0.5, 15.5, 1 ], "texture": "#texture" }
    }
},
{
    "from": [ 8.5, 20.5, 5 ],
    "to": [ 13.5, 23, 10 ],
    "rotation": { "origin": [ 8.5, 20.5, 5 ], "axis": "y", "angle": -45 },
    "faces": {
        "down":  { "uv": [ 0, 12, 4, 16 ], "texture": "#Tnt3" },
        "up":    { "uv": [ 0, 0, 4, 4 ], "texture": "#Tnt3" },
        "north": { "uv": [ 0, 8, 4, 12 ], "texture": "#Tnt3" },
        "south": { "uv": [ 0, 8, 4, 12 ], "texture": "#Tnt3" },
        "west":  { "uv": [ 0, 8, 4, 12 ], "texture": "#Tnt3" },
        "east":  { "uv": [ 0, 8, 4, 12 ], "texture": "#Tnt3" }
    }
},
{
    "from": [ 6, 20.5, 6 ],
    "to": [ 11, 23, 11 ],
    "faces": {
        "down":  { "uv": [ 0, 12, 4, 16 ], "texture": "#Tnt1" },
        "up":    { "uv": [ 0, 0, 4, 4 ], "texture": "#Tnt1" },
        "north": { "uv": [ 0, 8, 4, 12 ], "texture": "#Tnt1" },
        "south": { "uv": [ 0, 8, 4, 12 ], "texture": "#Tnt1" },
        "west":  { "uv": [ 0, 8, 4, 12 ], "texture": "#Tnt1" },
        "east":  { "uv": [ 0, 8, 4, 12 ], "texture": "#Tnt1" }
    }
},
{
    "from": [ 7.125, 20.5, 5.25 ],
    "to": [ 12.125, 23, 10.25 ],
    "rotation": { "origin": [ 7.125, 20.5, 5.25 ], "axis": "y", "angle": -22.5 },
    "faces": {
        "down":  { "uv": [ 0, 12, 4, 16 ], "texture": "#Tnt2" },
        "up":    { "uv": [ 0, 0, 4, 4 ], "texture": "#Tnt2" },
        "north": { "uv": [ 0, 8, 4, 12 ], "texture": "#Tnt2" },
        "south": { "uv": [ 0, 8, 4, 12 ], "texture": "#Tnt2" },
        "west":  { "uv": [ 0, 8, 4, 12 ], "texture": "#Tnt2" },
        "east":  { "uv": [ 0, 8, 4, 12 ], "texture": "#Tnt2" }
    }
},
{
    "from": [ 5.25, 20.5, 7.125 ],
    "to": [ 10.25, 23, 12.125 ],
    "rotation": { "origin": [ 5.25, 20.5, 7.125 ], "axis": "y", "angle": 22.5 },
    "faces": {
        "down":  { "uv": [ 0, 12, 4, 16 ], "texture": "#Tnt4" },
        "up":    { "uv": [ 0, 0, 4, 4 ], "texture": "#Tnt4" },
        "north": { "uv": [ 0, 8, 4, 12 ], "texture": "#Tnt4" },
        "south": { "uv": [ 0, 8, 4, 12 ], "texture": "#Tnt4" },
        "west":  { "uv": [ 0, 8, 4, 12 ], "texture": "#Tnt4" },
        "east":  { "uv": [ 0, 8, 4, 12 ], "texture": "#Tnt4" }
    }
},
{
    "from": [ 8.1875, 18.75, 11.9375 ],
    "to": [ 8.8125, 19.1875, 13.4375 ],
    "rotation": { "origin": [ 8.1875, 19.1875, 11.9375 ], "axis": "x", "angle": -45 },
    "faces": {
        "down":  { "uv": [ 14, 0.5, 14.5, 1 ], "texture": "#texture" },
        "up":    { "uv": [ 14, 0.5, 14.5, 1 ], "texture": "#texture" },
        "north": { "uv": [ 14, 0.5, 14.5, 1 ], "texture": "#texture" },
        "south": { "uv": [ 14, 0.5, 14.5, 1 ], "texture": "#texture" },
        "west":  { "uv": [ 14, 0.5, 14.5, 1 ], "texture": "#texture" },
        "east":  { "uv": [ 14, 0.5, 14.5, 1 ], "texture": "#texture" }
    }
},
{
    "from": [ 8, 18.3125, 10.75 ],
    "to": [ 9, 18.8125, 12.25 ],
    "rotation": { "origin": [ 8, 18.8125, 10.75 ], "axis": "x", "angle": -22.5 },
    "faces": {
        "down":  { "uv": [ 14, 0.5, 14.5, 1 ], "texture": "#texture" },
        "up":    { "uv": [ 14, 0.5, 14.5, 1 ], "texture": "#texture" },
        "north": { "uv": [ 14, 0.5, 14.5, 1 ], "texture": "#texture" },
        "south": { "uv": [ 14, 0.5, 14.5, 1 ], "texture": "#texture" },
        "west":  { "uv": [ 14, 0.5, 14.5, 1 ], "texture": "#texture" },
        "east":  { "uv": [ 14, 0.5, 14.5, 1 ], "texture": "#texture" }
    }
},
{
    "from": [ 8, 18.875, 4.8125 ],
    "to": [ 9, 19.375, 6.3125 ],
    "rotation": { "origin": [ 8, 19.375, 4.8125 ], "axis": "x", "angle": 22.5 },
    "faces": {
        "down":  { "uv": [ 14, 0.5, 14.5, 1 ], "texture": "#texture" },
        "up":    { "uv": [ 14, 0.5, 14.5, 1 ], "texture": "#texture" },
        "north": { "uv": [ 14, 0.5, 14.5, 1 ], "texture": "#texture" },
        "south": { "uv": [ 14, 0.5, 14.5, 1 ], "texture": "#texture" },
        "west":  { "uv": [ 14, 0.5, 14.5, 1 ], "texture": "#texture" },
        "east":  { "uv": [ 14, 0.5, 14.5, 1 ], "texture": "#texture" }
    }
},
{
    "from": [ 8.1875, 19.875, 3.8125 ],
    "to": [ 8.8125, 20.3125, 5.3125 ],
    "rotation": { "origin": [ 8.1875, 20.3125, 3.8125 ], "axis": "x", "angle": 45 },
    "faces": {
        "down":  { "uv": [ 14, 0.5, 14.5, 1 ], "texture": "#texture" },
        "up":    { "uv": [ 14, 0.5, 14.5, 1 ], "texture": "#texture" },
        "north": { "uv": [ 14, 0.5, 14.5, 1 ], "texture": "#texture" },
        "south": { "uv": [ 14, 0.5, 14.5, 1 ], "texture": "#texture" },
        "west":  { "uv": [ 14, 0.5, 14.5, 1 ], "texture": "#texture" },
        "east":  { "uv": [ 14, 0.5, 14.5, 1 ], "texture": "#texture" }
    }
},
{
    "from": [ 10.75, 18.3125, 8 ],
    "to": [ 12.25, 18.8125, 9 ],
    "rotation": { "origin": [ 10.75, 18.8125, 8 ], "axis": "z", "angle": 22.5 },
    "faces": {
        "down":  { "uv": [ 14, 0.5, 14.5, 1 ], "texture": "#texture" },
        "up":    { "uv": [ 14, 0.5, 14.5, 1 ], "texture": "#texture" },
        "north": { "uv": [ 14, 0.5, 14.5, 1 ], "texture": "#texture" },
        "south": { "uv": [ 14, 0.5, 14.5, 1 ], "texture": "#texture" },
        "west":  { "uv": [ 14, 0.5, 14.5, 1 ], "texture": "#texture" },
        "east":  { "uv": [ 14, 0.5, 14.5, 1 ], "texture": "#texture" }
    }
},
{
    "from": [ 11.875, 18.875, 8.25 ],
    "to": [ 13.375, 19.375, 8.875 ],
    "rotation": { "origin": [ 11.875, 19.375, 8.25 ], "axis": "z", "angle": 45 },
    "faces": {
        "down":  { "uv": [ 14, 0.5, 14.5, 1 ], "texture": "#texture" },
        "up":    { "uv": [ 14, 0.5, 14.5, 1 ], "texture": "#texture" },
        "north": { "uv": [ 14, 0.5, 14.5, 1 ], "texture": "#texture" },
        "south": { "uv": [ 14, 0.5, 14.5, 1 ], "texture": "#texture" },
        "west":  { "uv": [ 14, 0.5, 14.5, 1 ], "texture": "#texture" },
        "east":  { "uv": [ 14, 0.5, 14.5, 1 ], "texture": "#texture" }
    }
},
{
    "from": [ 4.75, 18.8125, 8 ],
    "to": [ 6.25, 19.3125, 9 ],
    "rotation": { "origin": [ 4.75, 19.3125, 8 ], "axis": "z", "angle": -22.5 },
    "faces": {
        "down":  { "uv": [ 14, 0.5, 14.5, 1 ], "texture": "#texture" },
        "up":    { "uv": [ 14, 0.5, 14.5, 1 ], "texture": "#texture" },
        "north": { "uv": [ 14, 0.5, 14.5, 1 ], "texture": "#texture" },
        "south": { "uv": [ 14, 0.5, 14.5, 1 ], "texture": "#texture" },
        "west":  { "uv": [ 14, 0.5, 14.5, 1 ], "texture": "#texture" },
        "east":  { "uv": [ 14, 0.5, 14.5, 1 ], "texture": "#texture" }
    }
},
{
    "from": [ 3.9375, 19.75, 8.1875 ],
    "to": [ 5.4375, 20.25, 8.8125 ],
    "rotation": { "origin": [ 3.9375, 20.25, 8.1875 ], "axis": "z", "angle": -45 },
    "faces": {
        "down":  { "uv": [ 14, 0.5, 14.5, 1 ], "texture": "#texture" },
        "up":    { "uv": [ 14, 0.5, 14.5, 1 ], "texture": "#texture" },
        "north": { "uv": [ 14, 0.5, 14.5, 1 ], "texture": "#texture" },
        "south": { "uv": [ 14, 0.5, 14.5, 1 ], "texture": "#texture" },
        "west":  { "uv": [ 14, 0.5, 14.5, 1 ], "texture": "#texture" },
        "east":  { "uv": [ 14, 0.5, 14.5, 1 ], "texture": "#texture" }
    }
},
{
    "from": [ 7.4375, 19.625, 12.1875 ],
    "to": [ 9.5625, 19.875, 12.4375 ],
    "rotation": { "origin": [ 7.4375, 19.875, 12.1875 ], "axis": "x", "angle": -45 },
    "faces": {
        "down":  { "uv": [ 10, 0.5, 10.5, 1 ], "texture": "#texture" },
        "up":    { "uv": [ 10, 0.5, 10.5, 1 ], "texture": "#texture" },
        "north": { "uv": [ 10, 0.5, 10.5, 1 ], "texture": "#texture" },
        "south": { "uv": [ 10, 0.5, 10.5, 1 ], "texture": "#texture" },
        "west":  { "uv": [ 10, 0.5, 10.5, 1 ], "texture": "#texture" },
        "east":  { "uv": [ 10, 0.5, 10.5, 1 ], "texture": "#texture" }
    }
},
{
    "from": [ 7.4375, 19.9375, 12.5 ],
    "to": [ 9.5625, 20.1875, 12.75 ],
    "rotation": { "origin": [ 7.4375, 20.1875, 12.5 ], "axis": "x", "angle": -45 },
    "faces": {
        "down":  { "uv": [ 10, 0.5, 10.5, 1 ], "texture": "#texture" },
        "up":    { "uv": [ 10, 0.5, 10.5, 1 ], "texture": "#texture" },
        "north": { "uv": [ 10, 0.5, 10.5, 1 ], "texture": "#texture" },
        "south": { "uv": [ 10, 0.5, 10.5, 1 ], "texture": "#texture" },
        "west":  { "uv": [ 10, 0.5, 10.5, 1 ], "texture": "#texture" },
        "east":  { "uv": [ 10, 0.5, 10.5, 1 ], "texture": "#texture" }
    }
},
{
    "from": [ 7.4375, 20.25, 12.8125 ],
    "to": [ 9.5625, 20.5, 13.0625 ],
    "rotation": { "origin": [ 7.4375, 20.5, 12.8125 ], "axis": "x", "angle": -45 },
    "faces": {
        "down":  { "uv": [ 10, 0.5, 10.5, 1 ], "texture": "#texture" },
        "up":    { "uv": [ 10, 0.5, 10.5, 1 ], "texture": "#texture" },
        "north": { "uv": [ 10, 0.5, 10.5, 1 ], "texture": "#texture" },
        "south": { "uv": [ 10, 0.5, 10.5, 1 ], "texture": "#texture" },
        "west":  { "uv": [ 10, 0.5, 10.5, 1 ], "texture": "#texture" },
        "east":  { "uv": [ 10, 0.5, 10.5, 1 ], "texture": "#texture" }
    }
},
{
    "from": [ 7.4375, 20.375, 3.625 ],
    "to": [ 9.5625, 20.625, 3.875 ],
    "rotation": { "origin": [ 7.4375, 20.625, 3.625 ], "axis": "x", "angle": -45 },
    "faces": {
        "down":  { "uv": [ 10, 0.5, 10.5, 1 ], "texture": "#texture" },
        "up":    { "uv": [ 10, 0.5, 10.5, 1 ], "texture": "#texture" },
        "north": { "uv": [ 10, 0.5, 10.5, 1 ], "texture": "#texture" },
        "south": { "uv": [ 10, 0.5, 10.5, 1 ], "texture": "#texture" },
        "west":  { "uv": [ 10, 0.5, 10.5, 1 ], "texture": "#texture" },
        "east":  { "uv": [ 10, 0.5, 10.5, 1 ], "texture": "#texture" }
    }
},
{
    "from": [ 7.4375, 20, 4 ],
    "to": [ 9.5625, 20.25, 4.25 ],
    "rotation": { "origin": [ 7.4375, 20.25, 4 ], "axis": "x", "angle": -45 },
    "faces": {
        "down":  { "uv": [ 10, 0.5, 10.5, 1 ], "texture": "#texture" },
        "up":    { "uv": [ 10, 0.5, 10.5, 1 ], "texture": "#texture" },
        "north": { "uv": [ 10, 0.5, 10.5, 1 ], "texture": "#texture" },
        "south": { "uv": [ 10, 0.5, 10.5, 1 ], "texture": "#texture" },
        "west":  { "uv": [ 10, 0.5, 10.5, 1 ], "texture": "#texture" },
        "east":  { "uv": [ 10, 0.5, 10.5, 1 ], "texture": "#texture" }
    }
},
{
    "from": [ 7.4375, 19.625, 4.375 ],
    "to": [ 9.5625, 19.875, 4.625 ],
    "rotation": { "origin": [ 7.4375, 19.875, 4.375 ], "axis": "x", "angle": -45 },
    "faces": {
        "down":  { "uv": [ 10, 0.5, 10.5, 1 ], "texture": "#texture" },
        "up":    { "uv": [ 10, 0.5, 10.5, 1 ], "texture": "#texture" },
        "north": { "uv": [ 10, 0.5, 10.5, 1 ], "texture": "#texture" },
        "south": { "uv": [ 10, 0.5, 10.5, 1 ], "texture": "#texture" },
        "west":  { "uv": [ 10, 0.5, 10.5, 1 ], "texture": "#texture" },
        "east":  { "uv": [ 10, 0.5, 10.5, 1 ], "texture": "#texture" }
    }
},
{
    "from": [ 13, 20.625, 7.4375 ],
    "to": [ 13.25, 20.875, 9.5625 ],
    "rotation": { "origin": [ 13, 20.875, 7.4375 ], "axis": "z", "angle": -45 },
    "faces": {
        "down":  { "uv": [ 10, 0.5, 10.5, 1 ], "texture": "#texture" },
        "up":    { "uv": [ 10, 0.5, 10.5, 1 ], "texture": "#texture" },
        "north": { "uv": [ 10, 0.5, 10.5, 1 ], "texture": "#texture" },
        "south": { "uv": [ 10, 0.5, 10.5, 1 ], "texture": "#texture" },
        "west":  { "uv": [ 10, 0.5, 10.5, 1 ], "texture": "#texture" },
        "east":  { "uv": [ 10, 0.5, 10.5, 1 ], "texture": "#texture" }
    }
},
{
    "from": [ 12.6875, 20.3125, 7.4375 ],
    "to": [ 12.9375, 20.5625, 9.5625 ],
    "rotation": { "origin": [ 12.6875, 20.5625, 7.4375 ], "axis": "z", "angle": -45 },
    "faces": {
        "down":  { "uv": [ 10, 0.5, 10.5, 1 ], "texture": "#texture" },
        "up":    { "uv": [ 10, 0.5, 10.5, 1 ], "texture": "#texture" },
        "north": { "uv": [ 10, 0.5, 10.5, 1 ], "texture": "#texture" },
        "south": { "uv": [ 10, 0.5, 10.5, 1 ], "texture": "#texture" },
        "west":  { "uv": [ 10, 0.5, 10.5, 1 ], "texture": "#texture" },
        "east":  { "uv": [ 10, 0.5, 10.5, 1 ], "texture": "#texture" }
    }
},
{
    "from": [ 12.1875, 19.8125, 7.4375 ],
    "to": [ 12.4375, 20.0625, 9.5625 ],
    "rotation": { "origin": [ 12.1875, 20.0625, 7.4375 ], "axis": "z", "angle": 45 },
    "faces": {
        "down":  { "uv": [ 10, 0.5, 10.5, 1 ], "texture": "#texture" },
        "up":    { "uv": [ 10, 0.5, 10.5, 1 ], "texture": "#texture" },
        "north": { "uv": [ 10, 0.5, 10.5, 1 ], "texture": "#texture" },
        "south": { "uv": [ 10, 0.5, 10.5, 1 ], "texture": "#texture" },
        "west":  { "uv": [ 10, 0.5, 10.5, 1 ], "texture": "#texture" },
        "east":  { "uv": [ 10, 0.5, 10.5, 1 ], "texture": "#texture" }
    }
},
{
    "from": [ 3.6875, 20.75, 7.4375 ],
    "to": [ 3.9375, 21, 9.5625 ],
    "rotation": { "origin": [ 3.6875, 21, 7.4375 ], "axis": "z", "angle": -45 },
    "faces": {
        "down":  { "uv": [ 10, 0.5, 10.5, 1 ], "texture": "#texture" },
        "up":    { "uv": [ 10, 0.5, 10.5, 1 ], "texture": "#texture" },
        "north": { "uv": [ 10, 0.5, 10.5, 1 ], "texture": "#texture" },
        "south": { "uv": [ 10, 0.5, 10.5, 1 ], "texture": "#texture" },
        "west":  { "uv": [ 10, 0.5, 10.5, 1 ], "texture": "#texture" },
        "east":  { "uv": [ 10, 0.5, 10.5, 1 ], "texture": "#texture" }
    }
},
{
    "from": [ 3.875, 20.1875, 7.4375 ],
    "to": [ 4.125, 20.4375, 9.5625 ],
    "rotation": { "origin": [ 3.875, 20.4375, 7.4375 ], "axis": "z", "angle": 45 },
    "faces": {
        "down":  { "uv": [ 10, 0.5, 10.5, 1 ], "texture": "#texture" },
        "up":    { "uv": [ 10, 0.5, 10.5, 1 ], "texture": "#texture" },
        "north": { "uv": [ 10, 0.5, 10.5, 1 ], "texture": "#texture" },
        "south": { "uv": [ 10, 0.5, 10.5, 1 ], "texture": "#texture" },
        "west":  { "uv": [ 10, 0.5, 10.5, 1 ], "texture": "#texture" },
        "east":  { "uv": [ 10, 0.5, 10.5, 1 ], "texture": "#texture" }
    }
},
{
    "from": [ 4.25, 19.8125, 7.4375 ],
    "to": [ 4.5, 20.0625, 9.5625 ],
    "rotation": { "origin": [ 4.25, 20.0625, 7.4375 ], "axis": "z", "angle": 45 },
    "faces": {
        "down":  { "uv": [ 10, 0.5, 10.5, 1 ], "texture": "#texture" },
        "up":    { "uv": [ 10, 0.5, 10.5, 1 ], "texture": "#texture" },
        "north": { "uv": [ 10, 0.5, 10.5, 1 ], "texture": "#texture" },
        "south": { "uv": [ 10, 0.5, 10.5, 1 ], "texture": "#texture" },
        "west":  { "uv": [ 10, 0.5, 10.5, 1 ], "texture": "#texture" },
        "east":  { "uv": [ 10, 0.5, 10.5, 1 ], "texture": "#texture" }
    }
},
{
    "from": [ 8.3125, 17.3125, 10.3125 ],
    "to": [ 8.6875, 18.125, 12.0625 ],
    "rotation": { "origin": [ 8.3125, 18.125, 10.3125 ], "axis": "x", "angle": -45 },
    "faces": {
        "down":  { "uv": [ 10, 0.5, 10.5, 1 ], "texture": "#texture" },
        "up":    { "uv": [ 10, 0.5, 10.5, 1 ], "texture": "#texture" },
        "north": { "uv": [ 10, 0.5, 10.5, 1 ], "texture": "#texture" },
        "south": { "uv": [ 10, 0.5, 10.5, 1 ], "texture": "#texture" },
        "west":  { "uv": [ 10, 0.5, 10.5, 1 ], "texture": "#texture" },
        "east":  { "uv": [ 10, 0.5, 10.5, 1 ], "texture": "#texture" }
    }
},
{
    "from": [ 8.3125, 18.5625, 5.4375 ],
    "to": [ 8.6875, 19.375, 7.1875 ],
    "rotation": { "origin": [ 8.3125, 19.375, 5.4375 ], "axis": "x", "angle": 45 },
    "faces": {
        "down":  { "uv": [ 10, 0.5, 10.5, 1 ], "texture": "#texture" },
        "up":    { "uv": [ 10, 0.5, 10.5, 1 ], "texture": "#texture" },
        "north": { "uv": [ 10, 0.5, 10.5, 1 ], "texture": "#texture" },
        "south": { "uv": [ 10, 0.5, 10.5, 1 ], "texture": "#texture" },
        "west":  { "uv": [ 10, 0.5, 10.5, 1 ], "texture": "#texture" },
        "east":  { "uv": [ 10, 0.5, 10.5, 1 ], "texture": "#texture" }
    }
},
{
    "from": [ 8.1875, 18.8125, 7 ],
    "to": [ 10.6875, 19.3125, 9.5 ],
    "rotation": { "origin": [ 8.1875, 18.8125, 7 ], "axis": "y", "angle": 45 },
    "faces": {
        "down":  { "uv": [ 10, 0.5, 10.5, 1 ], "texture": "#texture" },
        "up":    { "uv": [ 10, 0.5, 10.5, 1 ], "texture": "#texture" },
        "north": { "uv": [ 10, 0.5, 10.5, 1 ], "texture": "#texture" },
        "south": { "uv": [ 10, 0.5, 10.5, 1 ], "texture": "#texture" },
        "west":  { "uv": [ 10, 0.5, 10.5, 1 ], "texture": "#texture" },
        "east":  { "uv": [ 10, 0.5, 10.5, 1 ], "texture": "#texture" }
    }
},
{
    "from": [ 9.5, 16.625, 8.3125 ],
    "to": [ 12.25, 17.625, 8.6875 ],
    "rotation": { "origin": [ 9.5, 17.625, 8.3125 ], "axis": "z", "angle": 45 },
    "faces": {
        "down":  { "uv": [ 10, 0.5, 10.5, 1 ], "texture": "#texture" },
        "up":    { "uv": [ 10, 0.5, 10.5, 1 ], "texture": "#texture" },
        "north": { "uv": [ 10, 0.5, 10.5, 1 ], "texture": "#texture" },
        "south": { "uv": [ 10, 0.5, 10.5, 1 ], "texture": "#texture" },
        "west":  { "uv": [ 10, 0.5, 10.5, 1 ], "texture": "#texture" },
        "east":  { "uv": [ 10, 0.5, 10.5, 1 ], "texture": "#texture" }
    }
},
{
    "from": [ 5.4375, 18.5, 8.3125 ],
    "to": [ 8.1875, 19.5, 8.6875 ],
    "rotation": { "origin": [ 5.4375, 19.5, 8.3125 ], "axis": "z", "angle": -45 },
    "faces": {
        "down":  { "uv": [ 10, 0.5, 10.5, 1 ], "texture": "#texture" },
        "up":    { "uv": [ 10, 0.5, 10.5, 1 ], "texture": "#texture" },
        "north": { "uv": [ 10, 0.5, 10.5, 1 ], "texture": "#texture" },
        "south": { "uv": [ 10, 0.5, 10.5, 1 ], "texture": "#texture" },
        "west":  { "uv": [ 10, 0.5, 10.5, 1 ], "texture": "#texture" },
        "east":  { "uv": [ 10, 0.5, 10.5, 1 ], "texture": "#texture" }
    }
},
{
    "from": [ 8.0625, 18.8125, 9.875 ],
    "to": [ 10.5625, 19.3125, 12.375 ],
    "rotation": { "origin": [ 8.0625, 18.8125, 9.875 ], "axis": "y", "angle": 45 },
    "faces": {
        "down":  { "uv": [ 10, 0.5, 10.5, 1 ], "texture": "#texture" },
        "up":    { "uv": [ 10, 0.5, 10.5, 1 ], "texture": "#texture" },
        "north": { "uv": [ 10, 0.5, 10.5, 1 ], "texture": "#texture" },
        "south": { "uv": [ 10, 0.5, 10.5, 1 ], "texture": "#texture" },
        "west":  { "uv": [ 10, 0.5, 10.5, 1 ], "texture": "#texture" },
        "east":  { "uv": [ 10, 0.5, 10.5, 1 ], "texture": "#texture" }
    }
},
{
    "from": [ 5.5, 18.8125, 10 ],
    "to": [ 8, 19.3125, 12.5 ],
    "rotation": { "origin": [ 5.5, 18.8125, 10 ], "axis": "y", "angle": 45 },
    "faces": {
        "down":  { "uv": [ 10, 0.5, 10.5, 1 ], "texture": "#texture" },
        "up":    { "uv": [ 10, 0.5, 10.5, 1 ], "texture": "#texture" },
        "north": { "uv": [ 10, 0.5, 10.5, 1 ], "texture": "#texture" },
        "south": { "uv": [ 10, 0.5, 10.5, 1 ], "texture": "#texture" },
        "west":  { "uv": [ 10, 0.5, 10.5, 1 ], "texture": "#texture" },
        "east":  { "uv": [ 10, 0.5, 10.5, 1 ], "texture": "#texture" }
    }
},
{
    "from": [ 5.3125, 18.8125, 7.125 ],
    "to": [ 7.8125, 19.3125, 9.625 ],
    "rotation": { "origin": [ 5.3125, 18.8125, 7.125 ], "axis": "y", "angle": 45 },
    "faces": {
        "down":  { "uv": [ 10, 0.5, 10.5, 1 ], "texture": "#texture" },
        "up":    { "uv": [ 10, 0.5, 10.5, 1 ], "texture": "#texture" },
        "north": { "uv": [ 10, 0.5, 10.5, 1 ], "texture": "#texture" },
        "south": { "uv": [ 10, 0.5, 10.5, 1 ], "texture": "#texture" },
        "west":  { "uv": [ 10, 0.5, 10.5, 1 ], "texture": "#texture" },
        "east":  { "uv": [ 10, 0.5, 10.5, 1 ], "texture": "#texture" }
    }
}
],
"display": {
    "thirdperson_righthand": {
        "rotation": [ 26, 0, 0 ],
        "translation": [ -0.38, 8.31, 5.86 ],
        "scale": [ 0.5, 0.98, 0.5 ]
    },
    "thirdperson_lefthand": {
        "rotation": [ 26, 0, 0 ],
        "translation": [ -0.38, 14.93, 8.88 ],
        "scale": [ 0.5, 0.98, 0.5 ]
    },
    "ground": {
        "rotation": [ 0, 0, 68 ],
        "translation": [ 0, -0.57, 0 ],
        "scale": [ 0.6, 1.01, 0.6 ]
    },
    "firstperson_righthand": {
        "rotation": [ -13, 16, 3 ],
        "translation": [ 3.59, 0.38, -0.57 ],
        "scale": [ 0.35, 0.72, 0.38 ]
    },
    "firstperson_lefthand": {
        "rotation": [ -13, 16, 3 ],
        "translation": [ 1.89, 1.13, 0 ],
        "scale": [ 0.35, 0.72, 0.38 ]
    },
    "gui": {
        "rotation": [ -4, -11, 38 ],
        "translation": [ -0.94, 0.57, 0 ],
        "scale": [ 0.35, 0.54, 0.35 ]
    }
}
}