{
	"__comment": "Designed by Mcmakistein with Cubik Studio - https://cubik.studio",
	"textures": {
		"texture": "custom/glasses"
	},
	"elements": [
		{
			"__comment": "Cube1",
			"from": [ 0, 8.5, 16 ],
			"to": [ 16, 15.5, 16.001 ],
			"faces": {
				"down": { "uv": [ 0, 0, 2, 1 ], "texture": "#texture" },
				"up": { "uv": [ 0, 0, 2.5, 1 ], "texture": "#texture" },
				"north": { "uv": [ 1, 1, 15, 6.5 ], "texture": "#texture" },
				"south": { "uv": [ 1, 1, 15, 6.5 ], "texture": "#texture" },
				"west": { "uv": [ 0.5, 9, 2.5, 11 ], "texture": "#texture" },
				"east": { "uv": [ 13, 8, 6.5, 10 ], "texture": "#texture" }
			}
		},
		{
			"__comment": "Cube1",
			"from": [ 16, 8.5, 0 ],
			"to": [ 16.001, 15.5, 16 ],
			"faces": {
				"down": { "uv": [ 0, 0, 2, 1 ], "texture": "#texture" },
				"up": { "uv": [ 0, 0, 2.5, 1 ], "texture": "#texture" },
				"north": { "uv": [ 0, 0, 2, 1 ], "texture": "#texture" },
				"south": { "uv": [ 0, 0.5, 3, 1.5 ], "texture": "#texture" },
				"west": { "uv": [ 0.5, 9.5, 13, 15 ], "texture": "#texture" },
				"east": { "uv": [ 13, 9.5, 0.5, 15 ], "texture": "#texture" }
			}
		},
		{
			"__comment": "Cube1",
			"from": [ 0, 8.5, 0 ],
			"to": [ 0.001, 15.5, 16 ],
			"faces": {
				"down": { "uv": [ 0, 0, 2, 1 ], "texture": "#texture" },
				"up": { "uv": [ 0, 0, 2.5, 1 ], "texture": "#texture" },
				"north": { "uv": [ 0, 0, 2, 1 ], "texture": "#texture" },
				"south": { "uv": [ 0, 0.5, 3, 1.5 ], "texture": "#texture" },
				"west": { "uv": [ 0.5, 9.5, 13, 15 ], "texture": "#texture" },
				"east": { "uv": [ 13, 9.5, 0.5, 15 ], "texture": "#texture" }
			}
		}
	],
	"display": {
		"thirdperson_righthand": {
			"rotation":  [ 28, -164, -11 ],
			"translation":  [ 3.4782, -0.695, 0 ],
			"scale":  [ 0.5, 0.5, 0.5 ]
		},
		"thirdperson_lefthand": {
			"rotation":  [ 28, -164, -11 ],
			"translation":  [ 3.4782, -0.695, 0 ],
			"scale":  [ 0.5, 0.5, 0.5 ]
		},
		"firstperson_righthand": {
			"rotation":  [ 2, -163, 0 ],
			"translation":  [ 1.3913, 0, 2.7826 ],
			"scale":  [ 0.6, 0.6, 0.6 ]
		},
		"firstperson_lefthand": {
			"rotation":  [ 2, -163, 0 ],
			"translation":  [ 1.3913, 0, 2.7826 ],
			"scale":  [ 0.6, 0.6, 0.6 ]
		},
		"gui": {
			"rotation":  [ 16, -31, 0 ],
			"translation":  [ 0.6956, -2.086, 4.1739 ],
			"scale":  [ 0.7, 0.7, 0.7 ]
		},
		"head": {
			"rotation":  [ 0, -180, 0 ],
			"translation":  [ 0, -4, 0 ],
			"scale":  [ 0.92, 0.92, 0.92 ]
		},
		"ground": {
			"translation":  [ 0, -2, 0 ],
			"scale":  [ 0.5, 0.5, 0.5 ]
		}
	}
}