{
	"parent": "item/handheld",
	"textures": {
		"layer0": "item/golden_sword"
	},
	"overrides": [
		{ "predicate": {"damaged": 0, "damage": 0}, "model": "item/c1"},
		{ "predicate": {"damaged": 0, "damage": 0.030303030303030304}, "model": "item/c2"},
		{ "predicate": {"damaged": 0, "damage": 0.06060606060606061}, "model": "item/c3"},
		{ "predicate": {"damaged": 0, "damage": 0.09090909090909091}, "model": "item/c4"},
		{ "predicate": {"damaged": 0, "damage": 0.12121212121212122}, "model": "item/scatterarrow"},
		{ "predicate": {"damaged": 0, "damage": 0.15151515151515152}, "model": "item/scatterscatterarrow"},
		{ "predicate": {"damaged": 0, "damage": 0.18181818181818182}, "model": "item/superrepeater"},
		{ "predicate": {"damaged": 0, "damage": 0.21212121212121213}, "model": "item/crown"},
		{ "predicate": {"damaged": 0, "damage": 0.24242424242424243}, "model": "item/glasses"},
		{ "predicate": {"damaged": 0, "damage": 0.2727272727272727}, "model": "item/trampoline"},
		{ "predicate": {"damaged": 0, "damage": 0.30303030303030304}, "model": "item/sensor"},
		{ "predicate": {"damaged": 0, "damage": 0.33333333333333337}, "model": "item/workbench"}
	]
}