{
	"__comment": "Designed by Mcmakistein with Cubik Studio - https://cubik.studio",
	"textures": {
		"texture": "custom/sensor",
		"texture2": "custom/sensortop"
	},
	"elements": [
		{
			"__comment": "Cube1",
			"from": [ 6.5, 0, 2 ],
			"to": [ 9.5, 1, 7.5 ],
			"faces": {
				"down": { "uv": [ 0.5, 0.5, 1.5, 1.5 ], "texture": "#texture" },
				"up": { "uv": [ 0.5, 0.5, 1.5, 1.5 ], "texture": "#texture" },
				"north": { "uv": [ 0.5, 0.5, 1.5, 1.5 ], "texture": "#texture" },
				"south": { "uv": [ 0.5, 0.5, 1.5, 1.5 ], "texture": "#texture" },
				"west": { "uv": [ 0.5, 0.5, 1.5, 1.5 ], "texture": "#texture" },
				"east": { "uv": [ 0.5, 0.5, 1.5, 1.5 ], "texture": "#texture" }
			}
		},
		{
			"__comment": "Cube1",
			"from": [ 6, 0.5, 9 ],
			"to": [ 7, 9.5, 10 ],
			"faces": {
				"down": { "uv": [ 0.5, 2.5, 1.5, 3.5 ], "texture": "#texture" },
				"up": { "uv": [ 0.5, 2.5, 1.5, 3.5 ], "texture": "#texture" },
				"north": { "uv": [ 0.5, 2.5, 1.5, 3.5 ], "texture": "#texture" },
				"south": { "uv": [ 0.5, 2.5, 1.5, 3.5 ], "texture": "#texture" },
				"west": { "uv": [ 0.5, 2.5, 1.5, 3.5 ], "texture": "#texture" },
				"east": { "uv": [ 0.5, 2.5, 1.5, 3.5 ], "texture": "#texture" }
			}
		},
		{
			"__comment": "Cube1",
			"from": [ 7.5, 1, 7.5 ],
			"to": [ 8.5, 12, 8.5 ],
			"faces": {
				"down": { "uv": [ 0.5, 0.5, 1.5, 1.5 ], "texture": "#texture" },
				"up": { "uv": [ 0.5, 0.5, 1.5, 1.5 ], "texture": "#texture" },
				"north": { "uv": [ 0.5, 0.5, 1.5, 1.5 ], "texture": "#texture" },
				"south": { "uv": [ 0.5, 0.5, 1.5, 1.5 ], "texture": "#texture" },
				"west": { "uv": [ 0.5, 0.5, 1.5, 1.5 ], "texture": "#texture" },
				"east": { "uv": [ 0.5, 0.5, 1.5, 1.5 ], "texture": "#texture" }
			}
		},
		{
			"__comment": "Cube1",
			"from": [ 9.5, 1, 7 ],
			"to": [ 10, 2.5, 9 ],
			"rotation": { "origin": [ 10, 1, 9 ], "axis": "z", "angle": 22.5 },
			"faces": {
				"down": { "uv": [ 2, 2, 4, 4 ], "texture": "#texture" },
				"up": { "uv": [ 2.5, 2.5, 3.5, 3.5 ], "texture": "#texture" },
				"north": { "uv": [ 2.5, 2.5, 3.5, 3.5 ], "texture": "#texture" },
				"south": { "uv": [ 2.5, 2.5, 3.5, 3.5 ], "texture": "#texture" },
				"west": { "uv": [ 2.5, 2.5, 3.5, 3.5 ], "texture": "#texture" },
				"east": { "uv": [ 2.5, 2.5, 3.5, 3.5 ], "texture": "#texture" }
			}
		},
		{
			"__comment": "Cube1",
			"from": [ 6.5, 9.25, 6.5 ],
			"to": [ 9.5, 9.376, 9.5 ],
			"faces": {
				"down": { "uv": [ 2.5, 0.5, 3.5, 1.5 ], "texture": "#texture" },
				"up": { "uv": [ 2.5, 0.5, 3.5, 1.5 ], "texture": "#texture" },
				"north": { "uv": [ 2.5, 0.5, 3.5, 1.5 ], "texture": "#texture" },
				"south": { "uv": [ 2.5, 0.5, 3.5, 1.5 ], "texture": "#texture" },
				"west": { "uv": [ 2.5, 0.5, 3.5, 1.5 ], "texture": "#texture" },
				"east": { "uv": [ 2.5, 0.5, 3.5, 1.5 ], "texture": "#texture" }
			}
		},
		{
			"__comment": "Cube1",
			"from": [ 9, 0.5, 6 ],
			"to": [ 10, 9.5, 7 ],
			"faces": {
				"down": { "uv": [ 0.5, 2.5, 1.5, 3.5 ], "texture": "#texture" },
				"up": { "uv": [ 0.5, 2.5, 1.5, 3.5 ], "texture": "#texture" },
				"north": { "uv": [ 0.5, 2.5, 1.5, 3.5 ], "texture": "#texture" },
				"south": { "uv": [ 0.5, 2.5, 1.5, 3.5 ], "texture": "#texture" },
				"west": { "uv": [ 0.5, 2.5, 1.5, 3.5 ], "texture": "#texture" },
				"east": { "uv": [ 0.5, 2.5, 1.5, 3.5 ], "texture": "#texture" }
			}
		},
		{
			"__comment": "Cube1",
			"from": [ 6, 0.5, 6 ],
			"to": [ 7, 9.5, 7 ],
			"shade": false,
			"faces": {
				"down": { "uv": [ 0.5, 2.5, 1.5, 3.5 ], "texture": "#texture" },
				"up": { "uv": [ 0.5, 2.5, 1.5, 3.5 ], "texture": "#texture" },
				"north": { "uv": [ 0.5, 2.5, 1.5, 3.5 ], "texture": "#texture" },
				"south": { "uv": [ 0.5, 2.5, 1.5, 3.5 ], "texture": "#texture" },
				"west": { "uv": [ 0.5, 2.5, 1.5, 3.5 ], "texture": "#texture" },
				"east": { "uv": [ 0.5, 2.5, 1.5, 3.5 ], "texture": "#texture" }
			}
		},
		{
			"__comment": "Cube1",
			"from": [ 9, 0.5, 9 ],
			"to": [ 10, 9.5, 10 ],
			"faces": {
				"down": { "uv": [ 0.5, 2.5, 1.5, 3.5 ], "texture": "#texture" },
				"up": { "uv": [ 0.5, 2.5, 1.5, 3.5 ], "texture": "#texture" },
				"north": { "uv": [ 0.5, 2.5, 1.5, 3.5 ], "texture": "#texture" },
				"south": { "uv": [ 0.5, 2.5, 1.5, 3.5 ], "texture": "#texture" },
				"west": { "uv": [ 0.5, 2.5, 1.5, 3.5 ], "texture": "#texture" },
				"east": { "uv": [ 0.5, 2.5, 1.5, 3.5 ], "texture": "#texture" }
			}
		},
		{
			"__comment": "Cube1",
			"from": [ 6.5, 1.25, 6.5 ],
			"to": [ 9.5, 1.376, 9.5 ],
			"faces": {
				"down": { "uv": [ 2.5, 0.5, 3.5, 1.5 ], "texture": "#texture" },
				"up": { "uv": [ 2.5, 0.5, 3.5, 1.5 ], "texture": "#texture" },
				"north": { "uv": [ 2.5, 0.5, 3.5, 1.5 ], "texture": "#texture" },
				"south": { "uv": [ 2.5, 0.5, 3.5, 1.5 ], "texture": "#texture" },
				"west": { "uv": [ 2.5, 0.5, 3.5, 1.5 ], "texture": "#texture" },
				"east": { "uv": [ 2.5, 0.5, 3.5, 1.5 ], "texture": "#texture" }
			}
		},
		{
			"__comment": "Cube1",
			"from": [ 6.5, 1.5, 6.5 ],
			"to": [ 9.5, 1.626, 9.5 ],
			"faces": {
				"down": { "uv": [ 2.5, 0.5, 3.5, 1.5 ], "texture": "#texture" },
				"up": { "uv": [ 2.5, 0.5, 3.5, 1.5 ], "texture": "#texture" },
				"north": { "uv": [ 2.5, 0.5, 3.5, 1.5 ], "texture": "#texture" },
				"south": { "uv": [ 2.5, 0.5, 3.5, 1.5 ], "texture": "#texture" },
				"west": { "uv": [ 2.5, 0.5, 3.5, 1.5 ], "texture": "#texture" },
				"east": { "uv": [ 2.5, 0.5, 3.5, 1.5 ], "texture": "#texture" }
			}
		},
		{
			"__comment": "Cube1",
			"from": [ 6.5, 1.75, 6.5 ],
			"to": [ 9.5, 1.876, 9.5 ],
			"faces": {
				"down": { "uv": [ 2.5, 0.5, 3.5, 1.5 ], "texture": "#texture" },
				"up": { "uv": [ 2.5, 0.5, 3.5, 1.5 ], "texture": "#texture" },
				"north": { "uv": [ 2.5, 0.5, 3.5, 1.5 ], "texture": "#texture" },
				"south": { "uv": [ 2.5, 0.5, 3.5, 1.5 ], "texture": "#texture" },
				"west": { "uv": [ 2.5, 0.5, 3.5, 1.5 ], "texture": "#texture" },
				"east": { "uv": [ 2.5, 0.5, 3.5, 1.5 ], "texture": "#texture" }
			}
		},
		{
			"__comment": "Cube1",
			"from": [ 6.5, 2, 6.5 ],
			"to": [ 9.5, 2.126, 9.5 ],
			"faces": {
				"down": { "uv": [ 2.5, 0.5, 3.5, 1.5 ], "texture": "#texture" },
				"up": { "uv": [ 2.5, 0.5, 3.5, 1.5 ], "texture": "#texture" },
				"north": { "uv": [ 2.5, 0.5, 3.5, 1.5 ], "texture": "#texture" },
				"south": { "uv": [ 2.5, 0.5, 3.5, 1.5 ], "texture": "#texture" },
				"west": { "uv": [ 2.5, 0.5, 3.5, 1.5 ], "texture": "#texture" },
				"east": { "uv": [ 2.5, 0.5, 3.5, 1.5 ], "texture": "#texture" }
			}
		},
		{
			"__comment": "Cube1",
			"from": [ 6.5, 2.25, 6.5 ],
			"to": [ 9.5, 2.376, 9.5 ],
			"faces": {
				"down": { "uv": [ 2.5, 0.5, 3.5, 1.5 ], "texture": "#texture" },
				"up": { "uv": [ 2.5, 0.5, 3.5, 1.5 ], "texture": "#texture" },
				"north": { "uv": [ 2.5, 0.5, 3.5, 1.5 ], "texture": "#texture" },
				"south": { "uv": [ 2.5, 0.5, 3.5, 1.5 ], "texture": "#texture" },
				"west": { "uv": [ 2.5, 0.5, 3.5, 1.5 ], "texture": "#texture" },
				"east": { "uv": [ 2.5, 0.5, 3.5, 1.5 ], "texture": "#texture" }
			}
		},
		{
			"__comment": "Cube1",
			"from": [ 6.5, 2.5, 6.5 ],
			"to": [ 9.5, 2.626, 9.5 ],
			"faces": {
				"down": { "uv": [ 2.5, 0.5, 3.5, 1.5 ], "texture": "#texture" },
				"up": { "uv": [ 2.5, 0.5, 3.5, 1.5 ], "texture": "#texture" },
				"north": { "uv": [ 2.5, 0.5, 3.5, 1.5 ], "texture": "#texture" },
				"south": { "uv": [ 2.5, 0.5, 3.5, 1.5 ], "texture": "#texture" },
				"west": { "uv": [ 2.5, 0.5, 3.5, 1.5 ], "texture": "#texture" },
				"east": { "uv": [ 2.5, 0.5, 3.5, 1.5 ], "texture": "#texture" }
			}
		},
		{
			"__comment": "Cube1",
			"from": [ 6.5, 2.75, 6.5 ],
			"to": [ 9.5, 2.876, 9.5 ],
			"faces": {
				"down": { "uv": [ 2.5, 0.5, 3.5, 1.5 ], "texture": "#texture" },
				"up": { "uv": [ 2.5, 0.5, 3.5, 1.5 ], "texture": "#texture" },
				"north": { "uv": [ 2.5, 0.5, 3.5, 1.5 ], "texture": "#texture" },
				"south": { "uv": [ 2.5, 0.5, 3.5, 1.5 ], "texture": "#texture" },
				"west": { "uv": [ 2.5, 0.5, 3.5, 1.5 ], "texture": "#texture" },
				"east": { "uv": [ 2.5, 0.5, 3.5, 1.5 ], "texture": "#texture" }
			}
		},
		{
			"__comment": "Cube1",
			"from": [ 6.5, 3.75, 6.5 ],
			"to": [ 9.5, 3.876, 9.5 ],
			"faces": {
				"down": { "uv": [ 2.5, 0.5, 3.5, 1.5 ], "texture": "#texture" },
				"up": { "uv": [ 2.5, 0.5, 3.5, 1.5 ], "texture": "#texture" },
				"north": { "uv": [ 2.5, 0.5, 3.5, 1.5 ], "texture": "#texture" },
				"south": { "uv": [ 2.5, 0.5, 3.5, 1.5 ], "texture": "#texture" },
				"west": { "uv": [ 2.5, 0.5, 3.5, 1.5 ], "texture": "#texture" },
				"east": { "uv": [ 2.5, 0.5, 3.5, 1.5 ], "texture": "#texture" }
			}
		},
		{
			"__comment": "Cube1",
			"from": [ 6.5, 4, 6.5 ],
			"to": [ 9.5, 4.126, 9.5 ],
			"faces": {
				"down": { "uv": [ 2.5, 0.5, 3.5, 1.5 ], "texture": "#texture" },
				"up": { "uv": [ 2.5, 0.5, 3.5, 1.5 ], "texture": "#texture" },
				"north": { "uv": [ 2.5, 0.5, 3.5, 1.5 ], "texture": "#texture" },
				"south": { "uv": [ 2.5, 0.5, 3.5, 1.5 ], "texture": "#texture" },
				"west": { "uv": [ 2.5, 0.5, 3.5, 1.5 ], "texture": "#texture" },
				"east": { "uv": [ 2.5, 0.5, 3.5, 1.5 ], "texture": "#texture" }
			}
		},
		{
			"__comment": "Cube1",
			"from": [ 6.5, 4.25, 6.5 ],
			"to": [ 9.5, 4.376, 9.5 ],
			"faces": {
				"down": { "uv": [ 2.5, 0.5, 3.5, 1.5 ], "texture": "#texture" },
				"up": { "uv": [ 2.5, 0.5, 3.5, 1.5 ], "texture": "#texture" },
				"north": { "uv": [ 2.5, 0.5, 3.5, 1.5 ], "texture": "#texture" },
				"south": { "uv": [ 2.5, 0.5, 3.5, 1.5 ], "texture": "#texture" },
				"west": { "uv": [ 2.5, 0.5, 3.5, 1.5 ], "texture": "#texture" },
				"east": { "uv": [ 2.5, 0.5, 3.5, 1.5 ], "texture": "#texture" }
			}
		},
		{
			"__comment": "Cube1",
			"from": [ 6.5, 4.5, 6.5 ],
			"to": [ 9.5, 4.626, 9.5 ],
			"faces": {
				"down": { "uv": [ 2.5, 0.5, 3.5, 1.5 ], "texture": "#texture" },
				"up": { "uv": [ 2.5, 0.5, 3.5, 1.5 ], "texture": "#texture" },
				"north": { "uv": [ 2.5, 0.5, 3.5, 1.5 ], "texture": "#texture" },
				"south": { "uv": [ 2.5, 0.5, 3.5, 1.5 ], "texture": "#texture" },
				"west": { "uv": [ 2.5, 0.5, 3.5, 1.5 ], "texture": "#texture" },
				"east": { "uv": [ 2.5, 0.5, 3.5, 1.5 ], "texture": "#texture" }
			}
		},
		{
			"__comment": "Cube1",
			"from": [ 6.5, 4.75, 6.5 ],
			"to": [ 9.5, 4.876, 9.5 ],
			"faces": {
				"down": { "uv": [ 2.5, 0.5, 3.5, 1.5 ], "texture": "#texture" },
				"up": { "uv": [ 2.5, 0.5, 3.5, 1.5 ], "texture": "#texture" },
				"north": { "uv": [ 2.5, 0.5, 3.5, 1.5 ], "texture": "#texture" },
				"south": { "uv": [ 2.5, 0.5, 3.5, 1.5 ], "texture": "#texture" },
				"west": { "uv": [ 2.5, 0.5, 3.5, 1.5 ], "texture": "#texture" },
				"east": { "uv": [ 2.5, 0.5, 3.5, 1.5 ], "texture": "#texture" }
			}
		},
		{
			"__comment": "Cube1",
			"from": [ 6.5, 6.25, 6.5 ],
			"to": [ 9.5, 6.376, 9.5 ],
			"faces": {
				"down": { "uv": [ 2.5, 0.5, 3.5, 1.5 ], "texture": "#texture" },
				"up": { "uv": [ 2.5, 0.5, 3.5, 1.5 ], "texture": "#texture" },
				"north": { "uv": [ 2.5, 0.5, 3.5, 1.5 ], "texture": "#texture" },
				"south": { "uv": [ 2.5, 0.5, 3.5, 1.5 ], "texture": "#texture" },
				"west": { "uv": [ 2.5, 0.5, 3.5, 1.5 ], "texture": "#texture" },
				"east": { "uv": [ 2.5, 0.5, 3.5, 1.5 ], "texture": "#texture" }
			}
		},
		{
			"__comment": "Cube1",
			"from": [ 6.5, 6.5, 6.5 ],
			"to": [ 9.5, 6.626, 9.5 ],
			"faces": {
				"down": { "uv": [ 2.5, 0.5, 3.5, 1.5 ], "texture": "#texture" },
				"up": { "uv": [ 2.5, 0.5, 3.5, 1.5 ], "texture": "#texture" },
				"north": { "uv": [ 2.5, 0.5, 3.5, 1.5 ], "texture": "#texture" },
				"south": { "uv": [ 2.5, 0.5, 3.5, 1.5 ], "texture": "#texture" },
				"west": { "uv": [ 2.5, 0.5, 3.5, 1.5 ], "texture": "#texture" },
				"east": { "uv": [ 2.5, 0.5, 3.5, 1.5 ], "texture": "#texture" }
			}
		},
		{
			"__comment": "Cube1",
			"from": [ 6.5, 6.75, 6.5 ],
			"to": [ 9.5, 6.876, 9.5 ],
			"faces": {
				"down": { "uv": [ 2.5, 0.5, 3.5, 1.5 ], "texture": "#texture" },
				"up": { "uv": [ 2.5, 0.5, 3.5, 1.5 ], "texture": "#texture" },
				"north": { "uv": [ 2.5, 0.5, 3.5, 1.5 ], "texture": "#texture" },
				"south": { "uv": [ 2.5, 0.5, 3.5, 1.5 ], "texture": "#texture" },
				"west": { "uv": [ 2.5, 0.5, 3.5, 1.5 ], "texture": "#texture" },
				"east": { "uv": [ 2.5, 0.5, 3.5, 1.5 ], "texture": "#texture" }
			}
		},
		{
			"__comment": "Cube1",
			"from": [ 6.5, 7, 6.5 ],
			"to": [ 9.5, 7.126, 9.5 ],
			"faces": {
				"down": { "uv": [ 2.5, 0.5, 3.5, 1.5 ], "texture": "#texture" },
				"up": { "uv": [ 2.5, 0.5, 3.5, 1.5 ], "texture": "#texture" },
				"north": { "uv": [ 2.5, 0.5, 3.5, 1.5 ], "texture": "#texture" },
				"south": { "uv": [ 2.5, 0.5, 3.5, 1.5 ], "texture": "#texture" },
				"west": { "uv": [ 2.5, 0.5, 3.5, 1.5 ], "texture": "#texture" },
				"east": { "uv": [ 2.5, 0.5, 3.5, 1.5 ], "texture": "#texture" }
			}
		},
		{
			"__comment": "Cube1",
			"from": [ 6.5, 3, 6.5 ],
			"to": [ 9.5, 3.126, 9.5 ],
			"faces": {
				"down": { "uv": [ 2.5, 0.5, 3.5, 1.5 ], "texture": "#texture" },
				"up": { "uv": [ 2.5, 0.5, 3.5, 1.5 ], "texture": "#texture" },
				"north": { "uv": [ 2.5, 0.5, 3.5, 1.5 ], "texture": "#texture" },
				"south": { "uv": [ 2.5, 0.5, 3.5, 1.5 ], "texture": "#texture" },
				"west": { "uv": [ 2.5, 0.5, 3.5, 1.5 ], "texture": "#texture" },
				"east": { "uv": [ 2.5, 0.5, 3.5, 1.5 ], "texture": "#texture" }
			}
		},
		{
			"__comment": "Cube1",
			"from": [ 6.5, 3.25, 6.5 ],
			"to": [ 9.5, 3.376, 9.5 ],
			"faces": {
				"down": { "uv": [ 2.5, 0.5, 3.5, 1.5 ], "texture": "#texture" },
				"up": { "uv": [ 2.5, 0.5, 3.5, 1.5 ], "texture": "#texture" },
				"north": { "uv": [ 2.5, 0.5, 3.5, 1.5 ], "texture": "#texture" },
				"south": { "uv": [ 2.5, 0.5, 3.5, 1.5 ], "texture": "#texture" },
				"west": { "uv": [ 2.5, 0.5, 3.5, 1.5 ], "texture": "#texture" },
				"east": { "uv": [ 2.5, 0.5, 3.5, 1.5 ], "texture": "#texture" }
			}
		},
		{
			"__comment": "Cube1",
			"from": [ 6.5, 3.5, 6.5 ],
			"to": [ 9.5, 3.626, 9.5 ],
			"faces": {
				"down": { "uv": [ 2.5, 0.5, 3.5, 1.5 ], "texture": "#texture" },
				"up": { "uv": [ 2.5, 0.5, 3.5, 1.5 ], "texture": "#texture" },
				"north": { "uv": [ 2.5, 0.5, 3.5, 1.5 ], "texture": "#texture" },
				"south": { "uv": [ 2.5, 0.5, 3.5, 1.5 ], "texture": "#texture" },
				"west": { "uv": [ 2.5, 0.5, 3.5, 1.5 ], "texture": "#texture" },
				"east": { "uv": [ 2.5, 0.5, 3.5, 1.5 ], "texture": "#texture" }
			}
		},
		{
			"__comment": "Cube1",
			"from": [ 6.5, 5, 6.5 ],
			"to": [ 9.5, 5.126, 9.5 ],
			"faces": {
				"down": { "uv": [ 2.5, 0.5, 3.5, 1.5 ], "texture": "#texture" },
				"up": { "uv": [ 2.5, 0.5, 3.5, 1.5 ], "texture": "#texture" },
				"north": { "uv": [ 2.5, 0.5, 3.5, 1.5 ], "texture": "#texture" },
				"south": { "uv": [ 2.5, 0.5, 3.5, 1.5 ], "texture": "#texture" },
				"west": { "uv": [ 2.5, 0.5, 3.5, 1.5 ], "texture": "#texture" },
				"east": { "uv": [ 2.5, 0.5, 3.5, 1.5 ], "texture": "#texture" }
			}
		},
		{
			"__comment": "Cube1",
			"from": [ 6.5, 5.25, 6.5 ],
			"to": [ 9.5, 5.376, 9.5 ],
			"faces": {
				"down": { "uv": [ 2.5, 0.5, 3.5, 1.5 ], "texture": "#texture" },
				"up": { "uv": [ 2.5, 0.5, 3.5, 1.5 ], "texture": "#texture" },
				"north": { "uv": [ 2.5, 0.5, 3.5, 1.5 ], "texture": "#texture" },
				"south": { "uv": [ 2.5, 0.5, 3.5, 1.5 ], "texture": "#texture" },
				"west": { "uv": [ 2.5, 0.5, 3.5, 1.5 ], "texture": "#texture" },
				"east": { "uv": [ 2.5, 0.5, 3.5, 1.5 ], "texture": "#texture" }
			}
		},
		{
			"__comment": "Cube1",
			"from": [ 6.5, 5.5, 6.5 ],
			"to": [ 9.5, 5.626, 9.5 ],
			"faces": {
				"down": { "uv": [ 2.5, 0.5, 3.5, 1.5 ], "texture": "#texture" },
				"up": { "uv": [ 2.5, 0.5, 3.5, 1.5 ], "texture": "#texture" },
				"north": { "uv": [ 2.5, 0.5, 3.5, 1.5 ], "texture": "#texture" },
				"south": { "uv": [ 2.5, 0.5, 3.5, 1.5 ], "texture": "#texture" },
				"west": { "uv": [ 2.5, 0.5, 3.5, 1.5 ], "texture": "#texture" },
				"east": { "uv": [ 2.5, 0.5, 3.5, 1.5 ], "texture": "#texture" }
			}
		},
		{
			"__comment": "Cube1",
			"from": [ 6.5, 5.75, 6.5 ],
			"to": [ 9.5, 5.876, 9.5 ],
			"faces": {
				"down": { "uv": [ 2.5, 0.5, 3.5, 1.5 ], "texture": "#texture" },
				"up": { "uv": [ 2.5, 0.5, 3.5, 1.5 ], "texture": "#texture" },
				"north": { "uv": [ 2.5, 0.5, 3.5, 1.5 ], "texture": "#texture" },
				"south": { "uv": [ 2.5, 0.5, 3.5, 1.5 ], "texture": "#texture" },
				"west": { "uv": [ 2.5, 0.5, 3.5, 1.5 ], "texture": "#texture" },
				"east": { "uv": [ 2.5, 0.5, 3.5, 1.5 ], "texture": "#texture" }
			}
		},
		{
			"__comment": "Cube1",
			"from": [ 6.5, 6, 6.5 ],
			"to": [ 9.5, 6.126, 9.5 ],
			"faces": {
				"down": { "uv": [ 2.5, 0.5, 3.5, 1.5 ], "texture": "#texture" },
				"up": { "uv": [ 2.5, 0.5, 3.5, 1.5 ], "texture": "#texture" },
				"north": { "uv": [ 2.5, 0.5, 3.5, 1.5 ], "texture": "#texture" },
				"south": { "uv": [ 2.5, 0.5, 3.5, 1.5 ], "texture": "#texture" },
				"west": { "uv": [ 2.5, 0.5, 3.5, 1.5 ], "texture": "#texture" },
				"east": { "uv": [ 2.5, 0.5, 3.5, 1.5 ], "texture": "#texture" }
			}
		},
		{
			"__comment": "Cube1",
			"from": [ 6.5, 7.25, 6.5 ],
			"to": [ 9.5, 7.376, 9.5 ],
			"faces": {
				"down": { "uv": [ 2.5, 0.5, 3.5, 1.5 ], "texture": "#texture" },
				"up": { "uv": [ 2.5, 0.5, 3.5, 1.5 ], "texture": "#texture" },
				"north": { "uv": [ 2.5, 0.5, 3.5, 1.5 ], "texture": "#texture" },
				"south": { "uv": [ 2.5, 0.5, 3.5, 1.5 ], "texture": "#texture" },
				"west": { "uv": [ 2.5, 0.5, 3.5, 1.5 ], "texture": "#texture" },
				"east": { "uv": [ 2.5, 0.5, 3.5, 1.5 ], "texture": "#texture" }
			}
		},
		{
			"__comment": "Cube1",
			"from": [ 6.5, 7.5, 6.5 ],
			"to": [ 9.5, 7.626, 9.5 ],
			"faces": {
				"down": { "uv": [ 2.5, 0.5, 3.5, 1.5 ], "texture": "#texture" },
				"up": { "uv": [ 2.5, 0.5, 3.5, 1.5 ], "texture": "#texture" },
				"north": { "uv": [ 2.5, 0.5, 3.5, 1.5 ], "texture": "#texture" },
				"south": { "uv": [ 2.5, 0.5, 3.5, 1.5 ], "texture": "#texture" },
				"west": { "uv": [ 2.5, 0.5, 3.5, 1.5 ], "texture": "#texture" },
				"east": { "uv": [ 2.5, 0.5, 3.5, 1.5 ], "texture": "#texture" }
			}
		},
		{
			"__comment": "Cube1",
			"from": [ 6.5, 7.75, 6.5 ],
			"to": [ 9.5, 7.876, 9.5 ],
			"faces": {
				"down": { "uv": [ 2.5, 0.5, 3.5, 1.5 ], "texture": "#texture" },
				"up": { "uv": [ 2.5, 0.5, 3.5, 1.5 ], "texture": "#texture" },
				"north": { "uv": [ 2.5, 0.5, 3.5, 1.5 ], "texture": "#texture" },
				"south": { "uv": [ 2.5, 0.5, 3.5, 1.5 ], "texture": "#texture" },
				"west": { "uv": [ 2.5, 0.5, 3.5, 1.5 ], "texture": "#texture" },
				"east": { "uv": [ 2.5, 0.5, 3.5, 1.5 ], "texture": "#texture" }
			}
		},
		{
			"__comment": "Cube1",
			"from": [ 6.5, 8, 6.5 ],
			"to": [ 9.5, 8.126, 9.5 ],
			"faces": {
				"down": { "uv": [ 2.5, 0.5, 3.5, 1.5 ], "texture": "#texture" },
				"up": { "uv": [ 2.5, 0.5, 3.5, 1.5 ], "texture": "#texture" },
				"north": { "uv": [ 2.5, 0.5, 3.5, 1.5 ], "texture": "#texture" },
				"south": { "uv": [ 2.5, 0.5, 3.5, 1.5 ], "texture": "#texture" },
				"west": { "uv": [ 2.5, 0.5, 3.5, 1.5 ], "texture": "#texture" },
				"east": { "uv": [ 2.5, 0.5, 3.5, 1.5 ], "texture": "#texture" }
			}
		},
		{
			"__comment": "Cube1",
			"from": [ 6.5, 8.25, 6.5 ],
			"to": [ 9.5, 8.376, 9.5 ],
			"faces": {
				"down": { "uv": [ 2.5, 0.5, 3.5, 1.5 ], "texture": "#texture" },
				"up": { "uv": [ 2.5, 0.5, 3.5, 1.5 ], "texture": "#texture" },
				"north": { "uv": [ 2.5, 0.5, 3.5, 1.5 ], "texture": "#texture" },
				"south": { "uv": [ 2.5, 0.5, 3.5, 1.5 ], "texture": "#texture" },
				"west": { "uv": [ 2.5, 0.5, 3.5, 1.5 ], "texture": "#texture" },
				"east": { "uv": [ 2.5, 0.5, 3.5, 1.5 ], "texture": "#texture" }
			}
		},
		{
			"__comment": "Cube1",
			"from": [ 6.5, 8.5, 6.5 ],
			"to": [ 9.5, 8.626, 9.5 ],
			"faces": {
				"down": { "uv": [ 2.5, 0.5, 3.5, 1.5 ], "texture": "#texture" },
				"up": { "uv": [ 2.5, 0.5, 3.5, 1.5 ], "texture": "#texture" },
				"north": { "uv": [ 2.5, 0.5, 3.5, 1.5 ], "texture": "#texture" },
				"south": { "uv": [ 2.5, 0.5, 3.5, 1.5 ], "texture": "#texture" },
				"west": { "uv": [ 2.5, 0.5, 3.5, 1.5 ], "texture": "#texture" },
				"east": { "uv": [ 2.5, 0.5, 3.5, 1.5 ], "texture": "#texture" }
			}
		},
		{
			"__comment": "Cube1",
			"from": [ 6.5, 8.75, 6.5 ],
			"to": [ 9.5, 8.876, 9.5 ],
			"faces": {
				"down": { "uv": [ 2.5, 0.5, 3.5, 1.5 ], "texture": "#texture" },
				"up": { "uv": [ 2.5, 0.5, 3.5, 1.5 ], "texture": "#texture" },
				"north": { "uv": [ 2.5, 0.5, 3.5, 1.5 ], "texture": "#texture" },
				"south": { "uv": [ 2.5, 0.5, 3.5, 1.5 ], "texture": "#texture" },
				"west": { "uv": [ 2.5, 0.5, 3.5, 1.5 ], "texture": "#texture" },
				"east": { "uv": [ 2.5, 0.5, 3.5, 1.5 ], "texture": "#texture" }
			}
		},
		{
			"__comment": "Cube1",
			"from": [ 6.5, 9, 6.5 ],
			"to": [ 9.5, 9.126, 9.5 ],
			"faces": {
				"down": { "uv": [ 2.5, 0.5, 3.5, 1.5 ], "texture": "#texture" },
				"up": { "uv": [ 2.5, 0.5, 3.5, 1.5 ], "texture": "#texture" },
				"north": { "uv": [ 2.5, 0.5, 3.5, 1.5 ], "texture": "#texture" },
				"south": { "uv": [ 2.5, 0.5, 3.5, 1.5 ], "texture": "#texture" },
				"west": { "uv": [ 2.5, 0.5, 3.5, 1.5 ], "texture": "#texture" },
				"east": { "uv": [ 2.5, 0.5, 3.5, 1.5 ], "texture": "#texture" }
			}
		},
		{
			"__comment": "Cube1",
			"from": [ 2, 0, 6.5 ],
			"to": [ 7.5, 1, 9.5 ],
			"faces": {
				"down": { "uv": [ 0.5, 0.5, 1.5, 1.5 ], "texture": "#texture" },
				"up": { "uv": [ 0.5, 0.5, 1.5, 1.5 ], "texture": "#texture" },
				"north": { "uv": [ 0.5, 0.5, 1.5, 1.5 ], "texture": "#texture" },
				"south": { "uv": [ 0.5, 0.5, 1.5, 1.5 ], "texture": "#texture" },
				"west": { "uv": [ 0.5, 0.5, 1.5, 1.5 ], "texture": "#texture" },
				"east": { "uv": [ 0.5, 0.5, 1.5, 1.5 ], "texture": "#texture" }
			}
		},
		{
			"__comment": "Cube1",
			"from": [ 6.5, 0, 8.5 ],
			"to": [ 9.5, 1, 14 ],
			"faces": {
				"down": { "uv": [ 0.5, 0.5, 1.5, 1.5 ], "texture": "#texture" },
				"up": { "uv": [ 0.5, 0.5, 1.5, 1.5 ], "texture": "#texture" },
				"north": { "uv": [ 0.5, 0.5, 1.5, 1.5 ], "texture": "#texture" },
				"south": { "uv": [ 0.5, 0.5, 1.5, 1.5 ], "texture": "#texture" },
				"west": { "uv": [ 0.5, 0.5, 1.5, 1.5 ], "texture": "#texture" },
				"east": { "uv": [ 0.5, 0.5, 1.5, 1.5 ], "texture": "#texture" }
			}
		},
		{
			"__comment": "Cube1",
			"from": [ 7, 1, 6 ],
			"to": [ 9, 2.5, 6.5 ],
			"rotation": { "origin": [ 7, 1, 6 ], "axis": "x", "angle": 22.5 },
			"faces": {
				"down": { "uv": [ 2, 2, 4, 4 ], "texture": "#texture" },
				"up": { "uv": [ 2.5, 2.5, 3.5, 3.5 ], "texture": "#texture" },
				"north": { "uv": [ 2.5, 2.5, 3.5, 3.5 ], "texture": "#texture" },
				"south": { "uv": [ 2.5, 2.5, 3.5, 3.5 ], "texture": "#texture" },
				"west": { "uv": [ 2.5, 2.5, 3.5, 3.5 ], "texture": "#texture" },
				"east": { "uv": [ 2.5, 2.5, 3.5, 3.5 ], "texture": "#texture" }
			}
		},
		{
			"__comment": "Cube1",
			"from": [ 7, 1, 9.5 ],
			"to": [ 9, 2.5, 10 ],
			"rotation": { "origin": [ 7, 1, 10 ], "axis": "x", "angle": -22.5 },
			"faces": {
				"down": { "uv": [ 2, 2, 4, 4 ], "texture": "#texture" },
				"up": { "uv": [ 2.5, 2.5, 3.5, 3.5 ], "texture": "#texture" },
				"north": { "uv": [ 2.5, 2.5, 3.5, 3.5 ], "texture": "#texture" },
				"south": { "uv": [ 2.5, 2.5, 3.5, 3.5 ], "texture": "#texture" },
				"west": { "uv": [ 2.5, 2.5, 3.5, 3.5 ], "texture": "#texture" },
				"east": { "uv": [ 2.5, 2.5, 3.5, 3.5 ], "texture": "#texture" }
			}
		},
		{
			"__comment": "Cube1",
			"from": [ 7, 10, 7 ],
			"to": [ 9, 10.5, 9 ],
			"faces": {
				"down": { "uv": [ 2, 2, 4, 4 ], "texture": "#texture" },
				"up": { "uv": [ 2.5, 2.5, 3.5, 3.5 ], "texture": "#texture" },
				"north": { "uv": [ 2.5, 2.5, 3.5, 3.5 ], "texture": "#texture" },
				"south": { "uv": [ 2.5, 2.5, 3.5, 3.5 ], "texture": "#texture" },
				"west": { "uv": [ 2.5, 2.5, 3.5, 3.5 ], "texture": "#texture" },
				"east": { "uv": [ 2.5, 2.5, 3.5, 3.5 ], "texture": "#texture" }
			}
		},
		{
			"__comment": "Cube1",
			"from": [ 6, 1, 7 ],
			"to": [ 6.5, 2.5, 9 ],
			"rotation": { "origin": [ 6, 1, 9 ], "axis": "z", "angle": -22.5 },
			"faces": {
				"down": { "uv": [ 2, 2, 4, 4 ], "texture": "#texture" },
				"up": { "uv": [ 2.5, 2.5, 3.5, 3.5 ], "texture": "#texture" },
				"north": { "uv": [ 2.5, 2.5, 3.5, 3.5 ], "texture": "#texture" },
				"south": { "uv": [ 2.5, 2.5, 3.5, 3.5 ], "texture": "#texture" },
				"west": { "uv": [ 2.5, 2.5, 3.5, 3.5 ], "texture": "#texture" },
				"east": { "uv": [ 2.5, 2.5, 3.5, 3.5 ], "texture": "#texture" }
			}
		},
		{
			"__comment": "Cube1",
			"from": [ 6.5, 9.5, 6.5 ],
			"to": [ 9.5, 10, 9.5 ],
			"faces": {
				"down": { "uv": [ 2, 2, 4, 4 ], "texture": "#texture" },
				"up": { "uv": [ 2.5, 2.5, 3.5, 3.5 ], "texture": "#texture" },
				"north": { "uv": [ 2.5, 2.5, 3.5, 3.5 ], "texture": "#texture" },
				"south": { "uv": [ 2.5, 2.5, 3.5, 3.5 ], "texture": "#texture" },
				"west": { "uv": [ 2.5, 2.5, 3.5, 3.5 ], "texture": "#texture" },
				"east": { "uv": [ 2.5, 2.5, 3.5, 3.5 ], "texture": "#texture" }
			}
		},
		{
			"__comment": "Cube1",
			"from": [ 9.25, 9, 9.25 ],
			"to": [ 9.75, 10.5, 9.75 ],
			"faces": {
				"down": { "uv": [ 0.5, 0.5, 1.5, 1.5 ], "texture": "#texture" },
				"up": { "uv": [ 0.5, 0.5, 1.5, 1.5 ], "texture": "#texture" },
				"north": { "uv": [ 0.5, 0.5, 1.5, 1.5 ], "texture": "#texture" },
				"south": { "uv": [ 0.5, 0.5, 1.5, 1.5 ], "texture": "#texture" },
				"west": { "uv": [ 0.5, 0.5, 1.5, 1.5 ], "texture": "#texture" },
				"east": { "uv": [ 0.5, 0.5, 1.5, 1.5 ], "texture": "#texture" }
			}
		},
		{
			"__comment": "Cube1",
			"from": [ 7.5, 1, 7.5 ],
			"to": [ 8.5, 12, 8.5 ],
			"faces": {
				"down": { "uv": [ 0.5, 0.5, 1.5, 1.5 ], "texture": "#texture" },
				"up": { "uv": [ 0.5, 0.5, 1.5, 1.5 ], "texture": "#texture" },
				"north": { "uv": [ 0.5, 0.5, 1.5, 1.5 ], "texture": "#texture" },
				"south": { "uv": [ 0.5, 0.5, 1.5, 1.5 ], "texture": "#texture" },
				"west": { "uv": [ 0.5, 0.5, 1.5, 1.5 ], "texture": "#texture" },
				"east": { "uv": [ 0.5, 0.5, 1.5, 1.5 ], "texture": "#texture" }
			}
		},
		{
			"__comment": "Cube1",
			"from": [ 9.25, 9, 6.25 ],
			"to": [ 9.75, 10.5, 6.75 ],
			"faces": {
				"down": { "uv": [ 0.5, 0.5, 1.5, 1.5 ], "texture": "#texture" },
				"up": { "uv": [ 0.5, 0.5, 1.5, 1.5 ], "texture": "#texture" },
				"north": { "uv": [ 0.5, 0.5, 1.5, 1.5 ], "texture": "#texture" },
				"south": { "uv": [ 0.5, 0.5, 1.5, 1.5 ], "texture": "#texture" },
				"west": { "uv": [ 0.5, 0.5, 1.5, 1.5 ], "texture": "#texture" },
				"east": { "uv": [ 0.5, 0.5, 1.5, 1.5 ], "texture": "#texture" }
			}
		},
		{
			"__comment": "Cube1",
			"from": [ 6.25, 9, 6.25 ],
			"to": [ 6.75, 10.5, 6.75 ],
			"faces": {
				"down": { "uv": [ 0.5, 0.5, 1.5, 1.5 ], "texture": "#texture" },
				"up": { "uv": [ 0.5, 0.5, 1.5, 1.5 ], "texture": "#texture" },
				"north": { "uv": [ 0.5, 0.5, 1.5, 1.5 ], "texture": "#texture" },
				"south": { "uv": [ 0.5, 0.5, 1.5, 1.5 ], "texture": "#texture" },
				"west": { "uv": [ 0.5, 0.5, 1.5, 1.5 ], "texture": "#texture" },
				"east": { "uv": [ 0.5, 0.5, 1.5, 1.5 ], "texture": "#texture" }
			}
		},
		{
			"__comment": "Cube1",
			"from": [ 9.5, 0, 8 ],
			"to": [ 11.5, 0.5, 10 ],
			"rotation": { "origin": [ 9.5, 0, 8 ], "axis": "y", "angle": -45 },
			"faces": {
				"down": { "uv": [ 0.5, 0.5, 1.5, 1.5 ], "texture": "#texture" },
				"up": { "uv": [ 0.5, 0.5, 1.5, 1.5 ], "texture": "#texture" },
				"north": { "uv": [ 0.5, 0.5, 1.5, 1.5 ], "texture": "#texture" },
				"south": { "uv": [ 0.5, 0.5, 1.5, 1.5 ], "texture": "#texture" },
				"west": { "uv": [ 0.5, 0.5, 1.5, 1.5 ], "texture": "#texture" },
				"east": { "uv": [ 0.5, 0.5, 1.5, 1.5 ], "texture": "#texture" }
			}
		},
		{
			"__comment": "Cube1",
			"from": [ 8.5, 0, 6.5 ],
			"to": [ 14, 1, 9.5 ],
			"faces": {
				"down": { "uv": [ 0.5, 0.5, 1.5, 1.5 ], "texture": "#texture" },
				"up": { "uv": [ 0.5, 0.5, 1.5, 1.5 ], "texture": "#texture" },
				"north": { "uv": [ 0.5, 0.5, 1.5, 1.5 ], "texture": "#texture" },
				"south": { "uv": [ 0.5, 0.5, 1.5, 1.5 ], "texture": "#texture" },
				"west": { "uv": [ 0.5, 0.5, 1.5, 1.5 ], "texture": "#texture" },
				"east": { "uv": [ 0.5, 0.5, 1.5, 1.5 ], "texture": "#texture" }
			}
		},
		{
			"__comment": "Cube1",
			"from": [ 6.25, 9, 9.25 ],
			"to": [ 6.75, 10.5, 9.75 ],
			"faces": {
				"down": { "uv": [ 0.5, 0.5, 1.5, 1.5 ], "texture": "#texture" },
				"up": { "uv": [ 0.5, 0.5, 1.5, 1.5 ], "texture": "#texture" },
				"north": { "uv": [ 0.5, 0.5, 1.5, 1.5 ], "texture": "#texture" },
				"south": { "uv": [ 0.5, 0.5, 1.5, 1.5 ], "texture": "#texture" },
				"west": { "uv": [ 0.5, 0.5, 1.5, 1.5 ], "texture": "#texture" },
				"east": { "uv": [ 0.5, 0.5, 1.5, 1.5 ], "texture": "#texture" }
			}
		},
		{
			"__comment": "Cube1",
			"from": [ 5.125, 0, 9.5 ],
			"to": [ 7.125, 0.5, 11.5 ],
			"rotation": { "origin": [ 5.125, 0, 9.5 ], "axis": "y", "angle": 45 },
			"faces": {
				"down": { "uv": [ 0.5, 0.5, 1.5, 1.5 ], "texture": "#texture" },
				"up": { "uv": [ 0.5, 0.5, 1.5, 1.5 ], "texture": "#texture" },
				"north": { "uv": [ 0.5, 0.5, 1.5, 1.5 ], "texture": "#texture" },
				"south": { "uv": [ 0.5, 0.5, 1.5, 1.5 ], "texture": "#texture" },
				"west": { "uv": [ 0.5, 0.5, 1.5, 1.5 ], "texture": "#texture" },
				"east": { "uv": [ 0.5, 0.5, 1.5, 1.5 ], "texture": "#texture" }
			}
		},
		{
			"__comment": "Cube1",
			"from": [ 5.125, 0, 6.5 ],
			"to": [ 7.125, 0.5, 8.5 ],
			"rotation": { "origin": [ 5.125, 0, 6.5 ], "axis": "y", "angle": 45 },
			"faces": {
				"down": { "uv": [ 0.5, 0.5, 1.5, 1.5 ], "texture": "#texture" },
				"up": { "uv": [ 0.5, 0.5, 1.5, 1.5 ], "texture": "#texture" },
				"north": { "uv": [ 0.5, 0.5, 1.5, 1.5 ], "texture": "#texture" },
				"south": { "uv": [ 0.5, 0.5, 1.5, 1.5 ], "texture": "#texture" },
				"west": { "uv": [ 0.5, 0.5, 1.5, 1.5 ], "texture": "#texture" },
				"east": { "uv": [ 0.5, 0.5, 1.5, 1.5 ], "texture": "#texture" }
			}
		},
		{
			"__comment": "Cube1",
			"from": [ 8, 0, 6.5 ],
			"to": [ 10, 0.5, 8.5 ],
			"rotation": { "origin": [ 8, 0, 6.5 ], "axis": "y", "angle": 45 },
			"faces": {
				"down": { "uv": [ 0.5, 0.5, 1.5, 1.5 ], "texture": "#texture" },
				"up": { "uv": [ 0.5, 0.5, 1.5, 1.5 ], "texture": "#texture" },
				"north": { "uv": [ 0.5, 0.5, 1.5, 1.5 ], "texture": "#texture" },
				"south": { "uv": [ 0.5, 0.5, 1.5, 1.5 ], "texture": "#texture" },
				"west": { "uv": [ 0.5, 0.5, 1.5, 1.5 ], "texture": "#texture" },
				"east": { "uv": [ 0.5, 0.5, 1.5, 1.5 ], "texture": "#texture" }
			}
		},
		{
			"__comment": "Cube60",
			"from": [ 7.5, 13.25, 7.5 ],
			"to": [ 8.5, 13.75, 8.5 ],
			"faces": {
				"down": { "uv": [ 7.5, 7.5, 8.5, 8.5 ], "texture": "#texture2" },
				"up": { "uv": [ 7.5, 7.5, 8.5, 8.5 ], "texture": "#texture2" },
				"north": { "uv": [ 7.5, 2.25, 8.5, 2.75 ], "texture": "#texture2" },
				"south": { "uv": [ 7.5, 2.25, 8.5, 2.75 ], "texture": "#texture2" },
				"west": { "uv": [ 7.5, 2.25, 8.5, 2.75 ], "texture": "#texture2" },
				"east": { "uv": [ 7.5, 2.25, 8.5, 2.75 ], "texture": "#texture2" }
			}
		},
		{
			"__comment": "Cube60",
			"from": [ 6.25, 10.5, 6.25 ],
			"to": [ 6.75, 11, 6.75 ],
			"faces": {
				"down": { "uv": [ 6.25, 9.25, 6.75, 9.75 ], "texture": "#texture2" },
				"up": { "uv": [ 6.25, 6.25, 6.75, 6.75 ], "texture": "#texture2" },
				"north": { "uv": [ 9.25, 5, 9.75, 5.5 ], "texture": "#texture2" },
				"south": { "uv": [ 6.25, 5, 6.75, 5.5 ], "texture": "#texture2" },
				"west": { "uv": [ 6.25, 5, 6.75, 5.5 ], "texture": "#texture2" },
				"east": { "uv": [ 9.25, 5, 9.75, 5.5 ], "texture": "#texture2" }
			}
		},
		{
			"__comment": "Cube60",
			"from": [ 7, 12.25, 7.5 ],
			"to": [ 9, 13.25, 8.5 ],
			"faces": {
				"down": { "uv": [ 7, 7.5, 9, 8.5 ], "texture": "#texture2" },
				"up": { "uv": [ 7, 7.5, 9, 8.5 ], "texture": "#texture2" },
				"north": { "uv": [ 7, 2.75, 9, 3.75 ], "texture": "#texture2" },
				"south": { "uv": [ 7, 2.75, 9, 3.75 ], "texture": "#texture2" },
				"west": { "uv": [ 7.5, 2.75, 8.5, 3.75 ], "texture": "#texture2" },
				"east": { "uv": [ 7.5, 2.75, 8.5, 3.75 ], "texture": "#texture2" }
			}
		},
		{
			"__comment": "Cube60",
			"from": [ 7.5, 12.25, 7 ],
			"to": [ 8.5, 13.25, 9 ],
			"faces": {
				"down": { "uv": [ 7.5, 7, 8.5, 9 ], "texture": "#texture2" },
				"up": { "uv": [ 7.5, 7, 8.5, 9 ], "texture": "#texture2" },
				"north": { "uv": [ 7.5, 2.75, 8.5, 3.75 ], "texture": "#texture2" },
				"south": { "uv": [ 7.5, 2.75, 8.5, 3.75 ], "texture": "#texture2" },
				"west": { "uv": [ 7, 2.75, 9, 3.75 ], "texture": "#texture2" },
				"east": { "uv": [ 7, 2.75, 9, 3.75 ], "texture": "#texture2" }
			}
		},
		{
			"__comment": "Cube60",
			"from": [ 7.25, 12, 7.25 ],
			"to": [ 8.75, 13.5, 8.75 ],
			"faces": {
				"down": { "uv": [ 7.25, 7.25, 8.75, 8.75 ], "texture": "#texture2" },
				"up": { "uv": [ 7.25, 7.25, 8.75, 8.75 ], "texture": "#texture2" },
				"north": { "uv": [ 7.25, 2.5, 8.75, 4 ], "texture": "#texture2" },
				"south": { "uv": [ 7.25, 2.5, 8.75, 4 ], "texture": "#texture2" },
				"west": { "uv": [ 7.25, 2.5, 8.75, 4 ], "texture": "#texture2" },
				"east": { "uv": [ 7.25, 2.5, 8.75, 4 ], "texture": "#texture2" }
			}
		},
		{
			"__comment": "Cube60",
			"from": [ 7.25, 12, 7.25 ],
			"to": [ 8.75, 13.5, 8.75 ],
			"faces": {
				"down": { "uv": [ 7.25, 7.25, 8.75, 8.75 ], "texture": "#texture2" },
				"up": { "uv": [ 7.25, 7.25, 8.75, 8.75 ], "texture": "#texture2" },
				"north": { "uv": [ 7.25, 2.5, 8.75, 4 ], "texture": "#texture2" },
				"south": { "uv": [ 7.25, 2.5, 8.75, 4 ], "texture": "#texture2" },
				"west": { "uv": [ 7.25, 2.5, 8.75, 4 ], "texture": "#texture2" },
				"east": { "uv": [ 7.25, 2.5, 8.75, 4 ], "texture": "#texture2" }
			}
		},
		{
			"__comment": "Cube60",
			"from": [ 9.25, 10.5, 6.25 ],
			"to": [ 9.75, 11, 6.75 ],
			"faces": {
				"down": { "uv": [ 9.25, 9.25, 9.75, 9.75 ], "texture": "#texture2" },
				"up": { "uv": [ 9.25, 6.25, 9.75, 6.75 ], "texture": "#texture2" },
				"north": { "uv": [ 6.25, 5, 6.75, 5.5 ], "texture": "#texture2" },
				"south": { "uv": [ 9.25, 5, 9.75, 5.5 ], "texture": "#texture2" },
				"west": { "uv": [ 6.25, 5, 6.75, 5.5 ], "texture": "#texture2" },
				"east": { "uv": [ 9.25, 5, 9.75, 5.5 ], "texture": "#texture2" }
			}
		},
		{
			"__comment": "Cube60",
			"from": [ 9.25, 10.5, 9.25 ],
			"to": [ 9.75, 11, 9.75 ],
			"faces": {
				"down": { "uv": [ 9.25, 6.25, 9.75, 6.75 ], "texture": "#texture2" },
				"up": { "uv": [ 9.25, 9.25, 9.75, 9.75 ], "texture": "#texture2" },
				"north": { "uv": [ 6.25, 5, 6.75, 5.5 ], "texture": "#texture2" },
				"south": { "uv": [ 9.25, 5, 9.75, 5.5 ], "texture": "#texture2" },
				"west": { "uv": [ 9.25, 5, 9.75, 5.5 ], "texture": "#texture2" },
				"east": { "uv": [ 6.25, 5, 6.75, 5.5 ], "texture": "#texture2" }
			}
		},
		{
			"__comment": "Cube60",
			"from": [ 6.25, 10.5, 9.25 ],
			"to": [ 6.75, 11, 9.75 ],
			"faces": {
				"down": { "uv": [ 6.25, 6.25, 6.75, 6.75 ], "texture": "#texture2" },
				"up": { "uv": [ 6.25, 9.25, 6.75, 9.75 ], "texture": "#texture2" },
				"north": { "uv": [ 9.25, 5, 9.75, 5.5 ], "texture": "#texture2" },
				"south": { "uv": [ 6.25, 5, 6.75, 5.5 ], "texture": "#texture2" },
				"west": { "uv": [ 9.25, 5, 9.75, 5.5 ], "texture": "#texture2" },
				"east": { "uv": [ 6.25, 5, 6.75, 5.5 ], "texture": "#texture2" }
			}
		}
	],
	"display": {
		"thirdperson_righthand": {
			"rotation":  [ 0, -19, 0 ],
			"scale":  [ 0.7, 0.7, 0.7 ]
		},
		"thirdperson_lefthand": {
			"rotation":  [ 0, -19, 0 ],
			"scale":  [ 0.7, 0.7, 0.7 ]
		},
		"firstperson_righthand": {
			"rotation":  [ -9, -5, 3 ],
			"translation":  [ 4.8695, 2.0869, -4.869 ],
			"scale":  [ 0.6, 0.6, 0.6 ]
		},
		"firstperson_lefthand": {
			"rotation":  [ -9, -5, 3 ],
			"translation":  [ 4.8695, 2.0869, -4.869 ],
			"scale":  [ 0.6, 0.6, 0.6 ]
		},
		"gui": {
			"rotation":  [ 9, -27, 0 ],
			"translation":  [ 0, 1.3913, 0 ]
		},
		"head": {
			"translation":  [ 0, -27.5, 0 ],
			"scale":  [ 2, 2, 2 ]
		},
		"ground": {
			"translation":  [ 0, 2.7826, 0 ],
			"scale":  [ 0.5, 0.5, 0.5 ]
		}
	}
}