{
	"__comment": "Designed by Mcmakistein with Cubik Studio - https://cubik.studio",
	"textures": {
		"texture": "custom/workbench"
	},
	"elements": [
		{
			"__comment": "Cube1",
			"from": [ 26.5, 22, 6.25 ],
			"to": [ 29.5, 28, 6.75 ],
			"faces": {
				"down": { "uv": [ 8.5, 4.5, 9, 6 ], "texture": "#texture" },
				"up": { "uv": [ 8.5, 4.5, 9.5, 5.5 ], "texture": "#texture" },
				"north": { "uv": [ 14.5, 7.5, 15.5, 9.5 ], "texture": "#texture" },
				"south": { "uv": [ 14.5, 7.5, 15.5, 9.5 ], "texture": "#texture" },
				"west": { "uv": [ 8.5, 5, 9.5, 6 ], "texture": "#texture" },
				"east": { "uv": [ 8.5, 4.5, 9.5, 6 ], "texture": "#texture" }
			}
		},
		{
			"__comment": "Cube1",
			"from": [ 0, 0, 0 ],
			"to": [ 32, 16, 24 ],
			"faces": {
				"down": { "uv": [ 0, 4, 8, 8 ], "texture": "#texture" },
				"up": { "uv": [ 8, 9.5, 16, 16 ], "texture": "#texture" },
				"north": { "uv": [ 0, 12, 8, 16 ], "texture": "#texture" },
				"south": { "uv": [ 0, 0, 8, 4 ], "texture": "#texture" },
				"west": { "uv": [ 10.5, 0, 16, 4 ], "texture": "#texture" },
				"east": { "uv": [ 16, 0, 10.5, 4 ], "texture": "#texture" }
			}
		},
		{
			"__comment": "Cube1",
			"from": [ 0, 16, 0 ],
			"to": [ 32, 32, 6.5 ],
			"faces": {
				"down": { "uv": [ 0, 0, 16, 16 ], "texture": "#texture" },
				"up": { "uv": [ 8, 10, 16, 11 ], "texture": "#texture" },
				"north": { "uv": [ 0, 8, 8, 12 ], "texture": "#texture" },
				"south": { "uv": [ 0, 4, 8, 8 ], "texture": "#texture" },
				"west": { "uv": [ 9, 0, 10.5, 4 ], "texture": "#texture" },
				"east": { "uv": [ 9, 0, 10.5, 4 ], "texture": "#texture" }
			}
		},
		{
			"__comment": "Cube1",
			"from": [ 9, 18, 6.25 ],
			"to": [ 11, 23.5, 6.75 ],
			"faces": {
				"down": { "uv": [ 8.5, 4.5, 9.5, 5.5 ], "texture": "#texture" },
				"up": { "uv": [ 8.5, 4.5, 9.5, 5.5 ], "texture": "#texture" },
				"north": { "uv": [ 9, 5.5, 10, 8.5 ], "texture": "#texture" },
				"south": { "uv": [ 9, 5.5, 10, 8.5 ], "texture": "#texture" },
				"west": { "uv": [ 8.5, 4, 9.5, 5 ], "texture": "#texture" },
				"east": { "uv": [ 8.5, 4.5, 9.5, 6 ], "texture": "#texture" }
			}
		},
		{
			"__comment": "Cube1",
			"from": [ 15.5, 19, 6.375 ],
			"to": [ 18.5, 28.5, 6.875 ],
			"faces": {
				"down": { "uv": [ 8.5, 4.5, 9.5, 5.5 ], "texture": "#texture" },
				"up": { "uv": [ 8.5, 4.5, 9.5, 5.5 ], "texture": "#texture" },
				"north": { "uv": [ 12.5, 6, 13.5, 9 ], "texture": "#texture" },
				"south": { "uv": [ 12.5, 6, 13.5, 9 ], "texture": "#texture" },
				"west": { "uv": [ 8.5, 4.5, 9.5, 5.5 ], "texture": "#texture" },
				"east": { "uv": [ 8.5, 4.5, 9.5, 6 ], "texture": "#texture" }
			}
		},
		{
			"__comment": "Cube1",
			"from": [ 9.75, 25.625, 6.25 ],
			"to": [ 17.75, 29.625, 6.75 ],
			"faces": {
				"down": { "uv": [ 8.5, 4.5, 9.5, 5.5 ], "texture": "#texture" },
				"up": { "uv": [ 8.5, 4.5, 9.5, 5.5 ], "texture": "#texture" },
				"north": { "uv": [ 13.5, 4.5, 16, 6 ], "texture": "#texture" },
				"south": { "uv": [ 13.5, 4.5, 16, 6 ], "texture": "#texture" },
				"west": { "uv": [ 8.5, 4.5, 9.5, 5.5 ], "texture": "#texture" },
				"east": { "uv": [ 8.5, 4, 9.5, 5.5 ], "texture": "#texture" }
			}
		},
		{
			"__comment": "Cube1",
			"from": [ 21, 19.5, 6.25 ],
			"to": [ 23.5, 27, 6.75 ],
			"faces": {
				"down": { "uv": [ 8.5, 4.5, 9.5, 5.5 ], "texture": "#texture" },
				"up": { "uv": [ 8.5, 4.5, 9.5, 5.5 ], "texture": "#texture" },
				"north": { "uv": [ 9, 0, 8, 3 ], "texture": "#texture" },
				"south": { "uv": [ 9, 0, 8, 3 ], "texture": "#texture" },
				"west": { "uv": [ 8.5, 4.5, 9.5, 5.5 ], "texture": "#texture" },
				"east": { "uv": [ 8.5, 4.5, 9.5, 6 ], "texture": "#texture" }
			}
		},
		{
			"__comment": "Cube1",
			"from": [ 5, 20.5, 6.25 ],
			"to": [ 7.5, 28, 6.75 ],
			"faces": {
				"down": { "uv": [ 9, 4.5, 10, 5.5 ], "texture": "#texture" },
				"up": { "uv": [ 8.5, 4, 9.5, 5 ], "texture": "#texture" },
				"north": { "uv": [ 8, 0, 9, 3 ], "texture": "#texture" },
				"south": { "uv": [ 8, 0, 9, 3 ], "texture": "#texture" },
				"west": { "uv": [ 8.5, 4.5, 9.5, 5.5 ], "texture": "#texture" },
				"east": { "uv": [ 8.5, 4.5, 9.5, 6 ], "texture": "#texture" }
			}
		}
	],
	"display": {
		"head": {
			"rotation":  [ 0, -90, 0 ],
			"translation":  [ 7, -43.13, 0.8 ],
			"scale":  [ 1.6, 1.6, 1.6 ]
		}
	}
}