{
	"__comment": "Created by Filal",
	"textures": {
		"particle": "block/acacia_door_top",
		"0": "block/acacia_door_top",
		"1": "block/acacia_door_edge"
	},
	"elements": [ 	 
		{
			"from": [ 0, 0, 0.5 ],
			"to": [ 2.5, 16, 2.5 ],
			"faces": {
				"down": { "uv": [ 6.5, 0, 8.48, 2.48 ], "texture": "#1", "rotation": 270 },
				"up": { "uv": [ 6.5, 13.5, 8.48, 15.98 ], "texture": "#1", "rotation": 90 },
				"north": { "uv": [ 2.49, 0.01, 0.01, 15.99 ], "texture": "#0" },
				"south": { "uv": [ 2.49, 0.01, 0.01, 15.99 ], "texture": "#0" },
				"west": { "uv": [ 10.5, 0.01, 12.48, 16 ], "texture": "#1" },
				"east": { "uv": [ 13.5, 0, 15.48, 15.98 ], "texture": "#1" }
			}
		},
		{
			"from": [ 13.5, 0, 0.5 ],
			"to": [ 16, 16, 2.5 ],
			"faces": {
				"down": { "uv": [ 6.5, 0, 8.48, 2.48 ], "texture": "#1", "rotation": 90 },
				"up": { "uv": [ 6.5, 0, 8.5, 2.5 ], "texture": "#1", "rotation": 90 },
				"north": { "uv": [ 0.01, 0.01, 2.49, 15.99 ], "texture": "#0" },
				"south": { "uv": [ 2.49, 0.01, 0.01, 15.99 ], "texture": "#0" },
				"west": { "uv": [ 13.5, 0, 15.48, 15.98 ], "texture": "#1" },
				"east": { "uv": [ 3.5, 0, 5.48, 15.98 ], "texture": "#1" }
			}
		},
		{
			"from": [ 2.5, 13.5, 0.5 ],
			"to": [ 13.5, 16, 2.5 ],
			"faces": {
				"down": { "uv": [ 6.5, 2, 8.48, 12.98 ], "texture": "#1", "rotation": 90 },
				"up": { "uv": [ 6.5, 2.5, 8.48, 13.48 ], "texture": "#1", "rotation": 90 },
				"north": { "uv": [ 2.51, 0.01, 13.49, 2.49 ], "texture": "#0" },
				"south": { "uv": [ 2.51, 0.01, 13.49, 2.49 ], "texture": "#0" }
			}
		},
		{
			"from": [ 14.5, 0, 0 ],
			"to": [ 15.5, 15, 3 ],
			"faces": {
				"down": { "uv": [ 6, 0.5, 8.98, 1.48 ], "texture": "#1", "rotation": 90 },
				"north": { "uv": [ 0.51, 1.01, 1.49, 15.99 ], "texture": "#0" },
				"south": { "uv": [ 1.49, 1.01, 0.51, 15.99 ], "texture": "#0" },
				"west": { "uv": [ 1.01, 1.01, 1.49, 15.99 ], "texture": "#0" },
				"east": { "uv": [ 0.51, 1.01, 0.99, 15.99 ], "texture": "#0" }
			}
		},
		{
			"from": [ 0.5, 0, 0 ],
			"to": [ 1.5, 15, 3 ],
			"faces": {
				"down": { "uv": [ 6, 14.5, 8.98, 15.48 ], "texture": "#1", "rotation": 90 },
				"north": { "uv": [ 14.51, 1.01, 15.49, 15.99 ], "texture": "#0" },
				"south": { "uv": [ 15.49, 1.01, 14.51, 15.99 ], "texture": "#0" },
				"west": { "uv": [ 15.01, 1.01, 15.49, 15.99 ], "texture": "#0" },
				"east": { "uv": [ 0.51, 1.01, 0.99, 15.99 ], "texture": "#0" }
			}
		},
		{
			"from": [ 0.5, 15, 0 ],
			"to": [ 15.5, 15.5, 3 ],
			"faces": {
				"down": { "uv": [ 0.51, 0.51, 15.49, 0.99 ], "texture": "#0", "rotation": 180 },
				"up": { "uv": [ 0.51, 0.51, 15.49, 0.99 ], "texture": "#0", "rotation": 180 },
				"north": { "uv": [ 0.51, 0.51, 15.49, 0.99 ], "texture": "#0" },
				"south": { "uv": [ 15.49, 0.51, 0.51, 0.99 ], "texture": "#0" },
				"west": { "uv": [ 15.01, 0.51, 15.49, 0.99 ], "texture": "#0" },
				"east": { "uv": [ 0.51, 0.51, 0.99, 0.99 ], "texture": "#0" }
			}
		},
		{
			"from": [ 0, 0, 0 ],
			"to": [ 0.5, 3, 3 ],
			"faces": {
				"down": { "uv": [ 6, 15.5, 8.98, 15.98 ], "texture": "#1", "rotation": 90 },
				"up": { "uv": [ 15.51, 13.01, 15.99, 13.49 ], "texture": "#0" },
				"north": { "uv": [ 15.51, 13.01, 15.99, 15.99 ], "texture": "#0" },
				"south": { "uv": [ 15.51, 13.01, 15.99, 15.99 ], "texture": "#0" },
				"west": { "uv": [ 10, 13, 12.98, 15.98 ], "texture": "#1" }
			}
		},
		{
			"from": [ 1.5, 0, 0 ],
			"to": [ 2, 3, 3 ],
			"faces": {
				"down": { "uv": [ 6, 14, 8.98, 14.48 ], "texture": "#1", "rotation": 90 },
				"up": { "uv": [ 14.01, 13.01, 14.49, 13.49 ], "texture": "#0" },
				"north": { "uv": [ 14.01, 13.01, 14.49, 15.99 ], "texture": "#0" },
				"south": { "uv": [ 14.01, 13.01, 14.49, 15.99 ], "texture": "#0" },
				"east": { "uv": [ 6.51, 2.01, 6.99, 4.99 ], "texture": "#0" }
			}
		},
		{
			"from": [ 1.01, 0, -0.5 ],
			"to": [ 2.01, 2, 0 ],
			"faces": {
				"up": { "uv": [ 14.01, 14.01, 14.99, 14.49 ], "texture": "#0" },
				"north": { "uv": [ 14.01, 14.01, 14.99, 15.99 ], "texture": "#0" },
				"west": { "uv": [ 14.51, 14.01, 14.99, 15.99 ], "texture": "#0" },
				"east": { "uv": [ 14.01, 14.01, 14.49, 15.99 ], "texture": "#0" }
			}
		},
		{
			"from": [ 0.5, 0, -0.5 ],
			"to": [ 1, 1.5, 0 ],
			"faces": {
				"down": { "uv": [ 15.01, 15.51, 15.49, 15.99 ], "texture": "#0" },
				"up": { "uv": [ 15.01, 14.51, 15.49, 14.99 ], "texture": "#0" },
				"north": { "uv": [ 15.01, 14.51, 15.49, 15.99 ], "texture": "#0" },
				"west": { "uv": [ 15.01, 14.51, 15.49, 15.99 ], "texture": "#0" }
			}
		},
		{
			"from": [ 2, 0.5, -0.5 ],
			"to": [ 5.5, 2.01, 0 ],
			"faces": {
				"down": { "uv": [ 10.51, 15.01, 13.99, 15.49 ], "texture": "#0", "rotation": 180 },
				"up": { "uv": [ 10.51, 14.01, 13.99, 14.49 ], "texture": "#0" },
				"north": { "uv": [ 10.51, 14.01, 13.99, 15.49 ], "texture": "#0" },
				"south": { "uv": [ 14, 14, 10.5, 15.51 ], "texture": "#0" },
				"east": { "uv": [ 10.51, 14.01, 10.99, 15.49 ], "texture": "#0" }
			}
		},
		{
			"from": [ 2, 0, -0.5 ],
			"to": [ 2.5, 0.5, 0 ],
			"faces": {
				"down": { "uv": [ 13.51, 15.51, 13.99, 15.99 ], "texture": "#0" },
				"north": { "uv": [ 13.51, 15.51, 13.99, 15.99 ], "texture": "#0" },
				"south": { "uv": [ 13.51, 15.51, 13.99, 15.99 ], "texture": "#0" },
				"east": { "uv": [ 13.51, 15.51, 13.99, 15.99 ], "texture": "#0" }
			}
		},
		{
			"from": [ 5.5, 0.5, -0.5 ],
			"to": [ 6, 1.5, 0 ],
			"faces": {
				"down": { "uv": [ 10.01, 15.01, 10.49, 15.49 ], "texture": "#0" },
				"up": { "uv": [ 10.01, 14.51, 10.49, 14.99 ], "texture": "#0" },
				"north": { "uv": [ 10.01, 14.51, 10.49, 15.49 ], "texture": "#0" },
				"south": { "uv": [ 10.01, 14.51, 10.49, 15.49 ], "texture": "#0" },
				"east": { "uv": [ 10.01, 14.51, 10.49, 15.49 ], "texture": "#0" }
			}
		},
		{
			"from": [ 5.5, 0.5, 3 ],
			"to": [ 6, 1.5, 3.5 ],
			"faces": {
				"down": { "uv": [ 10.01, 15.01, 10.49, 15.49 ], "texture": "#0" },
				"up": { "uv": [ 10.01, 14.51, 10.49, 14.99 ], "texture": "#0" },
				"north": { "uv": [ 10.01, 14.51, 10.49, 15.49 ], "texture": "#0" },
				"south": { "uv": [ 10.01, 14.51, 10.49, 15.49 ], "texture": "#0" },
				"east": { "uv": [ 10.01, 14.51, 10.49, 15.49 ], "texture": "#0" }
			}
		},
		{
			"from": [ 2, 0, 3 ],
			"to": [ 2.5, 0.5, 3.5 ],
			"faces": {
				"down": { "uv": [ 13.51, 15.51, 13.99, 15.99 ], "texture": "#0" },
				"north": { "uv": [ 13.51, 15.51, 13.99, 15.99 ], "texture": "#0" },
				"south": { "uv": [ 13.51, 15.51, 13.99, 15.99 ], "texture": "#0" },
				"east": { "uv": [ 13.51, 15.51, 13.99, 15.99 ], "texture": "#0" }
			}
		},
		{
			"from": [ 2, 0.5, 3 ],
			"to": [ 5.5, 2.01, 3.5 ],
			"faces": {
				"down": { "uv": [ 10.51, 15.01, 13.99, 15.49 ], "texture": "#0" },
				"up": { "uv": [ 10.51, 14.01, 13.99, 14.49 ], "texture": "#0" },
				"north": { "uv": [ 10.51, 14.01, 13.99, 15.49 ], "texture": "#0" },
				"south": { "uv": [ 13.99, 14.01, 10.51, 15.49 ], "texture": "#0" },
				"east": { "uv": [ 10.51, 14.01, 10.99, 15.49 ], "texture": "#0" }
			}
		},
		{
			"from": [ 0.5, 0, 3 ],
			"to": [ 1, 1.5, 3.5 ],
			"faces": {
				"down": { "uv": [ 15.01, 15.51, 15.49, 15.99 ], "texture": "#0" },
				"up": { "uv": [ 15.01, 14.51, 15.49, 14.99 ], "texture": "#0" },
				"south": { "uv": [ 15.01, 14.51, 15.49, 15.99 ], "texture": "#0" },
				"west": { "uv": [ 15.01, 14.51, 15.49, 15.99 ], "texture": "#0" }
			}
		},
		{
			"from": [ 1.01, 0, 3 ],
			"to": [ 2.01, 2, 3.5 ],
			"faces": {
				"up": { "uv": [ 14.01, 14.01, 14.99, 14.49 ], "texture": "#0" },
				"south": { "uv": [ 14.99, 14.01, 14.01, 15.99 ], "texture": "#0" },
				"west": { "uv": [ 14.51, 14.01, 14.99, 15.99 ], "texture": "#0" },
				"east": { "uv": [ 14.01, 14.01, 14.49, 15.99 ], "texture": "#0" }
			}
		},
		{
			"from": [ 3.5, 1.5, 1 ],
			"to": [ 4.5, 13.5, 2 ],
			"faces": {
				"north": { "uv": [ 4.01, 2.51, 4.99, 14.49 ], "texture": "#0" },
				"south": { "uv": [ 4.01, 2.51, 4.99, 14.49 ], "texture": "#0" },
				"west": { "uv": [ 3.51, 2.51, 4.49, 14.49 ], "texture": "#0" },
				"east": { "uv": [ 3.51, 2.51, 4.49, 14.49 ], "texture": "#0" }
			}
		},
		{
			"from": [ 5.5, 1.5, 1 ],
			"to": [ 6.5, 13.5, 2 ],
			"faces": {
				"north": { "uv": [ 6.51, 2.51, 7.49, 14.49 ], "texture": "#0" },
				"south": { "uv": [ 6.51, 2.51, 7.49, 14.49 ], "texture": "#0" },
				"west": { "uv": [ 6.01, 2.51, 6.99, 14.49 ], "texture": "#0" },
				"east": { "uv": [ 6.01, 2.51, 6.99, 14.49 ], "texture": "#0" }
			}
		},
		{
			"from": [ 7.5, 1.5, 1 ],
			"to": [ 8.5, 13.5, 2 ],
			"faces": {
				"north": { "uv": [ 9.01, 2.51, 9.99, 14.49 ], "texture": "#0" },
				"south": { "uv": [ 9.01, 2.51, 9.99, 14.49 ], "texture": "#0" },
				"west": { "uv": [ 8.51, 2.51, 9.49, 14.49 ], "texture": "#0" },
				"east": { "uv": [ 8.51, 2.51, 9.49, 14.49 ], "texture": "#0" }
			}
		},
		{
			"from": [ 9.5, 1.5, 1 ],
			"to": [ 10.5, 13.5, 2 ],
			"faces": {
				"north": { "uv": [ 11.51, 2.51, 12.49, 14.49 ], "texture": "#0" },
				"south": { "uv": [ 11.51, 2.51, 12.49, 14.49 ], "texture": "#0" },
				"west": { "uv": [ 11.01, 2.51, 11.99, 14.49 ], "texture": "#0" },
				"east": { "uv": [ 11.01, 2.51, 11.99, 14.49 ], "texture": "#0" }
			}
		},
		{
			"from": [ 11.5, 1.5, 1 ],
			"to": [ 12.5, 13.5, 2 ],
			"faces": {
				"north": { "uv": [ 4.01, 2.51, 4.99, 14.49 ], "texture": "#0" },
				"south": { "uv": [ 4.01, 2.51, 4.99, 14.49 ], "texture": "#0" },
				"west": { "uv": [ 3.51, 2.51, 4.49, 14.49 ], "texture": "#0" },
				"east": { "uv": [ 3.51, 2.51, 4.49, 14.49 ], "texture": "#0" }
			}
		},
		{
			"from": [ 2.5, 0, 0.5 ],
			"to": [ 13.5, 1.5, 2.5 ],
			"faces": {
				"down": { "uv": [ 6.5, 2.5, 8.48, 13.48 ], "texture": "#1", "rotation": 90 },
				"up": { "uv": [ 6.5, 2.5, 8.48, 13.48 ], "texture": "#1", "rotation": 270 },
				"north": { "uv": [ 6.5, 3, 7.98, 13.98 ], "texture": "#1", "rotation": 90 },
				"south": { "uv": [ 6.5, 0.5, 7.98, 11.48 ], "texture": "#1", "rotation": 90 }
			}
		}
	]
}