{
	"__comment": "Created by Filal",
	"textures": {
		"particle": "block/birch_door_top",
		"0": "block/birch_door_top",
		"1": "block/birch_door_edge"
	},
	"elements": [ 	 
		{
			"from": [ 0, 0, 0.5 ],
			"to": [ 0.5, 15.5, 2.5 ],
			"faces": {
				"north": { "uv": [ 15.51, 0.51, 15.99, 15.99 ], "texture": "#0" },
				"south": { "uv": [ 15.51, 0.51, 15.99, 15.99 ], "texture": "#0" },
				"west": { "uv": [ 10.51, 0.51, 12.49, 15.99 ], "texture": "#1" }
			}
		},
		{
			"from": [ 15.5, 0, 0.5 ],
			"to": [ 16, 15.5, 2.5 ],
			"faces": {
				"north": { "uv": [ 0.01, 0.51, 0.49, 15.99 ], "texture": "#0" },
				"south": { "uv": [ 0.01, 0.51, 0.49, 15.99 ], "texture": "#0" },
				"east": { "uv": [ 3.5, 0.52, 5.48, 16 ], "texture": "#1" }
			}
		},
		{
			"from": [ 0, 15.5, 0.5 ],
			"to": [ 16, 16, 2.5 ],
			"faces": {
				"up": { "uv": [ 6.51, 0.01, 8.49, 15.99 ], "texture": "#1", "rotation": 90 },
				"north": { "uv": [ 0.01, 0.01, 15.99, 0.49 ], "texture": "#0" },
				"south": { "uv": [ 15.99, 0.01, 0.01, 0.49 ], "texture": "#0" },
				"west": { "uv": [ 10.51, 0.01, 12.49, 0.49 ], "texture": "#1" },
				"east": { "uv": [ 3.51, 0.01, 5.49, 0.49 ], "texture": "#1" }
			}
		},
		{
			"from": [ 0.5, 0, 0 ],
			"to": [ 3, 15.5, 3 ],
			"faces": {
				"up": { "uv": [ 6.01, 0.51, 8.99, 2.99 ], "texture": "#1", "rotation": 90 },
				"north": { "uv": [ 13.01, 0.51, 15.49, 15.99 ], "texture": "#0" },
				"south": { "uv": [ 15.49, 0.51, 13.03, 15.99 ], "texture": "#0" },
				"west": { "uv": [ 10.01, 15.99, 12.99, 0.51 ], "texture": "#1" },
				"east": { "uv": [ 13.01, 15.49, 15.99, 0.01 ], "texture": "#1" }
			}
		},
		{
			"from": [ 13, 0, 0 ],
			"to": [ 15.5, 15.5, 3 ],
			"faces": {
				"up": { "uv": [ 6.01, 13.51, 8.99, 15.99 ], "texture": "#1", "rotation": 90 },
				"north": { "uv": [ 0.51, 0.51, 2.99, 15.99 ], "texture": "#0" },
				"south": { "uv": [ 2.99, 0.51, 0.51, 15.99 ], "texture": "#0" },
				"west": { "uv": [ 13.01, 15.49, 15.99, 0.01 ], "texture": "#1" },
				"east": { "uv": [ 13.01, 15.99, 15.99, 0.51 ], "texture": "#1" }
			}
		},
		{
			"from": [ 3, 13, 0 ],
			"to": [ 13, 15.5, 3 ],
			"faces": {
				"down": { "uv": [ 6.01, 2.51, 8.99, 12.49 ], "texture": "#1", "rotation": 270 },
				"up": { "uv": [ 6.01, 3.01, 8.99, 12.99 ], "texture": "#1", "rotation": 270 },
				"north": { "uv": [ 2.51, 0.51, 12.49, 2.99 ], "texture": "#0" },
				"south": { "uv": [ 12.49, 0.51, 2.51, 2.99 ], "texture": "#0" }
			}
		},
		{
			"from": [ 3, 0, 1.5 ],
			"to": [ 13, 13, 1.501 ],
			"faces": {
				"north": { "uv": [ 3.01, 3.01, 12.99, 15.99 ], "texture": "#0" },
				"south": { "uv": [ 12.99, 3.01, 3.01, 15.99 ], "texture": "#0" }
			}
		},
		{
			"from": [ 3, 0, 1.3 ],
			"to": [ 13, 0.5, 1.7 ],
			"faces": {
				"down": { "uv": [ 3.01, 15.51, 12.99, 15.99 ], "texture": "#0" },
				"up": { "uv": [ 3.01, 15.51, 12.99, 15.99 ], "texture": "#0" },
				"north": { "uv": [ 3.01, 15.51, 12.99, 15.99 ], "texture": "#0" },
				"south": { "uv": [ 12.99, 15.51, 3.01, 15.99 ], "texture": "#0" }
			}
		},
		{
			"from": [ 3, 0.5, 1.3 ],
			"to": [ 3.5, 13, 1.7 ],
			"faces": {
				"north": { "uv": [ 12.51, 3.01, 12.99, 15.49 ], "texture": "#0" },
				"south": { "uv": [ 12.51, 3.01, 12.99, 15.49 ], "texture": "#0" },
				"east": { "uv": [ 12.51, 3.01, 12.99, 15.49 ], "texture": "#0" }
			}
		},
		{
			"from": [ 9.5, 0.5, 1.3 ],
			"to": [ 10, 13, 1.7 ],
			"faces": {
				"north": { "uv": [ 6.01, 3.01, 6.49, 15.49 ], "texture": "#0" },
				"south": { "uv": [ 6.01, 3.01, 6.49, 15.49 ], "texture": "#0" },
				"west": { "uv": [ 6.01, 3.01, 6.49, 15.49 ], "texture": "#0" },
				"east": { "uv": [ 6.01, 3.01, 6.49, 15.49 ], "texture": "#0" }
			}
		},
		{
			"from": [ 11, 0.5, 1.3 ],
			"to": [ 11.5, 13, 1.7 ],
			"faces": {
				"north": { "uv": [ 4.51, 3.01, 4.99, 15.49 ], "texture": "#0" },
				"south": { "uv": [ 4.51, 3.01, 4.99, 15.49 ], "texture": "#0" },
				"west": { "uv": [ 4.51, 3.01, 4.99, 15.49 ], "texture": "#0" },
				"east": { "uv": [ 4.51, 3.01, 4.99, 15.49 ], "texture": "#0" }
			}
		},
		{
			"from": [ 12.5, 0.5, 1.3 ],
			"to": [ 13, 13, 1.7 ],
			"faces": {
				"north": { "uv": [ 3.01, 3.01, 3.49, 15.49 ], "texture": "#0" },
				"south": { "uv": [ 3.01, 3.01, 3.49, 15.49 ], "texture": "#0" },
				"west": { "uv": [ 3.01, 3.01, 3.39, 15.49 ], "texture": "#0" }
			}
		}
	]
}