{
	"__comment": "Created by Filal",
	"textures": {
		"particle": "block/birch_door_bottom",
		"0": "block/birch_door_bottom",
		"1": "block/birch_door_edge"
	},
	"elements": [ 	 
		{
			"from": [ 0, 0, 0.5 ],
			"to": [ 16, 0.5, 2.5 ],
			"faces": {
				"down": { "uv": [ 6.51, 0.01, 8.49, 15.99 ], "texture": "#1", "rotation": 90 },
				"north": { "uv": [ 0.01, 15.51, 15.99, 15.99 ], "texture": "#0" },
				"south": { "uv": [ 0.01, 15.51, 15.99, 15.99 ], "texture": "#0" },
				"west": { "uv": [ 0.51, 15.51, 2.49, 15.99 ], "texture": "#1" },
				"east": { "uv": [ 13.51, 15.51, 15.49, 15.99 ], "texture": "#1" }
			}
		},
		{
			"from": [ 0, 0.5, 0.5 ],
			"to": [ 0.5, 16, 2.5 ],
			"faces": {
				"north": { "uv": [ 15.51, 0.01, 15.99, 15.49 ], "texture": "#0" },
				"south": { "uv": [ 0.01, 0.01, 0.49, 15.49 ], "texture": "#0" },
				"west": { "uv": [ 13.51, 0.01, 15.49, 15.49 ], "texture": "#1" }
			}
		},
		{
			"from": [ 15.5, 0.5, 0.5 ],
			"to": [ 16, 16, 2.5 ],
			"faces": {
				"north": { "uv": [ 0.01, 0.01, 0.49, 15.49 ], "texture": "#0" },
				"south": { "uv": [ 0.01, 0.01, 0.49, 15.49 ], "texture": "#0" },
				"east": { "uv": [ 0.51, 0.01, 2.49, 15.49 ], "texture": "#1" }
			}
		},
		{
			"from": [ 0.5, 0.5, 0 ],
			"to": [ 3, 16, 3 ],
			"faces": {
				"down": { "uv": [ 6.01, 13.01, 8.99, 15.49 ], "texture": "#1", "rotation": 90 },
				"north": { "uv": [ 13.01, 0.01, 15.49, 15.49 ], "texture": "#0" },
				"south": { "uv": [ 15.49, 0.01, 13.01, 15.49 ], "texture": "#0" },
				"west": { "uv": [ 13.01, 0.01, 15.99, 15.49 ], "texture": "#1" },
				"east": { "uv": [ 13.01, 0.01, 15.99, 15.49 ], "texture": "#1" }
			}
		},
		{
			"from": [ 13, 0.5, 0 ],
			"to": [ 15.5, 16, 3 ],
			"faces": {
				"down": { "uv": [ 6.01, 0.51, 8.99, 2.99 ], "texture": "#1", "rotation": 90 },
				"north": { "uv": [ 0.51, 0.01, 2.99, 15.49 ], "texture": "#0" },
				"south": { "uv": [ 2.99, 0.01, 0.51, 15.49 ], "texture": "#0" },
				"west": { "uv": [ 13.01, 0.01, 15.99, 15.49 ], "texture": "#1" },
				"east": { "uv": [ 13.01, 0.01, 15.99, 15.49 ], "texture": "#1" }
			}
		},
		{
			"from": [ 3, 0.5, 0 ],
			"to": [ 13, 3, 3 ],
			"faces": {
				"down": { "uv": [ 6.01, 2.51, 8.99, 12.49 ], "texture": "#1", "rotation": 90 },
				"up": { "uv": [ 6.01, 3.01, 8.99, 12.99 ], "texture": "#1", "rotation": 90 },
				"north": { "uv": [ 3.01, 13.01, 12.99, 15.49 ], "texture": "#0" },
				"south": { "uv": [ 12.99, 13.01, 3.01, 15.49 ], "texture": "#0" }
			}
		},
		{
			"from": [ 3, 3, 1.5 ],
			"to": [ 13, 16, 1.501 ],
			"faces": {
				"north": { "uv": [ 3.01, 0.01, 12.99, 12.99 ], "texture": "#0" },
				"south": { "uv": [ 12.99, 0.01, 3.01, 12.99 ], "texture": "#0" }
			}
		},
		{
			"from": [ 3, 3, 1.3 ],
			"to": [ 3.5, 16, 1.7 ],
			"faces": {
				"up": { "uv": [ 12.51, 0.01, 12.99, 0.39 ], "texture": "#0" },
				"north": { "uv": [ 12.51, 0.01, 12.99, 12.99 ], "texture": "#0" },
				"south": { "uv": [ 12.51, 0.01, 12.99, 12.99 ], "texture": "#0" },
				"east": { "uv": [ 12.51, 0.01, 12.99, 12.99 ], "texture": "#0" }
			}
		},
		{
			"from": [ 9.5, 3, 1.3 ],
			"to": [ 10, 16, 1.7 ],
			"faces": {
				"up": { "uv": [ 6.01, 0.01, 6.49, 0.39 ], "texture": "#0" },
				"north": { "uv": [ 6.01, 0.01, 6.49, 12.99 ], "texture": "#0" },
				"south": { "uv": [ 6.01, 0.01, 6.49, 12.99 ], "texture": "#0" },
				"west": { "uv": [ 6.01, 0.01, 6.49, 12.99 ], "texture": "#0" },
				"east": { "uv": [ 6.01, 0.01, 6.49, 12.99 ], "texture": "#0" }
			}
		},
		{
			"from": [ 11, 3, 1.3 ],
			"to": [ 11.5, 16, 1.7 ],
			"faces": {
				"up": { "uv": [ 4.51, 0.01, 4.99, 0.39 ], "texture": "#0" },
				"north": { "uv": [ 4.51, 0.01, 4.99, 12.99 ], "texture": "#0" },
				"south": { "uv": [ 4.51, 0.01, 4.99, 12.99 ], "texture": "#0" },
				"west": { "uv": [ 4.51, 0.01, 4.99, 12.99 ], "texture": "#0" },
				"east": { "uv": [ 4.51, 0.01, 4.99, 12.99 ], "texture": "#0" }
			}
		},
		{
			"from": [ 12.5, 3, 1.3 ],
			"to": [ 13, 16, 1.7 ],
			"faces": {
				"up": { "uv": [ 3.01, 0.01, 3.49, 0.39 ], "texture": "#0" },
				"north": { "uv": [ 3.01, 0.01, 3.49, 12.99 ], "texture": "#0" },
				"south": { "uv": [ 3.01, 0.01, 3.49, 12.99 ], "texture": "#0" },
				"west": { "uv": [ 3.01, 0.01, 3.39, 12.99 ], "texture": "#0" }
			}
		},
		{
			"from": [ 3.5, 4.51, 1.3 ],
			"to": [ 12.5, 5, 1.7 ],
			"faces": {
				"down": { "uv": [ 12.49, 11.01, 3.51, 11.49 ], "texture": "#0" },
				"up": { "uv": [ 12.49, 11.01, 3.51, 11.49 ], "texture": "#0" },
				"north": { "uv": [ 3.51, 11.01, 12.49, 11.49 ], "texture": "#0" },
				"south": { "uv": [ 12.49, 11.01, 3.51, 11.49 ], "texture": "#0" }
			}
		},
		{
			"from": [ 3.5, 6, 1.3 ],
			"to": [ 12.5, 6.51, 1.7 ],
			"faces": {
				"down": { "uv": [ 12.49, 9.51, 3.51, 9.99 ], "texture": "#0" },
				"up": { "uv": [ 12.49, 9.51, 3.51, 9.99 ], "texture": "#0" },
				"north": { "uv": [ 3.51, 9.51, 12.49, 9.99 ], "texture": "#0" },
				"south": { "uv": [ 12.49, 9.51, 3.51, 9.99 ], "texture": "#0" }
			}
		},
		{
			"from": [ 3.5, 15, 1.3 ],
			"to": [ 12.5, 16, 1.7 ],
			"faces": {
				"down": { "uv": [ 12.49, 0.51, 3.51, 0.99 ], "texture": "#0" },
				"up": { "uv": [ 12.49, 0.01, 3.51, 0.39 ], "texture": "#0" },
				"north": { "uv": [ 3.51, 0.01, 12.49, 0.99 ], "texture": "#0" },
				"south": { "uv": [ 12.49, 0.01, 3.51, 0.99 ], "texture": "#0" }
			}
		}
	]
}