{
	"__comment": "Created by Filal",
	"textures": {
		"particle": "block/bookshelf",
		"1": "block/bookshelf_end",
		"0": "block/bookshelf",
		"2": "block/books",
		"3": "block/skull"
	},
	"elements": [
		{
			"from": [ 0, 0, 0 ],
			"to": [ 16, 3, 16 ],
			"faces": {
				"down": { "uv": [ 0, 0, 16, 16 ], "texture": "#1", "cullface": "down" },
				"up": { "uv": [ 0, 0, 16, 16 ], "texture": "#1" },
				"north": { "uv": [ 0, 13, 16, 16 ], "texture": "#0", "cullface": "north" },
				"south": { "uv": [ 0, 13, 16, 16 ], "texture": "#0", "cullface": "south" },
				"west": { "uv": [ 0, 13, 16, 16 ], "texture": "#0", "cullface": "west" },
				"east": { "uv": [ 0, 13, 16, 16 ], "texture": "#0", "cullface": "east" }
			}
		},
		{
			"from": [ 8, 0, 0 ],
			"to": [ 8, 16, 16 ],
			"rotation": { "origin": [ 8, 8, 8 ], "axis": "y", "angle": 45, "rescale": true },
			"faces": {
				"west": { "uv": [ 0, 0, 16, 16 ], "texture": "#1" },
				"east": { "uv": [ 0, 0, 16, 16 ], "texture": "#1" }
			}
		},
		{
			"from": [ 0, 0, 8 ],
			"to": [ 16, 16, 8 ],
			"rotation": { "origin": [ 8, 8, 8 ], "axis": "y", "angle": 45, "rescale": true },
			"faces": {
				"north": { "uv": [ 0, 0, 16, 16 ], "texture": "#1" },
				"south": { "uv": [ 0, 0, 16, 16 ], "texture": "#1" }
			}
		},
		{
			"from": [ 15.502, 0.002, 15.502 ],
			"to": [ 16.498, 15.998, 16.498 ],
			"faces": {
				"down": { "uv": [ 15, 15, 16, 16 ], "texture": "#1", "rotation": 90 },
				"up": { "uv": [ 15, 15, 16, 16 ], "texture": "#1", "rotation": 180 },
				"north": { "uv": [ 0, 0, 1, 16 ], "texture": "#0" },
				"south": { "uv": [ 0, 0, 1, 16 ], "texture": "#0" },
				"west": { "uv": [ 1, 0, 0, 16 ], "texture": "#0" },
				"east": { "uv": [ 1, 0, 0, 16 ], "texture": "#0" }
			}
		},
		{
			"from": [ -0.502, 0.004, 15.498 ],
			"to": [ 0.502, 15.996, 16.502 ],
			"faces": {
				"down": { "uv": [ 0, 0, 1, 1 ], "texture": "#1", "rotation": 180 },
				"up": { "uv": [ 0, 15, 1, 16 ], "texture": "#1", "rotation": 180 },
				"north": { "uv": [ 15, 0, 16, 16 ], "texture": "#0" },
				"south": { "uv": [ 15, 0, 16, 16 ], "texture": "#0" },
				"west": { "uv": [ 16, 0, 15, 16 ], "texture": "#0" },
				"east": { "uv": [ 16, 0, 15, 16 ], "texture": "#0" }
			}
		},
		{
			"from": [ 15.496, 0.006, -0.504 ],
			"to": [ 16.504, 15.994, 0.504 ],
			"faces": {
				"down": { "uv": [ 15, 15, 16, 16 ], "texture": "#1", "rotation": 180 },
				"up": { "uv": [ 15, 0, 16, 1 ], "texture": "#1", "rotation": 180 },
				"north": { "uv": [ 15, 0, 16, 16 ], "texture": "#0" },
				"south": { "uv": [ 15, 0, 16, 16 ], "texture": "#0" },
				"west": { "uv": [ 16, 0, 15, 16 ], "texture": "#0" },
				"east": { "uv": [ 16, 0, 15, 16 ], "texture": "#0" }
			}
		},
		{
			"from": [ -0.494, 0.008, -0.506 ],
			"to": [ 0.506, 15.992, 0.506 ],
			"faces": {
				"down": { "uv": [ 0, 15, 1, 16 ], "texture": "#1", "rotation": 180 },
				"up": { "uv": [ 0, 0, 1, 1 ], "texture": "#1", "rotation": 180 },
				"north": { "uv": [ 0, 0, 1, 16 ], "texture": "#0" },
				"south": { "uv": [ 0, 0, 1, 16 ], "texture": "#0" },
				"west": { "uv": [ 1, 0, 0, 16 ], "texture": "#0" },
				"east": { "uv": [ 1, 0, 0, 16 ], "texture": "#0" }
			}
		},
		{
			"from": [ 0, 7.5, 0 ],
			"to": [ 16, 9, 16 ],
			"faces": {
				"down": { "uv": [ 0, 0, 16, 16 ], "texture": "#1" },
				"up": { "uv": [ 0, 0, 16, 16 ], "texture": "#1" },
				"north": { "uv": [ 0, 7, 16, 8.5 ], "texture": "#0", "cullface": "north" },
				"south": { "uv": [ 0, 7, 16, 8.5 ], "texture": "#0", "cullface": "south" },
				"west": { "uv": [ 0, 7, 16, 8.5 ], "texture": "#0", "cullface": "west" },
				"east": { "uv": [ 0, 7, 16, 8.5 ], "texture": "#0", "cullface": "east" }
			}
		},
		{
			"from": [ 0, 14, 0 ],
			"to": [ 16, 16, 16 ],
			"faces": {
				"down": { "uv": [ 0, 0, 16, 16 ], "texture": "#1" },
				"up": { "uv": [ 0, 0, 16, 16 ], "texture": "#1", "cullface": "up" },
				"north": { "uv": [ 0, 0, 16, 2 ], "texture": "#0", "cullface": "north" },
				"south": { "uv": [ 0, 0, 16, 2 ], "texture": "#0", "cullface": "south" },
				"west": { "uv": [ 0, 0, 16, 2 ], "texture": "#0", "cullface": "west" },
				"east": { "uv": [ 0, 0, 16, 2 ], "texture": "#0", "cullface": "east" }
			}
		},
		{
			"from": [ 3, 9, 0 ],
			"to": [ 4.5, 13, 2.5 ],
			"faces": {
				"up": { "uv": [ 6, 12, 11.5, 14.5 ], "texture": "#2", "cullface": "north" },
				"north": { "uv": [ 13, 9, 14.5, 13 ], "texture": "#0", "cullface": "north" },
				"south": { "uv": [ 0.5, 10, 2, 14 ], "texture": "#2", "cullface": "north" },
				"west": { "uv": [ 0, 10, 2.5, 14 ], "texture": "#2", "cullface": "north" },
				"east": { "uv": [ 2.5, 14, 5, 10 ], "texture": "#2", "cullface": "north" }
			}
		},
		{
			"from": [ 1, 3, 0.2 ],
			"to": [ 2.5, 7, 2.2 ],
			"rotation": { "origin": [ 1.5, 5, 0 ], "axis": "z", "angle": 0 },
			"faces": {
				"down": { "uv": [ 6, 11, 11.5, 13 ], "texture": "#2", "cullface": "north" },
				"up": { "uv": [ 6, 11, 11.5, 13 ], "texture": "#2", "cullface": "north" },
				"north": { "uv": [ 11, 9, 12.5, 13 ], "texture": "#0", "cullface": "north" },
				"west": { "uv": [ 9.5, 6, 11.5, 10 ], "texture": "#2", "cullface": "north" },
				"east": { "uv": [ 12.5, 6, 14.5, 10 ], "texture": "#2", "cullface": "north" }
			}
		},
		{
			"from": [ 6, 3, 0.5 ],
			"to": [ 8, 7, 4.5 ],
			"faces": {
				"up": { "uv": [ 6, 10, 11, 14 ], "texture": "#2", "cullface": "north" },
				"north": { "uv": [ 8, 9, 10, 13 ], "texture": "#0", "cullface": "north" },
				"west": { "uv": [ 9.5, 6, 13.5, 10 ], "texture": "#2", "cullface": "north" },
				"east": { "uv": [ 10.5, 6, 14.5, 10 ], "texture": "#2", "cullface": "north" }
			}
		},
		{
			"from": [ 8.5, 3, 1.5 ],
			"to": [ 12.5, 5, 4.5 ],
			"faces": {
				"up": { "uv": [ 14.5, 15, 11.5, 11 ], "texture": "#2", "cullface": "north", "rotation": 270 },
				"north": { "uv": [ 4.5, 16, 0.5, 14 ], "texture": "#2", "cullface": "north", "rotation": 180 },
				"west": { "uv": [ 10.5, 14, 5, 11 ], "texture": "#2", "rotation": 270 }
			}
		},
		{
			"from": [ 8, 5, 1 ],
			"to": [ 12, 6.5, 3 ],
			"faces": {
				"down": { "uv": [ 11.5, 4, 9.5, 0 ], "texture": "#2", "cullface": "north", "rotation": 90 },
				"up": { "uv": [ 12, 4, 14.5, 0 ], "texture": "#2", "cullface": "north", "rotation": 270 },
				"north": { "uv": [ 3.5, 9, 5, 13 ], "texture": "#0", "cullface": "north", "rotation": 270 },
				"east": { "uv": [ 11.5, 12, 6, 10 ], "texture": "#2", "cullface": "north", "rotation": 270 }
			}
		},
		{
			"from": [ 5, 9, 0.5 ],
			"to": [ 6.5, 13.5, 3.5 ],
			"faces": {
				"up": { "uv": [ 6, 10, 11.5, 13.5 ], "texture": "#2", "cullface": "north" },
				"north": { "uv": [ 1.5, 2, 3, 7 ], "texture": "#0", "cullface": "north" },
				"south": { "uv": [ 1, 0, 2.5, 4.5 ], "texture": "#2", "cullface": "north" },
				"west": { "uv": [ 0, 0, 3, 4.5 ], "texture": "#2", "cullface": "north" },
				"east": { "uv": [ 3, 0, 0, 4.5 ], "texture": "#2", "cullface": "north" }
			}
		},
		{
			"from": [ 11.2, 9.1, 0.5 ],
			"to": [ 12.7, 13.6, 3.5 ],
			"rotation": { "origin": [ 12, 11.5, 0.5 ], "axis": "z", "angle": 22.5 },
			"faces": {
				"down": { "uv": [ 5, 12, 9.5, 15 ], "texture": "#2", "cullface": "north" },
				"up": { "uv": [ 6, 10, 11.5, 13 ], "texture": "#2", "cullface": "north" },
				"north": { "uv": [ 10.5, 2, 12, 7 ], "texture": "#0", "cullface": "north" },
				"south": { "uv": [ 0, 0, 1.5, 4.5 ], "texture": "#2", "cullface": "north" },
				"west": { "uv": [ 0, 5, 3, 10 ], "texture": "#2", "cullface": "north" },
				"east": { "uv": [ 2, 5, 5, 10 ], "texture": "#2", "cullface": "north" }
			}
		},
		{
			"from": [ 1, 9, 0.3 ],
			"to": [ 3, 13.5, 2.3 ],
			"faces": {
				"up": { "uv": [ 6, 10, 11, 12 ], "texture": "#2", "cullface": "north" },
				"north": { "uv": [ 12.5, 2, 14.5, 7 ], "texture": "#0", "cullface": "north" },
				"west": { "uv": [ 0, 5, 2, 10 ], "texture": "#2", "cullface": "north" },
				"east": { "uv": [ 3, 5, 5, 10 ], "texture": "#2", "cullface": "north" }
			}
		},
		{
			"from": [ 11.7, 3.2, 13.5 ],
			"to": [ 13.2, 7.2, 16 ],
			"rotation": { "origin": [ 12.5, 5.2, 14.5 ], "axis": "z", "angle": 22.5 },
			"faces": {
				"down": { "uv": [ 6, 11, 11.5, 12.5 ], "texture": "#2", "cullface": "south" },
				"up": { "uv": [ 6, 11, 11.5, 12.5 ], "texture": "#2", "cullface": "south" },
				"south": { "uv": [ 13, 9, 14.5, 13 ], "texture": "#0", "cullface": "south" },
				"west": { "uv": [ 3.5, 10, 5, 14 ], "texture": "#2", "cullface": "south" },
				"east": { "uv": [ 0, 10, 1.5, 14 ], "texture": "#2", "cullface": "south" }
			}
		},
		{
			"from": [ 4, 3, 11.5 ],
			"to": [ 8, 5, 15 ],
			"faces": {
				"up": { "uv": [ 14.5, 10, 11, 6 ], "texture": "#2", "cullface": "south", "rotation": 270 },
				"south": { "uv": [ 8, 9, 10, 13 ], "texture": "#0", "cullface": "south", "rotation": 90 },
				"west": { "uv": [ 5.5, 11.5, 11.5, 15 ], "texture": "#2", "cullface": "south", "rotation": 90 },
				"east": { "uv": [ 11, 13.5, 6, 10 ], "texture": "#2", "cullface": "south", "rotation": 270 }
			}
		},
		{
			"from": [ 1, 9, 13.5 ],
			"to": [ 3, 13.5, 15.5 ],
			"faces": {
				"up": { "uv": [ 6, 10, 11, 14 ], "texture": "#2", "cullface": "south" },
				"south": { "uv": [ 3.5, 2.5, 5.5, 7 ], "texture": "#0", "cullface": "south" },
				"west": { "uv": [ 7.5, 0.5, 9.5, 5 ], "texture": "#2", "cullface": "south" },
				"east": { "uv": [ 5, 0.5, 7, 5 ], "texture": "#2", "cullface": "south" }
			}
		},
		{
			"from": [ 3.5, 5, 12.5 ],
			"to": [ 7.5, 6.5, 14.5 ],
			"faces": {
				"down": { "uv": [ 9.5, 0, 11.5, 4 ], "texture": "#2", "cullface": "south", "rotation": 90 },
				"up": { "uv": [ 14.5, 4, 12.5, 0 ], "texture": "#2", "cullface": "south", "rotation": 270 },
				"south": { "uv": [ 3.5, 9, 5, 13 ], "texture": "#0", "cullface": "south", "rotation": 90 },
				"west": { "uv": [ 6, 10, 11.5, 12 ], "texture": "#2", "cullface": "south", "rotation": 90 },
				"east": { "uv": [ 11.5, 12, 6, 10 ], "texture": "#2", "cullface": "south", "rotation": 270 }
			}
		},
		{
			"from": [ 10.7, 9.2, 14 ],
			"to": [ 12.2, 13.7, 16 ],
			"rotation": { "origin": [ 11.25, 11.65, 14 ], "axis": "z", "angle": -22.5 },
			"faces": {
				"down": { "uv": [ 6, 11.5, 11.5, 13.5 ], "texture": "#2", "cullface": "south" },
				"up": { "uv": [ 6, 10, 11.5, 12 ], "texture": "#2", "cullface": "south" },
				"south": { "uv": [ 1.5, 2, 3, 6.5 ], "texture": "#0", "cullface": "south" },
				"west": { "uv": [ 3, 0, 5, 4.5 ], "texture": "#2", "cullface": "south" },
				"east": { "uv": [ 0, 0, 2, 4.5 ], "texture": "#2", "cullface": "south" }
			}
		},
		{
			"from": [ 3.5, 9, 12.5 ],
			"to": [ 4.994, 13.5, 15.5 ],
			"faces": {
				"up": { "uv": [ 6, 10, 11.5, 13 ], "texture": "#2", "cullface": "south" },
				"south": { "uv": [ 10.5, 2, 12, 6.5 ], "texture": "#0", "cullface": "south" },
				"west": { "uv": [ 2, 5, 5, 9.5 ], "texture": "#2", "cullface": "south" },
				"east": { "uv": [ 0, 5, 3, 9.5 ], "texture": "#2", "cullface": "south" }
			}
		},
		{
			"from": [ 13, 9, 14 ],
			"to": [ 15, 13.5, 15.7 ],
			"faces": {
				"up": { "uv": [ 6, 10, 11, 11.7 ], "texture": "#2", "cullface": "south" },
				"south": { "uv": [ 12.5, 2.5, 14.5, 7 ], "texture": "#0", "cullface": "south" },
				"west": { "uv": [ 3, 5, 4.7, 9.5 ], "texture": "#2", "cullface": "south" },
				"east": { "uv": [ 0, 5, 1.7, 9.5 ], "texture": "#2", "cullface": "south" }
			}
		},
		{
			"from": [ 13, 5, 7 ],
			"to": [ 15, 6.5, 11 ],
			"faces": {
				"down": { "uv": [ 12.5, 0, 14.5, 4 ], "texture": "#2", "cullface": "east" },
				"up": { "uv": [ 11.5, 4, 9.5, 0 ], "texture": "#2", "cullface": "east" },
				"north": { "uv": [ 8, 15.5, 6, 10 ], "texture": "#2", "cullface": "east" },
				"south": { "uv": [ 6, 10, 8, 15.5 ], "texture": "#2", "cullface": "east" },
				"east": { "uv": [ 3.5, 9, 5, 13 ], "texture": "#0", "cullface": "east", "rotation": 270 }
			}
		},
		{
			"from": [ 12.5, 3, 1.5 ],
			"to": [ 15.5, 7, 3.5 ],
			"faces": {
				"up": { "uv": [ 6, 10, 9, 16 ], "texture": "#2", "cullface": "east" },
				"north": { "uv": [ 5, 6, 8, 10 ], "texture": "#2", "cullface": "east" },
				"south": { "uv": [ 6.5, 6, 9.5, 10 ], "texture": "#2", "cullface": "east" },
				"east": { "uv": [ 5.5, 9, 7.5, 13 ], "texture": "#0", "cullface": "east" }
			}
		},
		{
			"from": [ 12.5, 3, 7.5 ],
			"to": [ 15.5, 5, 11.5 ],
			"faces": {
				"up": { "uv": [ 12.5, 10, 9.5, 6 ], "texture": "#2", "cullface": "east" },
				"north": { "uv": [ 10, 16, 7, 10 ], "texture": "#2", "cullface": "east" },
				"south": { "uv": [ 6, 10, 9, 16 ], "texture": "#2", "cullface": "east" },
				"east": { "uv": [ 8, 9, 10, 13 ], "texture": "#0", "cullface": "east", "rotation": 270 }
			}
		},
		{
			"from": [ 13, 3.2, 11.7 ],
			"to": [ 15, 7.2, 13.2 ],
			"rotation": { "origin": [ 15, 5, 12.5 ], "axis": "x", "angle": -22.5 },
			"faces": {
				"down": { "uv": [ 6, 10, 8, 15.5 ], "texture": "#2", "cullface": "east" },
				"up": { "uv": [ 6, 10, 8, 15.5 ], "texture": "#2", "cullface": "east" },
				"north": { "uv": [ 9.5, 6, 11.5, 10 ], "texture": "#2", "cullface": "east" },
				"south": { "uv": [ 12.5, 6, 14.5, 10 ], "texture": "#2", "cullface": "east" },
				"east": { "uv": [ 11, 9, 12.5, 13 ], "texture": "#0", "cullface": "east" }
			}
		},
		{
			"from": [ 14, 3.2, 4.2 ],
			"to": [ 16, 7.2, 5.7 ],
			"rotation": { "origin": [ 14, 5, 5 ], "axis": "x", "angle": -22.5 },
			"faces": {
				"down": { "uv": [ 6, 10, 8, 15.5 ], "texture": "#2", "cullface": "east" },
				"up": { "uv": [ 6, 10, 8, 15.5 ], "texture": "#2", "cullface": "east" },
				"north": { "uv": [ 0, 10, 2, 14 ], "texture": "#2", "cullface": "east" },
				"south": { "uv": [ 3, 10, 5, 14 ], "texture": "#2", "cullface": "east" },
				"east": { "uv": [ 13, 9, 14.5, 13 ], "texture": "#0", "cullface": "east" }
			}
		},
		{
			"from": [ 13.5, 9, 3.25 ],
			"to": [ 15.5, 13.5, 4.75 ],
			"rotation": { "origin": [ 13.5, 11.5, 4 ], "axis": "x", "angle": 22.5 },
			"faces": {
				"down": { "uv": [ 6.5, 10, 8.5, 16 ], "texture": "#2", "cullface": "east" },
				"up": { "uv": [ 6, 10, 8.1, 15.5 ], "texture": "#2", "cullface": "east" },
				"north": { "uv": [ 0, 0, 2.1, 4.5 ], "texture": "#2", "cullface": "east" },
				"south": { "uv": [ 2.9, 0, 5, 4.5 ], "texture": "#2", "cullface": "east" },
				"east": { "uv": [ 1.5, 2, 3, 6.5 ], "texture": "#0", "cullface": "east" }
			}
		},
		{
			"from": [ 12.5, 9, 5.5 ],
			"to": [ 15.5, 13.5, 7.5 ],
			"faces": {
				"up": { "uv": [ 6, 10, 9, 16 ], "texture": "#2", "cullface": "east" },
				"north": { "uv": [ 5, 0, 8, 4.5 ], "texture": "#2", "cullface": "east" },
				"south": { "uv": [ 6.5, 0.5, 9.5, 5 ], "texture": "#2", "cullface": "east" },
				"east": { "uv": [ 3.5, 2.5, 5.5, 7 ], "texture": "#0", "cullface": "east" }
			}
		},
		{
			"from": [ 12, 9.2, 10.6 ],
			"to": [ 15, 13.7, 12.1 ],
			"rotation": { "origin": [ 14, 11, 11 ], "axis": "x", "angle": 22.5 },
			"faces": {
				"down": { "uv": [ 6, 10, 9, 15.5 ], "texture": "#2", "cullface": "east" },
				"up": { "uv": [ 6, 10, 9, 15.5 ], "texture": "#2", "cullface": "east" },
				"north": { "uv": [ 0, 5.5, 3, 10 ], "texture": "#2", "cullface": "east" },
				"south": { "uv": [ 2, 5, 5, 9.5 ], "texture": "#2", "cullface": "east" },
				"east": { "uv": [ 6, 2, 7.5, 6.5 ], "texture": "#0", "cullface": "east" }
			}
		},
		{
			"from": [ 12, 9, 7.5 ],
			"to": [ 15, 13.5, 9.5 ],
			"faces": {
				"up": { "uv": [ 6, 10, 8, 16 ], "texture": "#2", "cullface": "east" },
				"north": { "uv": [ 9.5, 0, 12.5, 4.5 ], "texture": "#2", "cullface": "east" },
				"south": { "uv": [ 11.5, 0, 14.5, 4.5 ], "texture": "#2", "cullface": "east" },
				"east": { "uv": [ 8, 2, 10, 6.5 ], "texture": "#0", "cullface": "east" }
			}
		},
		{
			"from": [ 14, 9, 13 ],
			"to": [ 15.5, 13.5, 15 ],
			"faces": {
				"up": { "uv": [ 6, 10, 7.5, 16 ], "texture": "#2", "cullface": "east" },
				"north": { "uv": [ 0, 5, 1.5, 9.5 ], "texture": "#2", "cullface": "east" },
				"south": { "uv": [ 3.5, 5, 5, 9.5 ], "texture": "#2", "cullface": "east" },
				"east": { "uv": [ 12.5, 2.5, 14.5, 7 ], "texture": "#0", "cullface": "east" }
			}
		},
		{
			"from": [ 0, 9, 1 ],
			"to": [ 2.5, 13.5, 2.5 ],
			"faces": {
				"up": { "uv": [ 6, 10, 7.5, 15.5 ], "texture": "#2", "cullface": "west" },
				"north": { "uv": [ 2.5, 0, 5, 4.5 ], "texture": "#2", "cullface": "west" },
				"south": { "uv": [ 0, 0, 2.5, 4.5 ], "texture": "#2", "cullface": "west" },
				"west": { "uv": [ 1.5, 2, 3, 6.5 ], "texture": "#0", "cullface": "west" }
			}
		},
		{
			"from": [ 0.5, 9, 8 ],
			"to": [ 3, 11, 12.5 ],
			"faces": {
				"up": { "uv": [ 9.5, 4.5, 7, 0 ], "texture": "#2", "cullface": "west" },
				"north": { "uv": [ 9, 16, 6.5, 10 ], "texture": "#2", "cullface": "north" },
				"south": { "uv": [ 6, 10, 8.5, 16 ], "texture": "#2", "cullface": "west" },
				"west": { "uv": [ 3.5, 2, 5.5, 6.5 ], "texture": "#0", "cullface": "west", "rotation": 90 }
			}
		},
		{
			"from": [ 0.4, 9.2, 6.2 ],
			"to": [ 4.4, 13.7, 7.7 ],
			"rotation": { "origin": [ 2, 11, 6.5 ], "axis": "x", "angle": 22.5 },
			"faces": {
				"down": { "uv": [ 6, 10, 10, 15.5 ], "texture": "#2", "cullface": "west" },
				"up": { "uv": [ 6, 10, 10, 15.5 ], "texture": "#2", "cullface": "west" },
				"north": { "uv": [ 1, 5, 5, 9.5 ], "texture": "#2", "cullface": "west" },
				"south": { "uv": [ 0, 5, 4, 9.5 ], "texture": "#2", "cullface": "west" },
				"west": { "uv": [ 6, 2.5, 7.5, 7 ], "texture": "#0", "cullface": "west" }
			}
		},
		{
			"from": [ 1, 9, 3.5 ],
			"to": [ 3.5, 13.5, 5.5 ],
			"faces": {
				"up": { "uv": [ 6, 10, 8.5, 16 ], "texture": "#2", "cullface": "west" },
				"north": { "uv": [ 12, 0, 14.5, 4.5 ], "texture": "#2", "cullface": "west" },
				"south": { "uv": [ 9.5, 0, 12, 4.5 ], "texture": "#2", "cullface": "west" },
				"west": { "uv": [ 8, 2.5, 10, 7 ], "texture": "#0", "cullface": "west" }
			}
		},
		{
			"from": [ 0.8, 11, 8.5 ],
			"to": [ 3.8, 12.5, 13 ],
			"faces": {
				"down": { "uv": [ 5, 9.5, 2, 5 ], "texture": "#2", "cullface": "west" },
				"up": { "uv": [ 0, 5.5, 3, 10 ], "texture": "#2", "cullface": "west" },
				"north": { "uv": [ 9, 15.5, 6, 10 ], "texture": "#2", "cullface": "west" },
				"west": { "uv": [ 10.5, 2, 12, 6.5 ], "texture": "#0", "cullface": "west", "rotation": 270 }
			}
		},
		{
			"from": [ 0.5, 9, 13 ],
			"to": [ 2.964, 13.5, 15 ],
			"faces": {
				"up": { "uv": [ 6, 10, 8.5, 16 ], "texture": "#2", "cullface": "west" },
				"north": { "uv": [ 2.5, 5, 5, 9.5 ], "texture": "#2", "cullface": "west" },
				"south": { "uv": [ 0, 5, 2.5, 9.5 ], "texture": "#2", "cullface": "west" },
				"west": { "uv": [ 12.5, 2.5, 14.5, 7 ], "texture": "#0", "cullface": "west" }
			}
		},
		{
			"from": [ 0.5, 3, 8 ],
			"to": [ 3.5, 7, 9.5 ],
			"faces": {
				"up": { "uv": [ 6, 10, 9, 15.5 ], "texture": "#2", "cullface": "west" },
				"north": { "uv": [ 2, 10, 5, 14 ], "texture": "#2", "cullface": "west" },
				"south": { "uv": [ 0, 10, 3, 14 ], "texture": "#2", "cullface": "west" },
				"west": { "uv": [ 13, 9, 14.5, 13 ], "texture": "#0", "cullface": "west" }
			}
		},
		{
			"from": [ 0.2, 3.2, 3.3 ],
			"to": [ 3.2, 7.2, 4.8 ],
			"rotation": { "origin": [ 1, 5, 4 ], "axis": "x", "angle": -22.5 },
			"faces": {
				"down": { "uv": [ 6, 10, 9, 15.5 ], "texture": "#2", "cullface": "west" },
				"up": { "uv": [ 6, 10, 9, 15.5 ], "texture": "#2", "cullface": "west" },
				"north": { "uv": [ 2, 5, 5, 9 ], "texture": "#2", "cullface": "west" },
				"south": { "uv": [ 0, 5, 3, 9 ], "texture": "#2", "cullface": "west" },
				"west": { "uv": [ 11, 9, 12.5, 13 ], "texture": "#0", "cullface": "west" }
			}
		},
		{
			"from": [ 1, 3, 10 ],
			"to": [ 3.5, 7, 12 ],
			"faces": {
				"up": { "uv": [ 6, 10, 8.5, 16 ], "texture": "#2", "cullface": "west" },
				"north": { "uv": [ 2.5, 6, 5, 10 ], "texture": "#2", "cullface": "west" },
				"south": { "uv": [ 0, 5, 2.5, 9 ], "texture": "#2", "cullface": "west" },
				"west": { "uv": [ 8, 9, 10, 13 ], "texture": "#0", "cullface": "west" }
			}
		},
		{
			"from": [ 0.5, 3, 12.5 ],
			"to": [ 2.5, 7, 14.5 ],
			"faces": {
				"up": { "uv": [ 6, 10, 8, 16 ], "texture": "#2", "cullface": "west" },
				"north": { "uv": [ 7.5, 6, 9.5, 10 ], "texture": "#2", "cullface": "west" },
				"south": { "uv": [ 5, 6, 7, 10 ], "texture": "#2", "cullface": "west" },
				"west": { "uv": [ 7.5, 9, 5.5, 13 ], "texture": "#0", "cullface": "west" }
			}
		},
		{
			"from": [ 0.5, 3, 4.9 ],
			"to": [ 3, 7, 6.4 ],
			"rotation": { "origin": [ 1, 5, 5.5 ], "axis": "x", "angle": -22.5 },
			"faces": {
				"down": { "uv": [ 7, 10, 9.5, 15.5 ], "texture": "#2", "cullface": "west" },
				"up": { "uv": [ 6, 10, 8.5, 15.5 ], "texture": "#2", "cullface": "west" },
				"north": { "uv": [ 12, 0, 14.5, 4 ], "texture": "#2", "cullface": "west" },
				"south": { "uv": [ 9.5, 0, 12, 4 ], "texture": "#2", "cullface": "west" },
				"west": { "uv": [ 3.5, 9, 5, 13 ], "texture": "#0", "cullface": "west" }
			}
		},
		{
			"from": [ 6.5, 10.25, 1 ],
			"to": [ 10.5, 13, 1 ],
			"faces": {
				"north": { "uv": [ 8, 0, 16, 5.5 ], "texture": "#3", "cullface": "north" }
			}
		},
		{
			"from": [ 7.5, 9, 1 ],
			"to": [ 9.5, 10, 1 ],
			"faces": {
				"north": { "uv": [ 10, 6, 14, 8 ], "texture": "#3", "cullface": "north" }
			}
		},
		{
			"from": [ 6.75, 10, 1 ],
			"to": [ 10.25, 10.25, 1 ],
			"faces": {
				"north": { "uv": [ 8.5, 5.5, 15.5, 6 ], "texture": "#3", "cullface": "north" }
			}
		},
		{
			"from": [ 7, 9.75, 1 ],
			"to": [ 7.25, 10, 1 ],
			"faces": {
				"north": { "uv": [ 14.5, 6, 15, 6.5 ], "texture": "#3", "cullface": "north" }
			}
		},
		{
			"from": [ 9.75, 9.75, 1 ],
			"to": [ 10, 10, 1 ],
			"faces": {
				"north": { "uv": [ 9, 6, 9.5, 6.5 ], "texture": "#3", "cullface": "north" }
			}
		},
		{
			"from": [ 6.5, 13, 1 ],
			"to": [ 10.5, 13, 5 ],
			"faces": {
				"down": { "uv": [ 8, 8, 16, 16 ], "texture": "#3", "cullface": "north", "rotation": 180 },
				"up": { "uv": [ 8, 8, 16, 16 ], "texture": "#3", "cullface": "north", "rotation": 180 }
			}
		},
		{
			"from": [ 6.5, 10.25, 1 ],
			"to": [ 6.5, 13, 5 ],
			"faces": {
				"west": { "uv": [ 0, 8, 8, 13.5 ], "texture": "#3", "cullface": "north" },
				"east": { "uv": [ 8, 8, 0, 13.5 ], "texture": "#3", "cullface": "north" }
			}
		},
		{
			"from": [ 10.5, 10.25, 1 ],
			"to": [ 10.5, 13, 5 ],
			"faces": {
				"west": { "uv": [ 0, 8, 8, 13.5 ], "texture": "#3", "cullface": "north" },
				"east": { "uv": [ 8, 8, 0, 13.5 ], "texture": "#3", "cullface": "north" }
			}
		},
		{
			"from": [ 6.5, 10, 2.25 ],
			"to": [ 6.5, 10.25, 5 ],
			"faces": {
				"west": { "uv": [ 2.5, 13.5, 8, 14 ], "texture": "#3", "cullface": "north" },
				"east": { "uv": [ 8, 13.5, 2.5, 14 ], "texture": "#3", "cullface": "north" }
			}
		},
		{
			"from": [ 10.5, 10, 2.25 ],
			"to": [ 10.5, 10.25, 5 ],
			"faces": {
				"west": { "uv": [ 2.5, 13.5, 8, 14 ], "texture": "#3", "cullface": "north" },
				"east": { "uv": [ 8, 13.5, 2.5, 14 ], "texture": "#3", "cullface": "north" }
			}
		},
		{
			"from": [ 6.5, 10, 5 ],
			"to": [ 10.5, 13, 5 ],
			"faces": {
				"north": { "uv": [ 0, 0, 8, 6 ], "texture": "#3", "cullface": "north" }
			}
		},
		{
			"from": [ 7.75, 9, 5 ],
			"to": [ 9, 9.25, 5 ],
			"faces": {
				"north": { "uv": [ 3, 7.5, 5.5, 8 ], "texture": "#3", "cullface": "north" }
			}
		},
		{
			"from": [ 6.75, 9.75, 5 ],
			"to": [ 10.25, 10, 5 ],
			"faces": {
				"north": { "uv": [ 0.5, 6, 7.5, 6.5 ], "texture": "#3", "cullface": "north" }
			}
		},
		{
			"from": [ 7, 9.5, 5 ],
			"to": [ 10, 9.75, 5 ],
			"faces": {
				"north": { "uv": [ 1, 6.5, 7, 7 ], "texture": "#3", "cullface": "north" }
			}
		},
		{
			"from": [ 8, 9.25, 5 ],
			"to": [ 8.75, 9.5, 5 ],
			"faces": {
				"north": { "uv": [ 3.5, 7, 5, 7.5 ], "texture": "#3", "cullface": "north" }
			}
		},
		{
			"from": [ 9.5, 10, 11 ],
			"to": [ 9.5, 10.25, 13.75 ],
			"faces": {
				"west": { "uv": [ 8, 13.5, 2.5, 14 ], "texture": "#3", "cullface": "south" },
				"east": { "uv": [ 2.5, 13.5, 8, 14 ], "texture": "#3", "cullface": "south" }
			}
		},
		{
			"from": [ 5.5, 10, 11 ],
			"to": [ 5.5, 10.25, 13.75 ],
			"faces": {
				"west": { "uv": [ 8, 13.5, 2.5, 14 ], "texture": "#3", "cullface": "south" },
				"east": { "uv": [ 2.5, 13.5, 8, 14 ], "texture": "#3", "cullface": "south" }
			}
		},
		{
			"from": [ 5.5, 10, 11 ],
			"to": [ 9.5, 13, 11 ],
			"faces": {
				"south": { "uv": [ 0, 0, 8, 6 ], "texture": "#3", "cullface": "south" }
			}
		},
		{
			"from": [ 7, 9, 11 ],
			"to": [ 8.25, 9.25, 11 ],
			"faces": {
				"south": { "uv": [ 3, 7.5, 5.5, 8 ], "texture": "#3", "cullface": "south" }
			}
		},
		{
			"from": [ 5.75, 9.75, 11 ],
			"to": [ 9.25, 10, 11 ],
			"faces": {
				"south": { "uv": [ 0.5, 6, 7.5, 6.5 ], "texture": "#3", "cullface": "south" }
			}
		},
		{
			"from": [ 6, 9.5, 11 ],
			"to": [ 9, 9.75, 11 ],
			"faces": {
				"south": { "uv": [ 1, 6.5, 7, 7 ], "texture": "#3", "cullface": "south" }
			}
		},
		{
			"from": [ 7.25, 9.25, 11 ],
			"to": [ 8, 9.5, 11 ],
			"faces": {
				"south": { "uv": [ 3.5, 7, 5, 7.5 ], "texture": "#3", "cullface": "south" }
			}
		},
		{
			"from": [ 5.5, 10.25, 11 ],
			"to": [ 5.5, 13, 15 ],
			"faces": {
				"west": { "uv": [ 8, 8, 0, 13.5 ], "texture": "#3", "cullface": "south" },
				"east": { "uv": [ 0, 8, 8, 13.5 ], "texture": "#3", "cullface": "south" }
			}
		},
		{
			"from": [ 9.5, 10.25, 11 ],
			"to": [ 9.5, 13, 15 ],
			"faces": {
				"west": { "uv": [ 8, 8, 0, 13.5 ], "texture": "#3", "cullface": "south" },
				"east": { "uv": [ 0, 8, 8, 13.5 ], "texture": "#3", "cullface": "south" }
			}
		},
		{
			"from": [ 5.5, 13, 11 ],
			"to": [ 9.5, 13, 15 ],
			"faces": {
				"down": { "uv": [ 8, 8, 16, 16 ], "texture": "#3", "cullface": "south" },
				"up": { "uv": [ 8, 8, 16, 16 ], "texture": "#3", "cullface": "south" }
			}
		},
		{
			"from": [ 6, 9.75, 15 ],
			"to": [ 6.25, 10, 15 ],
			"faces": {
				"south": { "uv": [ 9, 6, 9.5, 6.5 ], "texture": "#3", "cullface": "south" }
			}
		},
		{
			"from": [ 8.75, 9.75, 15 ],
			"to": [ 9, 10, 15 ],
			"faces": {
				"south": { "uv": [ 14.5, 6, 15, 6.5 ], "texture": "#3", "cullface": "south" }
			}
		},
		{
			"from": [ 5.75, 10, 15 ],
			"to": [ 9.25, 10.25, 15 ],
			"faces": {
				"south": { "uv": [ 8.5, 5.5, 15.5, 6 ], "texture": "#3", "cullface": "south" }
			}
		},
		{
			"from": [ 6.5, 9, 15 ],
			"to": [ 8.5, 10, 15 ],
			"faces": {
				"south": { "uv": [ 10, 6, 14, 8 ], "texture": "#3", "cullface": "south" }
			}
		},
		{
			"from": [ 5.5, 10.25, 15 ],
			"to": [ 9.5, 13, 15 ],
			"faces": {
				"south": { "uv": [ 8, 0, 16, 5.5 ], "texture": "#3", "cullface": "south" }
			}
		},
		{
			"from": [ 9, 3, 11.5 ],
			"to": [ 11, 7, 15.5 ],
			"faces": {
				"up": { "uv": [ 6, 10, 11, 14 ], "texture": "#2", "cullface": "south" },
				"south": { "uv": [ 0.5, 14, 4.5, 16 ], "texture": "#2", "cullface": "south", "rotation": 90 },
				"west": { "uv": [ 11.5, 11, 15.5, 15 ], "texture": "#2", "cullface": "south" },
				"east": { "uv": [ 11.5, 11, 15.5, 15 ], "texture": "#2", "cullface": "south" }
			}
		},
		{
			"from": [ 1.5, 3, 13.5 ],
			"to": [ 3.5, 7, 15.5 ],
			"faces": {
				"up": { "uv": [ 6, 10, 11, 14 ], "texture": "#2", "cullface": "south" },
				"south": { "uv": [ 5.5, 9, 7.5, 13 ], "texture": "#0", "cullface": "south" },
				"west": { "uv": [ 5.5, 6, 9.5, 10 ], "texture": "#2", "cullface": "south" },
				"east": { "uv": [ 5, 6, 9, 10 ], "texture": "#2", "cullface": "south" }
			}
		},
		{
			"from": [ 3.3, 3.2, 0 ],
			"to": [ 4.8, 7.2, 2.5 ],
			"rotation": { "origin": [ 4, 5, 0 ], "axis": "z", "angle": 22.5 },
			"faces": {
				"down": { "uv": [ 6, 12, 11.5, 14.5 ], "texture": "#2", "cullface": "north" },
				"up": { "uv": [ 6, 12, 11.5, 14.5 ], "texture": "#2", "cullface": "north" },
				"north": { "uv": [ 13, 9, 14.5, 13 ], "texture": "#0", "cullface": "north" },
				"west": { "uv": [ 0, 10, 2.5, 14 ], "texture": "#2", "cullface": "north" },
				"east": { "uv": [ 2.5, 14, 5, 10 ], "texture": "#2", "cullface": "north" }
			}
		},
		{
			"from": [ 12.5, 3, 0.5 ],
			"to": [ 14.5, 7, 3.5 ],
			"faces": {
				"up": { "uv": [ 6, 10, 11, 13 ], "texture": "#2", "cullface": "north" },
				"north": { "uv": [ 5.5, 9, 7.5, 13 ], "texture": "#0", "cullface": "north" },
				"west": { "uv": [ 5, 6, 8.5, 10 ], "texture": "#2", "cullface": "north" },
				"east": { "uv": [ 9, 6, 5, 10 ], "texture": "#2", "cullface": "north" }
			}
		},
		{
			"from": [ 0.3, 3, 1 ],
			"to": [ 1.3, 7, 2.5 ],
			"faces": {
				"up": { "uv": [ 6, 10, 7, 15.5 ], "texture": "#2", "cullface": "west" },
				"north": { "uv": [ 8.5, 1, 9.5, 5 ], "texture": "#2", "cullface": "west" },
				"south": { "uv": [ 5, 1, 6, 5 ], "texture": "#2", "cullface": "west" },
				"west": { "uv": [ 10.5, 3, 12, 7 ], "texture": "#0", "cullface": "west" }
			}
		}
	]
}