{
	"__comment": "Created by Filal",
	"textures": {
		"particle": "block/brick_stairs_side",
		"0": "block/brick_stairs_side",
		"1": "block/brick_stairs_top",
		"2": "block/brick_stairs_bottom"
	},
	"elements": [ 	 
		{
			"from": [ 0, 0, 0 ],
			"to": [ 16, 8, 16 ],
			"faces": {
				"down": { "uv": [ 0.01, 0.01, 15.99, 15.99 ], "texture": "#2", "cullface": "down" },
				"up": { "uv": [ 0.01, 0.01, 15.99, 15.99 ], "texture": "#1" },
				"north": { "uv": [ 0.01, 8.01, 15.99, 15.99 ], "texture": "#0", "cullface": "north" },
				"south": { "uv": [ 15.99, 8.01, 0.01, 15.99 ], "texture": "#0", "cullface": "south" },
				"west": { "uv": [ 0.01, 8.01, 15.99, 15.99 ], "texture": "#0", "cullface": "west" },
				"east": { "uv": [ 15.99, 8.01, 0.01, 15.99 ], "texture": "#0", "cullface": "east" }
			}
		},
		{
			"from": [ 0, 8, 8 ],
			"to": [ 16, 16, 16 ],
			"faces": {
				"up": { "uv": [ 0.01, 0.01, 15.99, 7.99 ], "texture": "#1", "cullface": "up" },
				"north": { "uv": [ 0.01, 0.01, 15.99, 7.99 ], "texture": "#0" },
				"south": { "uv": [ 15.99, 0.01, 0.01, 7.99 ], "texture": "#0", "cullface": "south" },
				"west": { "uv": [ 8.01, 0.01, 15.99, 7.99 ], "texture": "#0", "cullface": "west" },
				"east": { "uv": [ 15.99, 0.01, 8.01, 7.99 ], "texture": "#0", "cullface": "east" }
			}
		},
		{
			"from": [ 0.501, 8.001, 0.001 ],
			"to": [ 7.999, 8.499, 7.499 ],
			"faces": {
				"up": { "uv": [ 0.51, 0.01, 7.99, 7.487 ], "texture": "#1" },
				"north": { "uv": [ 7.99, 0.01, 0.51, 0.49 ], "texture": "#1" },
				"south": { "uv": [ 0.51, 7.01, 7.99, 7.49 ], "texture": "#1" },
				"west": { "uv": [ 0.51, 7.49, 0.99, 0.01 ], "texture": "#1", "rotation": 90 },
				"east": { "uv": [ 7.51, 0.01, 7.99, 7.49 ], "texture": "#1", "rotation": 90 }
			}
		},
		{
			"from": [ 8.501, 8.001, 0.001 ],
			"to": [ 15.999, 8.499, 7.499 ],
			"faces": {
				"up": { "uv": [ 8.51, 0.01, 15.99, 7.49 ], "texture": "#1" },
				"north": { "uv": [ 15.99, 0.01, 8.51, 0.49 ], "texture": "#1" },
				"south": { "uv": [ 8.51, 7.01, 15.99, 7.49 ], "texture": "#1" },
				"west": { "uv": [ 8.51, 7.49, 8.99, 0.01 ], "texture": "#1", "rotation": 90 },
				"east": { "uv": [ 15.51, 0.01, 15.99, 7.49 ], "texture": "#1", "rotation": 90 }
			}
		},
		{
			"from": [ 8.501, 16.001, 8.001 ],
			"to": [ 15.999, 16.499, 15.499 ],
			"faces": {
				"up": { "uv": [ 8.514, 8.01, 15.99, 15.486 ], "texture": "#1", "cullface": "up" },
				"north": { "uv": [ 15.99, 0.01, 8.51, 0.49 ], "texture": "#1", "cullface": "up" },
				"south": { "uv": [ 8.51, 15.01, 15.99, 15.49 ], "texture": "#1", "cullface": "up" },
				"west": { "uv": [ 8.51, 15.49, 8.99, 8.01 ], "texture": "#1", "cullface": "up", "rotation": 90 },
				"east": { "uv": [ 15.51, 8.01, 15.99, 15.49 ], "texture": "#1", "cullface": "up", "rotation": 90 }
			}
		},
		{
			"from": [ 0.501, 16.001, 8.001 ],
			"to": [ 7.999, 16.499, 15.499 ],
			"faces": {
				"up": { "uv": [ 0.51, 8.01, 7.99, 15.486 ], "texture": "#1", "cullface": "up" },
				"north": { "uv": [ 15.99, 0.01, 8.51, 0.49 ], "texture": "#1", "cullface": "up" },
				"south": { "uv": [ 0.51, 15.01, 7.99, 15.49 ], "texture": "#1", "cullface": "up" },
				"west": { "uv": [ 0.51, 15.49, 0.99, 8.01 ], "texture": "#1", "cullface": "up", "rotation": 90 },
				"east": { "uv": [ 7.51, 8.01, 7.99, 15.49 ], "texture": "#1", "cullface": "up", "rotation": 90 }
			}
		},
		{
			"from": [ 0.501, 0.501, -0.499 ],
			"to": [ 15.999, 5.499, -0.001 ],
			"faces": {
				"down": { "uv": [ 15.49, 15.01, 0.01, 15.49 ], "texture": "#0", "cullface": "north" },
				"up": { "uv": [ 15.49, 10.51, 0.01, 10.99 ], "texture": "#0", "cullface": "north" },
				"north": { "uv": [ 0.01, 10.51, 15.49, 15.49 ], "texture": "#0", "cullface": "north" },
				"west": { "uv": [ 15.01, 10.51, 15.49, 15.49 ], "texture": "#0", "cullface": "north" },
				"east": { "uv": [ 0.01, 10.51, 0.49, 15.49 ], "texture": "#0", "cullface": "north" }
			}
		},
		{
			"from": [ 0.501, 8.501, 7.501 ],
			"to": [ 15.999, 13.499, 7.999 ],
			"faces": {
				"down": { "uv": [ 15.49, 7.01, 0.01, 7.49 ], "texture": "#0" },
				"up": { "uv": [ 15.49, 2.51, 0.01, 2.99 ], "texture": "#0" },
				"north": { "uv": [ 0.01, 2.51, 15.49, 7.49 ], "texture": "#0" },
				"west": { "uv": [ 15.01, 2.51, 15.49, 7.49 ], "texture": "#0" },
				"east": { "uv": [ 0.01, 2.51, 0.49, 7.49 ], "texture": "#0" }
			}
		},
		{
			"from": [ 0.501, 6.001, -0.499 ],
			"to": [ 7.999, 7.999, -0.001 ],
			"faces": {
				"down": { "uv": [ 15.49, 9.51, 8.01, 9.99 ], "texture": "#0", "cullface": "north" },
				"up": { "uv": [ 15.49, 8.01, 8.01, 8.49 ], "texture": "#0", "cullface": "north" },
				"north": { "uv": [ 8.011, 8.011, 15.49, 9.99 ], "texture": "#0", "cullface": "north" },
				"west": { "uv": [ 15.01, 8.01, 15.49, 9.99 ], "texture": "#0", "cullface": "north" },
				"east": { "uv": [ 8.01, 8.01, 8.49, 9.99 ], "texture": "#0", "cullface": "north" }
			}
		},
		{
			"from": [ 8.501, 6.001, -0.499 ],
			"to": [ 15.999, 7.999, -0.001 ],
			"faces": {
				"down": { "uv": [ 7.49, 9.51, 0.01, 9.99 ], "texture": "#0", "cullface": "north" },
				"up": { "uv": [ 7.49, 8.01, 0.01, 8.49 ], "texture": "#0", "cullface": "north" },
				"north": { "uv": [ 0.01, 8.01, 7.49, 9.99 ], "texture": "#0", "cullface": "north" },
				"west": { "uv": [ 7.01, 8.01, 7.49, 9.99 ], "texture": "#0", "cullface": "north" },
				"east": { "uv": [ 0.01, 8.01, 0.49, 9.99 ], "texture": "#0", "cullface": "north" }
			}
		},
		{
			"from": [ 0.501, 14.001, 7.501 ],
			"to": [ 7.999, 15.999, 7.999 ],
			"faces": {
				"down": { "uv": [ 15.49, 1.51, 8.012, 1.99 ], "texture": "#0" },
				"up": { "uv": [ 15.49, 0.01, 8.012, 0.49 ], "texture": "#0" },
				"north": { "uv": [ 8.01, 0.01, 15.49, 1.99 ], "texture": "#0" },
				"west": { "uv": [ 15.01, 0.01, 15.49, 1.99 ], "texture": "#0" },
				"east": { "uv": [ 8.01, 0.01, 8.49, 1.99 ], "texture": "#0" }
			}
		},
		{
			"from": [ 8.501, 14.001, 7.501 ],
			"to": [ 15.999, 15.999, 7.999 ],
			"faces": {
				"down": { "uv": [ 7.49, 1.51, 0.01, 1.99 ], "texture": "#0" },
				"up": { "uv": [ 7.49, 0.01, 0.01, 0.49 ], "texture": "#0" },
				"north": { "uv": [ 0.01, 0.01, 7.49, 1.99 ], "texture": "#0" },
				"west": { "uv": [ 7.01, 0.01, 7.49, 1.99 ], "texture": "#0" },
				"east": { "uv": [ 0.01, 0.01, 0.49, 1.99 ], "texture": "#0" }
			}
		},
		{
			"from": [ -0.499, 0.501, 0.001 ],
			"to": [ -0.001, 5.499, 15.499 ],
			"faces": {
				"down": { "uv": [ 15.49, 15.01, 0.01, 15.49 ], "texture": "#0", "cullface": "west", "rotation": 90 },
				"up": { "uv": [ 15.49, 10.51, 0.01, 10.99 ], "texture": "#0", "cullface": "west", "rotation": 270 },
				"north": { "uv": [ 0.01, 10.51, 0.49, 15.49 ], "texture": "#0", "cullface": "west" },
				"south": { "uv": [ 15.01, 10.51, 15.49, 15.49 ], "texture": "#0", "cullface": "west" },
				"west": { "uv": [ 0.01, 10.51, 15.49, 15.49 ], "texture": "#0", "cullface": "west" }
			}
		},
		{
			"from": [ -0.499, 6.001, 8.001 ],
			"to": [ -0.001, 7.999, 15.499 ],
			"faces": {
				"down": { "uv": [ 15.49, 9.51, 8.01, 9.99 ], "texture": "#0", "cullface": "west", "rotation": 90 },
				"up": { "uv": [ 15.49, 8.01, 8.01, 8.49 ], "texture": "#0", "cullface": "west", "rotation": 270 },
				"north": { "uv": [ 8.01, 8.01, 8.49, 9.99 ], "texture": "#0", "cullface": "west" },
				"south": { "uv": [ 15.01, 8.01, 15.49, 9.99 ], "texture": "#0", "cullface": "west" },
				"west": { "uv": [ 8.011, 8.011, 15.49, 9.99 ], "texture": "#0", "cullface": "west" }
			}
		},
		{
			"from": [ -0.499, 6.001, 0.001 ],
			"to": [ -0.001, 7.999, 7.499 ],
			"faces": {
				"down": { "uv": [ 7.49, 9.51, 0.01, 9.99 ], "texture": "#0", "cullface": "west", "rotation": 90 },
				"up": { "uv": [ 7.49, 8.01, 0.01, 8.49 ], "texture": "#0", "cullface": "west", "rotation": 270 },
				"north": { "uv": [ 0.01, 8.01, 0.49, 9.99 ], "texture": "#0", "cullface": "west" },
				"south": { "uv": [ 7.01, 8.01, 7.49, 9.99 ], "texture": "#0", "cullface": "west" },
				"west": { "uv": [ 0.01, 8.01, 7.49, 9.99 ], "texture": "#0", "cullface": "west" }
			}
		},
		{
			"from": [ -0.499, 14.001, 8.001 ],
			"to": [ -0.001, 15.999, 15.499 ],
			"faces": {
				"down": { "uv": [ 15.49, 1.51, 8.012, 1.99 ], "texture": "#0", "cullface": "west", "rotation": 90 },
				"up": { "uv": [ 15.49, 0.01, 8.012, 0.49 ], "texture": "#0", "cullface": "west", "rotation": 270 },
				"north": { "uv": [ 8.01, 0.01, 8.49, 1.99 ], "texture": "#0", "cullface": "west" },
				"south": { "uv": [ 15.01, 0.01, 15.49, 1.99 ], "texture": "#0", "cullface": "west" },
				"west": { "uv": [ 8.01, 0.01, 15.49, 1.99 ], "texture": "#0", "cullface": "west" }
			}
		},
		{
			"from": [ 16, 0.5, 0 ],
			"to": [ 16.5, 5.5, 15.5 ],
			"faces": {
				"down": { "uv": [ 15.49, 15.01, 0.01, 15.49 ], "texture": "#0", "cullface": "east", "rotation": 90 },
				"up": { "uv": [ 0.01, 10.51, 15.49, 10.99 ], "texture": "#0", "cullface": "east", "rotation": 90 },
				"north": { "uv": [ 15.01, 10.51, 15.49, 15.49 ], "texture": "#0", "cullface": "east" },
				"south": { "uv": [ 0.01, 10.51, 0.49, 15.49 ], "texture": "#0", "cullface": "east" },
				"east": { "uv": [ 15.49, 10.51, 0.01, 15.49 ], "texture": "#0", "cullface": "east" }
			}
		},
		{
			"from": [ 0.5, 0.5, 16 ],
			"to": [ 16, 5.5, 16.5 ],
			"faces": {
				"down": { "uv": [ 15.49, 15.01, 0.01, 15.49 ], "texture": "#0", "cullface": "south" },
				"up": { "uv": [ 0.01, 10.51, 15.49, 10.99 ], "texture": "#0", "cullface": "south", "rotation": 180 },
				"south": { "uv": [ 15.49, 10.51, 0.01, 15.49 ], "texture": "#0", "cullface": "south" },
				"west": { "uv": [ 0.01, 10.51, 0.49, 15.49 ], "texture": "#0", "cullface": "south" },
				"east": { "uv": [ 15.01, 10.51, 15.49, 15.49 ], "texture": "#0", "cullface": "south" }
			}
		},
		{
			"from": [ 16.001, 6.001, 8.001 ],
			"to": [ 16.499, 7.999, 15.499 ],
			"faces": {
				"down": { "uv": [ 8.012, 9.51, 15.49, 9.99 ], "texture": "#0", "cullface": "east", "rotation": 270 },
				"up": { "uv": [ 8.012, 8.01, 15.49, 8.49 ], "texture": "#0", "cullface": "east", "rotation": 90 },
				"north": { "uv": [ 8.01, 8.01, 8.49, 9.99 ], "texture": "#0", "cullface": "east" },
				"south": { "uv": [ 15.01, 8.01, 15.49, 9.99 ], "texture": "#0", "cullface": "east" },
				"east": { "uv": [ 15.49, 8.01, 8.01, 9.99 ], "texture": "#0", "cullface": "east" }
			}
		},
		{
			"from": [ 16.001, 6.001, 0.001 ],
			"to": [ 16.499, 7.999, 7.499 ],
			"faces": {
				"down": { "uv": [ 0.01, 9.51, 7.49, 9.99 ], "texture": "#0", "cullface": "east", "rotation": 270 },
				"up": { "uv": [ 0.01, 8.01, 7.49, 8.49 ], "texture": "#0", "cullface": "east", "rotation": 90 },
				"north": { "uv": [ 0.01, 8.01, 0.49, 9.99 ], "texture": "#0", "cullface": "east" },
				"south": { "uv": [ 7.01, 8.01, 7.49, 9.99 ], "texture": "#0", "cullface": "east" },
				"east": { "uv": [ 7.49, 8.01, 0.01, 9.99 ], "texture": "#0", "cullface": "east" }
			}
		},
		{
			"from": [ 8.501, 6.001, 16.001 ],
			"to": [ 15.999, 7.999, 16.499 ],
			"faces": {
				"down": { "uv": [ 0.01, 9.51, 7.49, 9.99 ], "texture": "#0", "cullface": "south", "rotation": 180 },
				"up": { "uv": [ 0.01, 8.01, 7.49, 8.49 ], "texture": "#0", "cullface": "south", "rotation": 180 },
				"south": { "uv": [ 7.49, 8.01, 0.01, 9.99 ], "texture": "#0", "cullface": "south" },
				"west": { "uv": [ 7.01, 8.01, 7.49, 9.99 ], "texture": "#0", "cullface": "south" },
				"east": { "uv": [ 0.01, 8.01, 0.49, 9.99 ], "texture": "#0", "cullface": "south" }
			}
		},
		{
			"from": [ 0.501, 6.001, 16.001 ],
			"to": [ 7.999, 7.999, 16.499 ],
			"faces": {
				"down": { "uv": [ 8.012, 9.51, 15.49, 9.99 ], "texture": "#0", "cullface": "south", "rotation": 180 },
				"up": { "uv": [ 8.012, 8.01, 15.49, 8.49 ], "texture": "#0", "cullface": "south", "rotation": 180 },
				"south": { "uv": [ 15.49, 8.01, 8.01, 9.99 ], "texture": "#0", "cullface": "south" },
				"west": { "uv": [ 15.01, 8.01, 15.49, 9.99 ], "texture": "#0", "cullface": "south" },
				"east": { "uv": [ 8.01, 8.01, 8.49, 9.99 ], "texture": "#0", "cullface": "south" }
			}
		},
		{
			"from": [ -0.499, 8.501, 8.0009 ],
			"to": [ 0.001, 13.501, 15.5009 ],
			"faces": {
				"down": { "uv": [ 15.49, 7.01, 8.01, 7.49 ], "texture": "#0", "cullface": "west", "rotation": 90 },
				"up": { "uv": [ 8.01, 2.51, 15.49, 2.99 ], "texture": "#0", "cullface": "west", "rotation": 90 },
				"north": { "uv": [ 8.01, 2.51, 8.49, 7.49 ], "texture": "#0", "cullface": "west" },
				"south": { "uv": [ 15.01, 2.51, 15.49, 7.49 ], "texture": "#0", "cullface": "west" },
				"west": { "uv": [ 8.01, 2.51, 15.49, 7.49 ], "texture": "#0", "cullface": "west" }
			}
		},
		{
			"from": [ 15.999, 8.501, 7.999 ],
			"to": [ 16.499, 13.501, 15.499 ],
			"faces": {
				"down": { "uv": [ 8.01, 7.01, 15.49, 7.49 ], "texture": "#0", "cullface": "east", "rotation": 270 },
				"up": { "uv": [ 15.49, 2.51, 8.01, 2.99 ], "texture": "#0", "cullface": "east", "rotation": 270 },
				"north": { "uv": [ 8.01, 2.51, 8.49, 7.49 ], "texture": "#0", "cullface": "east" },
				"south": { "uv": [ 15.01, 2.51, 15.49, 7.49 ], "texture": "#0", "cullface": "east" },
				"east": { "uv": [ 15.49, 2.51, 8.01, 7.49 ], "texture": "#0", "cullface": "east" }
			}
		},
		{
			"from": [ 16.001, 14.001, 8.001 ],
			"to": [ 16.499, 15.999, 15.499 ],
			"faces": {
				"down": { "uv": [ 8.01, 1.51, 15.49, 1.99 ], "texture": "#0", "cullface": "east", "rotation": 270 },
				"up": { "uv": [ 8.01, 0.01, 15.49, 0.49 ], "texture": "#0", "cullface": "east", "rotation": 90 },
				"north": { "uv": [ 8.01, 0.01, 8.49, 1.99 ], "texture": "#0", "cullface": "east" },
				"south": { "uv": [ 15.01, 0.01, 15.49, 1.99 ], "texture": "#0", "cullface": "east" },
				"east": { "uv": [ 15.49, 0.01, 8.012, 1.99 ], "texture": "#0", "cullface": "east" }
			}
		},
		{
			"from": [ 0.501, -0.499, 0.501 ],
			"to": [ 7.999, -0.001, 15.999 ],
			"faces": {
				"down": { "uv": [ 0.51, 0.01, 7.99, 15.49 ], "texture": "#2", "cullface": "down" },
				"north": { "uv": [ 7.99, 15.01, 0.51, 15.49 ], "texture": "#2", "cullface": "down" },
				"south": { "uv": [ 0.51, 0.01, 7.99, 0.49 ], "texture": "#2", "cullface": "down" },
				"west": { "uv": [ 0.51, 0.01, 0.99, 15.49 ], "texture": "#2", "cullface": "down", "rotation": 90 },
				"east": { "uv": [ 7.99, 0.01, 7.51, 15.49 ], "texture": "#2", "cullface": "down", "rotation": 90 }
			}
		},
		{
			"from": [ 8.501, -0.499, 0.501 ],
			"to": [ 15.999, -0.001, 15.999 ],
			"faces": {
				"down": { "uv": [ 8.51, 0.01, 15.99, 15.49 ], "texture": "#2", "cullface": "down" },
				"north": { "uv": [ 15.99, 15.01, 8.51, 15.49 ], "texture": "#2", "cullface": "down" },
				"south": { "uv": [ 8.51, 0.01, 15.99, 0.49 ], "texture": "#2", "cullface": "down" },
				"west": { "uv": [ 8.51, 0.01, 8.99, 15.49 ], "texture": "#2", "cullface": "down", "rotation": 90 },
				"east": { "uv": [ 15.99, 0.01, 15.51, 15.49 ], "texture": "#2", "cullface": "down", "rotation": 90 }
			}
		},
		{
			"from": [ 0.501, 8.501, 16.001 ],
			"to": [ 15.999, 13.499, 16.499 ],
			"faces": {
				"up": { "uv": [ 15.49, 2.51, 0.01, 2.99 ], "texture": "#0" },
				"south": { "uv": [ 15.49, 2.51, 0.01, 7.49 ], "texture": "#0" },
				"west": { "uv": [ 15.01, 2.51, 15.49, 7.49 ], "texture": "#0" },
				"east": { "uv": [ 0.01, 2.51, 0.49, 7.49 ], "texture": "#0" }
			}
		},
		{
			"from": [ 0.501, 14.001, 16.001 ],
			"to": [ 7.999, 15.999, 16.499 ],
			"faces": {
				"down": { "uv": [ 15.49, 1.51, 8.012, 1.99 ], "texture": "#0", "cullface": "north" },
				"up": { "uv": [ 15.49, 0.01, 8.012, 0.49 ], "texture": "#0", "cullface": "north" },
				"south": { "uv": [ 15.49, 0.01, 8.01, 1.99 ], "texture": "#0" },
				"west": { "uv": [ 15.01, 0.01, 15.49, 1.99 ], "texture": "#0", "cullface": "north" },
				"east": { "uv": [ 8.01, 0.01, 8.49, 1.99 ], "texture": "#0", "cullface": "north" }
			}
		},
		{
			"from": [ 8.501, 14.001, 16.001 ],
			"to": [ 15.999, 15.999, 16.499 ],
			"faces": {
				"down": { "uv": [ 7.49, 1.51, 0.01, 1.99 ], "texture": "#0", "cullface": "north" },
				"up": { "uv": [ 7.49, 0.01, 0.01, 0.49 ], "texture": "#0", "cullface": "north" },
				"south": { "uv": [ 7.49, 0.01, 0.01, 1.99 ], "texture": "#0" },
				"west": { "uv": [ 7.01, 0.01, 7.49, 1.99 ], "texture": "#0", "cullface": "north" },
				"east": { "uv": [ 0.01, 0.01, 0.49, 1.99 ], "texture": "#0", "cullface": "north" }
			}
		}
	]
}