{
	"__comment": "Created by Filal",
	"textures": {
		"0": "block/cactus_side",
		"1": "block/cactus_top",
		"particle": "block/cactus_side"
	},
	"elements": [ 	 
		{
			"from": [ 1.5, 0, 1.5 ],
			"to": [ 14.5, 16, 14.5 ],
			"faces": {
				"down": { "uv": [ 1.51, 1.51, 14.49, 14.49 ], "texture": "#1" },
				"up": { "uv": [ 1.51, 1.51, 14.49, 14.49 ], "texture": "#1" },
				"north": { "uv": [ 1.51, 0.01, 14.49, 15.99 ], "texture": "#0" },
				"south": { "uv": [ 1.51, 0.01, 14.49, 15.99 ], "texture": "#0" },
				"west": { "uv": [ 1.51, 0.01, 14.49, 15.99 ], "texture": "#0" },
				"east": { "uv": [ 1.51, 0.01, 14.49, 15.99 ], "texture": "#0" }
			}
		},
		{
			"from": [ 1, 0, 1 ],
			"to": [ 5, 16, 4.5 ],
			"faces": {
				"down": { "uv": [ 1.01, 11.51, 4.99, 14.99 ], "texture": "#1" },
				"up": { "uv": [ 1.01, 1.01, 4.99, 4.49 ], "texture": "#1" },
				"north": { "uv": [ 11.01, 0.01, 14.99, 15.99 ], "texture": "#0" },
				"south": { "uv": [ 4.01, 0.01, 4.49, 15.99 ], "texture": "#0" },
				"west": { "uv": [ 1.01, 0.01, 4.49, 15.99 ], "texture": "#0" },
				"east": { "uv": [ 11.01, 0.01, 11.49, 15.99 ], "texture": "#0" }
			}
		},
		{
			"from": [ 1, 0, 7 ],
			"to": [ 15, 16, 9 ],
			"faces": {
				"down": { "uv": [ 1.01, 7.01, 14.99, 8.99 ], "texture": "#1" },
				"up": { "uv": [ 1.01, 7.01, 14.99, 8.99 ], "texture": "#1" },
				"north": { "uv": [ 8.51, 0.01, 8.99, 15.99 ], "texture": "#0" },
				"south": { "uv": [ 7.01, 0.01, 7.49, 15.99 ], "texture": "#0" },
				"west": { "uv": [ 8.99, 0.01, 7.01, 15.99 ], "texture": "#0" },
				"east": { "uv": [ 7.01, 0.01, 8.99, 15.99 ], "texture": "#0" }
			}
		},
		{
			"from": [ 7, 0, 1 ],
			"to": [ 9, 16, 15 ],
			"faces": {
				"down": { "uv": [ 7.01, 1.01, 8.99, 14.99 ], "texture": "#1" },
				"up": { "uv": [ 7.01, 1.01, 8.99, 14.99 ], "texture": "#1" },
				"north": { "uv": [ 7.01, 0.01, 8.99, 15.99 ], "texture": "#0" },
				"south": { "uv": [ 8.99, 0.01, 7.01, 15.99 ], "texture": "#0" },
				"west": { "uv": [ 8.51, 0.01, 8.99, 15.99 ], "texture": "#0" },
				"east": { "uv": [ 7.01, 0.01, 7.49, 15.99 ], "texture": "#0" }
			}
		},
		{
			"from": [ 11.5, 0, 1 ],
			"to": [ 15, 16, 5 ],
			"faces": {
				"down": { "uv": [ 11.51, 11.01, 14.99, 14.99 ], "texture": "#1" },
				"up": { "uv": [ 11.51, 1.01, 14.99, 4.99 ], "texture": "#1" },
				"north": { "uv": [ 1.01, 0.01, 4.49, 15.99 ], "texture": "#0" },
				"south": { "uv": [ 11.01, 0.01, 11.49, 15.99 ], "texture": "#0" },
				"west": { "uv": [ 4.01, 0.01, 4.49, 15.99 ], "texture": "#0" },
				"east": { "uv": [ 11.01, 0.01, 14.99, 15.99 ], "texture": "#0" }
			}
		},
		{
			"from": [ 1, 0, 11 ],
			"to": [ 4.5, 16, 15 ],
			"faces": {
				"down": { "uv": [ 1.01, 1.01, 4.49, 4.99 ], "texture": "#1" },
				"up": { "uv": [ 1.01, 11.01, 4.49, 14.99 ], "texture": "#1" },
				"north": { "uv": [ 11.01, 0.01, 11.49, 15.99 ], "texture": "#0" },
				"south": { "uv": [ 1.01, 0.01, 4.49, 15.99 ], "texture": "#0" },
				"west": { "uv": [ 11.01, 0.01, 14.99, 15.99 ], "texture": "#0" },
				"east": { "uv": [ 4.01, 0.01, 4.49, 15.99 ], "texture": "#0" }
			}
		},
		{
			"from": [ 11, 0, 11.5 ],
			"to": [ 15, 16, 15 ],
			"faces": {
				"down": { "uv": [ 11.01, 1.01, 14.99, 4.49 ], "texture": "#1" },
				"up": { "uv": [ 11.01, 11.51, 14.99, 14.99 ], "texture": "#1" },
				"north": { "uv": [ 4.01, 0.01, 4.49, 15.99 ], "texture": "#0" },
				"south": { "uv": [ 11.01, 0.01, 14.99, 15.99 ], "texture": "#0" },
				"west": { "uv": [ 11.01, 0.01, 11.49, 15.99 ], "texture": "#0" },
				"east": { "uv": [ 1.01, 0.01, 4.49, 15.99 ], "texture": "#0" }
			}
		},
		{
			"from": [ 9, 5.5, 1 ],
			"to": [ 9.5, 9, 1.5 ],
			"faces": {
				"down": { "uv": [ 7.51, 5.01, 7.99, 5.49 ], "texture": "#0" },
				"up": { "uv": [ 7.51, 1.01, 7.99, 1.49 ], "texture": "#0" },
				"north": { "uv": [ 7.51, 1.01, 7.99, 4.49 ], "texture": "#0" },
				"east": { "uv": [ 7.51, 1.01, 7.99, 4.49 ], "texture": "#0" }
			}
		},
		{
			"from": [ 6.5, 11, 1 ],
			"to": [ 7, 15.5, 1.5 ],
			"faces": {
				"down": { "uv": [ 8.01, 8.01, 8.49, 8.49 ], "texture": "#0" },
				"up": { "uv": [ 8.01, 1.01, 8.49, 1.49 ], "texture": "#0" },
				"north": { "uv": [ 8.01, 5.01, 8.49, 9.49 ], "texture": "#0" },
				"west": { "uv": [ 8.01, 5.01, 8.49, 9.49 ], "texture": "#0" }
			}
		},
		{
			"from": [ 5, 3, 1 ],
			"to": [ 5.5, 6.5, 1.5 ],
			"faces": {
				"down": { "uv": [ 12.01, 13.01, 12.49, 13.49 ], "texture": "#0" },
				"up": { "uv": [ 11.51, 10.01, 11.99, 10.49 ], "texture": "#0" },
				"north": { "uv": [ 11.51, 10.01, 11.99, 13.49 ], "texture": "#0" },
				"east": { "uv": [ 11.51, 10.01, 11.99, 13.49 ], "texture": "#0" }
			}
		},
		{
			"from": [ 11, 12, 1 ],
			"to": [ 11.5, 14, 1.5 ],
			"faces": {
				"down": { "uv": [ 4.01, 4.01, 4.49, 4.49 ], "texture": "#0" },
				"up": { "uv": [ 4.01, 1.01, 4.49, 1.49 ], "texture": "#0" },
				"north": { "uv": [ 4.01, 1.01, 4.49, 2.99 ], "texture": "#0" },
				"west": { "uv": [ 4.01, 1.01, 4.49, 2.99 ], "texture": "#0" }
			}
		},
		{
			"from": [ 11, 1, 1 ],
			"to": [ 11.5, 2, 1.5 ],
			"faces": {
				"down": { "uv": [ 4.01, 14.01, 4.49, 14.49 ], "texture": "#0" },
				"up": { "uv": [ 4.01, 12.01, 4.49, 12.49 ], "texture": "#0" },
				"north": { "uv": [ 4.01, 12.01, 4.49, 12.99 ], "texture": "#0" },
				"west": { "uv": [ 4.01, 12.01, 4.49, 12.99 ], "texture": "#0" }
			}
		},
		{
			"from": [ 1, 1, 4.5 ],
			"to": [ 1.5, 2, 5 ],
			"faces": {
				"down": { "uv": [ 4.01, 14.01, 4.49, 14.49 ], "texture": "#0" },
				"up": { "uv": [ 4.01, 12.01, 4.49, 12.49 ], "texture": "#0" },
				"south": { "uv": [ 4.01, 12.01, 4.49, 12.99 ], "texture": "#0" },
				"west": { "uv": [ 4.01, 12.01, 4.49, 12.99 ], "texture": "#0" }
			}
		},
		{
			"from": [ 4.5, 1, 14.5 ],
			"to": [ 5, 2, 15 ],
			"faces": {
				"down": { "uv": [ 4.01, 14.01, 4.49, 14.49 ], "texture": "#0" },
				"up": { "uv": [ 4.01, 12.01, 4.49, 12.49 ], "texture": "#0" },
				"south": { "uv": [ 4.01, 12.01, 4.49, 12.99 ], "texture": "#0" },
				"east": { "uv": [ 4.01, 12.01, 4.49, 12.99 ], "texture": "#0" }
			}
		},
		{
			"from": [ 14.5, 1, 11 ],
			"to": [ 15, 2, 11.5 ],
			"faces": {
				"down": { "uv": [ 4.01, 14.01, 4.49, 14.49 ], "texture": "#0" },
				"up": { "uv": [ 4.01, 12.01, 4.49, 12.49 ], "texture": "#0" },
				"north": { "uv": [ 4.01, 12.01, 4.49, 12.99 ], "texture": "#0" },
				"east": { "uv": [ 4.01, 12.01, 4.49, 12.99 ], "texture": "#0" }
			}
		},
		{
			"from": [ 1, 12, 4.5 ],
			"to": [ 1.5, 14, 5 ],
			"faces": {
				"down": { "uv": [ 4.01, 4.01, 4.49, 4.49 ], "texture": "#0" },
				"up": { "uv": [ 4.01, 1.01, 4.49, 1.49 ], "texture": "#0" },
				"south": { "uv": [ 4.01, 1.01, 4.49, 2.99 ], "texture": "#0" },
				"west": { "uv": [ 4.01, 1.01, 4.49, 2.99 ], "texture": "#0" }
			}
		},
		{
			"from": [ 4.5, 12, 14.5 ],
			"to": [ 5, 14, 15 ],
			"faces": {
				"down": { "uv": [ 4.01, 4.01, 4.49, 4.49 ], "texture": "#0" },
				"up": { "uv": [ 4.01, 1.01, 4.49, 1.49 ], "texture": "#0" },
				"south": { "uv": [ 4.01, 1.01, 4.49, 2.99 ], "texture": "#0" },
				"east": { "uv": [ 4.01, 1.01, 4.49, 2.99 ], "texture": "#0" }
			}
		},
		{
			"from": [ 14.5, 12, 11 ],
			"to": [ 15, 14, 11.5 ],
			"faces": {
				"down": { "uv": [ 4.01, 4.01, 4.49, 4.49 ], "texture": "#0" },
				"up": { "uv": [ 4.01, 1.01, 4.49, 1.49 ], "texture": "#0" },
				"north": { "uv": [ 4.01, 1.01, 4.49, 2.99 ], "texture": "#0" },
				"east": { "uv": [ 4.01, 1.01, 4.49, 2.99 ], "texture": "#0" }
			}
		},
		{
			"from": [ 14.5, 3, 5 ],
			"to": [ 15, 6.5, 5.5 ],
			"faces": {
				"down": { "uv": [ 12.01, 13.01, 12.49, 13.49 ], "texture": "#0" },
				"up": { "uv": [ 11.51, 10.01, 11.99, 10.49 ], "texture": "#0" },
				"south": { "uv": [ 11.51, 10.01, 11.99, 13.49 ], "texture": "#0" },
				"east": { "uv": [ 11.51, 10.01, 11.99, 13.49 ], "texture": "#0" }
			}
		},
		{
			"from": [ 10.5, 3, 14.5 ],
			"to": [ 11, 6.5, 15 ],
			"faces": {
				"down": { "uv": [ 12.01, 13.01, 12.49, 13.49 ], "texture": "#0" },
				"up": { "uv": [ 11.51, 10.01, 11.99, 10.49 ], "texture": "#0" },
				"south": { "uv": [ 11.51, 10.01, 11.99, 13.49 ], "texture": "#0" },
				"west": { "uv": [ 11.51, 10.01, 11.99, 13.49 ], "texture": "#0" }
			}
		},
		{
			"from": [ 1, 3, 10.5 ],
			"to": [ 1.5, 6.5, 11 ],
			"faces": {
				"down": { "uv": [ 12.01, 13.01, 12.49, 13.49 ], "texture": "#0" },
				"up": { "uv": [ 11.51, 10.01, 11.99, 10.49 ], "texture": "#0" },
				"north": { "uv": [ 11.51, 10.01, 11.99, 13.49 ], "texture": "#0" },
				"west": { "uv": [ 11.51, 10.01, 11.99, 13.49 ], "texture": "#0" }
			}
		},
		{
			"from": [ 1, 11, 9 ],
			"to": [ 1.5, 15.5, 9.5 ],
			"faces": {
				"down": { "uv": [ 8.01, 8.01, 8.49, 8.49 ], "texture": "#0" },
				"up": { "uv": [ 8.01, 1.01, 8.49, 1.49 ], "texture": "#0" },
				"south": { "uv": [ 8.01, 5.01, 8.49, 9.49 ], "texture": "#0" },
				"west": { "uv": [ 8.01, 5.01, 8.49, 9.49 ], "texture": "#0" }
			}
		},
		{
			"from": [ 9, 11, 14.5 ],
			"to": [ 9.5, 15.5, 15 ],
			"faces": {
				"down": { "uv": [ 8.01, 8.01, 8.49, 8.49 ], "texture": "#0" },
				"up": { "uv": [ 8.01, 1.01, 8.49, 1.49 ], "texture": "#0" },
				"south": { "uv": [ 8.01, 5.01, 8.49, 9.49 ], "texture": "#0" },
				"east": { "uv": [ 8.01, 5.01, 8.49, 9.49 ], "texture": "#0" }
			}
		},
		{
			"from": [ 14.5, 11, 6.5 ],
			"to": [ 15, 15.5, 7 ],
			"faces": {
				"down": { "uv": [ 8.01, 8.01, 8.49, 8.49 ], "texture": "#0" },
				"up": { "uv": [ 8.01, 1.01, 8.49, 1.49 ], "texture": "#0" },
				"north": { "uv": [ 8.01, 5.01, 8.49, 9.49 ], "texture": "#0" },
				"east": { "uv": [ 8.01, 5.01, 8.49, 9.49 ], "texture": "#0" }
			}
		},
		{
			"from": [ 14.5, 5.5, 9 ],
			"to": [ 15, 9, 9.5 ],
			"faces": {
				"down": { "uv": [ 7.51, 5.01, 7.99, 5.49 ], "texture": "#0" },
				"up": { "uv": [ 7.51, 1.01, 7.99, 1.49 ], "texture": "#0" },
				"south": { "uv": [ 7.51, 1.01, 7.99, 4.49 ], "texture": "#0" },
				"east": { "uv": [ 7.51, 1.01, 7.99, 4.49 ], "texture": "#0" }
			}
		},
		{
			"from": [ 6.5, 5.5, 14.5 ],
			"to": [ 7, 9, 15 ],
			"faces": {
				"down": { "uv": [ 7.51, 5.01, 7.99, 5.49 ], "texture": "#0" },
				"up": { "uv": [ 7.51, 1.01, 7.99, 1.49 ], "texture": "#0" },
				"south": { "uv": [ 7.51, 1.01, 7.99, 4.49 ], "texture": "#0" },
				"west": { "uv": [ 7.51, 1.01, 7.99, 4.49 ], "texture": "#0" }
			}
		},
		{
			"from": [ 1.02, 5.5, 6.5 ],
			"to": [ 1.5, 9, 7 ],
			"faces": {
				"down": { "uv": [ 7.51, 5.01, 7.99, 5.49 ], "texture": "#0" },
				"up": { "uv": [ 7.51, 1.01, 7.99, 1.49 ], "texture": "#0" },
				"north": { "uv": [ 7.51, 1.01, 7.99, 4.49 ], "texture": "#0" },
				"west": { "uv": [ 7.51, 1.01, 7.99, 4.49 ], "texture": "#0" }
			}
		},
		{
			"from": [ -0.4986, 5.0654, 2 ],
			"to": [ 1.0014, 5.5654, 2.5 ],
			"rotation": { "origin": [ 1, 5, 2 ], "axis": "z", "angle": -22.5 },
			"faces": {
				"down": { "uv": [ 0.01, 0.01, 0.49, 0.49 ], "texture": "#1" },
				"up": { "uv": [ 0.01, 0.01, 0.49, 0.49 ], "texture": "#1" },
				"north": { "uv": [ 0.01, 0.01, 0.49, 0.49 ], "texture": "#1" },
				"south": { "uv": [ 0.01, 0.01, 0.49, 0.49 ], "texture": "#1" },
				"west": { "uv": [ 0.01, 0.01, 0.49, 0.49 ], "texture": "#1" }
			}
		},
		{
			"from": [ 0.001, 12.0436, 3.5 ],
			"to": [ 1.001, 12.5436, 4 ],
			"rotation": { "origin": [ 1, 12, 2 ], "axis": "z", "angle": -22.5 },
			"faces": {
				"down": { "uv": [ 0.01, 2.01, 0.99, 2.49 ], "texture": "#1" },
				"up": { "uv": [ 0.01, 2.01, 0.99, 2.49 ], "texture": "#1" },
				"north": { "uv": [ 0.01, 2.01, 0.99, 2.49 ], "texture": "#1" },
				"south": { "uv": [ 0.01, 2.01, 0.99, 2.49 ], "texture": "#1" },
				"west": { "uv": [ 0.01, 2.01, 0.49, 2.49 ], "texture": "#1" }
			}
		},
		{
			"from": [ 0.001, 9.0436, 14 ],
			"to": [ 1.001, 9.5436, 14.5 ],
			"rotation": { "origin": [ 1, 9, 2 ], "axis": "z", "angle": -22.5 },
			"faces": {
				"down": { "uv": [ 0.01, 0.01, 0.99, 0.49 ], "texture": "#1" },
				"up": { "uv": [ 0.01, 0.01, 0.99, 0.49 ], "texture": "#1" },
				"north": { "uv": [ 0.01, 0.01, 0.99, 0.49 ], "texture": "#1" },
				"south": { "uv": [ 0.01, 0.01, 0.99, 0.49 ], "texture": "#1" },
				"west": { "uv": [ 0.01, 0.01, 0.49, 0.49 ], "texture": "#1" }
			}
		},
		{
			"from": [ 0.001, 3.0436, 12 ],
			"to": [ 1.001, 3.5436, 12.5 ],
			"rotation": { "origin": [ 1, 3, 2 ], "axis": "z", "angle": -22.5 },
			"faces": {
				"down": { "uv": [ 0.01, 2.01, 0.99, 2.49 ], "texture": "#1" },
				"up": { "uv": [ 0.01, 2.01, 0.99, 2.49 ], "texture": "#1" },
				"north": { "uv": [ 0.01, 2.01, 0.99, 2.49 ], "texture": "#1" },
				"south": { "uv": [ 0.01, 2.01, 0.99, 2.49 ], "texture": "#1" },
				"west": { "uv": [ 0.01, 2.01, 0.49, 2.49 ], "texture": "#1" }
			}
		},
		{
			"from": [ 0.001, 7.0436, 8 ],
			"to": [ 1.001, 7.5436, 8.5 ],
			"rotation": { "origin": [ 1, 7, 2 ], "axis": "z", "angle": -22.5 },
			"faces": {
				"down": { "uv": [ 0.01, 0.01, 0.99, 0.49 ], "texture": "#1" },
				"up": { "uv": [ 0.01, 0.01, 0.99, 0.49 ], "texture": "#1" },
				"north": { "uv": [ 0.01, 0.01, 0.99, 0.49 ], "texture": "#1" },
				"south": { "uv": [ 0.01, 0.01, 0.99, 0.49 ], "texture": "#1" },
				"west": { "uv": [ 0.01, 0.01, 0.49, 0.49 ], "texture": "#1" }
			}
		},
		{
			"from": [ -0.4986, 13.0654, 11.5 ],
			"to": [ 1.0014, 13.5654, 12 ],
			"rotation": { "origin": [ 1, 13, 2 ], "axis": "z", "angle": -22.5 },
			"faces": {
				"down": { "uv": [ 0.01, 0.01, 0.49, 1.49 ], "texture": "#1", "rotation": 90 },
				"up": { "uv": [ 0.01, 0.01, 0.49, 0.49 ], "texture": "#1" },
				"north": { "uv": [ 0.01, 0.01, 0.49, 1.49 ], "texture": "#1", "rotation": 90 },
				"south": { "uv": [ 0.01, 0.01, 0.49, 0.49 ], "texture": "#1" },
				"west": { "uv": [ 0.01, 0.01, 0.49, 0.49 ], "texture": "#1" }
			}
		},
		{
			"from": [ 0.001, 14.0436, 8.5 ],
			"to": [ 1.001, 14.5436, 9 ],
			"rotation": { "origin": [ 1, 14, 2 ], "axis": "z", "angle": -22.5 },
			"faces": {
				"down": { "uv": [ 0.01, 3.01, 0.99, 3.49 ], "texture": "#1" },
				"up": { "uv": [ 0.01, 2.01, 0.99, 2.49 ], "texture": "#1" },
				"north": { "uv": [ 0.01, 2.01, 0.99, 2.49 ], "texture": "#1" },
				"south": { "uv": [ 0.01, 2.01, 0.99, 2.49 ], "texture": "#1" },
				"west": { "uv": [ 0.01, 2.01, 0.49, 2.49 ], "texture": "#1" }
			}
		},
		{
			"from": [ 0.001, 14.0436, 1.5 ],
			"to": [ 1.001, 14.5436, 2 ],
			"rotation": { "origin": [ 1, 14, 2 ], "axis": "z", "angle": -22.5 },
			"faces": {
				"down": { "uv": [ 0.01, 0.01, 0.99, 0.49 ], "texture": "#1" },
				"up": { "uv": [ 0.01, 0.01, 0.99, 0.49 ], "texture": "#1" },
				"north": { "uv": [ 0.01, 0.01, 0.99, 0.49 ], "texture": "#1" },
				"south": { "uv": [ 0.01, 0.01, 0.99, 0.49 ], "texture": "#1" },
				"west": { "uv": [ 0.01, 0.01, 0.49, 0.49 ], "texture": "#1" }
			}
		},
		{
			"from": [ 0.501, 2.0436, 5.5 ],
			"to": [ 1.501, 2.5436, 6 ],
			"rotation": { "origin": [ 1.5, 2, 2 ], "axis": "z", "angle": -22.5 },
			"faces": {
				"down": { "uv": [ 0.01, 0.01, 0.99, 0.49 ], "texture": "#1" },
				"up": { "uv": [ 0.01, 0.01, 0.99, 0.49 ], "texture": "#1" },
				"north": { "uv": [ 0.01, 0.01, 0.99, 0.49 ], "texture": "#1" },
				"south": { "uv": [ 0.01, 0.01, 0.99, 0.49 ], "texture": "#1" },
				"west": { "uv": [ 0.01, 0.01, 0.49, 0.49 ], "texture": "#1" }
			}
		},
		{
			"from": [ 2, 2.5, 0.5 ],
			"to": [ 2.5, 3, 1.5 ],
			"rotation": { "origin": [ 2, 2.5, 0.5 ], "axis": "x", "angle": 45 },
			"faces": {
				"down": { "uv": [ 0.01, 0.01, 0.49, 0.99 ], "texture": "#1" },
				"up": { "uv": [ 0.01, 0.01, 0.49, 0.99 ], "texture": "#1" },
				"north": { "uv": [ 0.01, 0.01, 0.49, 0.49 ], "texture": "#1" },
				"west": { "uv": [ 0.01, 0.01, 0.49, 0.49 ], "texture": "#1" },
				"east": { "uv": [ 0.01, 0.01, 0.49, 0.49 ], "texture": "#1" }
			}
		},
		{
			"from": [ 3.5, 11.5654, -0.4986 ],
			"to": [ 4, 12.0654, 1.0014 ],
			"rotation": { "origin": [ 4, 11.5, 1 ], "axis": "x", "angle": 22.5 },
			"faces": {
				"down": { "uv": [ 0.01, 0.01, 0.49, 0.99 ], "texture": "#1" },
				"up": { "uv": [ 0.01, 0.01, 0.49, 0.99 ], "texture": "#1" },
				"north": { "uv": [ 0.01, 0.01, 0.49, 0.49 ], "texture": "#1" },
				"west": { "uv": [ 0.01, 0.01, 0.49, 0.49 ], "texture": "#1" },
				"east": { "uv": [ 0.01, 0.01, 0.49, 0.49 ], "texture": "#1" }
			}
		},
		{
			"from": [ 5.5, 7.5436, 0.501 ],
			"to": [ 6, 8.0436, 1.501 ],
			"rotation": { "origin": [ 6, 7.5, 1.5 ], "axis": "x", "angle": 22.5 },
			"faces": {
				"down": { "uv": [ 0.01, 3.01, 0.49, 3.99 ], "texture": "#1" },
				"up": { "uv": [ 0.01, 3.01, 0.49, 3.99 ], "texture": "#1" },
				"north": { "uv": [ 0.01, 3.01, 0.49, 3.49 ], "texture": "#1" },
				"west": { "uv": [ 0.01, 3.01, 0.49, 3.49 ], "texture": "#1" },
				"east": { "uv": [ 0.01, 3.01, 0.49, 3.49 ], "texture": "#1" }
			}
		},
		{
			"from": [ 7.5, 14.5436, 0.001 ],
			"to": [ 8, 15.0436, 1.001 ],
			"rotation": { "origin": [ 8, 14.5, 1 ], "axis": "x", "angle": 22.5 },
			"faces": {
				"down": { "uv": [ 0.01, 3.01, 0.49, 3.99 ], "texture": "#1" },
				"up": { "uv": [ 0.01, 3.01, 0.49, 3.99 ], "texture": "#1" },
				"north": { "uv": [ 0.01, 3.01, 0.49, 3.49 ], "texture": "#1" },
				"west": { "uv": [ 0.01, 3.01, 0.49, 3.49 ], "texture": "#1" },
				"east": { "uv": [ 0.01, 3.01, 0.49, 3.49 ], "texture": "#1" }
			}
		},
		{
			"from": [ 9.5, 1.5654, 0.0014 ],
			"to": [ 10, 2.0654, 1.5014 ],
			"rotation": { "origin": [ 10, 1.5, 1.5 ], "axis": "x", "angle": 22.5 },
			"faces": {
				"down": { "uv": [ 0.01, 0.01, 0.49, 0.99 ], "texture": "#1" },
				"up": { "uv": [ 0.01, 0.01, 0.49, 0.99 ], "texture": "#1" },
				"north": { "uv": [ 0.01, 0.01, 0.49, 0.49 ], "texture": "#1" },
				"west": { "uv": [ 0.01, 0.01, 0.49, 0.49 ], "texture": "#1" },
				"east": { "uv": [ 0.01, 0.01, 0.49, 0.49 ], "texture": "#1" }
			}
		},
		{
			"from": [ 12.5, 13.5654, -0.4986 ],
			"to": [ 13, 14.0654, 1.0014 ],
			"rotation": { "origin": [ 13, 13.5, 1 ], "axis": "x", "angle": 22.5 },
			"faces": {
				"down": { "uv": [ 0.01, 0.01, 0.49, 0.99 ], "texture": "#1" },
				"up": { "uv": [ 0.01, 0.01, 0.49, 0.99 ], "texture": "#1" },
				"north": { "uv": [ 0.01, 0.01, 0.49, 0.49 ], "texture": "#1" },
				"west": { "uv": [ 0.01, 0.01, 0.49, 0.49 ], "texture": "#1" },
				"east": { "uv": [ 0.01, 0.01, 0.49, 0.49 ], "texture": "#1" }
			}
		},
		{
			"from": [ 13, 5.5436, 0.001 ],
			"to": [ 13.5, 6.0436, 1.001 ],
			"rotation": { "origin": [ 13, 5.5, 1 ], "axis": "x", "angle": 22.5 },
			"faces": {
				"down": { "uv": [ 0.01, 3.01, 0.49, 3.99 ], "texture": "#1" },
				"up": { "uv": [ 0.01, 3.01, 0.49, 3.99 ], "texture": "#1" },
				"north": { "uv": [ 0.01, 3.01, 0.49, 3.49 ], "texture": "#1" },
				"west": { "uv": [ 0.01, 3.01, 0.49, 3.49 ], "texture": "#1" },
				"east": { "uv": [ 0.01, 3.01, 0.49, 3.49 ], "texture": "#1" }
			}
		},
		{
			"from": [ 10, 9.5436, 0.501 ],
			"to": [ 10.5, 10.0436, 1.501 ],
			"rotation": { "origin": [ 11, 9.5, 1.5 ], "axis": "x", "angle": 22.5 },
			"faces": {
				"down": { "uv": [ 0.01, 0.01, 0.49, 0.99 ], "texture": "#1" },
				"up": { "uv": [ 0.01, 0.01, 0.49, 0.99 ], "texture": "#1" },
				"north": { "uv": [ 0.01, 0.01, 0.49, 0.49 ], "texture": "#1" },
				"west": { "uv": [ 0.01, 0.01, 0.49, 0.49 ], "texture": "#1" },
				"east": { "uv": [ 0.01, 0.01, 0.49, 0.49 ], "texture": "#1" }
			}
		},
		{
			"from": [ 14.5, 10, 9.5 ],
			"to": [ 16, 10.5, 10 ],
			"rotation": { "origin": [ 14.5, 10, 8 ], "axis": "z", "angle": 22.5 },
			"faces": {
				"down": { "uv": [ 0.01, 3.01, 0.49, 3.49 ], "texture": "#1" },
				"up": { "uv": [ 0.01, 3.01, 0.49, 3.49 ], "texture": "#1" },
				"north": { "uv": [ 0.01, 3.01, 0.49, 3.49 ], "texture": "#1" },
				"south": { "uv": [ 0.01, 3.01, 0.49, 3.49 ], "texture": "#1" },
				"east": { "uv": [ 0.01, 3.01, 0.49, 3.49 ], "texture": "#1" }
			}
		},
		{
			"from": [ 15, 13, 12.5 ],
			"to": [ 16, 13.5, 13 ],
			"rotation": { "origin": [ 15, 13, 13 ], "axis": "z", "angle": 22.5 },
			"faces": {
				"down": { "uv": [ 0.01, 0.01, 0.99, 0.49 ], "texture": "#1" },
				"up": { "uv": [ 0.01, 0.01, 0.99, 0.49 ], "texture": "#1" },
				"north": { "uv": [ 0.01, 0.01, 0.99, 0.49 ], "texture": "#1" },
				"south": { "uv": [ 0.01, 0.01, 0.99, 0.49 ], "texture": "#1" },
				"east": { "uv": [ 0.01, 0.01, 0.49, 0.49 ], "texture": "#1" }
			}
		},
		{
			"from": [ 15, 4, 13.5 ],
			"to": [ 16, 4.5, 14 ],
			"rotation": { "origin": [ 15, 4, 8 ], "axis": "z", "angle": 22.5 },
			"faces": {
				"down": { "uv": [ 0.01, 0.01, 0.99, 0.49 ], "texture": "#1" },
				"up": { "uv": [ 0.01, 0.01, 0.99, 0.49 ], "texture": "#1" },
				"north": { "uv": [ 0.01, 0.01, 0.99, 0.49 ], "texture": "#1" },
				"south": { "uv": [ 0.01, 0.01, 0.99, 0.49 ], "texture": "#1" },
				"east": { "uv": [ 0.01, 0.01, 0.49, 0.49 ], "texture": "#1" }
			}
		},
		{
			"from": [ 15, 5, 7.5 ],
			"to": [ 16, 5.5, 8 ],
			"rotation": { "origin": [ 15, 5, 8 ], "axis": "z", "angle": 22.5 },
			"faces": {
				"down": { "uv": [ 0.01, 0.01, 0.99, 0.49 ], "texture": "#1" },
				"up": { "uv": [ 0.01, 0.01, 0.99, 0.49 ], "texture": "#1" },
				"north": { "uv": [ 0.01, 0.01, 0.99, 0.49 ], "texture": "#1" },
				"south": { "uv": [ 0.01, 0.01, 0.99, 0.49 ], "texture": "#1" },
				"east": { "uv": [ 0.01, 0.01, 0.49, 0.49 ], "texture": "#1" }
			}
		},
		{
			"from": [ 14.5, 14, 5.5 ],
			"to": [ 15.5, 14.5, 6 ],
			"rotation": { "origin": [ 14.5, 14, 8 ], "axis": "z", "angle": 22.5 },
			"faces": {
				"down": { "uv": [ 0.01, 0.01, 0.99, 0.49 ], "texture": "#1" },
				"up": { "uv": [ 0.01, 0.01, 0.99, 0.49 ], "texture": "#1" },
				"north": { "uv": [ 0.01, 0.01, 0.99, 0.49 ], "texture": "#1" },
				"south": { "uv": [ 0.01, 0.01, 0.99, 0.49 ], "texture": "#1" },
				"east": { "uv": [ 0.01, 0.01, 0.49, 0.49 ], "texture": "#1" }
			}
		},
		{
			"from": [ 15, 13, 2.5 ],
			"to": [ 16, 13.5, 3 ],
			"rotation": { "origin": [ 15, 13, 2 ], "axis": "z", "angle": 22.5 },
			"faces": {
				"down": { "uv": [ 0.01, 3.01, 0.99, 3.49 ], "texture": "#1" },
				"up": { "uv": [ 0.01, 3.01, 0.99, 3.49 ], "texture": "#1" },
				"north": { "uv": [ 0.01, 3.01, 0.99, 3.49 ], "texture": "#1" },
				"south": { "uv": [ 0.01, 3.01, 0.99, 3.49 ], "texture": "#1" },
				"east": { "uv": [ 0.01, 3.01, 0.49, 3.49 ], "texture": "#1" }
			}
		},
		{
			"from": [ 15, 7, 3.5 ],
			"to": [ 16.5, 7.5, 4 ],
			"rotation": { "origin": [ 15, 7, 4 ], "axis": "z", "angle": 22.5 },
			"faces": {
				"down": { "uv": [ 0.01, 0.01, 0.49, 0.49 ], "texture": "#1" },
				"up": { "uv": [ 0.01, 0.01, 0.49, 0.49 ], "texture": "#1" },
				"north": { "uv": [ 0.01, 0.01, 0.49, 0.49 ], "texture": "#1" },
				"south": { "uv": [ 0.01, 0.01, 0.49, 0.49 ], "texture": "#1" },
				"east": { "uv": [ 0.01, 0.01, 0.49, 0.49 ], "texture": "#1" }
			}
		},
		{
			"from": [ 15, 2, 2 ],
			"to": [ 16, 2.5, 2.5 ],
			"rotation": { "origin": [ 15, 2, 3 ], "axis": "z", "angle": 22.5 },
			"faces": {
				"down": { "uv": [ 0.01, 3.01, 0.99, 3.49 ], "texture": "#1" },
				"up": { "uv": [ 0.01, 3.01, 0.99, 3.49 ], "texture": "#1" },
				"north": { "uv": [ 0.01, 3.01, 0.99, 3.49 ], "texture": "#1" },
				"south": { "uv": [ 0.01, 3.01, 0.99, 3.49 ], "texture": "#1" },
				"east": { "uv": [ 0.01, 3.01, 0.49, 3.49 ], "texture": "#1" }
			}
		},
		{
			"from": [ 3, 1, 15 ],
			"to": [ 3.5, 1.5, 16.5 ],
			"rotation": { "origin": [ 8, 1, 15 ], "axis": "x", "angle": -22.5 },
			"faces": {
				"down": { "uv": [ 0.01, 0.01, 0.49, 1.49 ], "texture": "#1" },
				"up": { "uv": [ 0.01, 0.01, 0.49, 1.49 ], "texture": "#1" },
				"south": { "uv": [ 0.01, 0.01, 0.49, 0.49 ], "texture": "#1" },
				"west": { "uv": [ 0.01, 0.01, 0.49, 0.49 ], "texture": "#1" },
				"east": { "uv": [ 0.01, 0.01, 0.49, 0.49 ], "texture": "#1" }
			}
		},
		{
			"from": [ 2, 6, 15 ],
			"to": [ 2.5, 6.5, 16 ],
			"rotation": { "origin": [ 4, 6, 15 ], "axis": "x", "angle": -22.5 },
			"faces": {
				"down": { "uv": [ 0.01, 0.01, 0.49, 0.99 ], "texture": "#1" },
				"up": { "uv": [ 0.01, 0.01, 0.49, 0.99 ], "texture": "#1" },
				"south": { "uv": [ 0.01, 0.01, 0.49, 0.49 ], "texture": "#1" },
				"west": { "uv": [ 0.01, 0.01, 0.99, 0.49 ], "texture": "#1" },
				"east": { "uv": [ 0.01, 0.01, 0.99, 0.49 ], "texture": "#1" }
			}
		},
		{
			"from": [ 3, 12, 15 ],
			"to": [ 3.5, 12.5, 16 ],
			"rotation": { "origin": [ 5, 12, 15 ], "axis": "x", "angle": -22.5 },
			"faces": {
				"down": { "uv": [ 0.01, 3.01, 0.49, 3.99 ], "texture": "#1" },
				"up": { "uv": [ 0.01, 3.01, 0.49, 3.99 ], "texture": "#1" },
				"south": { "uv": [ 0.01, 3.01, 0.49, 3.49 ], "texture": "#1" },
				"west": { "uv": [ 0.01, 3.01, 0.99, 3.49 ], "texture": "#1" },
				"east": { "uv": [ 0.01, 3.01, 0.99, 3.49 ], "texture": "#1" }
			}
		},
		{
			"from": [ 8, 14.0436, 14.999 ],
			"to": [ 8.5, 14.5436, 15.999 ],
			"rotation": { "origin": [ 8, 14, 14 ], "axis": "x", "angle": -22.5 },
			"faces": {
				"down": { "uv": [ 0.01, 0.01, 0.49, 0.99 ], "texture": "#1" },
				"up": { "uv": [ 0.01, 0.01, 0.49, 0.99 ], "texture": "#1" },
				"south": { "uv": [ 0.01, 0.01, 0.49, 0.49 ], "texture": "#1" },
				"west": { "uv": [ 0.01, 0.01, 0.99, 0.49 ], "texture": "#1" },
				"east": { "uv": [ 0.01, 0.01, 0.99, 0.49 ], "texture": "#1" }
			}
		},
		{
			"from": [ 7, 8, 15 ],
			"to": [ 7.5, 8.5, 16 ],
			"rotation": { "origin": [ 8, 8, 15 ], "axis": "x", "angle": -22.5 },
			"faces": {
				"down": { "uv": [ 0.01, 0.01, 0.49, 0.99 ], "texture": "#1" },
				"up": { "uv": [ 0.01, 0.01, 0.49, 0.99 ], "texture": "#1" },
				"south": { "uv": [ 0.01, 0.01, 0.49, 0.49 ], "texture": "#1" },
				"west": { "uv": [ 0.01, 0.01, 0.99, 0.49 ], "texture": "#1" },
				"east": { "uv": [ 0.01, 0.01, 0.99, 0.49 ], "texture": "#1" }
			}
		},
		{
			"from": [ 5, 10, 14.5 ],
			"to": [ 5.5, 10.5, 15.5 ],
			"rotation": { "origin": [ 6, 10, 14.5 ], "axis": "x", "angle": -22.5 },
			"faces": {
				"down": { "uv": [ 0.01, 0.01, 0.49, 0.99 ], "texture": "#1" },
				"up": { "uv": [ 0.01, 0.01, 0.49, 0.99 ], "texture": "#1" },
				"south": { "uv": [ 0.01, 0.01, 0.49, 0.49 ], "texture": "#1" },
				"west": { "uv": [ 0.01, 0.01, 0.99, 0.49 ], "texture": "#1" },
				"east": { "uv": [ 0.01, 0.01, 0.99, 0.49 ], "texture": "#1" }
			}
		},
		{
			"from": [ 13, 12, 15 ],
			"to": [ 13.5, 12.5, 16 ],
			"rotation": { "origin": [ 8, 12, 15 ], "axis": "x", "angle": -22.5 },
			"faces": {
				"down": { "uv": [ 0.01, 0.01, 0.49, 0.99 ], "texture": "#1" },
				"up": { "uv": [ 0.01, 0.01, 0.49, 0.99 ], "texture": "#1" },
				"south": { "uv": [ 0.01, 0.01, 0.49, 0.49 ], "texture": "#1" },
				"west": { "uv": [ 0.01, 0.01, 0.99, 0.49 ], "texture": "#1" },
				"east": { "uv": [ 0.01, 0.01, 0.99, 0.49 ], "texture": "#1" }
			}
		},
		{
			"from": [ 12, 8, 15 ],
			"to": [ 12.5, 8.5, 16 ],
			"rotation": { "origin": [ 11, 8, 15 ], "axis": "x", "angle": -22.5 },
			"faces": {
				"down": { "uv": [ 0.01, 3.01, 0.49, 3.99 ], "texture": "#1" },
				"up": { "uv": [ 0.01, 3.01, 0.49, 3.99 ], "texture": "#1" },
				"south": { "uv": [ 0.01, 3.01, 0.49, 3.49 ], "texture": "#1" },
				"west": { "uv": [ 0.01, 3.01, 0.99, 3.49 ], "texture": "#1" },
				"east": { "uv": [ 0.01, 3.01, 0.99, 3.49 ], "texture": "#1" }
			}
		},
		{
			"from": [ 13, 3, 15 ],
			"to": [ 13.5, 3.5, 16 ],
			"rotation": { "origin": [ 8, 3, 15 ], "axis": "x", "angle": -22.5 },
			"faces": {
				"down": { "uv": [ 0.01, 0.01, 0.49, 0.99 ], "texture": "#1" },
				"up": { "uv": [ 0.01, 0.01, 0.49, 0.99 ], "texture": "#1" },
				"south": { "uv": [ 0.01, 0.01, 0.49, 0.49 ], "texture": "#1" },
				"west": { "uv": [ 0.01, 0.01, 0.99, 0.49 ], "texture": "#1" },
				"east": { "uv": [ 0.01, 0.01, 0.99, 0.49 ], "texture": "#1" }
			}
		},
		{
			"from": [ 8, 2, 15 ],
			"to": [ 8.5, 2.5, 16.5 ],
			"rotation": { "origin": [ 8, 2, 15 ], "axis": "x", "angle": -22.5 },
			"faces": {
				"down": { "uv": [ 0.01, 3.01, 0.49, 3.49 ], "texture": "#1" },
				"up": { "uv": [ 0.01, 2.51, 0.49, 3.99 ], "texture": "#1" },
				"south": { "uv": [ 0.01, 2.51, 0.49, 2.99 ], "texture": "#1" },
				"west": { "uv": [ 0.01, 2.51, 0.49, 2.99 ], "texture": "#1" },
				"east": { "uv": [ 0.01, 2.51, 0.49, 2.99 ], "texture": "#1" }
			}
		},
		{
			"from": [ 10, 11, 14.5 ],
			"to": [ 10.5, 11.5, 16 ],
			"rotation": { "origin": [ 8, 11, 14.5 ], "axis": "x", "angle": -22.5 },
			"faces": {
				"down": { "uv": [ 0.01, 0.01, 0.49, 1.49 ], "texture": "#1" },
				"up": { "uv": [ 0.01, 0.01, 0.49, 1.49 ], "texture": "#1" },
				"south": { "uv": [ 0.01, 0.01, 0.49, 0.49 ], "texture": "#1" },
				"west": { "uv": [ 0.01, 0.01, 0.49, 0.49 ], "texture": "#1" },
				"east": { "uv": [ 0.01, 0.01, 0.49, 0.49 ], "texture": "#1" }
			}
		},
		{
			"from": [ 3.0005, 15.9782, 4 ],
			"to": [ 3.5005, 16.9782, 4.5 ],
			"rotation": { "origin": [ 3.5, 16, 8 ], "axis": "z", "angle": 22.5 },
			"faces": {
				"up": { "uv": [ 0.01, 3.01, 0.49, 3.49 ], "texture": "#1" },
				"north": { "uv": [ 0.01, 3.01, 0.49, 3.99 ], "texture": "#1" },
				"south": { "uv": [ 0.01, 3.01, 0.49, 3.99 ], "texture": "#1" },
				"west": { "uv": [ 0.01, 3.01, 0.49, 3.99 ], "texture": "#1" },
				"east": { "uv": [ 0.01, 3.01, 0.49, 3.99 ], "texture": "#1" }
			}
		},
		{
			"from": [ 5.0005, 15.9782, 7 ],
			"to": [ 5.5005, 16.9782, 7.5 ],
			"rotation": { "origin": [ 5.5, 16, 8 ], "axis": "z", "angle": 22.5 },
			"faces": {
				"up": { "uv": [ 0.01, 0.01, 0.49, 0.49 ], "texture": "#1" },
				"north": { "uv": [ 0.01, 0.01, 0.49, 0.99 ], "texture": "#1" },
				"south": { "uv": [ 0.01, 0.01, 0.49, 0.99 ], "texture": "#1" },
				"west": { "uv": [ 0.01, 0.01, 0.49, 0.99 ], "texture": "#1" },
				"east": { "uv": [ 0.01, 0.01, 0.49, 0.99 ], "texture": "#1" }
			}
		},
		{
			"from": [ 2.0005, 15.9782, 8 ],
			"to": [ 2.5005, 16.9782, 8.5 ],
			"rotation": { "origin": [ 2.5, 16, 8 ], "axis": "z", "angle": 22.5 },
			"faces": {
				"up": { "uv": [ 0.01, 0.01, 0.49, 0.49 ], "texture": "#1" },
				"north": { "uv": [ 0.01, 0.01, 0.49, 0.99 ], "texture": "#1" },
				"south": { "uv": [ 0.01, 0.01, 0.49, 0.99 ], "texture": "#1" },
				"west": { "uv": [ 0.01, 0.01, 0.49, 0.99 ], "texture": "#1" },
				"east": { "uv": [ 0.01, 0.01, 0.49, 0.99 ], "texture": "#1" }
			}
		},
		{
			"from": [ 3.0005, 15.9782, 11.5 ],
			"to": [ 3.5005, 16.9782, 12 ],
			"rotation": { "origin": [ 3.5, 16, 8 ], "axis": "z", "angle": 22.5 },
			"faces": {
				"up": { "uv": [ 0.01, 0.01, 0.49, 0.49 ], "texture": "#1" },
				"north": { "uv": [ 0.01, 0.01, 0.49, 0.99 ], "texture": "#1" },
				"south": { "uv": [ 0.01, 0.01, 0.49, 0.99 ], "texture": "#1" },
				"west": { "uv": [ 0.01, 0.01, 0.49, 0.99 ], "texture": "#1" },
				"east": { "uv": [ 0.01, 0.01, 0.49, 0.99 ], "texture": "#1" }
			}
		},
		{
			"from": [ 7, 16, 12.5 ],
			"to": [ 7.5, 17, 13 ],
			"rotation": { "origin": [ 8, 16, 12.5 ], "axis": "x", "angle": 22.5 },
			"faces": {
				"up": { "uv": [ 0.01, 0.01, 0.49, 0.49 ], "texture": "#1" },
				"north": { "uv": [ 0.01, 0.01, 0.49, 0.99 ], "texture": "#1" },
				"south": { "uv": [ 0.01, 0.01, 0.49, 0.99 ], "texture": "#1" },
				"west": { "uv": [ 0.01, 0.01, 0.49, 0.99 ], "texture": "#1" },
				"east": { "uv": [ 0.01, 0.01, 0.49, 0.99 ], "texture": "#1" }
			}
		},
		{
			"from": [ 11, 16, 13.5 ],
			"to": [ 11.5, 17, 14 ],
			"rotation": { "origin": [ 8, 16, 13.5 ], "axis": "x", "angle": 22.5 },
			"faces": {
				"up": { "uv": [ 0.01, 0.01, 0.49, 0.49 ], "texture": "#1" },
				"north": { "uv": [ 0.01, 0.01, 0.49, 0.99 ], "texture": "#1" },
				"south": { "uv": [ 0.01, 0.01, 0.49, 0.99 ], "texture": "#1" },
				"west": { "uv": [ 0.01, 0.01, 0.49, 0.99 ], "texture": "#1" },
				"east": { "uv": [ 0.01, 0.01, 0.49, 0.99 ], "texture": "#1" }
			}
		},
		{
			"from": [ 9, 16, 11.5 ],
			"to": [ 9.5, 17, 12 ],
			"rotation": { "origin": [ 9, 16, 11.5 ], "axis": "x", "angle": 22.5 },
			"faces": {
				"up": { "uv": [ 0.01, 0.01, 0.49, 0.49 ], "texture": "#1" },
				"north": { "uv": [ 0.01, 0.01, 0.49, 0.99 ], "texture": "#1" },
				"south": { "uv": [ 0.01, 0.01, 0.49, 0.99 ], "texture": "#1" },
				"west": { "uv": [ 0.01, 0.01, 0.49, 0.99 ], "texture": "#1" },
				"east": { "uv": [ 0.01, 0.01, 0.49, 0.99 ], "texture": "#1" }
			}
		},
		{
			"from": [ 8, 16, 9.5 ],
			"to": [ 8.5, 17, 10 ],
			"rotation": { "origin": [ 8, 16, 9.5 ], "axis": "x", "angle": 22.5 },
			"faces": {
				"up": { "uv": [ 0.01, 3.01, 0.49, 3.49 ], "texture": "#1" },
				"north": { "uv": [ 0.01, 3.01, 0.49, 3.99 ], "texture": "#1" },
				"south": { "uv": [ 0.01, 3.01, 0.49, 3.99 ], "texture": "#1" },
				"west": { "uv": [ 0.01, 3.01, 0.49, 3.99 ], "texture": "#1" },
				"east": { "uv": [ 0.01, 3.01, 0.49, 3.99 ], "texture": "#1" }
			}
		},
		{
			"from": [ 13, 16, 10.5 ],
			"to": [ 13.5, 17.5, 11 ],
			"rotation": { "origin": [ 13, 16, 8 ], "axis": "z", "angle": -22.5 },
			"faces": {
				"up": { "uv": [ 0.01, 0.01, 0.49, 0.49 ], "texture": "#1" },
				"north": { "uv": [ 0.01, 0.01, 0.49, 1.49 ], "texture": "#1" },
				"south": { "uv": [ 0.01, 0.01, 0.49, 1.49 ], "texture": "#1" },
				"west": { "uv": [ 0.01, 0.01, 0.49, 1.49 ], "texture": "#1" },
				"east": { "uv": [ 0.01, 0.01, 0.49, 1.49 ], "texture": "#1" }
			}
		},
		{
			"from": [ 12, 16, 6.5 ],
			"to": [ 12.5, 17, 7 ],
			"rotation": { "origin": [ 12, 16, 8 ], "axis": "z", "angle": -22.5 },
			"faces": {
				"up": { "uv": [ 0.01, 0.01, 0.49, 0.49 ], "texture": "#1" },
				"north": { "uv": [ 0.01, 0.01, 0.49, 0.99 ], "texture": "#1" },
				"south": { "uv": [ 0.01, 0.01, 0.49, 0.99 ], "texture": "#1" },
				"west": { "uv": [ 0.01, 0.01, 0.49, 0.99 ], "texture": "#1" },
				"east": { "uv": [ 0.01, 0.01, 0.49, 0.99 ], "texture": "#1" }
			}
		},
		{
			"from": [ 14, 16, 3.5 ],
			"to": [ 14.5, 17, 4 ],
			"rotation": { "origin": [ 14, 16, 8 ], "axis": "z", "angle": -22.5 },
			"faces": {
				"up": { "uv": [ 0.01, 3.01, 0.49, 3.49 ], "texture": "#1" },
				"north": { "uv": [ 0.01, 3.01, 0.49, 3.99 ], "texture": "#1" },
				"south": { "uv": [ 0.01, 3.01, 0.49, 3.99 ], "texture": "#1" },
				"west": { "uv": [ 0.01, 3.01, 0.49, 3.99 ], "texture": "#1" },
				"east": { "uv": [ 0.01, 3.01, 0.49, 3.99 ], "texture": "#1" }
			}
		},
		{
			"from": [ 10, 15.9782, 2.5005 ],
			"to": [ 10.5, 16.9782, 3.0005 ],
			"rotation": { "origin": [ 8, 16, 3 ], "axis": "x", "angle": -22.5 },
			"faces": {
				"up": { "uv": [ 0.01, 0.01, 0.49, 0.49 ], "texture": "#1" },
				"north": { "uv": [ 0.01, 0.01, 0.49, 0.99 ], "texture": "#1" },
				"south": { "uv": [ 0.01, 0.01, 0.49, 0.99 ], "texture": "#1" },
				"west": { "uv": [ 0.01, 0.01, 0.49, 0.99 ], "texture": "#1" },
				"east": { "uv": [ 0.01, 0.01, 0.49, 0.99 ], "texture": "#1" }
			}
		},
		{
			"from": [ 8, 15.9782, 4.5005 ],
			"to": [ 8.5, 17.4782, 5.0005 ],
			"rotation": { "origin": [ 8, 16, 5 ], "axis": "x", "angle": -22.5 },
			"faces": {
				"up": { "uv": [ 0.01, 0.01, 0.49, 0.49 ], "texture": "#1" },
				"north": { "uv": [ 0.01, 0.01, 0.49, 1.49 ], "texture": "#1" },
				"south": { "uv": [ 0.01, 0.01, 0.49, 1.49 ], "texture": "#1" },
				"west": { "uv": [ 0.01, 0.01, 0.49, 1.49 ], "texture": "#1" },
				"east": { "uv": [ 0.01, 0.01, 0.49, 1.49 ], "texture": "#1" }
			}
		},
		{
			"from": [ 5, 15.9782, 2.5005 ],
			"to": [ 5.5, 16.9782, 3.0005 ],
			"rotation": { "origin": [ 8, 16, 3 ], "axis": "x", "angle": -22.5 },
			"faces": {
				"up": { "uv": [ 0.01, 0.01, 0.49, 0.49 ], "texture": "#1" },
				"north": { "uv": [ 0.01, 0.01, 0.49, 0.99 ], "texture": "#1" },
				"south": { "uv": [ 0.01, 0.01, 0.49, 0.99 ], "texture": "#1" },
				"west": { "uv": [ 0.01, 0.01, 0.49, 0.99 ], "texture": "#1" },
				"east": { "uv": [ 0.01, 0.01, 0.49, 0.99 ], "texture": "#1" }
			}
		},
		{
			"from": [ 1, 1, 4.5 ],
			"to": [ 4, 8, 7.5 ],
			"rotation": { "origin": [ 1, 1, 4.5 ], "axis": "z", "angle": 45 },
			"faces": {
				"up": { "uv": [ 8.99, 9.51, 6.51, 11.99 ], "texture": "#0" },
				"north": { "uv": [ 6.01, 3.01, 8.99, 9.99 ], "texture": "#0" },
				"south": { "uv": [ 6.01, 5.51, 8.99, 12.49 ], "texture": "#0" },
				"west": { "uv": [ 8.99, 9.01, 6.01, 15.99 ], "texture": "#0" },
				"east": { "uv": [ 8.99, 6.01, 6.01, 12.99 ], "texture": "#0" }
			}
		},
		{
			"from": [ 1, 0, 4.5 ],
			"to": [ 3.5, 1, 7 ],
			"faces": {
				"down": { "uv": [ 1.01, 9.01, 3.49, 11.49 ], "texture": "#0" },
				"up": { "uv": [ 1.01, 4.51, 3.49, 6.99 ], "texture": "#0" },
				"north": { "uv": [ 12.51, 15.01, 14.99, 15.99 ], "texture": "#0" },
				"south": { "uv": [ 1.01, 15.01, 3.49, 15.99 ], "texture": "#0" },
				"west": { "uv": [ 4.51, 15.01, 6.99, 15.99 ], "texture": "#0" },
				"east": { "uv": [ 9.01, 15.01, 11.49, 15.99 ], "texture": "#0" }
			}
		},
		{
			"from": [ -5, 6, 4 ],
			"to": [ -1.5, 18.5, 8 ],
			"faces": {
				"down": { "uv": [ 11.01, 15.99, 14.49, 12.01 ], "texture": "#0" },
				"up": { "uv": [ 6.51, 5.51, 9.99, 9.49 ], "texture": "#1" },
				"north": { "uv": [ 5.51, 3.01, 8.99, 12.99 ], "texture": "#0" },
				"south": { "uv": [ 5.51, 6.01, 8.99, 15.99 ], "texture": "#0" },
				"west": { "uv": [ 8.99, 10.49, 5.01, 0.5100002 ], "texture": "#0" },
				"east": { "uv": [ 8.99, 5.01, 5.01, 14.99 ], "texture": "#0" }
			}
		},
		{
			"from": [ -2, 6.5, 4 ],
			"to": [ -1.8, 7.5, 4.2 ],
			"rotation": { "origin": [ -2, 6.5, 4 ], "axis": "x", "angle": -22.5 },
			"faces": {
				"up": { "uv": [ 0.51, 1.01, 0.6899998, 1.19 ], "texture": "#1" },
				"north": { "uv": [ 0.51, 1.01, 0.6900008, 1.99 ], "texture": "#1" },
				"south": { "uv": [ 0.51, 0.51, 0.6899998, 1.49 ], "texture": "#1" },
				"west": { "uv": [ 0.51, 0.51, 0.6900001, 1.49 ], "texture": "#1" },
				"east": { "uv": [ 0.51, 0.51, 0.6899998, 1.49 ], "texture": "#1" }
			}
		},
		{
			"from": [ -3.5, 11.5, 4 ],
			"to": [ -3.3, 12.5, 4.2 ],
			"rotation": { "origin": [ -3.5, 11.5, 4 ], "axis": "x", "angle": -22.5 },
			"faces": {
				"up": { "uv": [ 0.51, 1.01, 0.6899998, 1.19 ], "texture": "#1" },
				"north": { "uv": [ 0.51, 1.01, 0.6900008, 1.99 ], "texture": "#1" },
				"south": { "uv": [ 0.51, 0.51, 0.6899998, 1.49 ], "texture": "#1" },
				"west": { "uv": [ 0.51, 0.51, 0.6900001, 1.49 ], "texture": "#1" },
				"east": { "uv": [ 0.51, 0.51, 0.6899998, 1.49 ], "texture": "#1" }
			}
		},
		{
			"from": [ -2.5, 15, 4 ],
			"to": [ -2.3, 16, 4.2 ],
			"rotation": { "origin": [ -2.5, 15, 4 ], "axis": "x", "angle": -22.5 },
			"faces": {
				"up": { "uv": [ 0.51, 1.01, 0.6899998, 1.19 ], "texture": "#1" },
				"north": { "uv": [ 0.51, 1.01, 0.6900008, 1.99 ], "texture": "#1" },
				"south": { "uv": [ 0.51, 0.51, 0.6899998, 1.49 ], "texture": "#1" },
				"west": { "uv": [ 0.51, 0.51, 0.6900001, 1.49 ], "texture": "#1" },
				"east": { "uv": [ 0.51, 0.51, 0.6899998, 1.49 ], "texture": "#1" }
			}
		},
		{
			"from": [ -4, 16.5, 4 ],
			"to": [ -3.8, 17.5, 4.2 ],
			"rotation": { "origin": [ -4, 16.5, 4 ], "axis": "x", "angle": -45 },
			"faces": {
				"up": { "uv": [ 0.51, 3.01, 0.6899998, 3.19 ], "texture": "#1" },
				"north": { "uv": [ 0.01, 2.51, 0.1900008, 3.49 ], "texture": "#1" },
				"south": { "uv": [ 0.51, 2.51, 0.6899998, 3.49 ], "texture": "#1" },
				"west": { "uv": [ 0.51, 2.51, 0.6900001, 3.49 ], "texture": "#1" },
				"east": { "uv": [ 0.51, 2.51, 0.6899998, 3.49 ], "texture": "#1" }
			}
		},
		{
			"from": [ -4.5, 13.5, 4 ],
			"to": [ -4.3, 14.5, 4.2 ],
			"rotation": { "origin": [ -4.5, 13.5, 4 ], "axis": "x", "angle": -45 },
			"faces": {
				"up": { "uv": [ 0.51, 3.01, 0.6899998, 3.19 ], "texture": "#1" },
				"north": { "uv": [ 0.01, 2.51, 0.1900008, 3.49 ], "texture": "#1" },
				"south": { "uv": [ 0.51, 2.51, 0.6899998, 3.49 ], "texture": "#1" },
				"west": { "uv": [ 0.51, 2.51, 0.6900001, 3.49 ], "texture": "#1" },
				"east": { "uv": [ 0.51, 2.51, 0.6899998, 3.49 ], "texture": "#1" }
			}
		},
		{
			"from": [ -3.5, 8, 4 ],
			"to": [ -3.3, 9, 4.2 ],
			"rotation": { "origin": [ -3.5, 8, 4 ], "axis": "x", "angle": -45 },
			"faces": {
				"up": { "uv": [ 0.51, 3.01, 0.6899998, 3.19 ], "texture": "#1" },
				"north": { "uv": [ 0.01, 2.51, 0.1900008, 3.49 ], "texture": "#1" },
				"south": { "uv": [ 0.51, 2.51, 0.6899998, 3.49 ], "texture": "#1" },
				"west": { "uv": [ 0.51, 2.51, 0.6900001, 3.49 ], "texture": "#1" },
				"east": { "uv": [ 0.51, 2.51, 0.6899998, 3.49 ], "texture": "#1" }
			}
		},
		{
			"from": [ -2.5, 6.5, 7.8 ],
			"to": [ -2.3, 7.5, 8 ],
			"rotation": { "origin": [ -2.5, 6.5, 8 ], "axis": "x", "angle": 22.5 },
			"faces": {
				"up": { "uv": [ 0.51, 1.01, 0.6899998, 1.19 ], "texture": "#1" },
				"north": { "uv": [ 0.51, 1.01, 0.6900008, 1.99 ], "texture": "#1" },
				"south": { "uv": [ 0.51, 0.51, 0.6899998, 1.49 ], "texture": "#1" },
				"west": { "uv": [ 0.51, 0.51, 0.6900001, 1.49 ], "texture": "#1" },
				"east": { "uv": [ 0.51, 0.51, 0.6899998, 1.49 ], "texture": "#1" }
			}
		},
		{
			"from": [ -4, 11.5, 7.8 ],
			"to": [ -3.8, 12.5, 8 ],
			"rotation": { "origin": [ -4, 11.5, 8 ], "axis": "x", "angle": 22.5 },
			"faces": {
				"up": { "uv": [ 0.51, 3.01, 0.6899998, 3.19 ], "texture": "#1" },
				"north": { "uv": [ 0.51, 3.01, 0.6900008, 3.99 ], "texture": "#1" },
				"south": { "uv": [ 0.51, 2.51, 0.6899998, 3.49 ], "texture": "#1" },
				"west": { "uv": [ 0.51, 2.51, 0.6900001, 3.49 ], "texture": "#1" },
				"east": { "uv": [ 0.51, 2.51, 0.6899998, 3.49 ], "texture": "#1" }
			}
		},
		{
			"from": [ -4.5, 17.5, 7.8 ],
			"to": [ -4.3, 18.5, 8 ],
			"rotation": { "origin": [ -4.5, 17.5, 8 ], "axis": "x", "angle": 22.5 },
			"faces": {
				"up": { "uv": [ 0.51, 3.01, 0.6899998, 3.19 ], "texture": "#1" },
				"north": { "uv": [ 0.51, 3.01, 0.6900008, 3.99 ], "texture": "#1" },
				"south": { "uv": [ 0.51, 2.51, 0.6899998, 3.49 ], "texture": "#1" },
				"west": { "uv": [ 0.51, 2.51, 0.6900001, 3.49 ], "texture": "#1" },
				"east": { "uv": [ 0.51, 2.51, 0.6899998, 3.49 ], "texture": "#1" }
			}
		},
		{
			"from": [ -3, 15, 7.8 ],
			"to": [ -2.8, 16, 8 ],
			"rotation": { "origin": [ -3, 15, 8 ], "axis": "x", "angle": 22.5 },
			"faces": {
				"up": { "uv": [ 0.51, 3.01, 0.6899998, 3.19 ], "texture": "#1" },
				"north": { "uv": [ 0.51, 3.01, 0.6900008, 3.99 ], "texture": "#1" },
				"south": { "uv": [ 0.51, 2.51, 0.6899998, 3.49 ], "texture": "#1" },
				"west": { "uv": [ 0.51, 2.51, 0.6900001, 3.49 ], "texture": "#1" },
				"east": { "uv": [ 0.51, 2.51, 0.6899998, 3.49 ], "texture": "#1" }
			}
		},
		{
			"from": [ -2.5, 17, 7.8 ],
			"to": [ -2.3, 18, 8 ],
			"rotation": { "origin": [ -2.5, 17, 8 ], "axis": "x", "angle": 45 },
			"faces": {
				"up": { "uv": [ 0.51, 0.51, 0.6899998, 0.6899998 ], "texture": "#1" },
				"north": { "uv": [ 0.51, 0.51, 0.6900008, 1.49 ], "texture": "#1" },
				"south": { "uv": [ 0.51, 0.01, 0.6899998, 0.99 ], "texture": "#1" },
				"west": { "uv": [ 0.51, 0.01, 0.6900001, 0.99 ], "texture": "#1" },
				"east": { "uv": [ 0.51, 0.51, 0.6899998, 1.49 ], "texture": "#1" }
			}
		},
		{
			"from": [ -4, 14, 7.8 ],
			"to": [ -3.8, 15, 8 ],
			"rotation": { "origin": [ -4, 14, 8 ], "axis": "x", "angle": 45 },
			"faces": {
				"up": { "uv": [ 0.51, 0.51, 0.6899998, 0.6899998 ], "texture": "#1" },
				"north": { "uv": [ 0.51, 0.51, 0.6900008, 1.49 ], "texture": "#1" },
				"south": { "uv": [ 0.51, 0.01, 0.6899998, 0.99 ], "texture": "#1" },
				"west": { "uv": [ 0.51, 0.01, 0.6900001, 0.99 ], "texture": "#1" },
				"east": { "uv": [ 0.51, 0.51, 0.6899998, 1.49 ], "texture": "#1" }
			}
		},
		{
			"from": [ -2.5, 12, 7.8 ],
			"to": [ -2.3, 13, 8 ],
			"rotation": { "origin": [ -2.5, 12, 8 ], "axis": "x", "angle": 45 },
			"faces": {
				"up": { "uv": [ 0.51, 0.51, 0.6899998, 0.6899998 ], "texture": "#1" },
				"north": { "uv": [ 0.51, 0.51, 0.6900008, 1.49 ], "texture": "#1" },
				"south": { "uv": [ 0.51, 0.01, 0.6899998, 0.99 ], "texture": "#1" },
				"west": { "uv": [ 0.51, 0.01, 0.6900001, 0.99 ], "texture": "#1" },
				"east": { "uv": [ 0.51, 0.51, 0.6899998, 1.49 ], "texture": "#1" }
			}
		},
		{
			"from": [ -3.5, 9, 7.8 ],
			"to": [ -3.3, 10, 8 ],
			"rotation": { "origin": [ -3.5, 9, 8 ], "axis": "x", "angle": 45 },
			"faces": {
				"up": { "uv": [ 0.51, 0.51, 0.6899998, 0.6899998 ], "texture": "#1" },
				"north": { "uv": [ 0.51, 0.51, 0.6900008, 1.49 ], "texture": "#1" },
				"south": { "uv": [ 0.51, 0.01, 0.6899998, 0.99 ], "texture": "#1" },
				"west": { "uv": [ 0.51, 0.01, 0.6900001, 0.99 ], "texture": "#1" },
				"east": { "uv": [ 0.51, 0.51, 0.6899998, 1.49 ], "texture": "#1" }
			}
		},
		{
			"from": [ -5, 11.5, 4.5 ],
			"to": [ -4.8, 12.5, 4.7 ],
			"rotation": { "origin": [ -5, 11.5, 4.5 ], "axis": "z", "angle": 22.5 },
			"faces": {
				"up": { "uv": [ 0.51, 1.01, 0.6899998, 1.19 ], "texture": "#1" },
				"north": { "uv": [ 0.51, 1.01, 0.6900008, 1.99 ], "texture": "#1" },
				"south": { "uv": [ 0.51, 0.51, 0.6899998, 1.49 ], "texture": "#1" },
				"west": { "uv": [ 0.51, 0.51, 0.6900001, 1.49 ], "texture": "#1" },
				"east": { "uv": [ 0.51, 0.51, 0.6899998, 1.49 ], "texture": "#1" }
			}
		},
		{
			"from": [ -5, 9.5, 5.5 ],
			"to": [ -4.8, 10.5, 5.7 ],
			"rotation": { "origin": [ -5, 9.5, 5.5 ], "axis": "z", "angle": 22.5 },
			"faces": {
				"up": { "uv": [ 0.51, 3.01, 0.6899998, 3.19 ], "texture": "#1" },
				"north": { "uv": [ 0.51, 3.01, 0.6900008, 3.99 ], "texture": "#1" },
				"south": { "uv": [ 0.51, 2.51, 0.6899998, 3.49 ], "texture": "#1" },
				"west": { "uv": [ 0.51, 2.01, 0.6900001, 2.99 ], "texture": "#1" },
				"east": { "uv": [ 0.51, 2.51, 0.6899998, 3.49 ], "texture": "#1" }
			}
		},
		{
			"from": [ -5, 14.5, 6.5 ],
			"to": [ -4.8, 15.5, 6.7 ],
			"rotation": { "origin": [ -5, 14.5, 6.5 ], "axis": "z", "angle": 22.5 },
			"faces": {
				"up": { "uv": [ 0.51, 3.01, 0.6899998, 3.19 ], "texture": "#1" },
				"north": { "uv": [ 0.51, 3.01, 0.6900008, 3.99 ], "texture": "#1" },
				"south": { "uv": [ 0.51, 2.51, 0.6899998, 3.49 ], "texture": "#1" },
				"west": { "uv": [ 0.51, 2.01, 0.6900001, 2.99 ], "texture": "#1" },
				"east": { "uv": [ 0.51, 2.51, 0.6899998, 3.49 ], "texture": "#1" }
			}
		},
		{
			"from": [ -5, 17.5, 5.5 ],
			"to": [ -4.8, 18.5, 5.7 ],
			"rotation": { "origin": [ -5, 17.5, 5.5 ], "axis": "z", "angle": 45 },
			"faces": {
				"up": { "uv": [ 0.51, 3.01, 0.6899998, 3.19 ], "texture": "#1" },
				"north": { "uv": [ 0.51, 3.01, 0.6900008, 3.99 ], "texture": "#1" },
				"south": { "uv": [ 0.51, 2.51, 0.6899998, 3.49 ], "texture": "#1" },
				"west": { "uv": [ 0.51, 2.01, 0.6900001, 2.99 ], "texture": "#1" },
				"east": { "uv": [ 0.51, 2.51, 0.6899998, 3.49 ], "texture": "#1" }
			}
		},
		{
			"from": [ -5, 15, 5 ],
			"to": [ -4.8, 16, 5.2 ],
			"rotation": { "origin": [ -5, 15, 5 ], "axis": "z", "angle": 22.5 },
			"faces": {
				"up": { "uv": [ 0.51, 1.01, 0.6899998, 1.19 ], "texture": "#1" },
				"north": { "uv": [ 0.51, 1.01, 0.6900008, 1.99 ], "texture": "#1" },
				"south": { "uv": [ 0.51, 0.51, 0.6899998, 1.49 ], "texture": "#1" },
				"west": { "uv": [ 0.51, 0.51, 0.6900001, 1.49 ], "texture": "#1" },
				"east": { "uv": [ 0.51, 0.51, 0.6899998, 1.49 ], "texture": "#1" }
			}
		},
		{
			"from": [ -5, 12.5, 7 ],
			"to": [ -4.8, 13.5, 7.2 ],
			"rotation": { "origin": [ -5, 12.5, 7 ], "axis": "z", "angle": 45 },
			"faces": {
				"up": { "uv": [ 0.51, 1.01, 0.6899998, 1.19 ], "texture": "#1" },
				"north": { "uv": [ 0.51, 1.01, 0.6900008, 1.99 ], "texture": "#1" },
				"south": { "uv": [ 0.51, 0.51, 0.6899998, 1.49 ], "texture": "#1" },
				"west": { "uv": [ 0.51, 0.51, 0.6900001, 1.49 ], "texture": "#1" },
				"east": { "uv": [ 0.51, 0.51, 0.6899998, 1.49 ], "texture": "#1" }
			}
		},
		{
			"from": [ -5, 7, 6.5 ],
			"to": [ -4.8, 8, 6.7 ],
			"rotation": { "origin": [ -5, 7, 6.5 ], "axis": "z", "angle": 45 },
			"faces": {
				"up": { "uv": [ 0.51, 1.01, 0.6899998, 1.19 ], "texture": "#1" },
				"north": { "uv": [ 0.51, 1.01, 0.6900008, 1.99 ], "texture": "#1" },
				"south": { "uv": [ 0.51, 0.51, 0.6899998, 1.49 ], "texture": "#1" },
				"west": { "uv": [ 0.51, 0.51, 0.6900001, 1.49 ], "texture": "#1" },
				"east": { "uv": [ 0.51, 0.51, 0.6899998, 1.49 ], "texture": "#1" }
			}
		},
		{
			"from": [ -1.7, 15, 4.5 ],
			"to": [ -1.5, 16, 4.7 ],
			"rotation": { "origin": [ -1.5, 15, 4.5 ], "axis": "z", "angle": -22.5 },
			"faces": {
				"up": { "uv": [ 0.51, 1.01, 0.6899998, 1.19 ], "texture": "#1" },
				"north": { "uv": [ 0.51, 1.01, 0.6900008, 1.99 ], "texture": "#1" },
				"south": { "uv": [ 0.51, 0.51, 0.6899998, 1.49 ], "texture": "#1" },
				"west": { "uv": [ 0.51, 0.51, 0.6900001, 1.49 ], "texture": "#1" },
				"east": { "uv": [ 0.51, 0.51, 0.6899998, 1.49 ], "texture": "#1" }
			}
		},
		{
			"from": [ -1.7, 11, 5 ],
			"to": [ -1.5, 12, 5.2 ],
			"rotation": { "origin": [ -1.5, 11, 5 ], "axis": "z", "angle": -22.5 },
			"faces": {
				"up": { "uv": [ 0.51, 1.01, 0.6899998, 1.19 ], "texture": "#1" },
				"north": { "uv": [ 0.51, 1.01, 0.6900008, 1.99 ], "texture": "#1" },
				"south": { "uv": [ 0.51, 0.51, 0.6899998, 1.49 ], "texture": "#1" },
				"west": { "uv": [ 0.51, 0.51, 0.6900001, 1.49 ], "texture": "#1" },
				"east": { "uv": [ 0.51, 0.51, 0.6899998, 1.49 ], "texture": "#1" }
			}
		},
		{
			"from": [ -1.7, 10, 6.5 ],
			"to": [ -1.5, 11, 6.7 ],
			"rotation": { "origin": [ -1.5, 10, 6.5 ], "axis": "z", "angle": -45 },
			"faces": {
				"up": { "uv": [ 0.51, 1.01, 0.6899998, 1.19 ], "texture": "#1" },
				"north": { "uv": [ 0.51, 1.01, 0.6900008, 1.99 ], "texture": "#1" },
				"south": { "uv": [ 0.51, 0.51, 0.6899998, 1.49 ], "texture": "#1" },
				"west": { "uv": [ 0.51, 0.51, 0.6900001, 1.49 ], "texture": "#1" },
				"east": { "uv": [ 0.51, 0.51, 0.6899998, 1.49 ], "texture": "#1" }
			}
		},
		{
			"from": [ -1.7, 16, 6 ],
			"to": [ -1.5, 17, 6.2 ],
			"rotation": { "origin": [ -1.5, 16, 6 ], "axis": "z", "angle": -22.5 },
			"faces": {
				"up": { "uv": [ 0.01, 3.01, 0.1899998, 3.19 ], "texture": "#1" },
				"north": { "uv": [ 0.51, 2.51, 0.6900008, 3.49 ], "texture": "#1" },
				"south": { "uv": [ 0.51, 2.51, 0.6899998, 3.49 ], "texture": "#1" },
				"west": { "uv": [ 0.51, 2.51, 0.6900001, 3.49 ], "texture": "#1" },
				"east": { "uv": [ 0.51, 2.51, 0.6899998, 3.49 ], "texture": "#1" }
			}
		},
		{
			"from": [ -1.7, 14.5, 7 ],
			"to": [ -1.5, 15.5, 7.2 ],
			"rotation": { "origin": [ -1.5, 14.5, 7 ], "axis": "z", "angle": -45 },
			"faces": {
				"up": { "uv": [ 0.01, 3.01, 0.1899998, 3.19 ], "texture": "#1" },
				"north": { "uv": [ 0.51, 2.51, 0.6900008, 3.49 ], "texture": "#1" },
				"south": { "uv": [ 0.51, 2.51, 0.6899998, 3.49 ], "texture": "#1" },
				"west": { "uv": [ 0.51, 2.51, 0.6900001, 3.49 ], "texture": "#1" },
				"east": { "uv": [ 0.51, 2.51, 0.6899998, 3.49 ], "texture": "#1" }
			}
		}
	]
}