{
	"__comment": "Created by Filal",
	"textures": {
		"particle": "block/chiseled_sandstone",
		"0": "block/sandstone_top",
		"1": "block/chiseled_sandstone"
	},
	"elements": [ 	 
		{
			"from": [ 0, 0, 0 ],
			"to": [ 16, 16, 16 ],
			"faces": {
				"down": { "uv": [ 0.01, 0.01, 15.99, 15.99 ], "texture": "#0", "cullface": "down" },
				"up": { "uv": [ 0.01, 0.01, 15.99, 15.99 ], "texture": "#0", "cullface": "up" },
				"north": { "uv": [ 0.01, 0.01, 15.99, 15.99 ], "texture": "#1", "cullface": "north" },
				"south": { "uv": [ 0.01, 0.01, 15.99, 15.99 ], "texture": "#1", "cullface": "south" },
				"west": { "uv": [ 0.01, 0.01, 15.99, 15.99 ], "texture": "#1", "cullface": "west" },
				"east": { "uv": [ 0.01, 0.01, 15.99, 15.99 ], "texture": "#1", "cullface": "east" }
			}
		},
		{
			"from": [ 0.5, 16, 0.5 ],
			"to": [ 8, 16.5, 8 ],
			"faces": {
				"up": { "uv": [ 0.51, 0.51, 7.99, 7.99 ], "texture": "#0", "cullface": "up" },
				"north": { "uv": [ 7.99, 0.51, 0.51, 0.99 ], "texture": "#0", "cullface": "up" },
				"south": { "uv": [ 0.51, 7.51, 7.99, 7.99 ], "texture": "#0", "cullface": "up" },
				"west": { "uv": [ 0.51, 7.99, 0.99, 0.51 ], "texture": "#0", "cullface": "up", "rotation": 90 },
				"east": { "uv": [ 7.51, 0.51, 7.99, 7.99 ], "texture": "#0", "cullface": "up", "rotation": 90 }
			}
		},
		{
			"from": [ 0.5, 16, 8.5 ],
			"to": [ 8, 16.5, 16 ],
			"faces": {
				"up": { "uv": [ 0.51, 8.51, 7.99, 15.99 ], "texture": "#0", "cullface": "up" },
				"north": { "uv": [ 7.99, 8.51, 0.51, 8.99 ], "texture": "#0", "cullface": "up" },
				"south": { "uv": [ 0.51, 15.51, 7.99, 15.99 ], "texture": "#0", "cullface": "up" },
				"west": { "uv": [ 0.51, 15.99, 0.99, 8.51 ], "texture": "#0", "cullface": "up", "rotation": 90 },
				"east": { "uv": [ 7.51, 8.51, 7.99, 15.99 ], "texture": "#0", "cullface": "up", "rotation": 90 }
			}
		},
		{
			"from": [ 8.5, 16, 8 ],
			"to": [ 16, 16.5, 15.5 ],
			"faces": {
				"up": { "uv": [ 8.51, 8.01, 15.99, 15.49 ], "texture": "#0", "cullface": "up" },
				"north": { "uv": [ 15.99, 8.01, 8.51, 8.49 ], "texture": "#0", "cullface": "up" },
				"south": { "uv": [ 8.51, 15.01, 15.99, 15.49 ], "texture": "#0", "cullface": "up" },
				"west": { "uv": [ 8.51, 15.49, 8.99, 8.01 ], "texture": "#0", "cullface": "up", "rotation": 90 },
				"east": { "uv": [ 15.51, 8.01, 15.99, 15.49 ], "texture": "#0", "cullface": "up", "rotation": 90 }
			}
		},
		{
			"from": [ 8.5, 16, 0 ],
			"to": [ 16, 16.5, 7.5 ],
			"faces": {
				"up": { "uv": [ 8.51, 0.01, 15.99, 7.49 ], "texture": "#0", "cullface": "up" },
				"north": { "uv": [ 15.99, 0.01, 8.51, 0.49 ], "texture": "#0", "cullface": "up" },
				"south": { "uv": [ 8.51, 7.01, 15.99, 7.49 ], "texture": "#0", "cullface": "up" },
				"west": { "uv": [ 8.51, 7.49, 8.99, 0.01 ], "texture": "#0", "cullface": "up", "rotation": 90 },
				"east": { "uv": [ 15.51, 0.01, 15.99, 7.49 ], "texture": "#0", "cullface": "up", "rotation": 90 }
			}
		},
		{
			"from": [ 0.5, -0.5, 8 ],
			"to": [ 8, 0, 15.5 ],
			"faces": {
				"down": { "uv": [ 0.51, 0.51, 7.99, 7.99 ], "texture": "#0", "cullface": "down" },
				"north": { "uv": [ 7.99, 7.99, 0.51, 7.51 ], "texture": "#0", "cullface": "down" },
				"south": { "uv": [ 0.51, 0.99, 7.99, 0.51 ], "texture": "#0", "cullface": "down" },
				"west": { "uv": [ 0.51, 7.99, 0.99, 0.51 ], "texture": "#0", "cullface": "down", "rotation": 270 },
				"east": { "uv": [ 7.51, 0.51, 7.99, 7.99 ], "texture": "#0", "cullface": "down", "rotation": 270 }
			}
		},
		{
			"from": [ 8.5, -0.5, 8.5 ],
			"to": [ 16, 0, 16 ],
			"faces": {
				"down": { "uv": [ 8.51, 0.01, 15.99, 7.49 ], "texture": "#0", "cullface": "down" },
				"north": { "uv": [ 15.99, 7.49, 8.51, 7.01 ], "texture": "#0", "cullface": "down" },
				"south": { "uv": [ 8.51, 0.49, 15.99, 0.01 ], "texture": "#0", "cullface": "down" },
				"west": { "uv": [ 8.51, 7.49, 8.99, 0.01 ], "texture": "#0", "cullface": "down", "rotation": 270 },
				"east": { "uv": [ 15.51, 0.01, 15.99, 7.49 ], "texture": "#0", "cullface": "down", "rotation": 270 }
			}
		},
		{
			"from": [ 8.5, -0.5, 0.5 ],
			"to": [ 16, 0, 8 ],
			"faces": {
				"down": { "uv": [ 8.51, 8.01, 15.99, 15.49 ], "texture": "#0", "cullface": "down" },
				"north": { "uv": [ 15.99, 15.49, 8.51, 15.01 ], "texture": "#0", "cullface": "down" },
				"south": { "uv": [ 8.51, 8.49, 15.99, 8.01 ], "texture": "#0", "cullface": "down" },
				"west": { "uv": [ 8.51, 15.49, 8.99, 8.01 ], "texture": "#0", "cullface": "down", "rotation": 270 },
				"east": { "uv": [ 15.51, 8.01, 15.99, 15.49 ], "texture": "#0", "cullface": "down", "rotation": 270 }
			}
		},
		{
			"from": [ 0.5, -0.5, 0 ],
			"to": [ 8, 0, 7.5 ],
			"faces": {
				"down": { "uv": [ 0.51, 8.51, 7.99, 15.99 ], "texture": "#0", "cullface": "down" },
				"north": { "uv": [ 7.99, 15.99, 0.51, 15.51 ], "texture": "#0", "cullface": "down" },
				"south": { "uv": [ 0.51, 8.99, 7.99, 8.51 ], "texture": "#0", "cullface": "down" },
				"west": { "uv": [ 0.51, 15.99, 0.99, 8.51 ], "texture": "#0", "cullface": "down", "rotation": 270 },
				"east": { "uv": [ 7.51, 8.51, 7.99, 15.99 ], "texture": "#0", "cullface": "down", "rotation": 270 }
			}
		},
		{
			"from": [ 0, 0.5, -0.5 ],
			"to": [ 4.5, 2.5, 0 ],
			"faces": {
				"down": { "uv": [ 16, 15, 11.5, 15.5 ], "texture": "#1", "cullface": "north" },
				"up": { "uv": [ 16, 13.5, 11.5, 14 ], "texture": "#1", "cullface": "north" },
				"north": { "uv": [ 11.5, 13.5, 16, 15.5 ], "texture": "#1", "cullface": "north" },
				"west": { "uv": [ 15.5, 13.5, 16, 15.5 ], "texture": "#1", "cullface": "north" },
				"east": { "uv": [ 11.5, 13.5, 12, 15.5 ], "texture": "#1", "cullface": "north" }
			}
		},
		{
			"from": [ 5, 0.5, -0.5 ],
			"to": [ 11.5, 2.5, 0 ],
			"faces": {
				"down": { "uv": [ 11, 15, 4.5, 15.5 ], "texture": "#1", "cullface": "north" },
				"up": { "uv": [ 11, 13.5, 4.5, 14 ], "texture": "#1", "cullface": "north" },
				"north": { "uv": [ 4.5, 13.5, 11, 15.5 ], "texture": "#1", "cullface": "north" },
				"west": { "uv": [ 10.5, 13.5, 11, 15.5 ], "texture": "#1", "cullface": "north" },
				"east": { "uv": [ 4.5, 13.5, 5, 15.5 ], "texture": "#1", "cullface": "north" }
			}
		},
		{
			"from": [ 12, 0.5, -0.5 ],
			"to": [ 16, 2.5, 0 ],
			"faces": {
				"down": { "uv": [ 4, 15, 0, 15.5 ], "texture": "#1", "cullface": "north" },
				"up": { "uv": [ 4, 13.5, 0, 14 ], "texture": "#1", "cullface": "north" },
				"north": { "uv": [ 0, 13.5, 4, 15.5 ], "texture": "#1", "cullface": "north" },
				"west": { "uv": [ 3.5, 13.5, 4, 15.5 ], "texture": "#1", "cullface": "north" },
				"east": { "uv": [ 0, 13.5, 0.5, 15.5 ], "texture": "#1", "cullface": "north" }
			}
		},
		{
			"from": [ 0.5, 4.5, -0.5 ],
			"to": [ 7.5, 11.5, 0 ],
			"faces": {
				"down": { "uv": [ 15.5, 11, 8.5, 11.5 ], "texture": "#1", "cullface": "north" },
				"up": { "uv": [ 15.5, 4.5, 8.5, 5 ], "texture": "#1", "cullface": "north" },
				"north": { "uv": [ 8.5, 4.5, 15.5, 11.5 ], "texture": "#1", "cullface": "north" },
				"west": { "uv": [ 15, 4.5, 15.5, 11.5 ], "texture": "#1", "cullface": "north" },
				"east": { "uv": [ 8.5, 4.5, 9, 11.5 ], "texture": "#1", "cullface": "north" }
			}
		},
		{
			"from": [ 8.5, 4.5, -0.5 ],
			"to": [ 15.5, 11.5, 0 ],
			"faces": {
				"down": { "uv": [ 7.5, 11, 0.5, 11.5 ], "texture": "#1", "cullface": "north" },
				"up": { "uv": [ 7.5, 4.5, 0.5, 5 ], "texture": "#1", "cullface": "north" },
				"north": { "uv": [ 0.5, 4.5, 7.5, 11.5 ], "texture": "#1", "cullface": "north" },
				"west": { "uv": [ 7, 4.5, 7.5, 11.5 ], "texture": "#1", "cullface": "north" },
				"east": { "uv": [ 0.5, 4.5, 1, 11.5 ], "texture": "#1", "cullface": "north" }
			}
		},
		{
			"from": [ 0, 13, -0.5 ],
			"to": [ 7.5, 15.5, 0 ],
			"faces": {
				"down": { "uv": [ 16, 2.5, 8.5, 3 ], "texture": "#1", "cullface": "north" },
				"up": { "uv": [ 16, 0.5, 8.5, 1 ], "texture": "#1", "cullface": "north" },
				"north": { "uv": [ 8.5, 0.5, 16, 3 ], "texture": "#1", "cullface": "north" },
				"west": { "uv": [ 15.5, 0.5, 16, 3 ], "texture": "#1", "cullface": "north" },
				"east": { "uv": [ 8.5, 0.5, 9, 3 ], "texture": "#1", "cullface": "north" }
			}
		},
		{
			"from": [ 8, 13, -0.5 ],
			"to": [ 15.5, 15.5, 0 ],
			"faces": {
				"down": { "uv": [ 8, 2.5, 0.5, 3 ], "texture": "#1", "cullface": "north" },
				"up": { "uv": [ 8, 0.5, 0.5, 1 ], "texture": "#1", "cullface": "north" },
				"north": { "uv": [ 0.5, 0.5, 8, 3 ], "texture": "#1", "cullface": "north" },
				"west": { "uv": [ 7.5, 0.5, 8, 3 ], "texture": "#1", "cullface": "north" },
				"east": { "uv": [ 0.5, 0.5, 1, 3 ], "texture": "#1", "cullface": "north" }
			}
		},
		{
			"from": [ 16, 0.5, 0 ],
			"to": [ 16.5, 2.5, 4.5 ],
			"faces": {
				"down": { "uv": [ 16, 15, 11.5, 15.5 ], "texture": "#1", "cullface": "east", "rotation": 270 },
				"up": { "uv": [ 16, 13.5, 11.5, 14 ], "texture": "#1", "cullface": "east", "rotation": 90 },
				"north": { "uv": [ 15.5, 13.5, 16, 15.5 ], "texture": "#1", "cullface": "east" },
				"south": { "uv": [ 11.5, 13.5, 12, 15.5 ], "texture": "#1", "cullface": "east" },
				"east": { "uv": [ 11.5, 13.5, 16, 15.5 ], "texture": "#1", "cullface": "east" }
			}
		},
		{
			"from": [ 16, 0.5, 5 ],
			"to": [ 16.5, 2.5, 11.5 ],
			"faces": {
				"down": { "uv": [ 11, 15, 4.5, 15.5 ], "texture": "#1", "cullface": "east", "rotation": 270 },
				"up": { "uv": [ 11, 13.5, 4.5, 14 ], "texture": "#1", "cullface": "east", "rotation": 90 },
				"north": { "uv": [ 10.5, 13.5, 11, 15.5 ], "texture": "#1", "cullface": "east" },
				"south": { "uv": [ 4.5, 13.5, 5, 15.5 ], "texture": "#1", "cullface": "east" },
				"east": { "uv": [ 4.5, 13.5, 11, 15.5 ], "texture": "#1", "cullface": "east" }
			}
		},
		{
			"from": [ 16, 0.5, 12 ],
			"to": [ 16.5, 2.5, 16 ],
			"faces": {
				"down": { "uv": [ 4, 15, 0, 15.5 ], "texture": "#1", "cullface": "east", "rotation": 270 },
				"up": { "uv": [ 4, 13.5, 0, 14 ], "texture": "#1", "cullface": "east", "rotation": 90 },
				"north": { "uv": [ 3.5, 13.5, 4, 15.5 ], "texture": "#1", "cullface": "east" },
				"south": { "uv": [ 0, 13.5, 0.5, 15.5 ], "texture": "#1", "cullface": "east" },
				"east": { "uv": [ 0, 13.5, 4, 15.5 ], "texture": "#1", "cullface": "east" }
			}
		},
		{
			"from": [ 16, 4.5, 0.5 ],
			"to": [ 16.5, 11.5, 7.5 ],
			"faces": {
				"down": { "uv": [ 15.5, 11, 8.5, 11.5 ], "texture": "#1", "cullface": "east", "rotation": 270 },
				"up": { "uv": [ 15.5, 4.5, 8.5, 5 ], "texture": "#1", "cullface": "east", "rotation": 90 },
				"north": { "uv": [ 15, 4.5, 15.5, 11.5 ], "texture": "#1", "cullface": "east" },
				"south": { "uv": [ 8.5, 4.5, 9, 11.5 ], "texture": "#1", "cullface": "east" },
				"east": { "uv": [ 8.5, 4.5, 15.5, 11.5 ], "texture": "#1", "cullface": "east" }
			}
		},
		{
			"from": [ 16, 4.5, 8.5 ],
			"to": [ 16.5, 11.5, 15.5 ],
			"faces": {
				"down": { "uv": [ 7.5, 11, 0.5, 11.5 ], "texture": "#1", "cullface": "east", "rotation": 270 },
				"up": { "uv": [ 7.5, 4.5, 0.5, 5 ], "texture": "#1", "cullface": "east", "rotation": 90 },
				"north": { "uv": [ 7, 4.5, 7.5, 11.5 ], "texture": "#1", "cullface": "east" },
				"south": { "uv": [ 0.5, 4.5, 1, 11.5 ], "texture": "#1", "cullface": "east" },
				"east": { "uv": [ 0.5, 4.5, 7.5, 11.5 ], "texture": "#1", "cullface": "east" }
			}
		},
		{
			"from": [ 16, 13, 0 ],
			"to": [ 16.5, 15.5, 7.5 ],
			"faces": {
				"down": { "uv": [ 16, 2.5, 8.5, 3 ], "texture": "#1", "cullface": "east", "rotation": 270 },
				"up": { "uv": [ 16, 0.5, 8.5, 1 ], "texture": "#1", "cullface": "east", "rotation": 90 },
				"north": { "uv": [ 15.5, 0.5, 16, 3 ], "texture": "#1", "cullface": "east" },
				"south": { "uv": [ 8.5, 0.5, 9, 3 ], "texture": "#1", "cullface": "east" },
				"east": { "uv": [ 8.5, 0.5, 16, 3 ], "texture": "#1", "cullface": "east" }
			}
		},
		{
			"from": [ 16, 13, 8 ],
			"to": [ 16.5, 15.5, 15.5 ],
			"faces": {
				"down": { "uv": [ 8, 2.5, 0.5, 3 ], "texture": "#1", "cullface": "east", "rotation": 270 },
				"up": { "uv": [ 8, 0.5, 0.5, 1 ], "texture": "#1", "cullface": "east", "rotation": 90 },
				"north": { "uv": [ 7.5, 0.5, 8, 3 ], "texture": "#1", "cullface": "east" },
				"south": { "uv": [ 0.5, 0.5, 1, 3 ], "texture": "#1", "cullface": "east" },
				"east": { "uv": [ 0.5, 0.5, 8, 3 ], "texture": "#1", "cullface": "east" }
			}
		},
		{
			"from": [ 11.5, 0.5, 16 ],
			"to": [ 16, 2.5, 16.5 ],
			"faces": {
				"down": { "uv": [ 16, 15, 11.5, 15.5 ], "texture": "#1", "cullface": "south", "rotation": 180 },
				"up": { "uv": [ 16, 13.5, 11.5, 14 ], "texture": "#1", "cullface": "south", "rotation": 180 },
				"south": { "uv": [ 11.5, 13.5, 16, 15.5 ], "texture": "#1", "cullface": "south" },
				"west": { "uv": [ 11.5, 13.5, 12, 15.5 ], "texture": "#1", "cullface": "south" },
				"east": { "uv": [ 15.5, 13.5, 16, 15.5 ], "texture": "#1", "cullface": "south" }
			}
		},
		{
			"from": [ 4.5, 0.5, 16 ],
			"to": [ 11, 2.5, 16.5 ],
			"faces": {
				"down": { "uv": [ 11, 15, 4.5, 15.5 ], "texture": "#1", "cullface": "south", "rotation": 180 },
				"up": { "uv": [ 11, 13.5, 4.5, 14 ], "texture": "#1", "cullface": "south", "rotation": 180 },
				"south": { "uv": [ 4.5, 13.5, 11, 15.5 ], "texture": "#1", "cullface": "south" },
				"west": { "uv": [ 4.5, 13.5, 5, 15.5 ], "texture": "#1", "cullface": "south" },
				"east": { "uv": [ 10.5, 13.5, 11, 15.5 ], "texture": "#1", "cullface": "south" }
			}
		},
		{
			"from": [ 0, 0.5, 16 ],
			"to": [ 4, 2.5, 16.5 ],
			"faces": {
				"down": { "uv": [ 4, 15, 0, 15.5 ], "texture": "#1", "cullface": "south", "rotation": 180 },
				"up": { "uv": [ 4, 13.5, 0, 14 ], "texture": "#1", "cullface": "south", "rotation": 180 },
				"south": { "uv": [ 0, 13.5, 4, 15.5 ], "texture": "#1", "cullface": "south" },
				"west": { "uv": [ 0, 13.5, 0.5, 15.5 ], "texture": "#1", "cullface": "south" },
				"east": { "uv": [ 3.5, 13.5, 4, 15.5 ], "texture": "#1", "cullface": "south" }
			}
		},
		{
			"from": [ 8.5, 4.5, 16 ],
			"to": [ 15.5, 11.5, 16.5 ],
			"faces": {
				"down": { "uv": [ 15.5, 11, 8.5, 11.5 ], "texture": "#1", "cullface": "south", "rotation": 180 },
				"up": { "uv": [ 15.5, 4.5, 8.5, 5 ], "texture": "#1", "cullface": "south", "rotation": 180 },
				"south": { "uv": [ 8.5, 4.5, 15.5, 11.5 ], "texture": "#1", "cullface": "south" },
				"west": { "uv": [ 8.5, 4.5, 9, 11.5 ], "texture": "#1", "cullface": "south" },
				"east": { "uv": [ 15, 4.5, 15.5, 11.5 ], "texture": "#1", "cullface": "south" }
			}
		},
		{
			"from": [ 0.5, 4.5, 16 ],
			"to": [ 7.5, 11.5, 16.5 ],
			"faces": {
				"down": { "uv": [ 7.5, 11, 0.5, 11.5 ], "texture": "#1", "cullface": "south", "rotation": 180 },
				"up": { "uv": [ 7.5, 4.5, 0.5, 5 ], "texture": "#1", "cullface": "south", "rotation": 180 },
				"south": { "uv": [ 0.5, 4.5, 7.5, 11.5 ], "texture": "#1", "cullface": "south" },
				"west": { "uv": [ 0.5, 4.5, 1, 11.5 ], "texture": "#1", "cullface": "south" },
				"east": { "uv": [ 7, 4.5, 7.5, 11.5 ], "texture": "#1", "cullface": "south" }
			}
		},
		{
			"from": [ 8.5, 13, 16 ],
			"to": [ 16, 15.5, 16.5 ],
			"faces": {
				"down": { "uv": [ 16, 2.5, 8.5, 3 ], "texture": "#1", "cullface": "south", "rotation": 180 },
				"up": { "uv": [ 16, 0.5, 8.5, 1 ], "texture": "#1", "cullface": "south", "rotation": 180 },
				"south": { "uv": [ 8.5, 0.5, 16, 3 ], "texture": "#1", "cullface": "south" },
				"west": { "uv": [ 8.5, 0.5, 9, 3 ], "texture": "#1", "cullface": "south" },
				"east": { "uv": [ 15.5, 0.5, 16, 3 ], "texture": "#1", "cullface": "south" }
			}
		},
		{
			"from": [ 0.5, 13, 16 ],
			"to": [ 8, 15.5, 16.5 ],
			"faces": {
				"down": { "uv": [ 8, 2.5, 0.5, 3 ], "texture": "#1", "cullface": "south", "rotation": 180 },
				"up": { "uv": [ 8, 0.5, 0.5, 1 ], "texture": "#1", "cullface": "south", "rotation": 180 },
				"south": { "uv": [ 0.5, 0.5, 8, 3 ], "texture": "#1", "cullface": "south" },
				"west": { "uv": [ 0.5, 0.5, 1, 3 ], "texture": "#1", "cullface": "south" },
				"east": { "uv": [ 7.5, 0.5, 8, 3 ], "texture": "#1", "cullface": "south" }
			}
		},
		{
			"from": [ -0.5, 0.5, 11.5 ],
			"to": [ 0, 2.5, 16 ],
			"faces": {
				"down": { "uv": [ 16, 15, 11.5, 15.5 ], "texture": "#1", "cullface": "west", "rotation": 90 },
				"up": { "uv": [ 16, 13.5, 11.5, 14 ], "texture": "#1", "cullface": "west", "rotation": 270 },
				"north": { "uv": [ 11.5, 13.5, 12, 15.5 ], "texture": "#1", "cullface": "west" },
				"south": { "uv": [ 15.5, 13.5, 16, 15.5 ], "texture": "#1", "cullface": "west" },
				"west": { "uv": [ 11.5, 13.5, 16, 15.5 ], "texture": "#1", "cullface": "west" }
			}
		},
		{
			"from": [ -0.5, 0.5, 4.5 ],
			"to": [ 0, 2.5, 11 ],
			"faces": {
				"down": { "uv": [ 11, 15, 4.5, 15.5 ], "texture": "#1", "cullface": "west", "rotation": 90 },
				"up": { "uv": [ 11, 13.5, 4.5, 14 ], "texture": "#1", "cullface": "west", "rotation": 270 },
				"north": { "uv": [ 4.5, 13.5, 5, 15.5 ], "texture": "#1", "cullface": "west" },
				"south": { "uv": [ 10.5, 13.5, 11, 15.5 ], "texture": "#1", "cullface": "west" },
				"west": { "uv": [ 4.5, 13.5, 11, 15.5 ], "texture": "#1", "cullface": "west" }
			}
		},
		{
			"from": [ -0.5, 0.5, 0 ],
			"to": [ 0, 2.5, 4 ],
			"faces": {
				"down": { "uv": [ 4, 15, 0, 15.5 ], "texture": "#1", "cullface": "west", "rotation": 90 },
				"up": { "uv": [ 4, 13.5, 0, 14 ], "texture": "#1", "cullface": "west", "rotation": 270 },
				"north": { "uv": [ 0, 13.5, 0.5, 15.5 ], "texture": "#1", "cullface": "west" },
				"south": { "uv": [ 3.5, 13.5, 4, 15.5 ], "texture": "#1", "cullface": "west" },
				"west": { "uv": [ 0, 13.5, 4, 15.5 ], "texture": "#1", "cullface": "west" }
			}
		},
		{
			"from": [ -0.5, 4.5, 8.5 ],
			"to": [ 0, 11.5, 15.5 ],
			"faces": {
				"down": { "uv": [ 15.5, 11, 8.5, 11.5 ], "texture": "#1", "cullface": "west", "rotation": 90 },
				"up": { "uv": [ 15.5, 4.5, 8.5, 5 ], "texture": "#1", "cullface": "west", "rotation": 270 },
				"north": { "uv": [ 8.5, 4.5, 9, 11.5 ], "texture": "#1", "cullface": "west" },
				"south": { "uv": [ 15, 4.5, 15.5, 11.5 ], "texture": "#1", "cullface": "west" },
				"west": { "uv": [ 8.5, 4.5, 15.5, 11.5 ], "texture": "#1", "cullface": "west" }
			}
		},
		{
			"from": [ -0.5, 4.5, 0.5 ],
			"to": [ 0, 11.5, 7.5 ],
			"faces": {
				"down": { "uv": [ 7.5, 11, 0.5, 11.5 ], "texture": "#1", "cullface": "west", "rotation": 90 },
				"up": { "uv": [ 7.5, 4.5, 0.5, 5 ], "texture": "#1", "cullface": "west", "rotation": 270 },
				"north": { "uv": [ 0.5, 4.5, 1, 11.5 ], "texture": "#1", "cullface": "west" },
				"south": { "uv": [ 7, 4.5, 7.5, 11.5 ], "texture": "#1", "cullface": "west" },
				"west": { "uv": [ 0.5, 4.5, 7.5, 11.5 ], "texture": "#1", "cullface": "west" }
			}
		},
		{
			"from": [ -0.5, 13, 8.5 ],
			"to": [ 0, 15.5, 16 ],
			"faces": {
				"down": { "uv": [ 16, 2.5, 8.5, 3 ], "texture": "#1", "cullface": "west", "rotation": 90 },
				"up": { "uv": [ 16, 0.5, 8.5, 1 ], "texture": "#1", "cullface": "west", "rotation": 270 },
				"north": { "uv": [ 8.5, 0.5, 9, 3 ], "texture": "#1", "cullface": "west" },
				"south": { "uv": [ 15.5, 0.5, 16, 3 ], "texture": "#1", "cullface": "west" },
				"west": { "uv": [ 8.5, 0.5, 16, 3 ], "texture": "#1", "cullface": "west" }
			}
		},
		{
			"from": [ -0.5, 13, 0.5 ],
			"to": [ 0, 15.5, 8 ],
			"faces": {
				"down": { "uv": [ 8, 2.5, 0.5, 3 ], "texture": "#1", "cullface": "west", "rotation": 90 },
				"up": { "uv": [ 8, 0.5, 0.5, 1 ], "texture": "#1", "cullface": "west", "rotation": 270 },
				"north": { "uv": [ 0.5, 0.5, 1, 3 ], "texture": "#1", "cullface": "west" },
				"south": { "uv": [ 7.5, 0.5, 8, 3 ], "texture": "#1", "cullface": "west" },
				"west": { "uv": [ 0.5, 0.5, 8, 3 ], "texture": "#1", "cullface": "west" }
			}
		}
	],
	"display": {
		"thirdperson_righthand": {
			"rotation":  [ 75, 45, 0 ],
			"translation":  [ 0, 2.5, 0 ],
			"scale":  [ 0.375, 0.375, 0.375 ]
		},
		"thirdperson_lefthand": {
			"rotation":  [ 75, 45, 0 ],
			"translation":  [ 0, 2.5, 0 ],
			"scale":  [ 0.375, 0.375, 0.375 ]
		},
		"firstperson_righthand": {
			"rotation":  [ 0, 45, 0 ],
			"scale":  [ 0.4, 0.4, 0.4 ]
		},
		"firstperson_lefthand": {
			"rotation":  [ 0, 45, 0 ],
			"scale":  [ 0.4, 0.4, 0.4 ]
		},
		"gui": {
			"rotation":  [ 30, 225, 0 ],
			"scale":  [ 0.625, 0.625, 0.625 ]
		},
		"ground": {
			"translation":  [ 0, 3, 0 ],
			"scale":  [ 0.25, 0.25, 0.25 ]
		},
		"fixed": {
			"scale":  [ 0.5, 0.5, 0.5 ]
		}
	}
}