{
	"__comment": "Created by Filal",
	"textures": {
		"particle": "block/crafting_table_front",
		"0": "block/crafting_table_front",
		"1": "block/crafting_table_top",
		"2": "block/crafting_table_bottom"
	},
	"elements": [ 	 
		{
			"__comment": "Element",
			"from": [ 0, 13, 0 ],
			"to": [ 16, 16, 1 ],
			"faces": {
				"down": { "uv": [ 0.01, 2.01, 15.99, 2.99 ], "texture": "#0" },
				"up": { "uv": [ 0.01, 0.01, 15.99, 0.99 ], "texture": "#1" },
				"north": { "uv": [ 0.01, 0.01, 15.99, 2.99 ], "texture": "#0" },
				"south": { "uv": [ 0.01, 0.01, 15.99, 2.99 ], "texture": "#0" },
				"west": { "uv": [ 0.01, 0.01, 0.99, 2.99 ], "texture": "#0" },
				"east": { "uv": [ 15.01, 0.01, 15.99, 2.99 ], "texture": "#0" }
			}
		},
		{
			"__comment": "Element",
			"from": [ 0, 13, 15 ],
			"to": [ 16, 16, 16 ],
			"faces": {
				"down": { "uv": [ 0.01, 2.01, 15.99, 2.99 ], "texture": "#0" },
				"up": { "uv": [ 0.01, 15.01, 15.99, 15.99 ], "texture": "#1" },
				"north": { "uv": [ 0.01, 0.01, 15.99, 2.99 ], "texture": "#0" },
				"south": { "uv": [ 0.01, 0.01, 15.99, 2.99 ], "texture": "#0" },
				"west": { "uv": [ 15.01, 0.01, 15.99, 2.99 ], "texture": "#0" },
				"east": { "uv": [ 0.01, 0.01, 0.99, 2.99 ], "texture": "#0" }
			}
		},
		{
			"__comment": "Element",
			"from": [ 0, 13, 1 ],
			"to": [ 1, 16, 15 ],
			"faces": {
				"down": { "uv": [ 1.01, 2.01, 14.99, 2.99 ], "texture": "#0", "rotation": 90 },
				"up": { "uv": [ 0.01, 1.01, 0.99, 14.99 ], "texture": "#1" },
				"west": { "uv": [ 1.01, 0.01, 14.99, 2.99 ], "texture": "#0" },
				"east": { "uv": [ 1.01, 0.01, 14.99, 2.99 ], "texture": "#0" }
			}
		},
		{
			"__comment": "Element",
			"from": [ 15, 13, 1 ],
			"to": [ 16, 16, 15 ],
			"faces": {
				"down": { "uv": [ 1.01, 2.01, 14.99, 2.99 ], "texture": "#0", "rotation": 90 },
				"up": { "uv": [ 15.01, 1.01, 15.99, 14.99 ], "texture": "#1" },
				"west": { "uv": [ 1.01, 0.01, 14.99, 2.99 ], "texture": "#0" },
				"east": { "uv": [ 1.01, 0.01, 14.99, 2.99 ], "texture": "#0" }
			}
		},
		{
			"__comment": "Element",
			"from": [ 1, 14.5, 1 ],
			"to": [ 15, 15, 15 ],
			"faces": {
				"up": { "uv": [ 1.01, 1.01, 14.99, 14.99 ], "texture": "#1" }
			}
		},
		{
			"__comment": "Element",
			"from": [ 1.5, 15, 1.5 ],
			"to": [ 5.5, 15.5, 5.5 ],
			"faces": {
				"up": { "uv": [ 1.51, 1.51, 5.49, 5.49 ], "texture": "#1" },
				"north": { "uv": [ 1.51, 5.01, 5.49, 5.49 ], "texture": "#1" },
				"south": { "uv": [ 1.51, 3.01, 5.49, 3.49 ], "texture": "#1" },
				"west": { "uv": [ 1.51, 3.01, 5.49, 3.49 ], "texture": "#1" },
				"east": { "uv": [ 1.51, 3.01, 5.49, 3.49 ], "texture": "#1" }
			}
		},
		{
			"__comment": "Element",
			"from": [ 6, 15, 1.5 ],
			"to": [ 10, 15.5, 5.5 ],
			"faces": {
				"up": { "uv": [ 6.01, 1.51, 9.99, 5.49 ], "texture": "#1" },
				"north": { "uv": [ 6.01, 3.01, 9.99, 3.49 ], "texture": "#1" },
				"south": { "uv": [ 6.01, 4.01, 9.99, 4.49 ], "texture": "#1" },
				"west": { "uv": [ 6.01, 3.01, 9.99, 3.49 ], "texture": "#1" },
				"east": { "uv": [ 6.01, 4.01, 9.99, 4.49 ], "texture": "#1" }
			}
		},
		{
			"__comment": "Element",
			"from": [ 10.5, 15, 1.5 ],
			"to": [ 14.5, 15.5, 5.5 ],
			"faces": {
				"up": { "uv": [ 10.51, 1.51, 14.49, 5.49 ], "texture": "#1" },
				"north": { "uv": [ 10.51, 2.01, 14.49, 2.49 ], "texture": "#1" },
				"south": { "uv": [ 10.51, 4.01, 14.49, 4.49 ], "texture": "#1" },
				"west": { "uv": [ 10.51, 5.01, 14.49, 5.49 ], "texture": "#1" },
				"east": { "uv": [ 10.51, 2.01, 14.49, 2.49 ], "texture": "#1" }
			}
		},
		{
			"__comment": "Element",
			"from": [ 1.5, 15, 6 ],
			"to": [ 5.5, 15.5, 10 ],
			"faces": {
				"up": { "uv": [ 1.51, 6.01, 5.49, 9.99 ], "texture": "#1" },
				"north": { "uv": [ 1.51, 7.01, 5.49, 7.49 ], "texture": "#1" },
				"south": { "uv": [ 1.51, 7.01, 5.49, 7.49 ], "texture": "#1" },
				"west": { "uv": [ 1.51, 6.01, 1.99, 9.99 ], "texture": "#1" },
				"east": { "uv": [ 1.51, 8.01, 5.49, 8.49 ], "texture": "#1" }
			}
		},
		{
			"__comment": "Element",
			"from": [ 6, 15, 6 ],
			"to": [ 10, 15.5, 10 ],
			"faces": {
				"up": { "uv": [ 6.01, 6.01, 9.99, 9.99 ], "texture": "#1" },
				"north": { "uv": [ 6.01, 7.01, 9.99, 7.49 ], "texture": "#1" },
				"south": { "uv": [ 6.01, 2.51, 9.99, 2.99 ], "texture": "#1" },
				"west": { "uv": [ 6.01, 9.01, 9.99, 9.49 ], "texture": "#1" },
				"east": { "uv": [ 6.01, 8.01, 9.99, 8.49 ], "texture": "#1" }
			}
		},
		{
			"__comment": "Element",
			"from": [ 10.5, 15, 6 ],
			"to": [ 14.5, 15.5, 10 ],
			"faces": {
				"up": { "uv": [ 10.51, 1.51, 14.49, 5.49 ], "texture": "#1" },
				"north": { "uv": [ 10.51, 8.01, 14.49, 8.49 ], "texture": "#1" },
				"south": { "uv": [ 10.51, 4.01, 14.49, 4.49 ], "texture": "#1" },
				"west": { "uv": [ 10.51, 4.51, 14.49, 4.99 ], "texture": "#1" },
				"east": { "uv": [ 10.51, 1.51, 14.49, 2.07 ], "texture": "#1" }
			}
		},
		{
			"__comment": "Element",
			"from": [ 1.5, 15, 10.5 ],
			"to": [ 5.5, 15.5, 14.5 ],
			"faces": {
				"up": { "uv": [ 1.51, 10.51, 5.49, 14.49 ], "texture": "#1" },
				"north": { "uv": [ 1.51, 11.01, 5.49, 11.49 ], "texture": "#1" },
				"south": { "uv": [ 1.51, 3.01, 5.49, 3.49 ], "texture": "#1" },
				"west": { "uv": [ 1.51, 1.51, 5.49, 1.99 ], "texture": "#1" },
				"east": { "uv": [ 1.51, 4.01, 5.49, 4.49 ], "texture": "#1" }
			}
		},
		{
			"__comment": "Element",
			"from": [ 6, 15, 10.5 ],
			"to": [ 10, 15.5, 14.5 ],
			"faces": {
				"up": { "uv": [ 6.01, 10.51, 9.99, 14.49 ], "texture": "#1" },
				"north": { "uv": [ 6.01, 12.01, 9.99, 12.49 ], "texture": "#1" },
				"south": { "uv": [ 6.01, 12.01, 9.99, 12.49 ], "texture": "#1" },
				"west": { "uv": [ 6.01, 11.01, 9.99, 11.49 ], "texture": "#1" },
				"east": { "uv": [ 6.01, 11.51, 9.99, 11.99 ], "texture": "#1" }
			}
		},
		{
			"__comment": "Element",
			"from": [ 10.5, 15, 10.5 ],
			"to": [ 14.5, 15.5, 14.5 ],
			"faces": {
				"up": { "uv": [ 10.51, 10.51, 14.49, 14.49 ], "texture": "#1" },
				"north": { "uv": [ 10.51, 12.01, 14.49, 12.49 ], "texture": "#1" },
				"south": { "uv": [ 10.51, 13.51, 14.49, 13.99 ], "texture": "#1" },
				"west": { "uv": [ 10.51, 12.01, 14.49, 12.49 ], "texture": "#1" },
				"east": { "uv": [ 10.51, 13.01, 14.49, 13.49 ], "texture": "#1" }
			}
		},
		{
			"__comment": "Element",
			"from": [ 0, 0, 0 ],
			"to": [ 2.5, 13, 2.5 ],
			"faces": {
				"down": { "uv": [ 0.01, 13.51, 2.49, 15.99 ], "texture": "#2" },
				"up": { "uv": [ 1.01, 3.51, 1.49, 3.99 ], "texture": "#0" },
				"north": { "uv": [ 13.51, 3.01, 15.99, 15.99 ], "texture": "#0" },
				"south": { "uv": [ 13.51, 3.01, 15.99, 15.99 ], "texture": "#0" },
				"west": { "uv": [ 0.01, 3.01, 2.49, 15.99 ], "texture": "#0" },
				"east": { "uv": [ 1.51, 3.01, 2.49, 15.99 ], "texture": "#0" }
			}
		},
		{
			"__comment": "Element",
			"from": [ 13.5, 0, 0 ],
			"to": [ 16, 13, 2.5 ],
			"faces": {
				"down": { "uv": [ 13.51, 13.51, 15.99, 15.99 ], "texture": "#2" },
				"up": { "uv": [ 0.51, 3.51, 0.99, 3.99 ], "texture": "#0" },
				"north": { "uv": [ 0.01, 3.01, 2.49, 15.99 ], "texture": "#0" },
				"south": { "uv": [ 0.01, 3.01, 2.49, 15.99 ], "texture": "#0" },
				"west": { "uv": [ 13.51, 3.01, 15.99, 15.99 ], "texture": "#0" },
				"east": { "uv": [ 13.51, 3.01, 15.99, 15.99 ], "texture": "#0" }
			}
		},
		{
			"__comment": "Element",
			"from": [ 13.5, 0, 13.5 ],
			"to": [ 16, 13, 16 ],
			"faces": {
				"down": { "uv": [ 13.51, 0.01, 15.99, 2.49 ], "texture": "#2" },
				"up": { "uv": [ 0.51, 3.51, 0.99, 3.99 ], "texture": "#0" },
				"north": { "uv": [ 13.51, 3.01, 15.99, 15.99 ], "texture": "#0" },
				"south": { "uv": [ 13.51, 3.01, 15.99, 15.99 ], "texture": "#0" },
				"west": { "uv": [ 0.01, 3.01, 2.49, 15.99 ], "texture": "#0" },
				"east": { "uv": [ 0.01, 3.01, 2.49, 15.99 ], "texture": "#0" }
			}
		},
		{
			"__comment": "Element",
			"from": [ 0, 0, 13.5 ],
			"to": [ 2.5, 13, 16 ],
			"faces": {
				"down": { "uv": [ 0.01, 0.01, 2.49, 2.49 ], "texture": "#2" },
				"up": { "uv": [ 0.51, 3.51, 0.99, 3.99 ], "texture": "#0" },
				"north": { "uv": [ 0.01, 3.01, 2.49, 15.99 ], "texture": "#0" },
				"south": { "uv": [ 0.01, 3.01, 2.49, 15.99 ], "texture": "#0" },
				"west": { "uv": [ 13.51, 3.01, 15.99, 15.99 ], "texture": "#0" },
				"east": { "uv": [ 13.51, 3.01, 15.99, 15.99 ], "texture": "#0" }
			}
		},
		{
			"__comment": "Element",
			"from": [ 0, 0, 3 ],
			"to": [ 16, 0.5, 13 ],
			"faces": {
				"down": { "uv": [ 0.01, 3.01, 15.99, 12.99 ], "texture": "#2" },
				"up": { "uv": [ 0.01, 3.01, 15.99, 12.99 ], "texture": "#2" },
				"west": { "uv": [ 3.01, 15.51, 12.99, 15.99 ], "texture": "#0" },
				"east": { "uv": [ 3.01, 15.51, 12.99, 15.99 ], "texture": "#0" }
			}
		},
		{
			"__comment": "Element",
			"from": [ 3, 0, 0 ],
			"to": [ 13, 0.5, 16 ],
			"faces": {
				"down": { "uv": [ 3.01, 0.01, 12.99, 15.99 ], "texture": "#2" },
				"up": { "uv": [ 3.01, 0.01, 12.99, 15.99 ], "texture": "#2" },
				"north": { "uv": [ 3.01, 15.51, 12.99, 15.99 ], "texture": "#0" },
				"south": { "uv": [ 3.01, 15.51, 12.99, 15.99 ], "texture": "#0" }
			}
		},
		{
			"__comment": "Element",
			"from": [ 0, 0, 0 ],
			"to": [ 3, 2, 3 ],
			"faces": {
				"down": { "uv": [ 0.01, 13.01, 2.99, 15.99 ], "texture": "#2" },
				"up": { "uv": [ 0.01, 0.01, 2.99, 2.99 ], "texture": "#0" },
				"north": { "uv": [ 13.01, 14.01, 15.99, 15.99 ], "texture": "#0" },
				"south": { "uv": [ 13.01, 14.01, 15.99, 15.99 ], "texture": "#0" },
				"west": { "uv": [ 0.01, 14.01, 2.99, 15.99 ], "texture": "#0" },
				"east": { "uv": [ 0.01, 14.01, 2.99, 15.99 ], "texture": "#0" }
			}
		},
		{
			"__comment": "Element",
			"from": [ 13, 0, 0 ],
			"to": [ 16, 2, 3 ],
			"faces": {
				"down": { "uv": [ 13.01, 13.01, 15.99, 15.99 ], "texture": "#2" },
				"up": { "uv": [ 0.01, 0.01, 2.99, 2.99 ], "texture": "#0" },
				"north": { "uv": [ 0.01, 14.01, 2.99, 15.99 ], "texture": "#0" },
				"south": { "uv": [ 0.01, 14.01, 2.99, 15.99 ], "texture": "#0" },
				"west": { "uv": [ 13.01, 14.01, 15.99, 15.99 ], "texture": "#0" },
				"east": { "uv": [ 13.01, 14.01, 15.99, 15.99 ], "texture": "#0" }
			}
		},
		{
			"__comment": "Element",
			"from": [ 13, 0, 13 ],
			"to": [ 16, 2, 16 ],
			"faces": {
				"down": { "uv": [ 13.01, 0.01, 15.99, 2.99 ], "texture": "#2" },
				"up": { "uv": [ 0.01, 0.01, 2.99, 2.99 ], "texture": "#0", "rotation": 180 },
				"north": { "uv": [ 13.01, 14.01, 15.99, 15.99 ], "texture": "#0" },
				"south": { "uv": [ 13.01, 14.01, 15.99, 15.99 ], "texture": "#0" },
				"west": { "uv": [ 0.01, 14.01, 2.99, 15.99 ], "texture": "#0" },
				"east": { "uv": [ 0.01, 14.01, 2.99, 15.99 ], "texture": "#0" }
			}
		},
		{
			"__comment": "Element",
			"from": [ 0, 0, 13 ],
			"to": [ 3, 2, 16 ],
			"faces": {
				"down": { "uv": [ 0.01, 0.01, 2.99, 2.99 ], "texture": "#2" },
				"up": { "uv": [ 0.01, 0.01, 2.99, 2.99 ], "texture": "#0" },
				"north": { "uv": [ 0.01, 14.01, 2.99, 15.99 ], "texture": "#0" },
				"south": { "uv": [ 0.01, 14.01, 2.99, 15.99 ], "texture": "#0" },
				"west": { "uv": [ 13.01, 14.01, 15.99, 15.99 ], "texture": "#0" },
				"east": { "uv": [ 13.01, 14.01, 15.99, 15.99 ], "texture": "#0" }
			}
		},
		{
			"__comment": "Element",
			"from": [ 1, 0.5, 1 ],
			"to": [ 15, 13.5, 15 ],
			"faces": {
				"north": { "uv": [ 1.01, 2.51, 14.99, 15.49 ], "texture": "#0" },
				"south": { "uv": [ 1.01, 2.51, 14.99, 15.49 ], "texture": "#0" },
				"west": { "uv": [ 1.01, 2.51, 14.99, 15.49 ], "texture": "#0" },
				"east": { "uv": [ 1.01, 2.51, 14.99, 15.49 ], "texture": "#0" }
			}
		},
		{
			"__comment": "Element",
			"from": [ 4, 0.5, 0.5 ],
			"to": [ 12, 2, 15.5 ],
			"faces": {
				"up": { "uv": [ 4.01, 14.11, 11.99, 14.99 ], "texture": "#0" },
				"north": { "uv": [ 4.01, 14.01, 11.99, 15.49 ], "texture": "#0" },
				"south": { "uv": [ 4.01, 14.01, 11.99, 15.49 ], "texture": "#0" },
				"west": { "uv": [ 5.01, 14.01, 8.99, 15.49 ], "texture": "#0" },
				"east": { "uv": [ 5.01, 14.01, 8.99, 15.49 ], "texture": "#0" }
			}
		},
		{
			"__comment": "Element",
			"from": [ 0.5, 0.5, 4 ],
			"to": [ 15.5, 2, 12 ],
			"faces": {
				"up": { "uv": [ 4.01, 14.01, 11.99, 15.49 ], "texture": "#0", "rotation": 90 },
				"north": { "uv": [ 5.01, 14.01, 9.99, 15.49 ], "texture": "#0" },
				"south": { "uv": [ 5.01, 14.01, 9.99, 15.49 ], "texture": "#0" },
				"west": { "uv": [ 4.01, 14.01, 11.99, 15.49 ], "texture": "#0" },
				"east": { "uv": [ 4.01, 14.01, 11.99, 15.49 ], "texture": "#0" }
			}
		},
		{
			"__comment": "Element",
			"from": [ 0.5, 3, 3.5 ],
			"to": [ 15.5, 5, 12.5 ],
			"faces": {
				"down": { "uv": [ 3.51, 12.61, 12.49, 12.99 ], "texture": "#0", "rotation": 90 },
				"up": { "uv": [ 3.51, 11.11, 12.49, 11.49 ], "texture": "#0", "rotation": 90 },
				"north": { "uv": [ 12.01, 11.01, 12.49, 12.99 ], "texture": "#0" },
				"south": { "uv": [ 3.51, 11.01, 3.99, 12.99 ], "texture": "#0" },
				"west": { "uv": [ 3.51, 11.01, 12.49, 12.99 ], "texture": "#0" },
				"east": { "uv": [ 3.51, 11.01, 12.49, 12.99 ], "texture": "#0" }
			}
		},
		{
			"__comment": "Element",
			"from": [ 0.5, 5, 3.5 ],
			"to": [ 15.5, 12, 4 ],
			"faces": {
				"up": { "uv": [ 12.01, 4.01, 12.49, 4.49 ], "texture": "#0" },
				"north": { "uv": [ 12.11, 4.01, 12.49, 10.99 ], "texture": "#0" },
				"south": { "uv": [ 12.11, 4.01, 12.49, 10.99 ], "texture": "#0" },
				"west": { "uv": [ 12.01, 4.01, 12.49, 10.99 ], "texture": "#0" },
				"east": { "uv": [ 12.01, 4.01, 12.49, 10.99 ], "texture": "#0" }
			}
		},
		{
			"__comment": "Element",
			"from": [ 0.5, 5, 12 ],
			"to": [ 15.5, 12, 12.5 ],
			"faces": {
				"up": { "uv": [ 3.51, 4.01, 3.99, 4.49 ], "texture": "#0" },
				"north": { "uv": [ 3.51, 4.01, 3.89, 10.99 ], "texture": "#0" },
				"south": { "uv": [ 3.51, 4.01, 3.89, 10.99 ], "texture": "#0" },
				"west": { "uv": [ 3.51, 4.01, 3.99, 10.99 ], "texture": "#0" },
				"east": { "uv": [ 3.51, 4.01, 3.99, 10.99 ], "texture": "#0" }
			}
		},
		{
			"__comment": "Element",
			"from": [ 0.5, 11.5, 4 ],
			"to": [ 15.5, 12, 12 ],
			"faces": {
				"down": { "uv": [ 4.01, 4.01, 11.99, 4.39 ], "texture": "#0", "rotation": 90 },
				"up": { "uv": [ 4.01, 4.01, 12.49, 4.39 ], "texture": "#0", "rotation": 90 },
				"west": { "uv": [ 4.01, 4.01, 11.99, 4.49 ], "texture": "#0" },
				"east": { "uv": [ 4.01, 4.01, 11.99, 4.49 ], "texture": "#0" }
			}
		},
		{
			"__comment": "Element",
			"from": [ 3.5, 3, 0.5 ],
			"to": [ 12.5, 5, 15.5 ],
			"faces": {
				"down": { "uv": [ 3.51, 12.61, 12.49, 12.99 ], "texture": "#0" },
				"up": { "uv": [ 3.51, 11.11, 12.49, 11.49 ], "texture": "#0" },
				"north": { "uv": [ 3.51, 11.01, 12.49, 12.99 ], "texture": "#0" },
				"south": { "uv": [ 3.51, 11.01, 12.49, 12.99 ], "texture": "#0" },
				"west": { "uv": [ 3.51, 11.01, 3.99, 12.99 ], "texture": "#0" },
				"east": { "uv": [ 3.51, 11.01, 3.99, 12.99 ], "texture": "#0" }
			}
		},
		{
			"__comment": "Element",
			"from": [ 3.5, 5, 0.5 ],
			"to": [ 4, 12, 15.5 ],
			"faces": {
				"up": { "uv": [ 3.51, 4.01, 3.99, 4.49 ], "texture": "#0" },
				"north": { "uv": [ 3.51, 4.01, 3.99, 10.99 ], "texture": "#0" },
				"south": { "uv": [ 3.51, 4.01, 3.99, 10.99 ], "texture": "#0" },
				"west": { "uv": [ 3.51, 4.01, 3.89, 10.99 ], "texture": "#0" },
				"east": { "uv": [ 3.51, 4.01, 3.89, 10.99 ], "texture": "#0" }
			}
		},
		{
			"__comment": "Element",
			"from": [ 12, 5, 0.5 ],
			"to": [ 12.5, 12, 15.5 ],
			"faces": {
				"up": { "uv": [ 3.51, 4.01, 3.99, 4.49 ], "texture": "#0" },
				"north": { "uv": [ 12.01, 4.01, 12.49, 10.99 ], "texture": "#0" },
				"south": { "uv": [ 12.01, 4.01, 12.49, 10.99 ], "texture": "#0" },
				"west": { "uv": [ 12.11, 4.01, 12.49, 10.99 ], "texture": "#0" },
				"east": { "uv": [ 12.11, 4.01, 12.49, 10.99 ], "texture": "#0" }
			}
		},
		{
			"__comment": "Element",
			"from": [ 4, 11.5, 0.5 ],
			"to": [ 12, 12, 15.5 ],
			"faces": {
				"down": { "uv": [ 4.01, 4.01, 11.99, 4.39 ], "texture": "#0" },
				"up": { "uv": [ 4.01, 4.01, 11.99, 4.39 ], "texture": "#0" },
				"north": { "uv": [ 4.01, 4.01, 11.99, 4.49 ], "texture": "#0" },
				"south": { "uv": [ 4.01, 4.01, 11.99, 4.49 ], "texture": "#0" }
			}
		}
	],
	"display": {
		"thirdperson_righthand": {
			"rotation":  [ 75, 45, 0 ],
			"translation":  [ 0, 2.5, 0 ],
			"scale":  [ 0.375, 0.375, 0.375 ]
		},
		"thirdperson_lefthand": {
			"rotation":  [ 75, 45, 0 ],
			"translation":  [ 0, 2.5, 0 ],
			"scale":  [ 0.375, 0.375, 0.375 ]
		},
		"firstperson_righthand": {
			"rotation":  [ 0, 45, 0 ],
			"scale":  [ 0.4, 0.4, 0.4 ]
		},
		"firstperson_lefthand": {
			"rotation":  [ 0, 45, 0 ],
			"scale":  [ 0.4, 0.4, 0.4 ]
		},
		"gui": {
			"rotation":  [ 30, 225, 0 ],
			"scale":  [ 0.625, 0.625, 0.625 ]
		},
		"ground": {
			"translation":  [ 0, 3, 0 ],
			"scale":  [ 0.25, 0.25, 0.25 ]
		},
		"fixed": {
			"scale":  [ 0.5, 0.5, 0.5 ]
		}
	}
}