{
    "__comment": "Created by Filal",
    "textures": {
        "particle": "block/custom_powered_rail_particle",
        "powered_rail": "block/custom_powered_rail_on",
        "rail": "block/custom_rail_rails",
        "plank": "block/rail_sleeper"
    },
    "elements": [ 
        {
            "__comment": "rail_west_bottom",
            "from": [ 2, 1, 0 ],
            "to": [ 4.5, 2, 16 ],
            "faces": {
                "down": { "uv": [ 2, 0, 4.5, 16 ], "texture": "#rail" },
                "up": { "uv": [ 2, 0, 4.5, 16 ], "texture": "#rail" },
                "north": { "uv": [ 2, 13, 4.5, 14 ], "texture": "#rail", "rotation": 180 },
                "south": { "uv": [ 2, 13, 4.5, 14 ], "texture": "#rail" },
                "west": { "uv": [ 2, 0, 3, 16 ], "texture": "#rail", "rotation": 90 },
                "east": { "uv": [ 3.5, 0, 4.5, 16 ], "texture": "#rail", "rotation": 270 }
            }
        },
        {
            "__comment": "rail_west_top",
            "from": [ 2.5, 2, 0 ],
            "to": [ 3.5, 2.5, 16 ],
            "faces": {
                "down": { "uv": [ 2.5, 0, 3.5, 16 ], "texture": "#rail" },
                "up": { "uv": [ 2.5, 0, 3.5, 16 ], "texture": "#rail" },
                "north": { "uv": [ 2.5, 13, 3.5, 13.5 ], "texture": "#rail", "rotation": 180 },
                "south": { "uv": [ 12, 8.5, 13, 9 ], "texture": "#rail" },
                "west": { "uv": [ 13.5, 0, 13, 16 ], "texture": "#rail", "rotation": 90 },
                "east": { "uv": [ 12.5, 0, 13, 16 ], "texture": "#rail", "rotation": 270 }
            }
        },
        {
            "__comment": "rail_east_bottom",
            "from": [ 11.5, 1, 0 ],
            "to": [ 14, 2, 16 ],
            "faces": {
                "down": { "uv": [ 2, 0, 4.5, 16 ], "texture": "#rail", "rotation": 180 },
                "up": { "uv": [ 2, 0, 4.5, 16 ], "texture": "#rail", "rotation": 180 },
                "north": { "uv": [ 2, 13, 4.5, 14 ], "texture": "#rail" },
                "south": { "uv": [ 2, 13, 4.5, 14 ], "texture": "#rail" },
                "west": { "uv": [ 2, 0, 3, 16 ], "texture": "#rail", "rotation": 90 },
                "east": { "uv": [ 3.5, 0, 4.5, 16 ], "texture": "#rail", "rotation": 270 }
            }
        },
        {
            "__comment": "rail_east_top",
            "from": [ 12.5, 2, 0 ],
            "to": [ 13.5, 2.5, 16 ],
            "faces": {
                "down": { "uv": [ 2.5, 0, 3.5, 16 ], "texture": "#rail", "rotation": 180 },
                "up": { "uv": [ 2.5, 0, 3.5, 16 ], "texture": "#rail", "rotation": 180 },
                "north": { "uv": [ 2.5, 13, 3.5, 13.5 ], "texture": "#rail" },
                "south": { "uv": [ 12.5, 10, 13.5, 10.5 ], "texture": "#rail" },
                "west": { "uv": [ 13, 0, 12.5, 16 ], "texture": "#rail", "rotation": 90 },
                "east": { "uv": [ 12, 0, 12.5, 16 ], "texture": "#rail", "rotation": 270 }
            }
        },
        {
            "__comment": "plank_1_thin",
            "from": [ 0.5, 0, 1 ],
            "to": [ 15.5, 1, 2.5 ],
            "faces": {
                "down": { "uv": [ 0.5, 6.5, 15.5, 8 ], "texture": "#plank", "rotation": 180 },
                "up": { "uv": [ 0.5, 6.5, 15.5, 8 ], "texture": "#plank" },
                "north": { "uv": [ 1, 10.5, 15, 11.5 ], "texture": "#plank", "rotation": 180 },
                "south": { "uv": [ 15, 14, 1, 13 ], "texture": "#plank", "rotation": 180 },
                "west": { "uv": [ 14.5, 6.5, 15.5, 8 ], "texture": "#plank", "rotation": 270 },
                "east": { "uv": [ 0.5, 9, 1.5, 10.5 ], "texture": "#plank", "rotation": 90 }
            }
        },
        {
            "__comment": "plank_1_thick",
            "from": [ 1, 0, 0.5 ],
            "to": [ 15, 1, 3 ],
            "faces": {
                "down": { "uv": [ 1, 6, 15, 8.5 ], "texture": "#plank", "rotation": 180 },
                "up": { "uv": [ 1, 6, 15, 8.5 ], "texture": "#plank" },
                "north": { "uv": [ 15, 9, 1, 8 ], "texture": "#plank" },
                "south": { "uv": [ 1, 10.5, 15, 11.5 ], "texture": "#plank" },
                "west": { "uv": [ 11.5, 9, 10.5, 11.5 ], "texture": "#plank", "rotation": 270 },
                "east": { "uv": [ 5.5, 8.5, 4.5, 11 ], "texture": "#plank", "rotation": 90 }
            }
        },
        {
            "__comment": "plank_2_thin",
            "from": [ 0.5, 0, 5 ],
            "to": [ 15.5, 1, 6.5 ],
            "faces": {
                "down": { "uv": [ 0.5, 9, 15.5, 10.5 ], "texture": "#plank", "rotation": 180 },
                "up": { "uv": [ 0.5, 9, 15.5, 10.5 ], "texture": "#plank" },
                "north": { "uv": [ 1, 13, 15, 14 ], "texture": "#plank", "rotation": 180 },
                "south": { "uv": [ 15, 14, 1, 13 ], "texture": "#plank", "rotation": 180 },
                "west": { "uv": [ 14.5, 9, 15.5, 10.5 ], "texture": "#plank", "rotation": 270 },
                "east": { "uv": [ 1.5, 9, 0.5, 10.5 ], "texture": "#plank", "rotation": 90 }
            }
        },
        {
            "__comment": "plank_2_thick",
            "from": [ 1, 0, 4.5 ],
            "to": [ 15, 1, 7 ],
            "faces": {
                "down": { "uv": [ 1, 8.5, 15, 11 ], "texture": "#plank", "rotation": 180 },
                "up": { "uv": [ 1, 8.5, 15, 11 ], "texture": "#plank" },
                "north": { "uv": [ 15, 9, 1, 8 ], "texture": "#plank" },
                "south": { "uv": [ 1, 10.5, 15, 11.5 ], "texture": "#plank" },
                "west": { "uv": [ 15, 11, 14, 8.5 ], "texture": "#plank", "rotation": 90 },
                "east": { "uv": [ 1, 8.5, 2, 11 ], "texture": "#plank", "rotation": 90 }
            }
        },
        {
            "__comment": "plank_3_thin",
            "from": [ 0.5, 0, 9 ],
            "to": [ 15.5, 1, 10.5 ],
            "faces": {
                "down": { "uv": [ 0.5, 11.5, 15.5, 13 ], "texture": "#plank", "rotation": 180 },
                "up": { "uv": [ 0.5, 11.5, 15.5, 13 ], "texture": "#plank" },
                "north": { "uv": [ 1, 13, 15, 14 ], "texture": "#plank", "rotation": 180 },
                "south": { "uv": [ 15, 14, 1, 13 ], "texture": "#plank", "rotation": 180 },
                "west": { "uv": [ 14.5, 9, 15.5, 10.5 ], "texture": "#plank", "rotation": 270 },
                "east": { "uv": [ 0.5, 9, 1.5, 10.5 ], "texture": "#plank", "rotation": 90 }
            }
        },
        {
            "__comment": "plank_3_thick",
            "from": [ 1, 0, 8.5 ],
            "to": [ 15, 1, 11 ],
            "faces": {
                "down": { "uv": [ 1, 11, 15, 13.5 ], "texture": "#plank", "rotation": 180 },
                "up": { "uv": [ 1, 11, 15, 13.5 ], "texture": "#plank" },
                "north": { "uv": [ 15, 9, 1, 8 ], "texture": "#plank" },
                "south": { "uv": [ 1, 10.5, 15, 11.5 ], "texture": "#plank" },
                "west": { "uv": [ 15, 11, 14, 8.5 ], "texture": "#plank", "rotation": 90 },
                "east": { "uv": [ 4, 8.5, 5, 11 ], "texture": "#plank", "rotation": 90 }
            }
        },
        {
            "__comment": "plank_4_thin",
            "from": [ 0.5, 0, 13 ],
            "to": [ 15.5, 1, 14.5 ],
            "faces": {
                "down": { "uv": [ 0.5, 14, 15.5, 15.5 ], "texture": "#plank", "rotation": 180 },
                "up": { "uv": [ 0.5, 14, 15.5, 15.5 ], "texture": "#plank" },
                "north": { "uv": [ 1, 13.5, 15, 12.5 ], "texture": "#plank", "rotation": 180 },
                "south": { "uv": [ 15, 15, 1, 16 ], "texture": "#plank", "rotation": 180 },
                "west": { "uv": [ 14.5, 9, 15.5, 10.5 ], "texture": "#plank", "rotation": 270 },
                "east": { "uv": [ 0.5, 9, 1.5, 10.5 ], "texture": "#plank", "rotation": 90 }
            }
        },
        {
            "__comment": "plank_4_thick",
            "from": [ 1, 0, 12.5 ],
            "to": [ 15, 1, 15 ],
            "faces": {
                "down": { "uv": [ 1, 13.5, 15, 16 ], "texture": "#plank", "rotation": 180 },
                "up": { "uv": [ 1, 13.5, 15, 16 ], "texture": "#plank" },
                "north": { "uv": [ 15, 9, 1, 8 ], "texture": "#plank" },
                "south": { "uv": [ 1, 10.5, 15, 11.5 ], "texture": "#plank" },
                "west": { "uv": [ 14.5, 11, 13.5, 8.5 ], "texture": "#plank", "rotation": 90 },
                "east": { "uv": [ 1, 8.5, 2, 11 ], "texture": "#plank", "rotation": 90 }
            }
        },
        {
            "from": [ 7, 1.002, 5.5 ],
            "to": [ 9, 1.504, 10 ],
            "faces": {
                "down": { "uv": [ 7, 5.5, 9, 10 ], "texture": "#powered_rail", "rotation": 180 },
                "up": { "uv": [ 7, 5.5, 9, 10 ], "texture": "#powered_rail", "rotation": 180 },
                "north": { "uv": [ 7, 9.5, 9, 10 ], "texture": "#powered_rail" },
                "south": { "uv": [ 7, 5.5, 9, 6 ], "texture": "#powered_rail", "rotation": 180 },
                "west": { "uv": [ 8.5, 5.5, 9, 10 ], "texture": "#powered_rail", "rotation": 90 },
                "east": { "uv": [ 7, 5.5, 7.5, 10 ], "texture": "#powered_rail", "rotation": 90 }
            }
        },
        {
            "from": [ 5, 1.002, 6.5 ],
            "to": [ 11, 1.504, 9 ],
            "faces": {
                "down": { "uv": [ 5, 6.5, 11, 9 ], "texture": "#powered_rail", "rotation": 180 },
                "up": { "uv": [ 5, 6.5, 11, 9 ], "texture": "#powered_rail", "rotation": 180 },
                "north": { "uv": [ 5, 8.5, 11, 9 ], "texture": "#powered_rail" },
                "south": { "uv": [ 5, 6.5, 11, 7 ], "texture": "#powered_rail", "rotation": 180 }
            }
        },
        {
            "from": [ 2.5, 1.002, 5.5 ],
            "to": [ 4, 2.004, 10 ],
            "faces": {
                "down": { "uv": [ 12.5, 5.5, 14, 10 ], "texture": "#powered_rail", "rotation": 180 },
                "up": { "uv": [ 12.5, 5.5, 14, 10 ], "texture": "#powered_rail", "rotation": 180 },
                "north": { "uv": [ 12.5, 10, 14, 9 ], "texture": "#powered_rail" },
                "south": { "uv": [ 12.5, 6.5, 14, 5.5 ], "texture": "#powered_rail", "rotation": 180 }
            }
        },
        {
            "from": [ 13.5, 1.002, -0.002 ],
            "to": [ 14.5, 2.004, 16.002 ],
            "faces": {
                "down": { "uv": [ 1, 0, 2, 16 ], "texture": "#powered_rail", "rotation": 180 },
                "up": { "uv": [ 1, 0, 0, 16 ], "texture": "#powered_rail" },
                "north": { "uv": [ 15, 15, 14, 16 ], "texture": "#powered_rail" },
                "south": { "uv": [ 1, 0, 2, 1 ], "texture": "#powered_rail" },
                "east": { "uv": [ 1, 0, 0, 16 ], "texture": "#powered_rail", "rotation": 270 }
            }
        },
        {
            "from": [ 11, 1.002, -0.001 ],
            "to": [ 12, 2.004, 16.001 ],
            "faces": {
                "down": { "uv": [ 3.5, 0, 4.5, 16 ], "texture": "#powered_rail" },
                "up": { "uv": [ 3.5, 16, 4.5, 0 ], "texture": "#powered_rail" },
                "north": { "uv": [ 4.5, 15, 3.5, 16 ], "texture": "#powered_rail", "rotation": 180 },
                "south": { "uv": [ 3.5, 0, 4.5, 1 ], "texture": "#powered_rail" },
                "west": { "uv": [ 4.5, 0, 3.5, 16 ], "texture": "#powered_rail", "rotation": 270 },
                "east": { "uv": [ 4.5, 0, 3.5, 16 ], "texture": "#powered_rail", "rotation": 90 }
            }
        },
        {
            "from": [ 1.5, 1.002, -0.002 ],
            "to": [ 2.5, 2.004, 16.002 ],
            "faces": {
                "down": { "uv": [ 14, 0, 15, 16 ], "texture": "#powered_rail", "rotation": 180 },
                "up": { "uv": [ 16, 0, 15, 16 ], "texture": "#powered_rail", "rotation": 180 },
                "north": { "uv": [ 14, 15, 15, 16 ], "texture": "#powered_rail", "rotation": 180 },
                "south": { "uv": [ 14, 0, 15, 1 ], "texture": "#powered_rail" },
                "west": { "uv": [ 16, 0, 15, 16 ], "texture": "#powered_rail", "rotation": 270 }
            }
        },
        {
            "from": [ 4, 1.002, -0.001 ],
            "to": [ 5, 2.004, 16.001 ],
            "faces": {
                "down": { "uv": [ 11.5, 0, 12.5, 16 ], "texture": "#powered_rail", "rotation": 180 },
                "up": { "uv": [ 11.5, 0, 12.5, 16 ], "texture": "#powered_rail" },
                "north": { "uv": [ 12.5, 15, 11.5, 16 ], "texture": "#powered_rail", "rotation": 90 },
                "south": { "uv": [ 11.5, 0, 12.5, 1 ], "texture": "#powered_rail" },
                "east": { "uv": [ 12.5, 0, 11.5, 16 ], "texture": "#powered_rail", "rotation": 90 }
            }
        },
        {
            "from": [ 12, 1.002, 5.5 ],
            "to": [ 13.5, 2.004, 10 ],
            "faces": {
                "down": { "uv": [ 2, 5.5, 3.5, 10 ], "texture": "#powered_rail", "rotation": 180 },
                "up": { "uv": [ 2, 5.5, 3.5, 10 ], "texture": "#powered_rail", "rotation": 180 },
                "north": { "uv": [ 2, 10, 3.5, 9 ], "texture": "#powered_rail" },
                "south": { "uv": [ 2, 6.5, 3.5, 5.5 ], "texture": "#powered_rail", "rotation": 180 }
            }
        }
    ]
}