{
	"__comment": "Created by Filal",
	"textures": {
		"particle": "block/cut_sandstone",
		"0": "block/cut_sandstone",
		"1": "block/sandstone_top",
		"2": "block/sandstone_bottom"
	},
	"elements": [ 	 
		{
			"from": [ 0, 8, 0 ],
			"to": [ 16, 16, 16 ],
			"faces": {
				"down": { "uv": [ 0.01, 0.01, 15.99, 15.99 ], "texture": "#2" },
				"up": { "uv": [ 0.01, 0.01, 15.99, 15.99 ], "texture": "#1", "cullface": "up" },
				"north": { "uv": [ 0.01, 0.01, 15.99, 7.99 ], "texture": "#0", "cullface": "north" },
				"south": { "uv": [ 0.01, 0.01, 15.99, 7.99 ], "texture": "#0", "cullface": "south" },
				"west": { "uv": [ 0.01, 0.01, 15.99, 7.99 ], "texture": "#0", "cullface": "west" },
				"east": { "uv": [ 0.01, 0.01, 15.99, 7.99 ], "texture": "#0", "cullface": "east" }
			}
		},
		{
			"from": [ 5, 8, 16 ],
			"to": [ 11, 11, 16.5 ],
			"faces": {
				"down": { "uv": [ 5.01, 7.51, 10.99, 7.99 ], "texture": "#0", "cullface": "south" },
				"up": { "uv": [ 5.01, 5.49, 10.99, 5.01 ], "texture": "#0", "cullface": "south" },
				"south": { "uv": [ 5.01, 5.01, 10.99, 7.99 ], "texture": "#0", "cullface": "south" },
				"west": { "uv": [ 5.01, 5.01, 5.49, 7.99 ], "texture": "#0", "cullface": "south" },
				"east": { "uv": [ 10.51, 5.01, 10.99, 7.99 ], "texture": "#0", "cullface": "south" }
			}
		},
		{
			"from": [ 11.5, 8, 16 ],
			"to": [ 15.5, 11, 16.5 ],
			"faces": {
				"down": { "uv": [ 11.51, 7.51, 15.49, 7.99 ], "texture": "#0", "cullface": "south" },
				"up": { "uv": [ 11.51, 5.49, 15.49, 5.01 ], "texture": "#0", "cullface": "south" },
				"south": { "uv": [ 11.51, 5.01, 15.49, 7.99 ], "texture": "#0", "cullface": "south" },
				"west": { "uv": [ 11.51, 5.01, 11.99, 7.99 ], "texture": "#0", "cullface": "south" },
				"east": { "uv": [ 15.01, 5.01, 15.49, 7.99 ], "texture": "#0", "cullface": "south" }
			}
		},
		{
			"from": [ 5, 11.5, 16 ],
			"to": [ 15.5, 15.5, 16.5 ],
			"faces": {
				"down": { "uv": [ 5.01, 4.01, 15.49, 4.49 ], "texture": "#0", "cullface": "south" },
				"up": { "uv": [ 5.01, 0.99, 15.49, 0.51 ], "texture": "#0", "cullface": "south" },
				"south": { "uv": [ 5.01, 0.51, 15.49, 4.49 ], "texture": "#0", "cullface": "south" },
				"west": { "uv": [ 5.01, 4.49, 5.49, 0.51 ], "texture": "#0", "cullface": "south", "rotation": 180 },
				"east": { "uv": [ 15.01, 0.51, 15.49, 4.49 ], "texture": "#0", "cullface": "south" }
			}
		},
		{
			"from": [ 0.5, 8, 16 ],
			"to": [ 4.5, 15.5, 16.5 ],
			"faces": {
				"down": { "uv": [ 0.51, 7.51, 4.49, 7.99 ], "texture": "#0", "cullface": "south" },
				"up": { "uv": [ 0.51, 0.99, 4.49, 0.51 ], "texture": "#0", "cullface": "south" },
				"south": { "uv": [ 0.51, 0.51, 4.49, 7.99 ], "texture": "#0", "cullface": "south" },
				"west": { "uv": [ 0.51, 0.51, 0.99, 7.99 ], "texture": "#0", "cullface": "south" },
				"east": { "uv": [ 4.01, 0.51, 4.49, 7.99 ], "texture": "#0", "cullface": "south" }
			}
		},
		{
			"from": [ -0.5, 8, 0.5 ],
			"to": [ 0, 15.5, 4.5 ],
			"faces": {
				"down": { "uv": [ 0.51, 7.51, 4.49, 7.99 ], "texture": "#0", "cullface": "west", "rotation": 270 },
				"up": { "uv": [ 0.51, 0.99, 4.49, 0.51 ], "texture": "#0", "cullface": "west", "rotation": 90 },
				"north": { "uv": [ 0.51, 0.51, 0.99, 7.99 ], "texture": "#0", "cullface": "west" },
				"south": { "uv": [ 4.01, 0.51, 4.49, 7.99 ], "texture": "#0", "cullface": "west" },
				"west": { "uv": [ 0.51, 0.51, 4.49, 7.99 ], "texture": "#0", "cullface": "west" }
			}
		},
		{
			"from": [ -0.5, 11.5, 5 ],
			"to": [ 0, 15.5, 15.5 ],
			"faces": {
				"down": { "uv": [ 5.01, 4.01, 15.49, 4.49 ], "texture": "#0", "cullface": "west", "rotation": 270 },
				"up": { "uv": [ 5.01, 0.99, 15.49, 0.51 ], "texture": "#0", "cullface": "west", "rotation": 90 },
				"north": { "uv": [ 5.01, 4.49, 5.49, 0.51 ], "texture": "#0", "cullface": "west", "rotation": 180 },
				"south": { "uv": [ 15.01, 0.51, 15.49, 4.49 ], "texture": "#0", "cullface": "west" },
				"west": { "uv": [ 5.01, 0.51, 15.49, 4.49 ], "texture": "#0", "cullface": "west" }
			}
		},
		{
			"from": [ -0.5, 8, 5 ],
			"to": [ 0, 11, 11 ],
			"faces": {
				"down": { "uv": [ 5.01, 7.51, 10.99, 7.99 ], "texture": "#0", "cullface": "west", "rotation": 270 },
				"up": { "uv": [ 5.01, 5.49, 10.99, 5.01 ], "texture": "#0", "cullface": "west", "rotation": 90 },
				"north": { "uv": [ 5.01, 5.01, 5.49, 7.99 ], "texture": "#0", "cullface": "west" },
				"south": { "uv": [ 10.51, 5.01, 10.99, 7.99 ], "texture": "#0", "cullface": "west" },
				"west": { "uv": [ 5.01, 5.01, 10.99, 7.99 ], "texture": "#0", "cullface": "west" }
			}
		},
		{
			"from": [ -0.5, 8, 11.5 ],
			"to": [ 0, 11, 15.5 ],
			"faces": {
				"down": { "uv": [ 11.51, 7.51, 15.49, 7.99 ], "texture": "#0", "cullface": "west", "rotation": 270 },
				"up": { "uv": [ 11.51, 5.49, 15.49, 5.01 ], "texture": "#0", "cullface": "west", "rotation": 90 },
				"north": { "uv": [ 11.51, 5.01, 11.99, 7.99 ], "texture": "#0", "cullface": "west" },
				"south": { "uv": [ 15.01, 5.01, 15.49, 7.99 ], "texture": "#0", "cullface": "west" },
				"west": { "uv": [ 11.51, 5.01, 15.49, 7.99 ], "texture": "#0", "cullface": "west" }
			}
		},
		{
			"from": [ 11.5, 8, -0.5 ],
			"to": [ 15.5, 15.5, 0 ],
			"faces": {
				"down": { "uv": [ 0.51, 7.51, 4.49, 7.99 ], "texture": "#0", "cullface": "north", "rotation": 180 },
				"up": { "uv": [ 0.51, 0.99, 4.49, 0.51 ], "texture": "#0", "cullface": "north", "rotation": 180 },
				"north": { "uv": [ 0.51, 0.51, 4.49, 7.99 ], "texture": "#0", "cullface": "north" },
				"west": { "uv": [ 4.01, 0.51, 4.49, 7.99 ], "texture": "#0", "cullface": "north" },
				"east": { "uv": [ 0.51, 0.51, 0.99, 7.99 ], "texture": "#0", "cullface": "north" }
			}
		},
		{
			"from": [ 0.5, 11.5, -0.5 ],
			"to": [ 11, 15.5, 0 ],
			"faces": {
				"down": { "uv": [ 5.01, 4.01, 15.49, 4.49 ], "texture": "#0", "cullface": "north", "rotation": 180 },
				"up": { "uv": [ 5.01, 0.99, 15.49, 0.51 ], "texture": "#0", "cullface": "north", "rotation": 180 },
				"north": { "uv": [ 5.01, 0.51, 15.49, 4.49 ], "texture": "#0", "cullface": "north" },
				"west": { "uv": [ 15.01, 0.51, 15.49, 4.49 ], "texture": "#0", "cullface": "north" },
				"east": { "uv": [ 5.01, 4.49, 5.49, 0.51 ], "texture": "#0", "cullface": "north", "rotation": 180 }
			}
		},
		{
			"from": [ 5, 8, -0.5 ],
			"to": [ 11, 11, 0 ],
			"faces": {
				"down": { "uv": [ 5.01, 7.51, 10.99, 7.99 ], "texture": "#0", "cullface": "north", "rotation": 180 },
				"up": { "uv": [ 5.01, 5.49, 10.99, 5.01 ], "texture": "#0", "cullface": "north", "rotation": 180 },
				"north": { "uv": [ 5.01, 5.01, 10.99, 7.99 ], "texture": "#0", "cullface": "north" },
				"west": { "uv": [ 10.51, 5.01, 10.99, 7.99 ], "texture": "#0", "cullface": "north" },
				"east": { "uv": [ 5.01, 5.01, 5.49, 7.99 ], "texture": "#0", "cullface": "north" }
			}
		},
		{
			"from": [ 0.5, 8, -0.5 ],
			"to": [ 4.5, 11, 0 ],
			"faces": {
				"down": { "uv": [ 11.51, 7.51, 15.49, 7.99 ], "texture": "#0", "cullface": "north", "rotation": 180 },
				"up": { "uv": [ 11.51, 5.49, 15.49, 5.01 ], "texture": "#0", "cullface": "north", "rotation": 180 },
				"north": { "uv": [ 11.51, 5.01, 15.49, 7.99 ], "texture": "#0", "cullface": "north" },
				"west": { "uv": [ 15.01, 5.01, 15.49, 7.99 ], "texture": "#0", "cullface": "north" },
				"east": { "uv": [ 11.51, 5.01, 11.99, 7.99 ], "texture": "#0", "cullface": "north" }
			}
		},
		{
			"from": [ 16, 8, 11.5 ],
			"to": [ 16.5, 15.5, 15.5 ],
			"faces": {
				"down": { "uv": [ 0.51, 7.51, 4.49, 7.99 ], "texture": "#0", "cullface": "east", "rotation": 90 },
				"up": { "uv": [ 0.51, 0.99, 4.49, 0.51 ], "texture": "#0", "cullface": "east", "rotation": 270 },
				"north": { "uv": [ 4.01, 0.51, 4.49, 7.99 ], "texture": "#0", "cullface": "east" },
				"south": { "uv": [ 0.51, 0.51, 0.99, 7.99 ], "texture": "#0", "cullface": "east" },
				"east": { "uv": [ 0.51, 0.51, 4.49, 7.99 ], "texture": "#0", "cullface": "east" }
			}
		},
		{
			"from": [ 16, 11.5, 0.5 ],
			"to": [ 16.5, 15.5, 11 ],
			"faces": {
				"down": { "uv": [ 5.01, 4.01, 15.49, 4.49 ], "texture": "#0", "cullface": "east", "rotation": 90 },
				"up": { "uv": [ 5.01, 0.99, 15.49, 0.51 ], "texture": "#0", "cullface": "east", "rotation": 270 },
				"north": { "uv": [ 15.01, 0.51, 15.49, 4.49 ], "texture": "#0", "cullface": "east" },
				"south": { "uv": [ 5.01, 4.49, 5.49, 0.51 ], "texture": "#0", "cullface": "east", "rotation": 180 },
				"east": { "uv": [ 5.01, 0.51, 15.49, 4.49 ], "texture": "#0", "cullface": "east" }
			}
		},
		{
			"from": [ 16, 8, 5 ],
			"to": [ 16.5, 11, 11 ],
			"faces": {
				"down": { "uv": [ 5.01, 7.51, 10.99, 7.99 ], "texture": "#0", "cullface": "east", "rotation": 90 },
				"up": { "uv": [ 5.01, 5.49, 10.99, 5.01 ], "texture": "#0", "cullface": "east", "rotation": 270 },
				"north": { "uv": [ 10.51, 5.01, 10.99, 7.99 ], "texture": "#0", "cullface": "east" },
				"south": { "uv": [ 5.01, 5.01, 5.49, 7.99 ], "texture": "#0", "cullface": "east" },
				"east": { "uv": [ 5.01, 5.01, 10.99, 7.99 ], "texture": "#0", "cullface": "east" }
			}
		},
		{
			"from": [ 16, 8, 0.5 ],
			"to": [ 16.5, 11, 4.5 ],
			"faces": {
				"down": { "uv": [ 11.51, 7.51, 15.49, 7.99 ], "texture": "#0", "cullface": "east", "rotation": 90 },
				"up": { "uv": [ 11.51, 5.49, 15.49, 5.01 ], "texture": "#0", "cullface": "east", "rotation": 270 },
				"north": { "uv": [ 15.01, 5.01, 15.49, 7.99 ], "texture": "#0", "cullface": "east" },
				"south": { "uv": [ 11.51, 5.01, 11.99, 7.99 ], "texture": "#0", "cullface": "east" },
				"east": { "uv": [ 11.51, 5.01, 15.49, 7.99 ], "texture": "#0", "cullface": "east" }
			}
		},
		{
			"from": [ 0.5, 7.5, 8 ],
			"to": [ 8, 8, 15.5 ],
			"faces": {
				"down": { "uv": [ 0.51, 0.51, 7.99, 7.99 ], "texture": "#2" },
				"north": { "uv": [ 7.99, 7.99, 0.51, 7.51 ], "texture": "#2" },
				"south": { "uv": [ 0.51, 0.99, 7.99, 0.51 ], "texture": "#2" },
				"west": { "uv": [ 0.51, 0.51, 0.99, 7.99 ], "texture": "#2", "rotation": 270 },
				"east": { "uv": [ 7.51, 0.51, 7.99, 7.99 ], "texture": "#2", "rotation": 90 }
			}
		},
		{
			"from": [ 8.5, 7.5, 8.5 ],
			"to": [ 16, 8, 16 ],
			"faces": {
				"down": { "uv": [ 8.51, 0.01, 15.99, 7.49 ], "texture": "#2" },
				"north": { "uv": [ 15.99, 7.49, 8.51, 7.01 ], "texture": "#2" },
				"south": { "uv": [ 8.51, 0.49, 15.99, 0.01 ], "texture": "#2" },
				"west": { "uv": [ 8.51, 0.01, 8.99, 7.49 ], "texture": "#2", "rotation": 270 },
				"east": { "uv": [ 15.51, 0.01, 15.99, 7.49 ], "texture": "#2", "rotation": 90 }
			}
		},
		{
			"from": [ 8.5, 7.5, 0.5 ],
			"to": [ 16, 8, 8 ],
			"faces": {
				"down": { "uv": [ 8.51, 8.01, 15.99, 15.49 ], "texture": "#2" },
				"north": { "uv": [ 15.99, 15.49, 8.51, 15.01 ], "texture": "#2" },
				"south": { "uv": [ 8.51, 8.49, 15.99, 8.01 ], "texture": "#2" },
				"west": { "uv": [ 8.51, 8.01, 8.99, 15.49 ], "texture": "#2", "rotation": 270 },
				"east": { "uv": [ 15.51, 8.01, 15.99, 15.49 ], "texture": "#2", "rotation": 90 }
			}
		},
		{
			"from": [ 0.5, 7.5, 0 ],
			"to": [ 8, 8, 7.5 ],
			"faces": {
				"down": { "uv": [ 0.51, 8.51, 7.99, 15.99 ], "texture": "#2" },
				"north": { "uv": [ 7.99, 15.99, 0.51, 15.51 ], "texture": "#2" },
				"south": { "uv": [ 0.51, 8.99, 7.99, 8.51 ], "texture": "#2" },
				"west": { "uv": [ 0.51, 8.51, 0.99, 15.99 ], "texture": "#2", "rotation": 270 },
				"east": { "uv": [ 7.51, 8.51, 7.99, 15.99 ], "texture": "#2", "rotation": 90 }
			}
		},
		{
			"from": [ 0.5, 16, 0.5 ],
			"to": [ 8, 16.5, 8 ],
			"faces": {
				"up": { "uv": [ 0.51, 0.51, 7.99, 7.99 ], "texture": "#1", "cullface": "up" },
				"north": { "uv": [ 7.99, 0.51, 0.51, 0.99 ], "texture": "#1", "cullface": "up" },
				"south": { "uv": [ 0.51, 7.51, 7.99, 7.99 ], "texture": "#1", "cullface": "up" },
				"west": { "uv": [ 0.51, 0.51, 0.99, 7.99 ], "texture": "#1", "cullface": "up", "rotation": 90 },
				"east": { "uv": [ 7.51, 0.51, 7.99, 7.99 ], "texture": "#1", "cullface": "up", "rotation": 270 }
			}
		},
		{
			"from": [ 8.5, 16, 0 ],
			"to": [ 16, 16.5, 7.5 ],
			"faces": {
				"up": { "uv": [ 8.51, 0.01, 15.99, 7.49 ], "texture": "#1", "cullface": "up" },
				"north": { "uv": [ 15.99, 0.01, 8.51, 0.49 ], "texture": "#1", "cullface": "up" },
				"south": { "uv": [ 8.51, 7.01, 15.99, 7.49 ], "texture": "#1", "cullface": "up" },
				"west": { "uv": [ 8.51, 0.01, 8.99, 7.49 ], "texture": "#1", "cullface": "up", "rotation": 90 },
				"east": { "uv": [ 15.51, 0.01, 15.99, 7.49 ], "texture": "#1", "cullface": "up", "rotation": 270 }
			}
		},
		{
			"from": [ 8.5, 16, 8 ],
			"to": [ 16, 16.5, 15.5 ],
			"faces": {
				"up": { "uv": [ 8.51, 8.01, 15.99, 15.49 ], "texture": "#1", "cullface": "up" },
				"north": { "uv": [ 15.99, 8.01, 8.51, 8.49 ], "texture": "#1", "cullface": "up" },
				"south": { "uv": [ 8.51, 15.01, 15.99, 15.49 ], "texture": "#1", "cullface": "up" },
				"west": { "uv": [ 8.51, 8.01, 8.99, 15.49 ], "texture": "#1", "cullface": "up", "rotation": 90 },
				"east": { "uv": [ 15.51, 8.01, 15.99, 15.49 ], "texture": "#1", "cullface": "up", "rotation": 270 }
			}
		},
		{
			"from": [ 0.5, 16, 8.5 ],
			"to": [ 8, 16.5, 16 ],
			"faces": {
				"up": { "uv": [ 0.51, 8.51, 7.99, 15.99 ], "texture": "#1", "cullface": "up" },
				"north": { "uv": [ 7.99, 8.51, 0.51, 8.99 ], "texture": "#1", "cullface": "up" },
				"south": { "uv": [ 0.51, 15.51, 7.99, 15.99 ], "texture": "#1", "cullface": "up" },
				"west": { "uv": [ 0.51, 8.51, 0.99, 15.99 ], "texture": "#1", "cullface": "up", "rotation": 90 },
				"east": { "uv": [ 7.51, 8.51, 7.99, 15.99 ], "texture": "#1", "cullface": "up", "rotation": 270 }
			}
		}
	]
}