{
	"__comment": "Created by Filal",
	"textures": {
		"particle": "block/dandelion",
		"0": "block/dandelion",
		"1": "block/dandelion1",
		"2": "block/dandelion4"
	},
	"elements": [ 	 
		{
			"__comment": "PlaneX1",
			"from": [ 8, 0, 0 ],
			"to": [ 8.001, 5, 16 ],
			"rotation": { "origin": [ 8, 0, 8 ], "axis": "y", "angle": -45, "rescale": true },
			"shade": false,
			"faces": {
				"west": { "uv": [ 16, 11, 0, 16 ], "texture": "#1" },
				"east": { "uv": [ 0, 11, 16, 16 ], "texture": "#1" }
			}
		},
		{
			"__comment": "PlaneX1",
			"from": [ 4.5, 0, -0.5 ],
			"to": [ 4.501, 5, 15.5 ],
			"rotation": { "origin": [ 4.5, 0, 7.5 ], "axis": "y", "angle": 22.5, "rescale": true },
			"shade": false,
			"faces": {
				"west": { "uv": [ 16, 11, 0, 16 ], "texture": "#0" },
				"east": { "uv": [ 0, 11, 16, 16 ], "texture": "#0" }
			}
		},
		{
			"__comment": "PlaneY3",
			"from": [ 8.55, 5, 5 ],
			"to": [ 10.55, 5.001, 7.5 ],
			"rotation": { "origin": [ 9.5, 5, 5 ], "axis": "z", "angle": 22.5 },
			"shade": false,
			"faces": {
				"down": { "uv": [ 4.5, 0, 7, 2 ], "texture": "#0", "rotation": 90 },
				"up": { "uv": [ 4.5, 0, 7, 2 ], "texture": "#0", "rotation": 90 }
			}
		},
		{
			"__comment": "PlaneX1",
			"from": [ -3, 0, 4.9988 ],
			"to": [ 13, 5, 4.9998 ],
			"shade": false,
			"faces": {
				"north": { "uv": [ 0, 11, 16, 16 ], "texture": "#0" },
				"south": { "uv": [ 16, 11, 0, 16 ], "texture": "#0" }
			}
		},
		{
			"__comment": "PlaneX1",
			"from": [ -1.3281, 0, 10.8283 ],
			"to": [ 14.6719, 2.5, 10.8293 ],
			"rotation": { "origin": [ 5.5, 0, 8 ], "axis": "y", "angle": -22.5, "rescale": true },
			"shade": false,
			"faces": {
				"north": { "uv": [ 0, 13.5, 16, 16 ], "texture": "#1" },
				"south": { "uv": [ 16, 13.5, 0, 16 ], "texture": "#1" }
			}
		},
		{
			"__comment": "PlaneY6",
			"from": [ 5.5, 3, 12 ],
			"to": [ 7.5, 3.001, 14 ],
			"shade": false,
			"faces": {
				"down": { "uv": [ 2.5, 2, 4.5, 4 ], "texture": "#0" },
				"up": { "uv": [ 2.5, 2, 4.5, 4 ], "texture": "#0" }
			}
		},
		{
			"__comment": "PlaneY6",
			"from": [ 3.5, 4.5, 10 ],
			"to": [ 6, 4.501, 12 ],
			"rotation": { "origin": [ 3.5, 4.5, 11 ], "axis": "x", "angle": 22.5 },
			"shade": false,
			"faces": {
				"down": { "uv": [ 2, 0, 4.5, 2 ], "texture": "#0", "rotation": 180 },
				"up": { "uv": [ 2, 0, 4.5, 2 ], "texture": "#0" }
			}
		},
		{
			"__comment": "PlaneY8",
			"from": [ -2, 3, 4 ],
			"to": [ 0, 3.001, 6 ],
			"rotation": { "origin": [ -1, 3, 4 ], "axis": "z", "angle": 45 },
			"shade": false,
			"faces": {
				"down": { "uv": [ 7, 2, 9, 4 ], "texture": "#0" },
				"up": { "uv": [ 7, 2, 9, 4 ], "texture": "#0" }
			}
		},
		{
			"__comment": "PlaneY9",
			"from": [ 2, 4.5, 3.5 ],
			"to": [ 4.5, 4.501, 5.5 ],
			"rotation": { "origin": [ 2, 4.5, 4.5 ], "axis": "x", "angle": -22.5 },
			"shade": false,
			"faces": {
				"down": { "uv": [ 0, 2, 2.5, 4 ], "texture": "#0" },
				"up": { "uv": [ 0, 4, 2.5, 2 ], "texture": "#0" }
			}
		},
		{
			"__comment": "PlaneY10",
			"from": [ 1.5, 3, 1.5 ],
			"to": [ 3, 3.001, 3 ],
			"rotation": { "origin": [ 2.25, 3, 1.5 ], "axis": "z", "angle": 22.5 },
			"shade": false,
			"faces": {
				"down": { "uv": [ 11.5, 2, 13, 3.5 ], "texture": "#0" },
				"up": { "uv": [ 11.5, 2, 13, 3.5 ], "texture": "#0" }
			}
		},
		{
			"__comment": "PlaneY11",
			"from": [ 3.5, 5, 7 ],
			"to": [ 5.5, 5.001, 9 ],
			"rotation": { "origin": [ 4.5, 5, 7 ], "axis": "z", "angle": 45 },
			"shade": false,
			"faces": {
				"down": { "uv": [ 9, 0, 11, 2 ], "texture": "#0" },
				"up": { "uv": [ 9, 0, 11, 2 ], "texture": "#0", "rotation": 90 }
			}
		},
		{
			"__comment": "PlaneY12",
			"from": [ 7.5, 4, 4 ],
			"to": [ 9.5, 4.001, 6.5 ],
			"rotation": { "origin": [ 8.5, 4, 4 ], "axis": "z", "angle": -22.5 },
			"shade": false,
			"faces": {
				"down": { "uv": [ 0, 4, 2.5, 6 ], "texture": "#0", "rotation": 90 },
				"up": { "uv": [ 0, 4, 2.5, 6 ], "texture": "#0", "rotation": 270 }
			}
		},
		{
			"__comment": "PlaneY13",
			"from": [ 5, 4, 9.5 ],
			"to": [ 6.5, 4.001, 11 ],
			"rotation": { "origin": [ 5.75, 4, 9.5 ], "axis": "z", "angle": -22.5 },
			"shade": false,
			"faces": {
				"down": { "uv": [ 11.5, 2, 13, 3.5 ], "texture": "#0" },
				"up": { "uv": [ 11.5, 2, 13, 3.5 ], "texture": "#0" }
			}
		},
		{
			"__comment": "PlaneY14",
			"from": [ 3, 4, 5 ],
			"to": [ 4.5, 4.001, 6.5 ],
			"rotation": { "origin": [ 3.75, 4, 5 ], "axis": "z", "angle": 22.5 },
			"faces": {
				"down": { "uv": [ 11.5, 2, 13, 3.5 ], "texture": "#0" },
				"up": { "uv": [ 11.5, 2, 13, 3.5 ], "texture": "#0" }
			}
		},
		{
			"__comment": "PlaneY15",
			"from": [ 1, 2.5, 8.5 ],
			"to": [ 3, 2.501, 10.5 ],
			"rotation": { "origin": [ 2, 2.5, 8.5 ], "axis": "z", "angle": 22.5 },
			"shade": false,
			"faces": {
				"down": { "uv": [ 0, 0, 2, 2 ], "texture": "#0" },
				"up": { "uv": [ 0, 0, 2, 2 ], "texture": "#0", "rotation": 90 }
			}
		},
		{
			"__comment": "PlaneX16",
			"from": [ 3, 0, 8.5 ],
			"to": [ 12, 4, 8.501 ],
			"shade": false,
			"faces": {
				"north": { "uv": [ 2.5, 12, 11.5, 16 ], "texture": "#2" },
				"south": { "uv": [ 11.5, 12, 2.5, 16 ], "texture": "#2" }
			}
		},
		{
			"__comment": "PlaneY17",
			"from": [ 11, 3, 7.75 ],
			"to": [ 12.5, 3.001, 9.25 ],
			"rotation": { "origin": [ 11.75, 3, 8.5 ], "axis": "z", "angle": -45 },
			"shade": false,
			"faces": {
				"down": { "uv": [ 11.5, 2, 13, 3.5 ], "texture": "#0", "rotation": 90 },
				"up": { "uv": [ 11.5, 2, 13, 3.5 ], "texture": "#0", "rotation": 270 }
			}
		},
		{
			"__comment": "PlaneY18",
			"from": [ 9, 4, 7.5 ],
			"to": [ 11, 4.001, 9.5 ],
			"rotation": { "origin": [ 10, 4, 8.5 ], "axis": "x", "angle": 22.5 },
			"faces": {
				"down": { "uv": [ 2.5, 4, 4.5, 6 ], "texture": "#0" },
				"up": { "uv": [ 2.5, 4, 4.5, 6 ], "texture": "#0" }
			}
		}
	]
}