{
    "__comment": "Created by Filal",
    "textures": {
        "particle": "block/dark_oak_door_top",
        "0": "block/dark_oak_door_top",
        "1": "block/dark_oak_door_extra",
        "2": "block/dark_oak_door_edge"
    },
    "elements": [
        {
            "from": [ 0, 0, 14 ], 
            "to": [ 16, 3, 15 ], 
            "faces": {
                "north": { "texture": "#0", "uv": [ 0, 13, 16, 16 ] },
                "south": { "texture": "#0", "uv": [ 16, 13, 0, 16 ] },
                "up": { "texture": "#0", "uv": [ 0, 13, 16, 13.5 ] },
                "down": { "texture": "#2", "uv": [ 7, 0, 8, 16 ], "rotation": 90 }
            }
        },
        {
            "from": [ 0, 3, 14 ], 
            "to": [ 3.5, 16, 15 ], 
            "faces": {
                "north": { "texture": "#0", "uv": [ 12.5, 0, 16, 13 ] },
                "east": { "texture": "#0", "uv": [ 12.5, 8, 13, 8.5 ] },
                "south": { "texture": "#0", "uv": [ 16, 0, 12.5, 13 ] }
            }
        },
        {
            "from": [ 12.5, 3, 14 ], 
            "to": [ 16, 16, 15 ], 
            "faces": {
                "north": { "texture": "#0", "uv": [ 0, 0, 3.5, 13 ] },
                "south": { "texture": "#0", "uv": [ 3.5, 0, 0, 13 ] },
                "west": { "texture": "#0", "uv": [ 3, 8, 3.5, 8.5 ] }
            }
        },
        {
            "from": [ 3.5, 12, 14 ], 
            "to": [ 12.5, 16, 15 ], 
            "faces": {
                "north": { "texture": "#0", "uv": [ 3.5, 0, 12.5, 4 ] },
                "south": { "texture": "#0", "uv": [ 12.5, 0, 3.5, 4 ] },
                "down": { "texture": "#0", "uv": [ 3.5, 3.5, 12.5, 4 ] }
            }
        },
        {
            "from": [ 3.5, 3, 14 ], 
            "to": [ 4, 3.5, 15 ], 
            "faces": {
                "north": { "texture": "#0", "uv": [ 12, 12.5, 12.5, 13 ] },
                "east": { "texture": "#0", "uv": [ 12, 12.5, 12.5, 13 ] },
                "south": { "texture": "#0", "uv": [ 12, 12.5, 12.5, 13 ] },
                "up": { "texture": "#0", "uv": [ 12, 12.5, 12.5, 13 ] }
            }
        },
        {
            "from": [ 12, 3, 14 ], 
            "to": [ 12.5, 3.5, 15 ], 
            "faces": {
                "north": { "texture": "#0", "uv": [ 3.5, 12.5, 4, 13 ] },
                "south": { "texture": "#0", "uv": [ 3.5, 12.5, 4, 13 ] },
                "west": { "texture": "#0", "uv": [ 3.5, 12.5, 4, 13 ] },
                "up": { "texture": "#0", "uv": [ 3.5, 12.5, 4, 13 ] }
            }
        },
        {
            "from": [ 12, 11.5, 14 ], 
            "to": [ 12.5, 12, 15 ], 
            "faces": {
                "north": { "texture": "#0", "uv": [ 3.5, 4, 4, 4.5 ] },
                "south": { "texture": "#0", "uv": [ 3.5, 4, 4, 4.5 ] },
                "west": { "texture": "#0", "uv": [ 3.5, 4, 4, 4.5 ] },
                "down": { "texture": "#0", "uv": [ 3.5, 4, 4, 4.5 ] }
            }
        },
        {
            "from": [ 3.5, 11.5, 14 ], 
            "to": [ 4, 12, 15 ], 
            "faces": {
                "north": { "texture": "#0", "uv": [ 12, 4, 12.5, 4.5 ] },
                "east": { "texture": "#0", "uv": [ 12, 4, 12.5, 4.5 ] },
                "south": { "texture": "#0", "uv": [ 12, 4, 12.5, 4.5 ] },
                "down": { "texture": "#0", "uv": [ 12, 4, 12.5, 4.5 ] }
            }
        },
        {
            "from": [ 7.5, 3, 14 ], 
            "to": [ 8.5, 12, 15 ], 
            "faces": {
                "north": { "texture": "#0", "uv": [ 7.5, 4, 8.5, 13 ] },
                "east": { "texture": "#0", "uv": [ 7.5, 4, 8.5, 13 ] },
                "south": { "texture": "#0", "uv": [ 7.5, 4, 8.5, 13 ] },
                "west": { "texture": "#0", "uv": [ 7.5, 4, 8.5, 13 ] }
            }
        },
        {
            "from": [ 10.5, 3, 14.3 ], 
            "to": [ 12, 3.5, 14.7 ], 
            "faces": {
                "north": { "texture": "#0", "uv": [ 4, 4, 4.5, 4.5 ] },
                "south": { "texture": "#0", "uv": [ 4, 4, 4.5, 4.5 ] },
                "up": { "texture": "#0", "uv": [ 4, 4, 4.5, 4.5 ] }
            }
        },
        {
            "from": [ 9.5, 3, 14.3 ], 
            "to": [ 10.5, 3.5, 14.7 ], 
            "rotation": { "origin": [ 10.5, 3, 1.5 ], "axis": "z", "angle": -22.5 },
            "faces": {
                "north": { "texture": "#0", "uv": [ 4, 4, 4.5, 4.5 ] },
                "south": { "texture": "#0", "uv": [ 4, 4, 4.5, 4.5 ] },
                "up": { "texture": "#0", "uv": [ 4, 4, 4.5, 4.5 ] },
                "down": { "texture": "#0", "uv": [ 4, 4, 4.5, 4.5 ] }
            }
        },
        {
            "from": [ 7.6, 3.4, 14.3 ], 
            "to": [ 9.7, 3.9, 14.7 ], 
            "rotation": { "origin": [ 9.6, 3.5, 1.4 ], "axis": "z", "angle": -45 },
            "faces": {
                "north": { "texture": "#0", "uv": [ 4, 4, 4.5, 4.5 ] },
                "south": { "texture": "#0", "uv": [ 4, 4, 4.5, 4.5 ] },
                "up": { "texture": "#0", "uv": [ 4, 4, 4.5, 4.5 ] },
                "down": { "texture": "#0", "uv": [ 4, 4, 4.5, 4.5 ] }
            }
        },
        {
            "from": [ 12, 3.5, 14.3 ], 
            "to": [ 12.5, 5, 14.7 ], 
            "faces": {
                "north": { "texture": "#0", "uv": [ 4, 4, 4.5, 4.5 ] },
                "south": { "texture": "#0", "uv": [ 4, 4, 4.5, 4.5 ] },
                "west": { "texture": "#0", "uv": [ 4, 4, 4.5, 4.5 ] }
            }
        },
        {
            "from": [ 11.7, 4, 14.3 ], 
            "to": [ 12.7, 4.5, 14.7 ], 
            "rotation": { "origin": [ 12.9, 3.5, 1.5 ], "axis": "z", "angle": 45 },
            "faces": {
                "north": { "texture": "#0", "uv": [ 4, 4, 4.5, 4.5 ] },
                "south": { "texture": "#0", "uv": [ 4, 4, 4.5, 4.5 ] },
                "up": { "texture": "#0", "uv": [ 4, 4, 4.5, 4.5 ] }
            }
        },
        {
            "from": [ 12, 4.6, 14.3 ], 
            "to": [ 12.5, 5.915, 14.7 ], 
            "rotation": { "origin": [ 12, 5, 1.5 ], "axis": "z", "angle": 45 },
            "faces": {
                "north": { "texture": "#0", "uv": [ 4, 4, 4.5, 4.5 ] },
                "east": { "texture": "#0", "uv": [ 4, 4, 4.5, 4.5 ] },
                "south": { "texture": "#0", "uv": [ 4, 4, 4.5, 4.5 ] },
                "west": { "texture": "#0", "uv": [ 4, 4, 4.5, 4.5 ] }
            }
        },
        {
            "from": [ 10.6, 5.5, 14.3 ], 
            "to": [ 11.71, 6, 14.7 ], 
            "faces": {
                "north": { "texture": "#0", "uv": [ 4, 4, 4.5, 4.5 ] },
                "south": { "texture": "#0", "uv": [ 4, 4, 4.5, 4.5 ] },
                "up": { "texture": "#0", "uv": [ 4, 4, 4.5, 4.5 ] },
                "down": { "texture": "#0", "uv": [ 4, 4, 4.5, 4.5 ] }
            }
        },
        {
            "from": [ 9.6, 5.5, 14.3 ], 
            "to": [ 10.6, 6, 14.7 ], 
            "rotation": { "origin": [ 10.6, 6, 3 ], "axis": "z", "angle": 45 },
            "faces": {
                "north": { "texture": "#0", "uv": [ 4, 4, 4.5, 4.5 ] },
                "south": { "texture": "#0", "uv": [ 4, 4, 4.5, 4.5 ] },
                "up": { "texture": "#0", "uv": [ 4, 4, 4.5, 4.5 ] },
                "down": { "texture": "#0", "uv": [ 4, 4, 4.5, 4.5 ] }
            }
        },
        {
            "from": [ 9.9, 4.7, 14.3 ], 
            "to": [ 10.4, 5.3, 14.7 ], 
            "faces": {
                "north": { "texture": "#0", "uv": [ 4, 4, 4.5, 4.5 ] },
                "east": { "texture": "#0", "uv": [ 4, 4, 4.5, 4.5 ] },
                "south": { "texture": "#0", "uv": [ 4, 4, 4.5, 4.5 ] },
                "west": { "texture": "#0", "uv": [ 4, 4, 4.5, 4.5 ] },
                "down": { "texture": "#0", "uv": [ 4, 4, 4.5, 4.5 ] }
            }
        },
        {
            "from": [ 4, 3, 14.3 ], 
            "to": [ 5.5, 3.5, 14.7 ], 
            "faces": {
                "north": { "texture": "#0", "uv": [ 4, 4, 4.5, 4.5 ] },
                "south": { "texture": "#0", "uv": [ 4, 4, 4.5, 4.5 ] },
                "up": { "texture": "#0", "uv": [ 4, 4, 4.5, 4.5 ] }
            }
        },
        {
            "from": [ 5.5, 3, 14.3 ], 
            "to": [ 6.5, 3.5, 14.7 ], 
            "rotation": { "origin": [ 5.5, 3, 1.5 ], "axis": "z", "angle": 22.5 },
            "faces": {
                "north": { "texture": "#0", "uv": [ 4, 4, 4.5, 4.5 ] },
                "south": { "texture": "#0", "uv": [ 4, 4, 4.5, 4.5 ] },
                "up": { "texture": "#0", "uv": [ 4, 4, 4.5, 4.5 ] },
                "down": { "texture": "#0", "uv": [ 4, 4, 4.5, 4.5 ] }
            }
        },
        {
            "from": [ 6.5, 3.4, 14.3 ], 
            "to": [ 9, 3.9, 14.7 ], 
            "rotation": { "origin": [ 6.5, 3.3, 1.5 ], "axis": "z", "angle": 45 },
            "faces": {
                "north": { "texture": "#0", "uv": [ 4, 4, 4.5, 4.5 ] },
                "south": { "texture": "#0", "uv": [ 4, 4, 4.5, 4.5 ] },
                "up": { "texture": "#0", "uv": [ 4, 4, 4.5, 4.5 ] },
                "down": { "texture": "#0", "uv": [ 4, 4, 4.5, 4.5 ] }
            }
        },
        {
            "from": [ 3.5, 3.5, 14.3 ], 
            "to": [ 4, 5, 14.7 ], 
            "faces": {
                "north": { "texture": "#0", "uv": [ 4, 4, 4.5, 4.5 ] },
                "east": { "texture": "#0", "uv": [ 4, 4, 4.5, 4.5 ] },
                "south": { "texture": "#0", "uv": [ 4, 4, 4.5, 4.5 ] }
            }
        },
        {
            "from": [ 3.3, 2.6, 14.3 ], 
            "to": [ 3.8, 3.6, 14.7 ], 
            "rotation": { "origin": [ 3.3, 4, 1.5 ], "axis": "z", "angle": 45 },
            "faces": {
                "north": { "texture": "#0", "uv": [ 4, 4, 4.5, 4.5 ] },
                "east": { "texture": "#0", "uv": [ 4, 4, 4.5, 4.5 ] },
                "south": { "texture": "#0", "uv": [ 4, 4, 4.5, 4.5 ] }
            }
        },
        {
            "from": [ 3.5, 4.4, 14.3 ], 
            "to": [ 4, 5.915, 14.7 ], 
            "rotation": { "origin": [ 4, 5, 1.5 ], "axis": "z", "angle": -45 },
            "faces": {
                "north": { "texture": "#0", "uv": [ 4, 4, 4.5, 4.5 ] },
                "east": { "texture": "#0", "uv": [ 4, 4, 4.5, 4.5 ] },
                "south": { "texture": "#0", "uv": [ 4, 4, 4.5, 4.5 ] },
                "west": { "texture": "#0", "uv": [ 4, 4, 4.5, 4.5 ] }
            }
        },
        {
            "from": [ 4.29, 5.5, 14.3 ], 
            "to": [ 5.4, 6, 14.7 ], 
            "faces": {
                "north": { "texture": "#0", "uv": [ 4, 4, 4.5, 4.5 ] },
                "south": { "texture": "#0", "uv": [ 4, 4, 4.5, 4.5 ] },
                "up": { "texture": "#0", "uv": [ 4, 4, 4.5, 4.5 ] },
                "down": { "texture": "#0", "uv": [ 4, 4, 4.5, 4.5 ] }
            }
        },
        {
            "from": [ 5.4, 5.5, 14.3 ], 
            "to": [ 6.4, 6, 14.7 ], 
            "rotation": { "origin": [ 5.4, 6, 1.5 ], "axis": "z", "angle": -45 },
            "faces": {
                "north": { "texture": "#0", "uv": [ 4, 4, 4.5, 4.5 ] },
                "south": { "texture": "#0", "uv": [ 4, 4, 4.5, 4.5 ] },
                "up": { "texture": "#0", "uv": [ 4, 4, 4.5, 4.5 ] },
                "down": { "texture": "#0", "uv": [ 4, 4, 4.5, 4.5 ] }
            }
        },
        {
            "from": [ 5.6, 4.7, 14.3 ], 
            "to": [ 6.1, 5.3, 14.7 ], 
            "faces": {
                "north": { "texture": "#0", "uv": [ 4, 4, 4.5, 4.5 ] },
                "east": { "texture": "#0", "uv": [ 4, 4, 4.5, 4.5 ] },
                "south": { "texture": "#0", "uv": [ 4, 4, 4.5, 4.5 ] },
                "west": { "texture": "#0", "uv": [ 4, 4, 4.5, 4.5 ] },
                "down": { "texture": "#0", "uv": [ 4, 4, 4.5, 4.5 ] }
            }
        },
        {
            "from": [ 9, 9.5, 14.3 ], 
            "to": [ 9.5, 11, 14.7 ], 
            "faces": {
                "north": { "texture": "#0", "uv": [ 4, 4, 4.5, 4.5 ] },
                "east": { "texture": "#0", "uv": [ 4, 4, 4.5, 4.5 ] },
                "south": { "texture": "#0", "uv": [ 4, 4, 4.5, 4.5 ] },
                "west": { "texture": "#0", "uv": [ 4, 4, 4.5, 4.5 ] }
            }
        },
        {
            "from": [ 6.5, 9.5, 14.3 ], 
            "to": [ 7, 11, 14.7 ], 
            "faces": {
                "north": { "texture": "#0", "uv": [ 4, 4, 4.5, 4.5 ] },
                "east": { "texture": "#0", "uv": [ 4, 4, 4.5, 4.5 ] },
                "south": { "texture": "#0", "uv": [ 4, 4, 4.5, 4.5 ] },
                "west": { "texture": "#0", "uv": [ 4, 4, 4.5, 4.5 ] }
            }
        },
        {
            "from": [ 8.8, 10.9, 14.3 ], 
            "to": [ 9.3, 12.2, 14.7 ], 
            "rotation": { "origin": [ 9.3, 11, 1.5 ], "axis": "z", "angle": 45 },
            "faces": {
                "north": { "texture": "#0", "uv": [ 4, 4, 4.5, 4.5 ] },
                "east": { "texture": "#0", "uv": [ 4, 4, 4.5, 4.5 ] },
                "south": { "texture": "#0", "uv": [ 4, 4, 4.5, 4.5 ] },
                "west": { "texture": "#0", "uv": [ 4, 4, 4.5, 4.5 ] }
            }
        },
        {
            "from": [ 9.2, 10.9, 14.3 ], 
            "to": [ 9.7, 12.125, 14.7 ], 
            "rotation": { "origin": [ 9.2, 11, 1.5 ], "axis": "z", "angle": -45 },
            "faces": {
                "north": { "texture": "#0", "uv": [ 4, 4, 4.5, 4.5 ] },
                "east": { "texture": "#0", "uv": [ 4, 4, 4.5, 4.5 ] },
                "south": { "texture": "#0", "uv": [ 4, 4, 4.5, 4.5 ] },
                "west": { "texture": "#0", "uv": [ 4, 4, 4.5, 4.5 ] }
            }
        },
        {
            "from": [ 9.99, 11.3, 14.3 ], 
            "to": [ 11, 11.8, 14.7 ], 
            "rotation": { "origin": [ 10, 11.8, 1.5 ], "axis": "z", "angle": 22.5 },
            "faces": {
                "north": { "texture": "#0", "uv": [ 4, 4, 4.5, 4.5 ] },
                "south": { "texture": "#0", "uv": [ 4, 4, 4.5, 4.5 ] },
                "up": { "texture": "#0", "uv": [ 4, 4, 4.5, 4.5 ] },
                "down": { "texture": "#0", "uv": [ 4, 4, 4.5, 4.5 ] }
            }
        },
        {
            "from": [ 10.5, 11.5, 14.3 ], 
            "to": [ 12, 12, 14.7 ], 
            "faces": {
                "north": { "texture": "#0", "uv": [ 4, 4, 4.5, 4.5 ] },
                "south": { "texture": "#0", "uv": [ 4, 4, 4.5, 4.5 ] },
                "down": { "texture": "#0", "uv": [ 4, 4, 4.5, 4.5 ] }
            }
        },
        {
            "from": [ 12, 10, 14.3 ], 
            "to": [ 12.5, 11.5, 14.7 ], 
            "faces": {
                "north": { "texture": "#0", "uv": [ 4, 4, 4.5, 4.5 ] },
                "south": { "texture": "#0", "uv": [ 4, 4, 4.5, 4.5 ] },
                "west": { "texture": "#0", "uv": [ 4, 4, 4.5, 4.5 ] }
            }
        },
        {
            "from": [ 12, 11, 14.3 ], 
            "to": [ 12.5, 11.8, 14.7 ], 
            "rotation": { "origin": [ 12, 11, 1.5 ], "axis": "z", "angle": 45 },
            "faces": {
                "north": { "texture": "#0", "uv": [ 4, 4, 4.5, 4.5 ] },
                "south": { "texture": "#0", "uv": [ 4, 4, 4.5, 4.5 ] },
                "west": { "texture": "#0", "uv": [ 4, 4, 4.5, 4.5 ] }
            }
        },
        {
            "from": [ 8.8, 8.4, 14.3 ], 
            "to": [ 9.3, 9.6, 14.7 ], 
            "rotation": { "origin": [ 9.3, 9.5, 1.5 ], "axis": "z", "angle": -45 },
            "faces": {
                "north": { "texture": "#0", "uv": [ 4, 4, 4.5, 4.5 ] },
                "east": { "texture": "#0", "uv": [ 4, 4, 4.5, 4.5 ] },
                "south": { "texture": "#0", "uv": [ 4, 4, 4.5, 4.5 ] },
                "west": { "texture": "#0", "uv": [ 4, 4, 4.5, 4.5 ] }
            }
        },
        {
            "from": [ 12, 9.15, 14.3 ], 
            "to": [ 12.5, 10, 14.7 ], 
            "rotation": { "origin": [ 12.5, 10, 1.5 ], "axis": "z", "angle": -45 },
            "faces": {
                "north": { "texture": "#0", "uv": [ 4, 4, 4.5, 4.5 ] },
                "east": { "texture": "#0", "uv": [ 4, 4, 4.5, 4.5 ] },
                "south": { "texture": "#0", "uv": [ 4, 4, 4.5, 4.5 ] },
                "west": { "texture": "#0", "uv": [ 4, 4, 4.5, 4.5 ] }
            }
        },
        {
            "from": [ 11, 9.4, 14.3 ], 
            "to": [ 11.9, 9.9, 14.7 ], 
            "faces": {
                "north": { "texture": "#0", "uv": [ 4, 4, 4.5, 4.5 ] },
                "east": { "texture": "#0", "uv": [ 4, 4, 4.5, 4.5 ] },
                "south": { "texture": "#0", "uv": [ 4, 4, 4.5, 4.5 ] },
                "up": { "texture": "#0", "uv": [ 4, 4, 4.5, 4.5 ] },
                "down": { "texture": "#0", "uv": [ 4, 4, 4.5, 4.5 ] }
            }
        },
        {
            "from": [ 11, 9.4, 14.3 ], 
            "to": [ 11.5, 10.4, 14.7 ], 
            "rotation": { "origin": [ 11, 9.4, 1.5 ], "axis": "z", "angle": 45 },
            "faces": {
                "north": { "texture": "#0", "uv": [ 4, 4, 4.5, 4.5 ] },
                "east": { "texture": "#0", "uv": [ 4, 4, 4.5, 4.5 ] },
                "south": { "texture": "#0", "uv": [ 4, 4, 4.5, 4.5 ] },
                "west": { "texture": "#0", "uv": [ 4, 4, 4.5, 4.5 ] }
            }
        },
        {
            "from": [ 10.3, 10.1, 14.3 ], 
            "to": [ 10.8, 10.7, 14.7 ], 
            "faces": {
                "north": { "texture": "#0", "uv": [ 4, 4, 4.5, 4.5 ] },
                "east": { "texture": "#0", "uv": [ 4, 4, 4.5, 4.5 ] },
                "south": { "texture": "#0", "uv": [ 4, 4, 4.5, 4.5 ] },
                "west": { "texture": "#0", "uv": [ 4, 4, 4.5, 4.5 ] },
                "up": { "texture": "#0", "uv": [ 4, 4, 4.5, 4.5 ] }
            }
        },
        {
            "from": [ 6.7, 10.9, 14.3 ], 
            "to": [ 7.2, 12.2, 14.7 ], 
            "rotation": { "origin": [ 6.7, 11, 1.5 ], "axis": "z", "angle": -45 },
            "faces": {
                "north": { "texture": "#0", "uv": [ 4, 4, 4.5, 4.5 ] },
                "east": { "texture": "#0", "uv": [ 4, 4, 4.5, 4.5 ] },
                "south": { "texture": "#0", "uv": [ 4, 4, 4.5, 4.5 ] },
                "west": { "texture": "#0", "uv": [ 4, 4, 4.5, 4.5 ] }
            }
        },
        {
            "from": [ 6.3, 10.9, 14.3 ], 
            "to": [ 6.8, 12.125, 14.7 ], 
            "rotation": { "origin": [ 6.8, 11, 1.5 ], "axis": "z", "angle": 45 },
            "faces": {
                "north": { "texture": "#0", "uv": [ 4, 4, 4.5, 4.5 ] },
                "east": { "texture": "#0", "uv": [ 4, 4, 4.5, 4.5 ] },
                "south": { "texture": "#0", "uv": [ 4, 4, 4.5, 4.5 ] },
                "west": { "texture": "#0", "uv": [ 4, 4, 4.5, 4.5 ] }
            }
        },
        {
            "from": [ 6.7, 8.4, 14.3 ], 
            "to": [ 7.2, 9.6, 14.7 ], 
            "rotation": { "origin": [ 6.7, 9.5, 1.5 ], "axis": "z", "angle": 45 },
            "faces": {
                "north": { "texture": "#0", "uv": [ 4, 4, 4.5, 4.5 ] },
                "east": { "texture": "#0", "uv": [ 4, 4, 4.5, 4.5 ] },
                "south": { "texture": "#0", "uv": [ 4, 4, 4.5, 4.5 ] },
                "west": { "texture": "#0", "uv": [ 4, 4, 4.5, 4.5 ] }
            }
        },
        {
            "from": [ 9.2, 8.5, 14.3 ], 
            "to": [ 9.7, 9.6, 14.7 ], 
            "rotation": { "origin": [ 9.2, 9.5, 1.5 ], "axis": "z", "angle": 45 },
            "faces": {
                "north": { "texture": "#0", "uv": [ 4, 4, 4.5, 4.5 ] },
                "east": { "texture": "#0", "uv": [ 4, 4, 4.5, 4.5 ] },
                "south": { "texture": "#0", "uv": [ 4, 4, 4.5, 4.5 ] },
                "west": { "texture": "#0", "uv": [ 4, 4, 4.5, 4.5 ] }
            }
        },
        {
            "from": [ 9.9, 8.8, 14.3 ], 
            "to": [ 11.2, 9.3, 14.7 ], 
            "rotation": { "origin": [ 9.9, 8.8, 1.5 ], "axis": "z", "angle": -22.5 },
            "faces": {
                "north": { "texture": "#0", "uv": [ 4, 4, 4.5, 4.5 ] },
                "south": { "texture": "#0", "uv": [ 4, 4, 4.5, 4.5 ] },
                "up": { "texture": "#0", "uv": [ 4, 4, 4.5, 4.5 ] },
                "down": { "texture": "#0", "uv": [ 4, 4, 4.5, 4.5 ] }
            }
        },
        {
            "from": [ 10.8, 7.805, 14.3 ], 
            "to": [ 11.3, 8.7, 14.7 ], 
            "rotation": { "origin": [ 11.2, 8.7, 1.5 ], "axis": "z", "angle": 45 },
            "faces": {
                "north": { "texture": "#0", "uv": [ 4, 4, 4.5, 4.5 ] },
                "east": { "texture": "#0", "uv": [ 4, 4, 4.5, 4.5 ] },
                "south": { "texture": "#0", "uv": [ 4, 4, 4.5, 4.5 ] },
                "west": { "texture": "#0", "uv": [ 4, 4, 4.5, 4.5 ] }
            }
        },
        {
            "from": [ 11.4, 7.3, 14.3 ], 
            "to": [ 11.9, 8.135, 14.7 ], 
            "faces": {
                "north": { "texture": "#0", "uv": [ 4, 4, 4.5, 4.5 ] },
                "east": { "texture": "#0", "uv": [ 4, 4, 4.5, 4.5 ] },
                "south": { "texture": "#0", "uv": [ 4, 4, 4.5, 4.5 ] },
                "west": { "texture": "#0", "uv": [ 4, 4, 4.5, 4.5 ] }
            }
        },
        {
            "from": [ 11.4, 6.3, 14.3 ], 
            "to": [ 11.9, 7.3, 14.7 ], 
            "rotation": { "origin": [ 11.9, 7.3, 1.5 ], "axis": "z", "angle": -45 },
            "faces": {
                "north": { "texture": "#0", "uv": [ 4, 4, 4.5, 4.5 ] },
                "east": { "texture": "#0", "uv": [ 4, 4, 4.5, 4.5 ] },
                "south": { "texture": "#0", "uv": [ 4, 4, 4.5, 4.5 ] },
                "west": { "texture": "#0", "uv": [ 4, 4, 4.5, 4.5 ] }
            }
        },
        {
            "from": [ 10.2, 6.6, 14.3 ], 
            "to": [ 11.2, 7.1, 14.7 ], 
            "faces": {
                "north": { "texture": "#0", "uv": [ 4, 4, 4.5, 4.5 ] },
                "south": { "texture": "#0", "uv": [ 4, 4, 4.5, 4.5 ] },
                "up": { "texture": "#0", "uv": [ 4, 4, 4.5, 4.5 ] },
                "down": { "texture": "#0", "uv": [ 4, 4, 4.5, 4.5 ] }
            }
        },
        {
            "from": [ 10.2, 6.6, 14.3 ], 
            "to": [ 10.7, 7.6, 14.7 ], 
            "rotation": { "origin": [ 10.2, 6.6, 1.5 ], "axis": "z", "angle": 45 },
            "faces": {
                "north": { "texture": "#0", "uv": [ 4, 4, 4.5, 4.5 ] },
                "east": { "texture": "#0", "uv": [ 4, 4, 4.5, 4.5 ] },
                "south": { "texture": "#0", "uv": [ 4, 4, 4.5, 4.5 ] },
                "west": { "texture": "#0", "uv": [ 4, 4, 4.5, 4.5 ] }
            }
        },
        {
            "from": [ 9.5, 7.3, 14.3 ], 
            "to": [ 10, 7.9, 14.7 ], 
            "faces": {
                "north": { "texture": "#0", "uv": [ 4, 4, 4.5, 4.5 ] },
                "east": { "texture": "#0", "uv": [ 4, 4, 4.5, 4.5 ] },
                "south": { "texture": "#0", "uv": [ 4, 4, 4.5, 4.5 ] },
                "west": { "texture": "#0", "uv": [ 4, 4, 4.5, 4.5 ] },
                "up": { "texture": "#0", "uv": [ 4, 4, 4.5, 4.5 ] }
            }
        },
        {
            "from": [ 4, 11.5, 14.3 ], 
            "to": [ 5.5, 12, 14.7 ], 
            "faces": {
                "north": { "texture": "#0", "uv": [ 4, 4, 4.5, 4.5 ] },
                "south": { "texture": "#0", "uv": [ 4, 4, 4.5, 4.5 ] },
                "down": { "texture": "#0", "uv": [ 4, 4, 4.5, 4.5 ] }
            }
        },
        {
            "from": [ 5.4, 11.3, 14.3 ], 
            "to": [ 6.01, 11.8, 14.7 ], 
            "rotation": { "origin": [ 6, 11.8, 1.5 ], "axis": "z", "angle": -22.5 },
            "faces": {
                "north": { "texture": "#0", "uv": [ 4, 4, 4.5, 4.5 ] },
                "south": { "texture": "#0", "uv": [ 4, 4, 4.5, 4.5 ] },
                "up": { "texture": "#0", "uv": [ 4, 4, 4.5, 4.5 ] },
                "down": { "texture": "#0", "uv": [ 4, 4, 4.5, 4.5 ] }
            }
        },
        {
            "from": [ 3.5, 10, 14.3 ], 
            "to": [ 4, 11.5, 14.7 ], 
            "faces": {
                "north": { "texture": "#0", "uv": [ 4, 4, 4.5, 4.5 ] },
                "east": { "texture": "#0", "uv": [ 4, 4, 4.5, 4.5 ] },
                "south": { "texture": "#0", "uv": [ 4, 4, 4.5, 4.5 ] }
            }
        },
        {
            "from": [ 3.5, 11, 14.3 ], 
            "to": [ 4, 11.8, 14.7 ], 
            "rotation": { "origin": [ 4, 11, 1.5 ], "axis": "z", "angle": -45 },
            "faces": {
                "north": { "texture": "#0", "uv": [ 4, 4, 4.5, 4.5 ] },
                "east": { "texture": "#0", "uv": [ 4, 4, 4.5, 4.5 ] },
                "south": { "texture": "#0", "uv": [ 4, 4, 4.5, 4.5 ] }
            }
        },
        {
            "from": [ 3.5, 9.15, 14.3 ], 
            "to": [ 4, 10, 14.7 ], 
            "rotation": { "origin": [ 3.5, 10, 1.5 ], "axis": "z", "angle": 45 },
            "faces": {
                "north": { "texture": "#0", "uv": [ 4, 4, 4.5, 4.5 ] },
                "east": { "texture": "#0", "uv": [ 4, 4, 4.5, 4.5 ] },
                "south": { "texture": "#0", "uv": [ 4, 4, 4.5, 4.5 ] },
                "west": { "texture": "#0", "uv": [ 4, 4, 4.5, 4.5 ] }
            }
        },
        {
            "from": [ 4.1, 9.4, 14.3 ], 
            "to": [ 5, 9.9, 14.7 ], 
            "faces": {
                "north": { "texture": "#0", "uv": [ 4, 4, 4.5, 4.5 ] },
                "south": { "texture": "#0", "uv": [ 4, 4, 4.5, 4.5 ] },
                "up": { "texture": "#0", "uv": [ 4, 4, 4.5, 4.5 ] },
                "down": { "texture": "#0", "uv": [ 4, 4, 4.5, 4.5 ] }
            }
        },
        {
            "from": [ 4.5, 9.4, 14.3 ], 
            "to": [ 5, 10.4, 14.7 ], 
            "rotation": { "origin": [ 5, 9.4, 1.5 ], "axis": "z", "angle": -45 },
            "faces": {
                "north": { "texture": "#0", "uv": [ 4, 4, 4.5, 4.5 ] },
                "east": { "texture": "#0", "uv": [ 4, 4, 4.5, 4.5 ] },
                "south": { "texture": "#0", "uv": [ 4, 4, 4.5, 4.5 ] },
                "west": { "texture": "#0", "uv": [ 4, 4, 4.5, 4.5 ] }
            }
        },
        {
            "from": [ 5.2, 10.1, 14.3 ], 
            "to": [ 5.7, 10.7, 14.7 ], 
            "faces": {
                "north": { "texture": "#0", "uv": [ 4, 4, 4.5, 4.5 ] },
                "east": { "texture": "#0", "uv": [ 4, 4, 4.5, 4.5 ] },
                "south": { "texture": "#0", "uv": [ 4, 4, 4.5, 4.5 ] },
                "west": { "texture": "#0", "uv": [ 4, 4, 4.5, 4.5 ] },
                "up": { "texture": "#0", "uv": [ 4, 4, 4.5, 4.5 ] }
            }
        },
        {
            "from": [ 6.3, 8.5, 14.3 ], 
            "to": [ 6.8, 9.6, 14.7 ], 
            "rotation": { "origin": [ 6.8, 9.5, 1.5 ], "axis": "z", "angle": -45 },
            "faces": {
                "north": { "texture": "#0", "uv": [ 4, 4, 4.5, 4.5 ] },
                "east": { "texture": "#0", "uv": [ 4, 4, 4.5, 4.5 ] },
                "south": { "texture": "#0", "uv": [ 4, 4, 4.5, 4.5 ] },
                "west": { "texture": "#0", "uv": [ 4, 4, 4.5, 4.5 ] }
            }
        },
        {
            "from": [ 4.9, 8.8, 14.3 ], 
            "to": [ 6.1, 9.3, 14.7 ], 
            "rotation": { "origin": [ 6.1, 8.8, 1.5 ], "axis": "z", "angle": 22.5 },
            "faces": {
                "north": { "texture": "#0", "uv": [ 4, 4, 4.5, 4.5 ] },
                "south": { "texture": "#0", "uv": [ 4, 4, 4.5, 4.5 ] },
                "up": { "texture": "#0", "uv": [ 4, 4, 4.5, 4.5 ] },
                "down": { "texture": "#0", "uv": [ 4, 4, 4.5, 4.5 ] }
            }
        },
        {
            "from": [ 4.8, 7.945, 14.3 ], 
            "to": [ 5.3, 8.8, 14.7 ], 
            "rotation": { "origin": [ 4.8, 8.8, 1.5 ], "axis": "z", "angle": -45 },
            "faces": {
                "north": { "texture": "#0", "uv": [ 4, 4, 4.5, 4.5 ] },
                "east": { "texture": "#0", "uv": [ 4, 4, 4.5, 4.5 ] },
                "south": { "texture": "#0", "uv": [ 4, 4, 4.5, 4.5 ] },
                "west": { "texture": "#0", "uv": [ 4, 4, 4.5, 4.5 ] }
            }
        },
        {
            "from": [ 4.2, 7.3, 14.3 ], 
            "to": [ 4.7, 8.2, 14.7 ], 
            "faces": {
                "north": { "texture": "#0", "uv": [ 4, 4, 4.5, 4.5 ] },
                "east": { "texture": "#0", "uv": [ 4, 4, 4.5, 4.5 ] },
                "south": { "texture": "#0", "uv": [ 4, 4, 4.5, 4.5 ] },
                "west": { "texture": "#0", "uv": [ 4, 4, 4.5, 4.5 ] }
            }
        },
        {
            "from": [ 4.2, 6.3, 14.3 ], 
            "to": [ 4.7, 7.3, 14.7 ], 
            "rotation": { "origin": [ 4.2, 7.3, 1.5 ], "axis": "z", "angle": 45 },
            "faces": {
                "north": { "texture": "#0", "uv": [ 4, 4, 4.5, 4.5 ] },
                "east": { "texture": "#0", "uv": [ 4, 4, 4.5, 4.5 ] },
                "south": { "texture": "#0", "uv": [ 4, 4, 4.5, 4.5 ] },
                "west": { "texture": "#0", "uv": [ 4, 4, 4.5, 4.5 ] }
            }
        },
        {
            "from": [ 4.9, 6.6, 14.3 ], 
            "to": [ 5.9, 7.1, 14.7 ], 
            "faces": {
                "north": { "texture": "#0", "uv": [ 4, 4, 4.5, 4.5 ] },
                "south": { "texture": "#0", "uv": [ 4, 4, 4.5, 4.5 ] },
                "up": { "texture": "#0", "uv": [ 4, 4, 4.5, 4.5 ] },
                "down": { "texture": "#0", "uv": [ 4, 4, 4.5, 4.5 ] }
            }
        },
        {
            "from": [ 5.9, 6.6, 14.3 ], 
            "to": [ 6.9, 7.1, 14.7 ], 
            "rotation": { "origin": [ 5.9, 6.6, 1.5 ], "axis": "z", "angle": 45 },
            "faces": {
                "north": { "texture": "#0", "uv": [ 4, 4, 4.5, 4.5 ] },
                "south": { "texture": "#0", "uv": [ 4, 4, 4.5, 4.5 ] },
                "up": { "texture": "#0", "uv": [ 4, 4, 4.5, 4.5 ] },
                "down": { "texture": "#0", "uv": [ 4, 4, 4.5, 4.5 ] }
            }
        },
        {
            "from": [ 6.1, 7.3, 14.3 ], 
            "to": [ 6.6, 7.9, 14.7 ], 
            "faces": {
                "north": { "texture": "#0", "uv": [ 4, 4, 4.5, 4.5 ] },
                "east": { "texture": "#0", "uv": [ 4, 4, 4.5, 4.5 ] },
                "south": { "texture": "#0", "uv": [ 4, 4, 4.5, 4.5 ] },
                "west": { "texture": "#0", "uv": [ 4, 4, 4.5, 4.5 ] },
                "up": { "texture": "#0", "uv": [ 4, 4, 4.5, 4.5 ] }
            }
        },
        {
            "from": [ 15, 0, 13 ], 
            "to": [ 15.5, 15, 16 ], 
            "faces": {
                "north": { "texture": "#0", "uv": [ 0.5, 1, 1, 16 ] },
                "east": { "texture": "#2", "uv": [ 3, 1, 6, 16 ] },
                "south": { "texture": "#0", "uv": [ 0.5, 1, 1, 16 ] },
                "west": { "texture": "#2", "uv": [ 6, 1, 9, 16 ] },
                "down": { "texture": "#2", "uv": [ 6, 0.5, 9, 1 ], "rotation": 90 }
            }
        },
        {
            "from": [ 0.5, 0, 13 ], 
            "to": [ 1, 15, 16 ], 
            "faces": {
                "north": { "texture": "#0", "uv": [ 15, 1, 15.5, 16 ] },
                "east": { "texture": "#2", "uv": [ 6, 1, 9, 16 ] },
                "south": { "texture": "#0", "uv": [ 15, 1, 15.5, 16 ] },
                "west": { "texture": "#2", "uv": [ 10, 1, 13, 16 ] },
                "down": { "texture": "#2", "uv": [ 6, 15, 9, 15.5 ], "rotation": 90 }
            }
        },
        {
            "from": [ 0.5, 15, 13 ], 
            "to": [ 15.5, 15.5, 16 ], 
            "faces": {
                "north": { "texture": "#0", "uv": [ 0.5, 0.5, 15.5, 1 ] },
                "east": { "texture": "#2", "uv": [ 6, 0.5, 9, 1 ] },
                "south": { "texture": "#0", "uv": [ 15.5, 0.5, 0.5, 1 ] },
                "west": { "texture": "#2", "uv": [ 6, 0.5, 9, 1 ] },
                "up": { "texture": "#2", "uv": [ 6, 0.5, 9, 15.5 ], "rotation": 90 },
                "down": { "texture": "#2", "uv": [ 6, 0.5, 9, 15.5 ], "rotation": 90 }
            }
        },
        {
            "from": [ 0, 0, 13.5 ], 
            "to": [ 0.5, 16, 15.5 ], 
            "faces": {
                "north": { "texture": "#0", "uv": [ 15.5, 0, 16, 16 ] },
                "south": { "texture": "#0", "uv": [ 15.5, 0, 16, 16 ] },
                "west": { "texture": "#2", "uv": [ 10.5, 0, 12.5, 16 ] },
                "up": { "texture": "#2", "uv": [ 6.5, 0, 8.5, 0.5 ], "rotation": 90 },
                "down": { "texture": "#2", "uv": [ 6.5, 15.5, 8.5, 16 ], "rotation": 90 }
            }
        },
        {
            "from": [ 15.5, 0, 13.5 ], 
            "to": [ 16, 16, 15.5 ], 
            "faces": {
                "north": { "texture": "#0", "uv": [ 0, 0, 0.5, 16 ] },
                "east": { "texture": "#2", "uv": [ 3.5, 0, 5.5, 16 ] },
                "south": { "texture": "#0", "uv": [ 0, 0, 0.5, 16 ] },
                "up": { "texture": "#2", "uv": [ 6.5, 0, 8.5, 0.5 ], "rotation": 90 },
                "down": { "texture": "#2", "uv": [ 6.5, 15.5, 8.5, 16 ], "rotation": 90 }
            }
        },
        {
            "from": [ 0.5, 15.5, 13.5 ], 
            "to": [ 15.5, 16, 15.5 ], 
            "faces": {
                "north": { "texture": "#0", "uv": [ 0.5, 0, 15.5, 0.5 ] },
                "south": { "texture": "#0", "uv": [ 15.5, 0, 0.5, 0.5 ] },
                "up": { "texture": "#2", "uv": [ 6.5, 0.5, 8.5, 15.5 ], "rotation": 90 }
            }
        },
        {
            "from": [ 13.5, 0, 13.5 ], 
            "to": [ 14.5, 13.5, 15.5 ], 
            "faces": {
                "north": { "texture": "#0", "uv": [ 1.5, 2.5, 2.5, 16 ] },
                "east": { "texture": "#0", "uv": [ 1.5, 2.5, 2, 16 ] },
                "south": { "texture": "#0", "uv": [ 2.5, 2.5, 1.5, 16 ] },
                "west": { "texture": "#0", "uv": [ 2, 2.5, 2.5, 16 ] },
                "up": { "texture": "#0", "uv": [ 1.5, 3, 2.5, 3.5 ], "rotation": 180 },
                "down": { "texture": "#2", "uv": [ 6.5, 1.5, 8.5, 2.5 ], "rotation": 90 }
            }
        },
        {
            "from": [ 2, 13, 13.5 ], 
            "to": [ 14, 14, 15.5 ], 
            "faces": {
                "north": { "texture": "#0", "uv": [ 2, 2, 14, 3 ] },
                "east": { "texture": "#0", "uv": [ 2, 2, 2.5, 3 ] },
                "south": { "texture": "#0", "uv": [ 14, 2, 2, 3 ] },
                "west": { "texture": "#0", "uv": [ 13.5, 2, 14, 3 ] },
                "up": { "texture": "#0", "uv": [ 2, 2, 14, 2.5 ], "rotation": 180 },
                "down": { "texture": "#0", "uv": [ 2, 2.5, 14, 3 ], "rotation": 180 }
            }
        },
        {
            "from": [ 1.5, 0, 13.5 ], 
            "to": [ 2.5, 13.5, 15.5 ], 
            "faces": {
                "north": { "texture": "#0", "uv": [ 13.5, 2.5, 14.5, 16 ] },
                "east": { "texture": "#0", "uv": [ 13.5, 2.5, 14, 16 ] },
                "south": { "texture": "#0", "uv": [ 14.5, 2.5, 13.5, 16 ] },
                "west": { "texture": "#0", "uv": [ 14, 2.5, 14.5, 16 ] },
                "up": { "texture": "#0", "uv": [ 13.5, 2.5, 14.5, 3 ], "rotation": 180 },
                "down": { "texture": "#2", "uv": [ 6.5, 13.5, 8.5, 14.5 ], "rotation": 90 }
            }
        },
        {
            "from": [ 1, 0.5, 12.8 ], 
            "to": [ 2, 1.5, 16.2 ], 
            "faces": {
                "north": { "texture": "#0", "uv": [ 14, 14.5, 15, 15.5 ] },
                "east": { "texture": "#0", "uv": [ 14, 14.5, 14.5, 15.5 ] },
                "south": { "texture": "#0", "uv": [ 15, 14.5, 14, 15.5 ] },
                "west": { "texture": "#0", "uv": [ 14.5, 14.5, 15, 15.5 ] },
                "up": { "texture": "#0", "uv": [ 14, 14.5, 15, 15 ], "rotation": 180 },
                "down": { "texture": "#0", "uv": [ 14, 15, 15, 15.5 ], "rotation": 180 }
            }
        },
        {
            "from": [ 2.5, 12.5, 13.5 ], 
            "to": [ 3, 13, 15.5 ], 
            "faces": {
                "north": { "texture": "#0", "uv": [ 13, 3, 13.5, 3.5 ] },
                "east": { "texture": "#0", "uv": [ 13, 3, 13.5, 3.5 ] },
                "south": { "texture": "#0", "uv": [ 13, 3, 13.5, 3.5 ] },
                "down": { "texture": "#0", "uv": [ 13, 3, 13.5, 3.5 ] }
            }
        },
        {
            "from": [ 13, 12.5, 13.5 ], 
            "to": [ 13.5, 13, 15.5 ], 
            "faces": {
                "north": { "texture": "#0", "uv": [ 2.5, 3, 3, 3.5 ] },
                "south": { "texture": "#0", "uv": [ 2.5, 3, 3, 3.5 ] },
                "west": { "texture": "#0", "uv": [ 2.5, 3, 3, 3.5 ] },
                "down": { "texture": "#0", "uv": [ 2.5, 3, 3, 3.5 ] }
            }
        },
        {
            "from": [ 2.5, 1.5, 13.5 ], 
            "to": [ 13.5, 2, 15.5 ], 
            "faces": {
                "north": { "texture": "#0", "uv": [ 2.5, 14, 13.5, 14.5 ] },
                "south": { "texture": "#0", "uv": [ 13.5, 14, 2.5, 14.5 ] },
                "up": { "texture": "#0", "uv": [ 2.5, 14, 13.5, 14.5 ], "rotation": 180 },
                "down": { "texture": "#0", "uv": [ 2.5, 14, 13.5, 14.5 ], "rotation": 180 }
            }
        },
        {
            "from": [ 2.5, 1, 13.5 ], 
            "to": [ 3, 1.5, 15.5 ], 
            "faces": {
                "north": { "texture": "#0", "uv": [ 13, 14.5, 13.5, 15 ] },
                "east": { "texture": "#0", "uv": [ 13, 14.5, 13.5, 15 ] },
                "south": { "texture": "#0", "uv": [ 13, 14.5, 13.5, 15 ] },
                "down": { "texture": "#0", "uv": [ 13, 14.5, 13.5, 15 ] }
            }
        },
        {
            "from": [ 13, 0.5, 13.5 ], 
            "to": [ 13.5, 1, 15.5 ], 
            "faces": {
                "north": { "texture": "#0", "uv": [ 2.5, 15, 3, 15.5 ] },
                "south": { "texture": "#0", "uv": [ 2.5, 15, 3, 15.5 ] },
                "west": { "texture": "#0", "uv": [ 2.5, 15, 3, 15.5 ] },
                "down": { "texture": "#0", "uv": [ 2.5, 15, 3, 15.5 ] }
            }
        },
        {
            "from": [ 12.5, 1, 13.5 ], 
            "to": [ 13.5, 1.5, 15.5 ], 
            "faces": {
                "north": { "texture": "#0", "uv": [ 2.5, 14.5, 3.5, 15 ] },
                "south": { "texture": "#0", "uv": [ 3.5, 14.5, 2.5, 15 ] },
                "west": { "texture": "#0", "uv": [ 3, 14.5, 3.5, 15 ] },
                "down": { "texture": "#0", "uv": [ 2.5, 14.5, 3.5, 15 ], "rotation": 180 }
            }
        },
        {
            "from": [ 2.5, 2, 13.5 ], 
            "to": [ 3, 2.5, 15.5 ], 
            "faces": {
                "north": { "texture": "#0", "uv": [ 13, 13.5, 13.5, 14 ] },
                "east": { "texture": "#0", "uv": [ 13, 13.5, 13.5, 14 ] },
                "south": { "texture": "#0", "uv": [ 13, 13.5, 13.5, 14 ] },
                "up": { "texture": "#0", "uv": [ 13, 13.5, 13.5, 14 ] }
            }
        },
        {
            "from": [ 13, 2, 13.5 ], 
            "to": [ 13.5, 2.5, 15.5 ], 
            "faces": {
                "north": { "texture": "#0", "uv": [ 2.5, 13.5, 3, 14 ] },
                "south": { "texture": "#0", "uv": [ 2.5, 13.5, 3, 14 ] },
                "west": { "texture": "#0", "uv": [ 2.5, 13.5, 3, 14 ] },
                "up": { "texture": "#0", "uv": [ 2.5, 13.5, 3, 14 ] }
            }
        },
        {
            "from": [ 15.5, 8.5, 13 ], 
            "to": [ 16, 10, 16 ], 
            "faces": {
                "north": { "texture": "#0", "uv": [ 0, 6, 0.5, 7.5 ] },
                "east": { "texture": "#2", "uv": [ 3, 6, 6, 7.5 ] },
                "south": { "texture": "#0", "uv": [ 0, 6, 0.5, 7.5 ] },
                "up": { "texture": "#0", "uv": [ 0, 6, 0.5, 6.5 ] },
                "down": { "texture": "#0", "uv": [ 0, 7, 0.5, 7.5 ] }
            }
        },
        {
            "from": [ 1, 14.5, 13 ], 
            "to": [ 1.5, 15, 16 ], 
            "faces": {
                "north": { "texture": "#0", "uv": [ 14.5, 1, 15, 1.5 ] },
                "east": { "texture": "#0", "uv": [ 14.5, 1, 15, 1.5 ] },
                "south": { "texture": "#0", "uv": [ 14.5, 1, 15, 1.5 ] },
                "down": { "texture": "#0", "uv": [ 14.5, 1, 15, 1.5 ] }
            }
        },
        {
            "from": [ 14.5, 14.5, 13 ], 
            "to": [ 15, 15, 16 ], 
            "faces": {
                "north": { "texture": "#0", "uv": [ 1, 1, 1.5, 1.5 ] },
                "south": { "texture": "#0", "uv": [ 1, 1, 1.5, 1.5 ] },
                "west": { "texture": "#0", "uv": [ 1, 1, 1.5, 1.5 ] },
                "down": { "texture": "#0", "uv": [ 1, 1, 1.5, 1.5 ] }
            }
        }
    ]
}