{
	"__comment": "Created by Filal",
	"textures": {
		"particle": "block/smooth_stone2",
		"side": "block/smooth_stone_slab_side",
		"top": "block/smooth_stone2"
	},
	"elements": [
		{
			"from": [ 0, 0, 0 ],
			"to": [ 16, 16, 16 ],
			"faces": {
				"down": { "uv": [ 0, 0, 16, 16 ], "texture": "#top", "cullface": "down" },
				"up": { "uv": [ 0, 0, 16, 16 ], "texture": "#top" },
				"north": { "uv": [ 0, 0, 16, 16 ], "texture": "#side", "cullface": "north" },
				"south": { "uv": [ 0, 0, 16, 16 ], "texture": "#side", "cullface": "south" },
				"west": { "uv": [ 0, 0, 16, 16 ], "texture": "#side", "cullface": "west" },
				"east": { "uv": [ 0, 0, 16, 16 ], "texture": "#side", "cullface": "east" }
			}
		},
		{
			"from": [ -0.5, 0.48, 0.48 ],
			"to": [ 0, 6.52, 15.52 ],
			"faces": {
				"down": { "uv": [ 0.5, 15, 15.5, 15.5 ], "texture": "#side", "cullface": "west", "rotation": 90 },
				"up": { "uv": [ 15.5, 9.5, 0.5, 10 ], "texture": "#side", "cullface": "west", "rotation": 270 },
				"north": { "uv": [ 0.5, 9.5, 1, 15.5 ], "texture": "#side", "cullface": "west" },
				"south": { "uv": [ 15, 9.5, 15.5, 15.5 ], "texture": "#side", "cullface": "west" },
				"west": { "uv": [ 0.5, 9.5, 15.5, 15.5 ], "texture": "#side", "cullface": "west" }
			}
		},
		{
			"from": [ -0.5, 0.98, 15.52 ],
			"to": [ 0, 7.02, 15.998 ],
			"faces": {
				"down": { "uv": [ 15.5, 14.5, 16, 15 ], "texture": "#side", "cullface": "west", "rotation": 90 },
				"up": { "uv": [ 15.5, 9, 16, 9.5 ], "texture": "#side", "cullface": "west", "rotation": 270 },
				"south": { "uv": [ 15.5, 9, 16, 15 ], "texture": "#side", "cullface": "west" },
				"west": { "uv": [ 15.5, 9, 16, 15 ], "texture": "#side", "cullface": "west" }
			}
		},
		{
			"from": [ -0.5, 6.52, 0.96 ],
			"to": [ 0, 7.52, 15.52 ],
			"faces": {
				"up": { "uv": [ 15.5, 8.5, 1, 9 ], "texture": "#side", "cullface": "west", "rotation": 270 },
				"north": { "uv": [ 0.5, 8.5, 1, 9.5 ], "texture": "#side", "cullface": "west" },
				"south": { "uv": [ 15, 8.5, 15.5, 9.5 ], "texture": "#side", "cullface": "west" },
				"west": { "uv": [ 1, 8.5, 15.5, 9.5 ], "texture": "#side", "cullface": "west" }
			}
		},
		{
			"from": [ 0.48, 6.52, -0.5 ],
			"to": [ 15.04, 7.52, 0 ],
			"faces": {
				"up": { "uv": [ 15.5, 8.5, 1, 9 ], "texture": "#side", "cullface": "north" },
				"north": { "uv": [ 1, 8.5, 15.5, 9.5 ], "texture": "#side", "cullface": "north" },
				"west": { "uv": [ 15, 8.5, 15.5, 9.5 ], "texture": "#side", "cullface": "north" },
				"east": { "uv": [ 0.5, 8.5, 1, 9.5 ], "texture": "#side", "cullface": "north" }
			}
		},
		{
			"from": [ 0.002, 0.98, -0.5 ],
			"to": [ 0.482, 7.02, 0 ],
			"faces": {
				"down": { "uv": [ 15.5, 14.5, 16, 15 ], "texture": "#side", "cullface": "north" },
				"up": { "uv": [ 15.5, 9, 16, 9.5 ], "texture": "#side", "cullface": "north" },
				"north": { "uv": [ 15.5, 9, 16, 15 ], "texture": "#side", "cullface": "north" },
				"west": { "uv": [ 15.5, 9, 16, 15 ], "texture": "#side", "cullface": "north" }
			}
		},
		{
			"from": [ 0.48, 0.48, -0.5 ],
			"to": [ 15.52, 6.52, 0 ],
			"faces": {
				"down": { "uv": [ 0.5, 15, 15.5, 15.5 ], "texture": "#side", "cullface": "north" },
				"up": { "uv": [ 15.5, 9.5, 0.5, 10 ], "texture": "#side", "cullface": "north" },
				"north": { "uv": [ 0.5, 9.5, 15.5, 15.5 ], "texture": "#side", "cullface": "north" },
				"west": { "uv": [ 15, 9.5, 15.5, 15.5 ], "texture": "#side", "cullface": "north" },
				"east": { "uv": [ 0.5, 9.5, 1, 15.5 ], "texture": "#side", "cullface": "north" }
			}
		},
		{
			"from": [ 16, 6.52, 0.48 ],
			"to": [ 16.4, 7.52, 15.04 ],
			"faces": {
				"up": { "uv": [ 15.5, 8.5, 1, 9 ], "texture": "#side", "cullface": "east", "rotation": 90 },
				"north": { "uv": [ 15, 8.5, 15.5, 9.5 ], "texture": "#side", "cullface": "east" },
				"south": { "uv": [ 0.5, 8.5, 1, 9.5 ], "texture": "#side", "cullface": "east" },
				"east": { "uv": [ 1, 8.5, 15.5, 9.5 ], "texture": "#side", "cullface": "east" }
			}
		},
		{
			"from": [ 16, 0.98, 0.002 ],
			"to": [ 16.4, 7.02, 0.482 ],
			"faces": {
				"down": { "uv": [ 15.5, 14.5, 16, 15 ], "texture": "#side", "cullface": "east", "rotation": 270 },
				"up": { "uv": [ 15.5, 9, 16, 9.5 ], "texture": "#side", "cullface": "east", "rotation": 90 },
				"north": { "uv": [ 15.5, 9, 16, 15 ], "texture": "#side", "cullface": "east" },
				"east": { "uv": [ 15.5, 9, 16, 15 ], "texture": "#side", "cullface": "east" }
			}
		},
		{
			"from": [ 16, 0.48, 0.48 ],
			"to": [ 16.4, 6.52, 15.52 ],
			"faces": {
				"down": { "uv": [ 0.5, 15, 15.5, 15.5 ], "texture": "#side", "cullface": "east", "rotation": 270 },
				"up": { "uv": [ 15.5, 9.5, 0.5, 10 ], "texture": "#side", "cullface": "east", "rotation": 90 },
				"north": { "uv": [ 15, 9.5, 15.5, 15.5 ], "texture": "#side", "cullface": "east" },
				"south": { "uv": [ 0.5, 9.5, 1, 15.5 ], "texture": "#side", "cullface": "east" },
				"east": { "uv": [ 0.5, 9.5, 15.5, 15.5 ], "texture": "#side", "cullface": "east" }
			}
		},
		{
			"from": [ 0.96, 6.52, 16 ],
			"to": [ 15.52, 7.52, 16.4 ],
			"faces": {
				"up": { "uv": [ 15.5, 8.5, 1, 9 ], "texture": "#side", "cullface": "south", "rotation": 180 },
				"south": { "uv": [ 1, 8.5, 15.5, 9.5 ], "texture": "#side", "cullface": "south" },
				"west": { "uv": [ 0.5, 8.5, 1, 9.5 ], "texture": "#side", "cullface": "south" },
				"east": { "uv": [ 15, 8.5, 15.5, 9.5 ], "texture": "#side", "cullface": "south" }
			}
		},
		{
			"from": [ 15.52, 0.98, 16 ],
			"to": [ 15.998, 7.02, 16.4 ],
			"faces": {
				"down": { "uv": [ 15.5, 14.5, 16, 15 ], "texture": "#side", "cullface": "south", "rotation": 180 },
				"up": { "uv": [ 15.5, 9, 16, 9.5 ], "texture": "#side", "cullface": "south", "rotation": 180 },
				"south": { "uv": [ 15.5, 9, 16, 15 ], "texture": "#side", "cullface": "south" },
				"east": { "uv": [ 15.5, 9, 16, 15 ], "texture": "#side", "cullface": "south" }
			}
		},
		{
			"from": [ 0.48, 0.48, 16 ],
			"to": [ 15.52, 6.52, 16.4 ],
			"faces": {
				"down": { "uv": [ 0.5, 15, 15.5, 15.5 ], "texture": "#side", "cullface": "south", "rotation": 180 },
				"up": { "uv": [ 15.5, 9.5, 0.5, 10 ], "texture": "#side", "cullface": "south", "rotation": 180 },
				"south": { "uv": [ 0.5, 9.5, 15.5, 15.5 ], "texture": "#side", "cullface": "south" },
				"west": { "uv": [ 0.5, 9.5, 1, 15.5 ], "texture": "#side", "cullface": "south" },
				"east": { "uv": [ 15, 9.5, 15.5, 15.5 ], "texture": "#side", "cullface": "south" }
			}
		},
		{
			"from": [ -0.5, 9.48, 0.48 ],
			"to": [ 0, 15.02, 15.52 ],
			"faces": {
				"down": { "uv": [ 15.5, 6, 0.5, 6.5 ], "texture": "#side", "cullface": "west", "rotation": 90 },
				"up": { "uv": [ 15.5, 1, 0.5, 1.5 ], "texture": "#side", "cullface": "west", "rotation": 270 },
				"north": { "uv": [ 0.5, 1, 1, 6.5 ], "texture": "#side", "cullface": "west" },
				"south": { "uv": [ 15, 1, 15.5, 6.5 ], "texture": "#side", "cullface": "west" },
				"west": { "uv": [ 0.5, 1, 15.5, 6.5 ], "texture": "#side", "cullface": "west" }
			}
		},
		{
			"from": [ -0.5, 9.98, 15.52 ],
			"to": [ 0, 14.52, 15.998 ],
			"faces": {
				"down": { "uv": [ 15.5, 5.5, 16, 6 ], "texture": "#side", "cullface": "west", "rotation": 90 },
				"up": { "uv": [ 15.5, 1.5, 16, 2 ], "texture": "#side", "cullface": "west", "rotation": 270 },
				"south": { "uv": [ 15.5, 1.5, 16, 6 ], "texture": "#side", "cullface": "west" },
				"west": { "uv": [ 15.5, 1.5, 16, 6 ], "texture": "#side", "cullface": "west" }
			}
		},
		{
			"from": [ -0.5, 15.02, 1.46 ],
			"to": [ 0, 15.52, 15.02 ],
			"faces": {
				"up": { "uv": [ 15, 0.5, 1.5, 1 ], "texture": "#side", "cullface": "west", "rotation": 270 },
				"north": { "uv": [ 1.5, 0.5, 2, 1 ], "texture": "#side", "cullface": "west" },
				"south": { "uv": [ 14.5, 0.5, 15, 1 ], "texture": "#side", "cullface": "west" },
				"west": { "uv": [ 1.5, 0.5, 15, 1 ], "texture": "#side", "cullface": "west" }
			}
		},
		{
			"from": [ -0.5, 8.98, 0.98 ],
			"to": [ 0, 9.48, 8.02 ],
			"faces": {
				"down": { "uv": [ 8, 6.5, 1, 7 ], "texture": "#side", "cullface": "west", "rotation": 90 },
				"north": { "uv": [ 1, 6.5, 1.5, 7 ], "texture": "#side", "cullface": "west" },
				"south": { "uv": [ 7.5, 6.5, 8, 7 ], "texture": "#side", "cullface": "west" },
				"west": { "uv": [ 1, 6.5, 8, 7 ], "texture": "#side", "cullface": "west" }
			}
		},
		{
			"from": [ -0.5, 8.98, 9.98 ],
			"to": [ 0, 9.48, 13.52 ],
			"faces": {
				"down": { "uv": [ 13.5, 6.5, 10, 7 ], "texture": "#side", "cullface": "west", "rotation": 90 },
				"north": { "uv": [ 10, 6.5, 10.5, 7 ], "texture": "#side", "cullface": "west" },
				"south": { "uv": [ 13, 6.5, 13.5, 7 ], "texture": "#side", "cullface": "west" },
				"west": { "uv": [ 10, 6.5, 13.5, 7 ], "texture": "#side", "cullface": "west" }
			}
		},
		{
			"from": [ 0.98, 15.02, -0.5 ],
			"to": [ 14.54, 15.52, 0 ],
			"faces": {
				"up": { "uv": [ 15, 0.5, 1.5, 1 ], "texture": "#side", "cullface": "north" },
				"north": { "uv": [ 1.5, 0.5, 15, 1 ], "texture": "#side", "cullface": "north" },
				"west": { "uv": [ 14.5, 0.5, 15, 1 ], "texture": "#side", "cullface": "north" },
				"east": { "uv": [ 1.5, 0.5, 2, 1 ], "texture": "#side", "cullface": "north" }
			}
		},
		{
			"from": [ 0.48, 9.48, -0.5 ],
			"to": [ 15.52, 15.02, 0 ],
			"faces": {
				"down": { "uv": [ 15.5, 6, 0.5, 6.5 ], "texture": "#side", "cullface": "north" },
				"up": { "uv": [ 15.5, 1, 0.5, 1.5 ], "texture": "#side", "cullface": "north" },
				"north": { "uv": [ 0.5, 1, 15.5, 6.5 ], "texture": "#side", "cullface": "north" },
				"west": { "uv": [ 15, 1, 15.5, 6.5 ], "texture": "#side", "cullface": "north" },
				"east": { "uv": [ 0.5, 1, 1, 6.5 ], "texture": "#side", "cullface": "north" }
			}
		},
		{
			"from": [ 7.98, 8.98, -0.5 ],
			"to": [ 15.02, 9.48, 0 ],
			"faces": {
				"down": { "uv": [ 8, 6.5, 1, 7 ], "texture": "#side", "cullface": "north" },
				"north": { "uv": [ 1, 6.5, 8, 7 ], "texture": "#side", "cullface": "north" },
				"west": { "uv": [ 7.5, 6.5, 8, 7 ], "texture": "#side", "cullface": "north" },
				"east": { "uv": [ 1, 6.5, 1.5, 7 ], "texture": "#side", "cullface": "north" }
			}
		},
		{
			"from": [ 2.48, 8.98, -0.5 ],
			"to": [ 6.02, 9.48, 0 ],
			"faces": {
				"down": { "uv": [ 13.5, 6.5, 10, 7 ], "texture": "#side", "cullface": "north" },
				"north": { "uv": [ 10, 6.5, 13.5, 7 ], "texture": "#side", "cullface": "north" },
				"west": { "uv": [ 13, 6.5, 13.5, 7 ], "texture": "#side", "cullface": "north" },
				"east": { "uv": [ 10, 6.5, 10.5, 7 ], "texture": "#side", "cullface": "north" }
			}
		},
		{
			"from": [ 0.002, 9.98, -0.5 ],
			"to": [ 0.48, 14.52, 0 ],
			"faces": {
				"down": { "uv": [ 15.5, 5.5, 16, 6 ], "texture": "#side", "cullface": "north" },
				"up": { "uv": [ 15.5, 1.5, 16, 2 ], "texture": "#side", "cullface": "north" },
				"north": { "uv": [ 15.5, 1.5, 16, 6 ], "texture": "#side", "cullface": "north" },
				"west": { "uv": [ 15.5, 1.5, 16, 6 ], "texture": "#side", "cullface": "north" }
			}
		},
		{
			"from": [ 16, 15.02, 0.98 ],
			"to": [ 16.4, 15.52, 14.54 ],
			"faces": {
				"up": { "uv": [ 15, 0.5, 1.5, 1 ], "texture": "#side", "cullface": "east", "rotation": 90 },
				"north": { "uv": [ 14.5, 0.5, 15, 1 ], "texture": "#side", "cullface": "east" },
				"south": { "uv": [ 1.5, 0.5, 2, 1 ], "texture": "#side", "cullface": "east" },
				"east": { "uv": [ 1.5, 0.5, 15, 1 ], "texture": "#side", "cullface": "east" }
			}
		},
		{
			"from": [ 16, 9.48, 0.48 ],
			"to": [ 16.4, 15.02, 15.52 ],
			"faces": {
				"down": { "uv": [ 15.5, 6, 0.5, 6.5 ], "texture": "#side", "cullface": "east", "rotation": 270 },
				"up": { "uv": [ 15.5, 1, 0.5, 1.5 ], "texture": "#side", "cullface": "east", "rotation": 90 },
				"north": { "uv": [ 15, 1, 15.5, 6.5 ], "texture": "#side", "cullface": "east" },
				"south": { "uv": [ 0.5, 1, 1, 6.5 ], "texture": "#side", "cullface": "east" },
				"east": { "uv": [ 0.5, 1, 15.5, 6.5 ], "texture": "#side", "cullface": "east" }
			}
		},
		{
			"from": [ 16, 8.98, 7.98 ],
			"to": [ 16.4, 9.48, 15.02 ],
			"faces": {
				"down": { "uv": [ 8, 6.5, 1, 7 ], "texture": "#side", "cullface": "east", "rotation": 270 },
				"north": { "uv": [ 7.5, 6.5, 8, 7 ], "texture": "#side", "cullface": "east" },
				"south": { "uv": [ 1, 6.5, 1.5, 7 ], "texture": "#side", "cullface": "east" },
				"east": { "uv": [ 1, 6.5, 8, 7 ], "texture": "#side", "cullface": "east" }
			}
		},
		{
			"from": [ 16, 8.98, 2.48 ],
			"to": [ 16.4, 9.48, 6.02 ],
			"faces": {
				"down": { "uv": [ 13.5, 6.5, 10, 7 ], "texture": "#side", "cullface": "east", "rotation": 270 },
				"north": { "uv": [ 13, 6.5, 13.5, 7 ], "texture": "#side", "cullface": "east" },
				"south": { "uv": [ 10, 6.5, 10.5, 7 ], "texture": "#side", "cullface": "east" },
				"east": { "uv": [ 10, 6.5, 13.5, 7 ], "texture": "#side", "cullface": "east" }
			}
		},
		{
			"from": [ 16, 9.98, 0.002 ],
			"to": [ 16.4, 14.52, 0.48 ],
			"faces": {
				"down": { "uv": [ 15.5, 5.5, 16, 6 ], "texture": "#side", "cullface": "east", "rotation": 270 },
				"up": { "uv": [ 15.5, 1.5, 16, 2 ], "texture": "#side", "cullface": "east", "rotation": 90 },
				"north": { "uv": [ 15.5, 1.5, 16, 6 ], "texture": "#side", "cullface": "east" },
				"east": { "uv": [ 15.5, 1.5, 16, 6 ], "texture": "#side", "cullface": "east" }
			}
		},
		{
			"from": [ 1.46, 15.02, 16 ],
			"to": [ 15.02, 15.52, 16.4 ],
			"faces": {
				"up": { "uv": [ 15, 0.5, 1.5, 1 ], "texture": "#side", "cullface": "south", "rotation": 180 },
				"south": { "uv": [ 1.5, 0.5, 15, 1 ], "texture": "#side", "cullface": "south" },
				"west": { "uv": [ 1.5, 0.5, 2, 1 ], "texture": "#side", "cullface": "south" },
				"east": { "uv": [ 14.5, 0.5, 15, 1 ], "texture": "#side", "cullface": "south" }
			}
		},
		{
			"from": [ 0.48, 9.48, 16 ],
			"to": [ 15.52, 15.02, 16.4 ],
			"faces": {
				"down": { "uv": [ 15.5, 6, 0.5, 6.5 ], "texture": "#side", "cullface": "south", "rotation": 180 },
				"up": { "uv": [ 15.5, 1, 0.5, 1.5 ], "texture": "#side", "cullface": "south", "rotation": 180 },
				"south": { "uv": [ 0.5, 1, 15.5, 6.5 ], "texture": "#side", "cullface": "south" },
				"west": { "uv": [ 0.5, 1, 1, 6.5 ], "texture": "#side", "cullface": "south" },
				"east": { "uv": [ 15, 1, 15.5, 6.5 ], "texture": "#side", "cullface": "south" }
			}
		},
		{
			"from": [ 0.98, 8.98, 16 ],
			"to": [ 8.02, 9.48, 16.4 ],
			"faces": {
				"down": { "uv": [ 8, 6.5, 1, 7 ], "texture": "#side", "cullface": "south", "rotation": 180 },
				"south": { "uv": [ 1, 6.5, 8, 7 ], "texture": "#side", "cullface": "south" },
				"west": { "uv": [ 1, 6.5, 1.5, 7 ], "texture": "#side", "cullface": "south" },
				"east": { "uv": [ 7.5, 6.5, 8, 7 ], "texture": "#side", "cullface": "south" }
			}
		},
		{
			"from": [ 9.98, 8.98, 16 ],
			"to": [ 13.52, 9.48, 16.4 ],
			"faces": {
				"down": { "uv": [ 13.5, 6.5, 10, 7 ], "texture": "#side", "cullface": "south", "rotation": 180 },
				"south": { "uv": [ 10, 6.5, 13.5, 7 ], "texture": "#side", "cullface": "south" },
				"west": { "uv": [ 10, 6.5, 10.5, 7 ], "texture": "#side", "cullface": "south" },
				"east": { "uv": [ 13, 6.5, 13.5, 7 ], "texture": "#side", "cullface": "south" }
			}
		},
		{
			"from": [ 15.52, 9.98, 16 ],
			"to": [ 15.998, 14.52, 16.4 ],
			"faces": {
				"down": { "uv": [ 15.5, 5.5, 16, 6 ], "texture": "#side", "cullface": "south", "rotation": 180 },
				"up": { "uv": [ 15.5, 1.5, 16, 2 ], "texture": "#side", "cullface": "south", "rotation": 180 },
				"south": { "uv": [ 15.5, 1.5, 16, 6 ], "texture": "#side", "cullface": "south" },
				"east": { "uv": [ 15.5, 1.5, 16, 6 ], "texture": "#side", "cullface": "south" }
			}
		},
		{
			"from": [ 11.48, -0.5, 9.98 ],
			"to": [ 15.02, 0, 10.52 ],
			"faces": {
				"down": { "uv": [ 11.5, 5.5, 15, 6 ], "texture": "#top", "cullface": "up" },
				"south": { "uv": [ 11.5, 6, 15, 5.5 ], "texture": "#top", "cullface": "up" },
				"west": { "uv": [ 11.5, 5.5, 12, 6 ], "texture": "#top", "cullface": "up", "rotation": 180 },
				"east": { "uv": [ 14.5, 5.5, 15, 6 ], "texture": "#top", "cullface": "up", "rotation": 180 }
			}
		},
		{
			"from": [ 1.479, -0.5, 15.02 ],
			"to": [ 4.519, 0, 15.52 ],
			"faces": {
				"down": { "uv": [ 1.5, 0.5, 4.5, 1 ], "texture": "#top", "cullface": "down" },
				"south": { "uv": [ 1.5, 1, 4.5, 0.5 ], "texture": "#top", "cullface": "down" },
				"west": { "uv": [ 1.5, 0.5, 2, 1 ], "texture": "#top", "cullface": "down", "rotation": 180 },
				"east": { "uv": [ 4, 0.5, 4.5, 1 ], "texture": "#top", "cullface": "down", "rotation": 180 }
			}
		},
		{
			"from": [ 1.48, -0.5, 0.48 ],
			"to": [ 5.02, 0, 15.02 ],
			"faces": {
				"down": { "uv": [ 1.5, 1, 5, 15.5 ], "texture": "#top", "cullface": "down" },
				"north": { "uv": [ 5, 15.5, 1.5, 15 ], "texture": "#top", "cullface": "down" },
				"south": { "uv": [ 5, 1.5, 1.5, 1 ], "texture": "#top", "cullface": "down" },
				"west": { "uv": [ 1.5, 1, 2, 15.5 ], "texture": "#top", "cullface": "down", "rotation": 90 },
				"east": { "uv": [ 4.5, 1, 5, 15.5 ], "texture": "#top", "cullface": "down", "rotation": 270 }
			}
		},
		{
			"from": [ 0.98, -0.5, 9.98 ],
			"to": [ 1.48, 0, 14.52 ],
			"faces": {
				"down": { "uv": [ 1, 1.5, 1.5, 6 ], "texture": "#top", "cullface": "down" },
				"north": { "uv": [ 1.5, 6, 1, 5.5 ], "texture": "#top", "cullface": "down" },
				"south": { "uv": [ 1.5, 2, 1, 1.5 ], "texture": "#top", "cullface": "down" },
				"west": { "uv": [ 1, 1.5, 1.5, 6 ], "texture": "#top", "cullface": "down", "rotation": 90 }
			}
		},
		{
			"from": [ 0.98, -0.5, 0.98 ],
			"to": [ 1.48, 0, 6.02 ],
			"faces": {
				"down": { "uv": [ 1, 10, 1.5, 15 ], "texture": "#top", "cullface": "down" },
				"north": { "uv": [ 1.5, 15, 1, 14.5 ], "texture": "#top", "cullface": "down" },
				"south": { "uv": [ 1.5, 10.5, 1, 10 ], "texture": "#top", "cullface": "down" },
				"west": { "uv": [ 1, 10, 1.5, 15 ], "texture": "#top", "cullface": "down", "rotation": 90 }
			}
		},
		{
			"from": [ 5.02, -0.5, 0.48 ],
			"to": [ 5.52, 0, 12.52 ],
			"faces": {
				"down": { "uv": [ 5, 3.5, 5.5, 15.5 ], "texture": "#top", "cullface": "down" },
				"north": { "uv": [ 5.5, 15.5, 5, 15 ], "texture": "#top", "cullface": "down" },
				"south": { "uv": [ 5.5, 4, 5, 3.5 ], "texture": "#top", "cullface": "down" },
				"east": { "uv": [ 5, 3.5, 5.5, 15.5 ], "texture": "#top", "cullface": "down", "rotation": 270 }
			}
		},
		{
			"from": [ 6.48, -0.5, 15.02 ],
			"to": [ 15.02, 0, 15.52 ],
			"faces": {
				"down": { "uv": [ 6.5, 0.5, 15, 1 ], "texture": "#top", "cullface": "down" },
				"south": { "uv": [ 6.5, 1, 15, 0.5 ], "texture": "#top", "cullface": "down" },
				"west": { "uv": [ 6.5, 0.5, 7, 1 ], "texture": "#top", "cullface": "down", "rotation": 180 },
				"east": { "uv": [ 14.5, 0.5, 15, 1 ], "texture": "#top", "cullface": "down", "rotation": 180 }
			}
		},
		{
			"from": [ 5.98, -0.5, 11.52 ],
			"to": [ 15.52, 0, 15.02 ],
			"faces": {
				"down": { "uv": [ 6, 1, 15.5, 4.5 ], "texture": "#top", "cullface": "down" },
				"north": { "uv": [ 15.5, 4.5, 6, 4 ], "texture": "#top", "cullface": "down" },
				"south": { "uv": [ 6, 1.5, 15.5, 1 ], "texture": "#top", "cullface": "down" },
				"west": { "uv": [ 6, 1, 6.5, 4.5 ], "texture": "#top", "cullface": "down", "rotation": 90 },
				"east": { "uv": [ 15, 1, 15.5, 4.5 ], "texture": "#top", "cullface": "down", "rotation": 270 }
			}
		},
		{
			"from": [ 5.5, -0.5, 11 ],
			"to": [ 12.52, 0, 11.52 ],
			"faces": {
				"down": { "uv": [ 5.5, 4.5, 12.5, 5 ], "texture": "#top", "cullface": "down" },
				"north": { "uv": [ 12.5, 5, 5.5, 4.5 ], "texture": "#top", "cullface": "down" },
				"south": { "uv": [ 12.5, 5, 5.5, 4.5 ], "texture": "#top", "cullface": "down" },
				"east": { "uv": [ 12, 4.5, 12.5, 5 ], "texture": "#top", "cullface": "down", "rotation": 180 }
			}
		},
		{
			"from": [ 5.5, -0.5, 5 ],
			"to": [ 11, 0, 11 ],
			"faces": {
				"down": { "uv": [ 5.5, 5, 11, 11 ], "texture": "#top", "cullface": "down" },
				"north": { "uv": [ 11, 11, 5.5, 10.5 ], "texture": "#top", "cullface": "down" },
				"east": { "uv": [ 10.5, 5, 11, 11 ], "texture": "#top", "cullface": "down", "rotation": 90 }
			}
		},
		{
			"from": [ 5.52, -0.5, 0.98 ],
			"to": [ 6.52, 0, 5 ],
			"faces": {
				"down": { "uv": [ 5.5, 11, 6.5, 15 ], "texture": "#top", "cullface": "down" },
				"north": { "uv": [ 6.5, 15, 5.5, 14.5 ], "texture": "#top", "cullface": "down" },
				"east": { "uv": [ 6, 11, 6.5, 15 ], "texture": "#top", "cullface": "down", "rotation": 270 }
			}
		},
		{
			"from": [ 6.5, -0.5, 3.5 ],
			"to": [ 7, 0, 5 ],
			"faces": {
				"down": { "uv": [ 6.5, 11, 7, 12.5 ], "texture": "#top", "cullface": "down" },
				"north": { "uv": [ 7, 12.5, 6.5, 12 ], "texture": "#top", "cullface": "down" },
				"east": { "uv": [ 6.5, 11, 7, 12.5 ], "texture": "#top", "cullface": "down", "rotation": 270 }
			}
		},
		{
			"from": [ 7.5, -0.5, 1.48 ],
			"to": [ 15.52, 0, 5 ],
			"faces": {
				"down": { "uv": [ 7.5, 11, 15.5, 14.5 ], "texture": "#top", "cullface": "down" },
				"north": { "uv": [ 15.5, 14.5, 7.5, 14 ], "texture": "#top", "cullface": "down" },
				"west": { "uv": [ 7.5, 11, 8, 14.5 ], "texture": "#top", "cullface": "down", "rotation": 90 },
				"east": { "uv": [ 15, 11, 15.5, 14.5 ], "texture": "#top", "cullface": "down", "rotation": 90 }
			}
		},
		{
			"from": [ 8.98, -0.5, 0.98 ],
			"to": [ 14.52, 0, 1.48 ],
			"faces": {
				"down": { "uv": [ 9, 14.5, 14.5, 15 ], "texture": "#top", "cullface": "down" },
				"north": { "uv": [ 14.5, 15, 9, 14.5 ], "texture": "#top", "cullface": "down" },
				"west": { "uv": [ 9, 14.5, 9.5, 15 ], "texture": "#top", "cullface": "down", "rotation": 180 },
				"east": { "uv": [ 14, 14.5, 14.5, 15 ], "texture": "#top", "cullface": "down", "rotation": 180 }
			}
		},
		{
			"from": [ 11, -0.5, 5 ],
			"to": [ 15.52, 0, 10 ],
			"faces": {
				"down": { "uv": [ 11, 6, 15.5, 11 ], "texture": "#top", "cullface": "down" },
				"south": { "uv": [ 11, 6.5, 15.5, 6 ], "texture": "#top", "cullface": "down" },
				"east": { "uv": [ 15, 6, 15.5, 11 ], "texture": "#top", "cullface": "down", "rotation": 270 }
			}
		},
		{
			"from": [ 4.98, -0.3, 1.48 ],
			"to": [ 15.02, 2.980232E-08, 15.02 ],
			"faces": {
				"down": { "uv": [ 5, 1, 15, 14.5 ], "texture": "#top", "cullface": "down" },
				"north": { "uv": [ 15, 14.5, 5, 14 ], "texture": "#top", "cullface": "down" },
				"south": { "uv": [ 5, 1.5, 15, 1 ], "texture": "#top", "cullface": "down" },
				"east": { "uv": [ 14.5, 1, 15, 14.5 ], "texture": "#top", "cullface": "down", "rotation": 270 }
			}
		},
		{
			"from": [ 11.48, 16, 5.48 ],
			"to": [ 15.02, 16.4, 6.02 ],
			"faces": {
				"up": { "uv": [ 11.5, 5.5, 15, 6 ], "texture": "#top", "cullface": "up" },
				"north": { "uv": [ 15, 5.5, 11.5, 6 ], "texture": "#top", "cullface": "up" },
				"west": { "uv": [ 11.5, 5.5, 12, 6 ], "texture": "#top", "cullface": "up" },
				"east": { "uv": [ 14.5, 5.5, 15, 6 ], "texture": "#top", "cullface": "up" }
			}
		},
		{
			"from": [ 1.48, 16, 0.48 ],
			"to": [ 4.52, 16.4, 0.98 ],
			"faces": {
				"up": { "uv": [ 1.5, 0.5, 4.5, 1 ], "texture": "#top", "cullface": "up" },
				"north": { "uv": [ 4.5, 0.5, 1.5, 1 ], "texture": "#top", "cullface": "up" },
				"west": { "uv": [ 1.5, 0.5, 2, 1 ], "texture": "#top", "cullface": "up" },
				"east": { "uv": [ 4, 0.5, 4.5, 1 ], "texture": "#top", "cullface": "up" }
			}
		},
		{
			"from": [ 1.48, 16, 0.98 ],
			"to": [ 5.02, 16.4, 15.52 ],
			"faces": {
				"up": { "uv": [ 1.5, 1, 5, 15.5 ], "texture": "#top", "cullface": "up" },
				"north": { "uv": [ 1.5, 1, 5, 1.5 ], "texture": "#top", "cullface": "up" },
				"south": { "uv": [ 1.5, 15, 5, 15.5 ], "texture": "#top", "cullface": "up" },
				"west": { "uv": [ 1.5, 1, 2, 15.5 ], "texture": "#top", "cullface": "up", "rotation": 270 },
				"east": { "uv": [ 4.5, 1, 5, 15.5 ], "texture": "#top", "cullface": "up", "rotation": 90 }
			}
		},
		{
			"from": [ 0.98, 16, 1.48 ],
			"to": [ 1.48, 16.4, 6.02 ],
			"faces": {
				"up": { "uv": [ 1, 1.5, 1.5, 6 ], "texture": "#top", "cullface": "up" },
				"north": { "uv": [ 1, 1.5, 1.5, 2 ], "texture": "#top", "cullface": "up" },
				"south": { "uv": [ 1, 5.5, 1.5, 6 ], "texture": "#top", "cullface": "up" },
				"west": { "uv": [ 1, 1.5, 1.5, 6 ], "texture": "#top", "cullface": "up", "rotation": 270 }
			}
		},
		{
			"from": [ 0.98, 16, 9.98 ],
			"to": [ 1.48, 16.4, 15.02 ],
			"faces": {
				"up": { "uv": [ 1, 10, 1.5, 15 ], "texture": "#top", "cullface": "up" },
				"north": { "uv": [ 1, 10, 1.5, 10.5 ], "texture": "#top", "cullface": "up" },
				"south": { "uv": [ 1, 14.5, 1.5, 15 ], "texture": "#top", "cullface": "up" },
				"west": { "uv": [ 1, 10, 1.5, 15 ], "texture": "#top", "cullface": "up", "rotation": 270 }
			}
		},
		{
			"from": [ 5.02, 16, 3.48 ],
			"to": [ 5.52, 16.4, 15.52 ],
			"faces": {
				"up": { "uv": [ 5, 3.5, 5.5, 15.5 ], "texture": "#top", "cullface": "up" },
				"north": { "uv": [ 5, 3.5, 5.5, 4 ], "texture": "#top", "cullface": "up" },
				"south": { "uv": [ 5, 15, 5.5, 15.5 ], "texture": "#top", "cullface": "up" },
				"east": { "uv": [ 5, 3.5, 5.5, 15.5 ], "texture": "#top", "cullface": "up", "rotation": 90 }
			}
		},
		{
			"from": [ 6.48, 16, 0.48 ],
			"to": [ 15.02, 16.4, 0.98 ],
			"faces": {
				"up": { "uv": [ 6.5, 0.5, 15, 1 ], "texture": "#top", "cullface": "up" },
				"north": { "uv": [ 15, 0.5, 6.5, 1 ], "texture": "#top", "cullface": "up" },
				"west": { "uv": [ 6.5, 0.5, 7, 1 ], "texture": "#top", "cullface": "up" },
				"east": { "uv": [ 14.5, 0.5, 15, 1 ], "texture": "#top", "cullface": "up" }
			}
		},
		{
			"from": [ 5.98, 16, 0.98 ],
			"to": [ 15.52, 16.4, 4.48 ],
			"faces": {
				"up": { "uv": [ 6, 1, 15.5, 4.5 ], "texture": "#top", "cullface": "up" },
				"north": { "uv": [ 15.5, 1, 6, 1.5 ], "texture": "#top", "cullface": "up" },
				"south": { "uv": [ 6, 4, 15.5, 4.5 ], "texture": "#top", "cullface": "up" },
				"west": { "uv": [ 6, 1, 6.5, 4.5 ], "texture": "#top", "cullface": "up", "rotation": 270 },
				"east": { "uv": [ 15, 1, 15.5, 4.5 ], "texture": "#top", "cullface": "up", "rotation": 90 }
			}
		},
		{
			"from": [ 5.5, 16, 4.48 ],
			"to": [ 12.52, 16.4, 5 ],
			"faces": {
				"up": { "uv": [ 5.5, 4.5, 12.5, 5 ], "texture": "#top", "cullface": "up" },
				"north": { "uv": [ 5.5, 4.5, 12.5, 5 ], "texture": "#top", "cullface": "up" },
				"south": { "uv": [ 5.5, 4.5, 12.5, 5 ], "texture": "#top", "cullface": "up" },
				"east": { "uv": [ 12, 4.5, 12.5, 5 ], "texture": "#top", "cullface": "up" }
			}
		},
		{
			"from": [ 5.5, 16, 5 ],
			"to": [ 11, 16.4, 11 ],
			"faces": {
				"up": { "uv": [ 5.5, 5, 11, 11 ], "texture": "#top", "cullface": "up" },
				"south": { "uv": [ 5.5, 10.5, 11, 11 ], "texture": "#top", "cullface": "up" },
				"east": { "uv": [ 10.5, 5, 11, 11 ], "texture": "#top", "cullface": "up", "rotation": 270 }
			}
		},
		{
			"from": [ 5.52, 16, 11 ],
			"to": [ 6.52, 16.4, 15.02 ],
			"faces": {
				"up": { "uv": [ 5.5, 11, 6.5, 15 ], "texture": "#top", "cullface": "up" },
				"south": { "uv": [ 5.5, 14.5, 6.5, 15 ], "texture": "#top", "cullface": "up" },
				"east": { "uv": [ 6, 11, 6.5, 15 ], "texture": "#top", "cullface": "up", "rotation": 90 }
			}
		},
		{
			"from": [ 6.5, 16, 11 ],
			"to": [ 7, 16.4, 12.5 ],
			"faces": {
				"up": { "uv": [ 6.5, 11, 7, 12.5 ], "texture": "#top", "cullface": "up" },
				"south": { "uv": [ 6.5, 12, 7, 12.5 ], "texture": "#top", "cullface": "up" },
				"east": { "uv": [ 6.5, 11, 7, 12.5 ], "texture": "#top", "cullface": "up", "rotation": 90 }
			}
		},
		{
			"from": [ 7.5, 16, 11 ],
			"to": [ 15.52, 16.4, 14.52 ],
			"faces": {
				"up": { "uv": [ 7.5, 11, 15.5, 14.5 ], "texture": "#top", "cullface": "up" },
				"south": { "uv": [ 7.5, 14, 15.5, 14.5 ], "texture": "#top", "cullface": "up" },
				"west": { "uv": [ 7.5, 11, 8, 14.5 ], "texture": "#top", "cullface": "up", "rotation": 270 },
				"east": { "uv": [ 15, 11, 15.5, 14.5 ], "texture": "#top", "cullface": "up", "rotation": 270 }
			}
		},
		{
			"from": [ 8.98, 16, 14.52 ],
			"to": [ 14.52, 16.4, 15.02 ],
			"faces": {
				"up": { "uv": [ 9, 14.5, 14.5, 15 ], "texture": "#top", "cullface": "up" },
				"south": { "uv": [ 9, 14.5, 14.5, 15 ], "texture": "#top", "cullface": "up" },
				"west": { "uv": [ 9, 14.5, 9.5, 15 ], "texture": "#top", "cullface": "up" },
				"east": { "uv": [ 14, 14.5, 14.5, 15 ], "texture": "#top", "cullface": "up" }
			}
		},
		{
			"from": [ 11, 16, 6 ],
			"to": [ 15.52, 16.4, 11 ],
			"faces": {
				"up": { "uv": [ 11, 6, 15.5, 11 ], "texture": "#top", "cullface": "up" },
				"north": { "uv": [ 15.5, 6, 11, 6.5 ], "texture": "#top", "cullface": "up" },
				"east": { "uv": [ 15, 6, 15.5, 11 ], "texture": "#top", "cullface": "up", "rotation": 90 }
			}
		},
		{
			"from": [ 4.98, 16, 0.98 ],
			"to": [ 15.02, 16.3, 14.52 ],
			"faces": {
				"up": { "uv": [ 5, 1, 15, 14.5 ], "texture": "#top", "cullface": "up" },
				"north": { "uv": [ 15, 1, 5, 1.5 ], "texture": "#top", "cullface": "up" },
				"south": { "uv": [ 5, 14, 15, 14.5 ], "texture": "#top", "cullface": "up" },
				"east": { "uv": [ 14.5, 1, 15, 14.5 ], "texture": "#top", "cullface": "up", "rotation": 90 }
			}
		}
	]
}