{
	"__comment": "Created by Filal",
	"textures": {
		"0": "block/iron_door_bottom",
		"particle": "block/iron_door_bottom",
		"1": "block/iron_door_edge"
	},
	"elements": [ 	 
		{
			"from": [ 8.5, 11.5, 1 ],
			"to": [ 10.5, 15.5, 2 ],
			"faces": {
				"north": { "uv": [ 13.51, 6.01, 15.49, 9.99 ], "texture": "#1" },
				"south": { "uv": [ 13.51, 6.01, 15.49, 9.99 ], "texture": "#1" },
				"west": { "uv": [ 7.51, 8.51, 8.49, 12.49 ], "texture": "#0" },
				"east": { "uv": [ 7.51, 8.51, 8.49, 12.49 ], "texture": "#0" }
			}
		},
		{
			"from": [ 9, 11.5, 0.5 ],
			"to": [ 10, 16, 2.5 ],
			"faces": {
				"up": { "uv": [ 6.51, 6.01, 8.49, 6.99 ], "texture": "#1", "rotation": 90 },
				"north": { "uv": [ 9.01, 0.51, 9.99, 4.99 ], "texture": "#0" },
				"south": { "uv": [ 9.99, 0.51, 9.01, 4.99 ], "texture": "#0" },
				"west": { "uv": [ 13.51, 5.51, 15.49, 9.99 ], "texture": "#1" },
				"east": { "uv": [ 13.51, 5.51, 15.49, 9.99 ], "texture": "#1" }
			}
		},
		{
			"from": [ 5.5, 11.5, 1 ],
			"to": [ 7.5, 15.5, 2 ],
			"faces": {
				"north": { "uv": [ 13.51, 6.01, 15.49, 9.99 ], "texture": "#1" },
				"south": { "uv": [ 13.51, 6.01, 15.49, 9.99 ], "texture": "#1" },
				"west": { "uv": [ 7.51, 8.51, 8.49, 12.49 ], "texture": "#0" },
				"east": { "uv": [ 7.51, 8.51, 8.49, 12.49 ], "texture": "#0" }
			}
		},
		{
			"from": [ 6, 11.5, 0.5 ],
			"to": [ 7, 16, 2.5 ],
			"faces": {
				"up": { "uv": [ 6.51, 9.01, 8.49, 9.99 ], "texture": "#1", "rotation": 90 },
				"north": { "uv": [ 9.01, 0.51, 9.99, 4.99 ], "texture": "#0" },
				"south": { "uv": [ 9.99, 0.51, 9.01, 4.99 ], "texture": "#0" },
				"west": { "uv": [ 13.51, 5.51, 15.49, 9.99 ], "texture": "#1" },
				"east": { "uv": [ 13.51, 5.51, 15.49, 9.99 ], "texture": "#1" }
			}
		},
		{
			"from": [ 3.5, 15.5, 1 ],
			"to": [ 11, 16, 2 ],
			"faces": {
				"down": { "uv": [ 11.51, 3.01, 12.49, 10.49 ], "texture": "#1", "rotation": 270 },
				"up": { "uv": [ 7.01, 5.01, 7.99, 12.49 ], "texture": "#1", "rotation": 90 },
				"north": { "uv": [ 10.51, 6.01, 10.99, 13.49 ], "texture": "#1", "rotation": 90 },
				"south": { "uv": [ 11.51, 6.01, 11.99, 13.49 ], "texture": "#1", "rotation": 270 }
			}
		},
		{
			"from": [ 14, 15.5, 0.5 ],
			"to": [ 14.5, 16, 2.5 ],
			"faces": {
				"up": { "uv": [ 6.51, 1.51, 8.49, 1.99 ], "texture": "#1", "rotation": 270 },
				"north": { "uv": [ 14.01, 0.01, 14.49, 0.49 ], "texture": "#0", "rotation": 180 },
				"south": { "uv": [ 14.01, 0.01, 14.49, 0.49 ], "texture": "#0", "rotation": 180 },
				"west": { "uv": [ 6.51, 1.51, 8.49, 1.99 ], "texture": "#1", "rotation": 180 }
			}
		},
		{
			"from": [ 12.5, 15.5, 0.5 ],
			"to": [ 13.5, 16, 2.5 ],
			"faces": {
				"up": { "uv": [ 6.51, 2.51, 8.49, 3.49 ], "texture": "#1", "rotation": 90 },
				"north": { "uv": [ 13.49, 0.01, 12.51, 0.49 ], "texture": "#0" },
				"south": { "uv": [ 12.51, 0.01, 13.49, 0.49 ], "texture": "#0" },
				"east": { "uv": [ 6.51, 3.51, 8.49, 3.99 ], "texture": "#1" }
			}
		},
		{
			"from": [ 12.5, 14.5, 0 ],
			"to": [ 14.5, 15, 3 ],
			"faces": {
				"down": { "uv": [ 0.51, 7.01, 2.49, 7.49 ], "texture": "#1", "rotation": 90 },
				"up": { "uv": [ 0.51, 2.51, 2.49, 2.99 ], "texture": "#1", "rotation": 180 },
				"north": { "uv": [ 14.49, 1.01, 12.51, 1.49 ], "texture": "#0", "rotation": 180 },
				"south": { "uv": [ 12.51, 1.01, 14.49, 1.49 ], "texture": "#0" },
				"west": { "uv": [ 0.01, 11.51, 0.49, 11.99 ], "texture": "#1", "rotation": 180 },
				"east": { "uv": [ 0.51, 12.01, 0.99, 12.49 ], "texture": "#1" }
			}
		},
		{
			"from": [ 15.5, 15.5, 0.5 ],
			"to": [ 16, 16, 2.5 ],
			"faces": {
				"up": { "uv": [ 6.51, 0.01, 8.49, 0.49 ], "texture": "#1", "rotation": 270 },
				"north": { "uv": [ 15.51, 0.01, 15.99, 0.49 ], "texture": "#0", "rotation": 180 },
				"south": { "uv": [ 15.51, 0.01, 15.99, 0.49 ], "texture": "#0" },
				"east": { "uv": [ 13.51, 0.01, 15.49, 0.49 ], "texture": "#1" }
			}
		},
		{
			"from": [ 11, 15.5, 0.5 ],
			"to": [ 11.5, 16, 2.5 ],
			"faces": {
				"down": { "uv": [ 0.51, 10.51, 2.49, 10.99 ], "texture": "#1", "rotation": 90 },
				"up": { "uv": [ 6.51, 4.51, 8.49, 4.99 ], "texture": "#1", "rotation": 270 },
				"north": { "uv": [ 11.01, 0.01, 11.49, 0.49 ], "texture": "#0", "rotation": 180 },
				"south": { "uv": [ 11.01, 0.01, 11.49, 0.49 ], "texture": "#0" },
				"west": { "uv": [ 6.51, 5.51, 8.49, 5.99 ], "texture": "#1", "rotation": 180 }
			}
		},
		{
			"from": [ 15, 14.5, 0 ],
			"to": [ 15.5, 15, 3 ],
			"faces": {
				"up": { "uv": [ 8.01, 9.01, 8.49, 9.49 ], "texture": "#0", "rotation": 270 },
				"north": { "uv": [ 15.01, 1.01, 15.49, 1.49 ], "texture": "#0", "rotation": 180 },
				"south": { "uv": [ 15.01, 1.01, 15.49, 1.49 ], "texture": "#0" },
				"west": { "uv": [ 4.51, 8.51, 4.99, 8.99 ], "texture": "#0", "rotation": 180 },
				"east": { "uv": [ 14.01, 11.01, 14.49, 11.49 ], "texture": "#0" }
			}
		},
		{
			"from": [ 14, 12, 0 ],
			"to": [ 15.5, 14, 3 ],
			"faces": {
				"down": { "uv": [ 12.51, 9.01, 12.99, 10.49 ], "texture": "#0", "rotation": 90 },
				"up": { "uv": [ 14.51, 2.01, 14.99, 3.49 ], "texture": "#0", "rotation": 270 },
				"north": { "uv": [ 15.49, 2.01, 14.01, 3.99 ], "texture": "#0" },
				"south": { "uv": [ 14.01, 2.01, 15.49, 3.99 ], "texture": "#0" },
				"west": { "uv": [ 13.01, 10.51, 13.49, 12.49 ], "texture": "#0", "rotation": 180 },
				"east": { "uv": [ 14.51, 2.01, 14.99, 3.99 ], "texture": "#0" }
			}
		},
		{
			"from": [ 13, 12, 0 ],
			"to": [ 13.5, 14, 3 ],
			"faces": {
				"down": { "uv": [ 0.51, 15.01, 0.99, 15.49 ], "texture": "#0", "rotation": 90 },
				"up": { "uv": [ 1.01, 13.01, 1.49, 13.49 ], "texture": "#0", "rotation": 270 },
				"north": { "uv": [ 13.01, 2.01, 13.49, 3.99 ], "texture": "#0" },
				"south": { "uv": [ 13.01, 2.01, 13.49, 3.99 ], "texture": "#0" },
				"west": { "uv": [ 13.01, 10.51, 13.49, 12.49 ], "texture": "#0", "rotation": 180 },
				"east": { "uv": [ 1.51, 2.01, 1.99, 3.99 ], "texture": "#0" }
			}
		},
		{
			"from": [ 12.5, 11.5, 0.5 ],
			"to": [ 16, 15.5, 2.5 ],
			"faces": {
				"up": { "uv": [ 6.51, 0.01, 8.49, 3.49 ], "texture": "#1", "rotation": 90 },
				"north": { "uv": [ 15.99, 0.51, 12.51, 4.49 ], "texture": "#0" },
				"south": { "uv": [ 12.51, 0.51, 15.99, 4.49 ], "texture": "#0" },
				"west": { "uv": [ 13.51, 0.51, 15.49, 4.49 ], "texture": "#1" },
				"east": { "uv": [ 13.51, 0.51, 15.49, 4.49 ], "texture": "#1" }
			}
		},
		{
			"from": [ 2.5, 12, 0 ],
			"to": [ 3, 14, 3 ],
			"faces": {
				"down": { "uv": [ 3.01, 14.01, 3.49, 14.49 ], "texture": "#0", "rotation": 90 },
				"up": { "uv": [ 3.51, 10.51, 3.99, 10.99 ], "texture": "#0", "rotation": 270 },
				"north": { "uv": [ 2.51, 2.01, 2.99, 3.99 ], "texture": "#0" },
				"south": { "uv": [ 2.51, 2.01, 2.99, 3.99 ], "texture": "#0" },
				"west": { "uv": [ 0.01, 2.01, 0.49, 3.99 ], "texture": "#0", "rotation": 180 },
				"east": { "uv": [ 3.51, 9.51, 3.99, 11.49 ], "texture": "#0" }
			}
		},
		{
			"from": [ 2.5, 14.5, 0 ],
			"to": [ 3, 15.5, 3 ],
			"faces": {
				"down": { "uv": [ 3.01, 10.51, 3.49, 10.99 ], "texture": "#0", "rotation": 90 },
				"up": { "uv": [ 3.51, 9.51, 3.99, 9.99 ], "texture": "#0", "rotation": 270 },
				"north": { "uv": [ 2.51, 0.51, 2.99, 1.49 ], "texture": "#0" },
				"south": { "uv": [ 2.51, 0.51, 2.99, 1.49 ], "texture": "#0" },
				"west": { "uv": [ 0.51, 12.51, 0.99, 13.49 ], "texture": "#0", "rotation": 180 },
				"east": { "uv": [ 14.51, 2.51, 14.99, 3.49 ], "texture": "#0" }
			}
		},
		{
			"from": [ 0.5, 15, 0 ],
			"to": [ 2, 16, 3 ],
			"faces": {
				"down": { "uv": [ 0.51, 4.51, 1.99, 4.99 ], "texture": "#0" },
				"up": { "uv": [ 6.01, 14.01, 8.99, 15.49 ], "texture": "#1", "rotation": 90 },
				"north": { "uv": [ 1.99, 0.01, 0.51, 0.99 ], "texture": "#0" },
				"south": { "uv": [ 0.51, 0.01, 1.99, 0.99 ], "texture": "#0" },
				"west": { "uv": [ 0.51, 3.01, 0.99, 3.99 ], "texture": "#0" },
				"east": { "uv": [ 1.01, 7.01, 1.49, 7.99 ], "texture": "#0" }
			}
		},
		{
			"from": [ 0.5, 12, 0 ],
			"to": [ 2, 14.5, 3 ],
			"faces": {
				"down": { "uv": [ 7.51, 10.51, 7.99, 12.49 ], "texture": "#0", "rotation": 90 },
				"up": { "uv": [ 0.51, 3.51, 1.99, 3.99 ], "texture": "#0" },
				"north": { "uv": [ 1.99, 1.51, 0.51, 3.99 ], "texture": "#0" },
				"south": { "uv": [ 0.51, 1.51, 1.99, 3.99 ], "texture": "#0" },
				"west": { "uv": [ 1.51, 1.51, 1.99, 3.99 ], "texture": "#0", "rotation": 180 },
				"east": { "uv": [ 1.01, 1.51, 1.49, 3.99 ], "texture": "#0" }
			}
		},
		{
			"from": [ 0, 11.5, 0.5 ],
			"to": [ 3.5, 16, 2.5 ],
			"faces": {
				"up": { "uv": [ 6.51, 12.51, 8.49, 15.99 ], "texture": "#1", "rotation": 90 },
				"north": { "uv": [ 3.49, 0.01, 0.01, 4.49 ], "texture": "#0" },
				"south": { "uv": [ 0.01, 0.01, 3.49, 4.49 ], "texture": "#0" },
				"west": { "uv": [ 0.51, 0.01, 2.49, 4.49 ], "texture": "#1" },
				"east": { "uv": [ 6.51, 11.51, 8.49, 15.99 ], "texture": "#1" }
			}
		},
		{
			"from": [ 13.5, 10, 0 ],
			"to": [ 14.5, 10.5, 3 ],
			"faces": {
				"down": { "uv": [ 15.01, 2.01, 15.49, 2.99 ], "texture": "#0", "rotation": 90 },
				"up": { "uv": [ 0.51, 12.51, 0.99, 13.49 ], "texture": "#0", "rotation": 270 },
				"north": { "uv": [ 14.49, 5.51, 13.51, 5.99 ], "texture": "#0" },
				"south": { "uv": [ 13.51, 5.51, 14.49, 5.99 ], "texture": "#0" },
				"west": { "uv": [ 8.01, 11.01, 8.49, 11.49 ], "texture": "#0", "rotation": 180 },
				"east": { "uv": [ 2.51, 13.01, 2.99, 13.49 ], "texture": "#0" }
			}
		},
		{
			"from": [ 14.5, 9, 0 ],
			"to": [ 15.5, 9.5, 3 ],
			"faces": {
				"up": { "uv": [ 14.01, 6.51, 14.99, 6.99 ], "texture": "#0", "rotation": 180 },
				"north": { "uv": [ 15.49, 6.51, 14.51, 6.99 ], "texture": "#0", "rotation": 180 },
				"south": { "uv": [ 14.51, 6.51, 15.49, 6.99 ], "texture": "#0" },
				"west": { "uv": [ 3.51, 6.01, 3.99, 6.49 ], "texture": "#0", "rotation": 180 },
				"east": { "uv": [ 6.51, 14.01, 6.99, 14.49 ], "texture": "#0" }
			}
		},
		{
			"from": [ 14, 4, 0 ],
			"to": [ 16, 5, 3 ],
			"faces": {
				"down": { "uv": [ 14.01, 11.01, 15.99, 11.49 ], "texture": "#0" },
				"up": { "uv": [ 0.01, 11.01, 1.99, 11.99 ], "texture": "#0", "rotation": 180 },
				"north": { "uv": [ 15.99, 11.01, 14.01, 11.99 ], "texture": "#0" },
				"south": { "uv": [ 14.01, 11.01, 15.99, 11.99 ], "texture": "#0" },
				"west": { "uv": [ 0.01, 11.01, 2.99, 11.99 ], "texture": "#1", "rotation": 180 },
				"east": { "uv": [ 13.01, 11.01, 15.99, 11.99 ], "texture": "#1" }
			}
		},
		{
			"from": [ 14.5, 3.5, 0 ],
			"to": [ 15.5, 5.5, 3 ],
			"faces": {
				"down": { "uv": [ 7.01, 13.01, 7.99, 13.49 ], "texture": "#0" },
				"up": { "uv": [ 3.01, 6.01, 3.99, 6.49 ], "texture": "#0", "rotation": 180 },
				"north": { "uv": [ 15.49, 10.51, 14.51, 12.49 ], "texture": "#0" },
				"south": { "uv": [ 14.51, 10.51, 15.49, 12.49 ], "texture": "#0" },
				"west": { "uv": [ 14.51, 10.51, 14.99, 12.49 ], "texture": "#0", "rotation": 180 },
				"east": { "uv": [ 15.01, 10.51, 15.49, 12.49 ], "texture": "#0" }
			}
		},
		{
			"from": [ 1.5, 10, 0 ],
			"to": [ 2.5, 10.5, 3 ],
			"faces": {
				"down": { "uv": [ 0.51, 8.51, 2.49, 9.49 ], "texture": "#0", "rotation": 90 },
				"up": { "uv": [ 0.51, 12.51, 0.99, 13.49 ], "texture": "#0", "rotation": 270 },
				"north": { "uv": [ 2.49, 5.51, 1.51, 5.99 ], "texture": "#0" },
				"south": { "uv": [ 0.51, 14.01, 1.49, 14.49 ], "texture": "#0" },
				"west": { "uv": [ 0.51, 14.01, 0.99, 14.49 ], "texture": "#0", "rotation": 180 },
				"east": { "uv": [ 0.51, 14.01, 0.99, 14.49 ], "texture": "#0" }
			}
		},
		{
			"from": [ 2.5, 10.5, 0 ],
			"to": [ 13.5, 11, 3 ],
			"faces": {
				"down": { "uv": [ 6.01, 3.51, 8.99, 13.99 ], "texture": "#1", "rotation": 270 },
				"up": { "uv": [ 6.01, 1.51, 8.99, 12.49 ], "texture": "#1", "rotation": 270 },
				"north": { "uv": [ 13.49, 5.01, 2.51, 5.49 ], "texture": "#0", "rotation": 180 },
				"south": { "uv": [ 2.51, 5.01, 13.49, 5.49 ], "texture": "#0", "rotation": 180 },
				"west": { "uv": [ 0.51, 14.01, 2.49, 14.49 ], "texture": "#0", "rotation": 180 },
				"east": { "uv": [ 0.51, 14.01, 2.49, 14.49 ], "texture": "#0" }
			}
		},
		{
			"from": [ 10, 9, 0 ],
			"to": [ 10.5, 10, 3 ],
			"faces": {
				"down": { "uv": [ 3.51, 15.01, 5.49, 15.49 ], "texture": "#1", "rotation": 90 },
				"up": { "uv": [ 3.51, 10.01, 3.99, 10.49 ], "texture": "#1", "rotation": 270 },
				"north": { "uv": [ 10.01, 6.01, 10.49, 6.99 ], "texture": "#0" },
				"south": { "uv": [ 10.01, 6.01, 10.49, 6.99 ], "texture": "#0" }
			}
		},
		{
			"from": [ 7, 7.5, 0 ],
			"to": [ 7.5, 10, 3 ],
			"faces": {
				"down": { "uv": [ 10.51, 3.51, 12.49, 3.99 ], "texture": "#1", "rotation": 90 },
				"up": { "uv": [ 10.51, 13.01, 12.49, 13.49 ], "texture": "#1", "rotation": 270 },
				"north": { "uv": [ 7.01, 6.01, 7.49, 8.49 ], "texture": "#0" },
				"south": { "uv": [ 7.01, 6.01, 7.49, 8.49 ], "texture": "#0" },
				"west": { "uv": [ 0.51, 11.01, 2.49, 11.49 ], "texture": "#0", "rotation": 180 }
			}
		},
		{
			"from": [ 2.5, 3.5, 0 ],
			"to": [ 4, 10, 3 ],
			"faces": {
				"down": { "uv": [ 0.51, 4.51, 2.49, 5.99 ], "texture": "#1", "rotation": 180 },
				"up": { "uv": [ 0.51, 10.51, 2.49, 11.99 ], "texture": "#1", "rotation": 270 },
				"north": { "uv": [ 3.99, 6.01, 2.51, 12.49 ], "texture": "#0" },
				"south": { "uv": [ 2.51, 6.01, 3.99, 12.49 ], "texture": "#0" },
				"west": { "uv": [ 6.51, 6.01, 8.49, 12.49 ], "texture": "#1" },
				"east": { "uv": [ 6.51, 7.01, 8.49, 13.49 ], "texture": "#1" }
			}
		},
		{
			"from": [ 0.5, 8, 0 ],
			"to": [ 1.5, 9.5, 3 ],
			"faces": {
				"up": { "uv": [ 2.51, 13.01, 4.99, 13.49 ], "texture": "#0", "rotation": 270 },
				"north": { "uv": [ 1.49, 6.51, 0.51, 7.99 ], "texture": "#0" },
				"south": { "uv": [ 0.51, 10.51, 1.49, 11.99 ], "texture": "#0" },
				"west": { "uv": [ 0.51, 14.01, 2.49, 15.49 ], "texture": "#0", "rotation": 180 },
				"east": { "uv": [ 0.51, 14.01, 2.49, 15.49 ], "texture": "#0" }
			}
		},
		{
			"from": [ 0, 8, 0 ],
			"to": [ 2, 9, 3 ],
			"faces": {
				"down": { "uv": [ 1.01, 13.51, 2.99, 15.49 ], "texture": "#0", "rotation": 90 },
				"up": { "uv": [ 0.51, 13.01, 2.49, 14.99 ], "texture": "#0", "rotation": 270 },
				"north": { "uv": [ 1.99, 7.01, 0.01, 7.99 ], "texture": "#0" },
				"south": { "uv": [ 0.01, 11.01, 1.99, 11.99 ], "texture": "#0" },
				"west": { "uv": [ 0.01, 7.01, 2.99, 7.99 ], "texture": "#1" },
				"east": { "uv": [ 0.51, 13.01, 2.49, 13.99 ], "texture": "#1" }
			}
		},
		{
			"from": [ 0, 3.5, 0.5 ],
			"to": [ 16, 11.5, 2.5 ],
			"faces": {
				"up": { "uv": [ 6.51, 0.01, 8.49, 15.99 ], "texture": "#1", "rotation": 270 },
				"north": { "uv": [ 15.99, 4.51, 0.01, 12.49 ], "texture": "#0" },
				"south": { "uv": [ 0.01, 4.51, 15.99, 12.49 ], "texture": "#0" },
				"west": { "uv": [ 0.51, 4.51, 2.49, 12.49 ], "texture": "#1" },
				"east": { "uv": [ 13.51, 4.51, 15.49, 12.49 ], "texture": "#1" }
			}
		},
		{
			"from": [ 0.5, 0.5, 0 ],
			"to": [ 15.5, 3, 3 ],
			"faces": {
				"down": { "uv": [ 6.01, 0.51, 8.99, 15.49 ], "texture": "#1", "rotation": 270 },
				"up": { "uv": [ 6.01, 0.51, 6.49, 15.49 ], "texture": "#1", "rotation": 270 },
				"north": { "uv": [ 15.49, 13.01, 0.5100002, 15.49 ], "texture": "#0" },
				"south": { "uv": [ 0.51, 13.01, 15.49, 15.49 ], "texture": "#0" },
				"west": { "uv": [ 0.51, 13.01, 2.49, 15.49 ], "texture": "#0", "rotation": 180 },
				"east": { "uv": [ 0.51, 13.01, 2.49, 15.49 ], "texture": "#0" }
			}
		},
		{
			"from": [ 0, 0, 0.5 ],
			"to": [ 16, 3.5, 2.5 ],
			"faces": {
				"down": { "uv": [ 6.51, 0.01, 8.49, 15.99 ], "texture": "#1", "rotation": 270 },
				"north": { "uv": [ 15.99, 12.51, 0.01, 15.99 ], "texture": "#0" },
				"south": { "uv": [ 0.01, 12.51, 15.99, 15.99 ], "texture": "#0" },
				"west": { "uv": [ 0.51, 12.51, 2.49, 15.99 ], "texture": "#1" },
				"east": { "uv": [ 13.51, 12.51, 15.49, 15.99 ], "texture": "#1" }
			}
		},
		{
			"from": [ 0.5, 3.5, 0 ],
			"to": [ 1.5, 5.5, 3 ],
			"faces": {
				"down": { "uv": [ 0.51, 11.51, 2.49, 12.49 ], "texture": "#0", "rotation": 90 },
				"up": { "uv": [ 2.51, 13.01, 4.99, 13.49 ], "texture": "#0", "rotation": 270 },
				"north": { "uv": [ 1.49, 10.51, 0.51, 12.49 ], "texture": "#0" },
				"south": { "uv": [ 0.51, 10.51, 1.49, 12.49 ], "texture": "#0" },
				"west": { "uv": [ 0.51, 13.01, 2.49, 14.99 ], "texture": "#0", "rotation": 180 },
				"east": { "uv": [ 0.51, 13.51, 2.49, 15.49 ], "texture": "#0" }
			}
		},
		{
			"from": [ 0, 4, 0 ],
			"to": [ 2, 5, 3 ],
			"faces": {
				"down": { "uv": [ 7.01, 13.51, 8.99, 15.49 ], "texture": "#0", "rotation": 90 },
				"up": { "uv": [ 7.01, 13.51, 8.99, 15.49 ], "texture": "#0", "rotation": 270 },
				"north": { "uv": [ 1.99, 11.01, 0.01, 11.99 ], "texture": "#0" },
				"south": { "uv": [ 0.01, 11.01, 1.99, 11.99 ], "texture": "#0" },
				"west": { "uv": [ 0.01, 11.01, 2.99, 11.99 ], "texture": "#1" },
				"east": { "uv": [ 0.01, 11.01, 2.99, 11.99 ], "texture": "#1" }
			}
		},
		{
			"from": [ 0, 6, 0 ],
			"to": [ 2, 7, 3 ],
			"faces": {
				"down": { "uv": [ 7.01, 13.51, 8.99, 15.49 ], "texture": "#0", "rotation": 90 },
				"up": { "uv": [ 7.01, 13.51, 8.99, 15.49 ], "texture": "#0", "rotation": 270 },
				"north": { "uv": [ 1.99, 9.01, 0.01, 9.99 ], "texture": "#0" },
				"south": { "uv": [ 0.01, 11.01, 1.99, 11.99 ], "texture": "#0" },
				"west": { "uv": [ 0.01, 9.01, 2.99, 9.99 ], "texture": "#1" },
				"east": { "uv": [ 0.01, 9.01, 2.99, 9.99 ], "texture": "#1" }
			}
		},
		{
			"from": [ 0.5, 6, 0 ],
			"to": [ 1.5, 7.5, 3 ],
			"faces": {
				"up": { "uv": [ 2.51, 13.01, 4.99, 13.49 ], "texture": "#0", "rotation": 270 },
				"north": { "uv": [ 1.49, 8.51, 0.51, 9.99 ], "texture": "#0" },
				"south": { "uv": [ 0.51, 10.51, 1.49, 11.99 ], "texture": "#0" },
				"west": { "uv": [ 0.51, 14.01, 2.49, 15.49 ], "texture": "#0", "rotation": 180 },
				"east": { "uv": [ 0.51, 14.01, 2.49, 15.49 ], "texture": "#0" }
			}
		},
		{
			"from": [ 4, 7.5, 0 ],
			"to": [ 4.5, 10, 3 ],
			"faces": {
				"down": { "uv": [ 0.51, 5.01, 2.49, 5.49 ], "texture": "#1", "rotation": 90 },
				"up": { "uv": [ 13.51, 10.51, 15.49, 10.99 ], "texture": "#1", "rotation": 270 },
				"north": { "uv": [ 4.01, 6.01, 4.49, 8.49 ], "texture": "#0" },
				"south": { "uv": [ 4.01, 6.01, 4.49, 8.49 ], "texture": "#0" },
				"east": { "uv": [ 9.51, 15.01, 11.49, 15.49 ], "texture": "#0" }
			}
		},
		{
			"from": [ 4.5, 8, 0 ],
			"to": [ 5, 10, 3 ],
			"faces": {
				"down": { "uv": [ 3.51, 15.01, 5.49, 15.49 ], "texture": "#1", "rotation": 90 },
				"up": { "uv": [ 3.51, 10.01, 5.49, 10.49 ], "texture": "#1", "rotation": 270 },
				"north": { "uv": [ 4.51, 6.01, 4.99, 7.99 ], "texture": "#0" },
				"south": { "uv": [ 4.51, 6.01, 4.99, 7.99 ], "texture": "#0" },
				"east": { "uv": [ 7.01, 14.01, 8.99, 14.49 ], "texture": "#0" }
			}
		},
		{
			"from": [ 5, 8.5, 0 ],
			"to": [ 5.5, 10, 3 ],
			"faces": {
				"down": { "uv": [ 3.51, 15.51, 5.49, 15.99 ], "texture": "#1", "rotation": 90 },
				"up": { "uv": [ 0.51, 11.01, 2.49, 11.49 ], "texture": "#1", "rotation": 270 },
				"north": { "uv": [ 5.01, 6.01, 5.49, 7.49 ], "texture": "#0" },
				"south": { "uv": [ 5.01, 6.01, 5.49, 7.49 ], "texture": "#0" },
				"east": { "uv": [ 7.01, 13.51, 8.99, 13.99 ], "texture": "#0" }
			}
		},
		{
			"from": [ 5.5, 9, 0 ],
			"to": [ 6, 10, 3 ],
			"faces": {
				"down": { "uv": [ 10.51, 12.51, 12.49, 12.99 ], "texture": "#1", "rotation": 90 },
				"up": { "uv": [ 10.51, 13.01, 12.49, 13.49 ], "texture": "#1", "rotation": 270 },
				"north": { "uv": [ 5.51, 6.01, 5.99, 6.99 ], "texture": "#0" },
				"south": { "uv": [ 5.51, 6.01, 5.99, 6.99 ], "texture": "#0" }
			}
		},
		{
			"from": [ 6, 8.5, 0 ],
			"to": [ 6.5, 10, 3 ],
			"faces": {
				"down": { "uv": [ 0.51, 10.01, 2.49, 10.49 ], "texture": "#1", "rotation": 90 },
				"up": { "uv": [ 3.51, 15.51, 5.49, 15.99 ], "texture": "#1", "rotation": 270 },
				"north": { "uv": [ 6.01, 6.01, 6.49, 7.49 ], "texture": "#0" },
				"south": { "uv": [ 6.01, 6.01, 6.49, 7.49 ], "texture": "#0" },
				"west": { "uv": [ 6.51, 10.51, 8.49, 10.99 ], "texture": "#1", "rotation": 180 }
			}
		},
		{
			"from": [ 6.5, 8, 0 ],
			"to": [ 7, 10, 3 ],
			"faces": {
				"down": { "uv": [ 10.51, 13.51, 12.49, 13.99 ], "texture": "#1", "rotation": 90 },
				"up": { "uv": [ 3.51, 15.51, 5.49, 15.99 ], "texture": "#1", "rotation": 270 },
				"north": { "uv": [ 6.51, 6.01, 6.99, 7.99 ], "texture": "#0" },
				"south": { "uv": [ 6.51, 6.01, 6.99, 7.99 ], "texture": "#0" },
				"west": { "uv": [ 0.01, 9.01, 1.99, 9.49 ], "texture": "#0", "rotation": 180 }
			}
		},
		{
			"from": [ 12, 3.5, 0 ],
			"to": [ 13.5, 10, 3 ],
			"faces": {
				"down": { "uv": [ 6.01, 9.01, 8.99, 10.49 ], "texture": "#1", "rotation": 90 },
				"up": { "uv": [ 4.01, 9.01, 5.49, 11.49 ], "texture": "#1", "rotation": 180 },
				"north": { "uv": [ 13.49, 6.01, 12.01, 12.49 ], "texture": "#0" },
				"south": { "uv": [ 12.01, 6.01, 13.49, 12.49 ], "texture": "#0" },
				"west": { "uv": [ 0.51, 9.51, 2.49, 15.99 ], "texture": "#1" },
				"east": { "uv": [ 0.51, 9.51, 2.49, 15.99 ], "texture": "#1" }
			}
		},
		{
			"from": [ 11.5, 7.5, 0 ],
			"to": [ 12, 10, 3 ],
			"faces": {
				"down": { "uv": [ 0.51, 11.01, 2.49, 11.49 ], "texture": "#1", "rotation": 90 },
				"up": { "uv": [ 0.51, 11.01, 2.49, 11.49 ], "texture": "#1", "rotation": 270 },
				"north": { "uv": [ 11.51, 6.01, 11.99, 8.49 ], "texture": "#0" },
				"south": { "uv": [ 11.51, 6.01, 11.99, 8.49 ], "texture": "#0" },
				"west": { "uv": [ 0.51, 9.51, 2.49, 9.99 ], "texture": "#0", "rotation": 180 }
			}
		},
		{
			"from": [ 9, 8, 0 ],
			"to": [ 9.5, 10, 3 ],
			"faces": {
				"down": { "uv": [ 3.51, 11.01, 5.49, 11.49 ], "texture": "#1", "rotation": 90 },
				"up": { "uv": [ 1.51, 10.01, 1.99, 10.49 ], "texture": "#1", "rotation": 270 },
				"north": { "uv": [ 9.01, 6.01, 9.49, 7.99 ], "texture": "#0" },
				"south": { "uv": [ 9.01, 6.01, 9.49, 7.99 ], "texture": "#0" },
				"east": { "uv": [ 0.51, 7.01, 2.49, 7.49 ], "texture": "#0" }
			}
		},
		{
			"from": [ 9.5, 8.5, 0 ],
			"to": [ 10, 10, 3 ],
			"faces": {
				"down": { "uv": [ 3.51, 4.01, 5.49, 4.49 ], "texture": "#1", "rotation": 90 },
				"up": { "uv": [ 4.51, 2.51, 4.99, 2.99 ], "texture": "#1", "rotation": 270 },
				"north": { "uv": [ 9.01, 6.01, 9.49, 7.49 ], "texture": "#0" },
				"south": { "uv": [ 9.51, 6.01, 9.99, 7.49 ], "texture": "#0" },
				"east": { "uv": [ 0.01, 6.01, 2.99, 6.49 ], "texture": "#0" }
			}
		},
		{
			"from": [ 10.5, 8.5, 0 ],
			"to": [ 11, 10, 3 ],
			"faces": {
				"down": { "uv": [ 0.51, 14.51, 2.49, 14.99 ], "texture": "#1", "rotation": 90 },
				"up": { "uv": [ 5.01, 6.01, 5.49, 7.49 ], "texture": "#0", "rotation": 180 },
				"north": { "uv": [ 10.51, 6.01, 10.99, 7.49 ], "texture": "#0" },
				"south": { "uv": [ 10.51, 6.01, 10.99, 7.49 ], "texture": "#0" },
				"west": { "uv": [ 0.51, 8.51, 2.49, 8.99 ], "texture": "#0", "rotation": 180 }
			}
		},
		{
			"from": [ 11, 8, 0 ],
			"to": [ 11.5, 10, 3 ],
			"faces": {
				"down": { "uv": [ 0.51, 10.01, 2.49, 10.49 ], "texture": "#1", "rotation": 90 },
				"up": { "uv": [ 3.51, 10.01, 5.49, 10.49 ], "texture": "#1", "rotation": 270 },
				"north": { "uv": [ 11.01, 6.01, 11.49, 7.99 ], "texture": "#0" },
				"south": { "uv": [ 11.01, 6.01, 11.49, 7.99 ], "texture": "#0" },
				"west": { "uv": [ 0.51, 10.01, 2.49, 10.49 ], "texture": "#0", "rotation": 180 }
			}
		},
		{
			"from": [ 8.5, 7.5, 0 ],
			"to": [ 9, 10, 3 ],
			"faces": {
				"down": { "uv": [ 3.51, 15.51, 5.49, 15.99 ], "texture": "#1", "rotation": 90 },
				"up": { "uv": [ 11.51, 7.01, 11.99, 7.49 ], "texture": "#1", "rotation": 270 },
				"north": { "uv": [ 8.51, 6.01, 8.99, 8.49 ], "texture": "#0" },
				"south": { "uv": [ 8.51, 6.01, 8.99, 8.49 ], "texture": "#0" },
				"east": { "uv": [ 0.51, 3.51, 2.49, 3.99 ], "texture": "#0" }
			}
		},
		{
			"from": [ 7.5, 3.5, 0 ],
			"to": [ 8.5, 10, 3 ],
			"faces": {
				"down": { "uv": [ 1.01, 11.51, 1.99, 11.99 ], "texture": "#1", "rotation": 180 },
				"up": { "uv": [ 3.51, 10.51, 4.49, 10.99 ], "texture": "#1" },
				"north": { "uv": [ 8.49, 6.01, 7.51, 12.49 ], "texture": "#0" },
				"south": { "uv": [ 7.51, 6.01, 8.49, 12.49 ], "texture": "#0" },
				"west": { "uv": [ 13.51, 3.51, 15.49, 9.99 ], "texture": "#1" },
				"east": { "uv": [ 13.51, 3.51, 15.49, 9.99 ], "texture": "#1" }
			}
		},
		{
			"from": [ 14, 8, 0 ],
			"to": [ 16, 9, 3 ],
			"faces": {
				"down": { "uv": [ 14.01, 7.51, 15.99, 7.99 ], "texture": "#0" },
				"up": { "uv": [ 14.01, 7.01, 15.99, 7.49 ], "texture": "#0", "rotation": 180 },
				"north": { "uv": [ 15.99, 7.01, 14.01, 7.99 ], "texture": "#0" },
				"south": { "uv": [ 14.01, 7.01, 15.99, 7.99 ], "texture": "#0" },
				"west": { "uv": [ 14.01, 6.51, 14.49, 7.49 ], "texture": "#0", "rotation": 180 },
				"east": { "uv": [ 13.01, 7.01, 15.99, 7.99 ], "texture": "#1" }
			}
		},
		{
			"from": [ 14.5, 7, 0 ],
			"to": [ 15.5, 7.5, 3 ],
			"faces": {
				"up": { "uv": [ 4.01, 13.01, 4.99, 13.49 ], "texture": "#0", "rotation": 180 },
				"north": { "uv": [ 15.49, 8.51, 14.51, 8.99 ], "texture": "#0", "rotation": 180 },
				"south": { "uv": [ 14.51, 8.51, 15.49, 8.99 ], "texture": "#0" },
				"west": { "uv": [ 7.51, 13.01, 7.99, 13.49 ], "texture": "#0", "rotation": 180 },
				"east": { "uv": [ 7.51, 13.01, 7.99, 13.49 ], "texture": "#0" }
			}
		},
		{
			"from": [ 14, 6, 0 ],
			"to": [ 16, 7, 3 ],
			"faces": {
				"down": { "uv": [ 14.01, 9.51, 15.99, 9.99 ], "texture": "#0" },
				"up": { "uv": [ 14.01, 9.01, 15.99, 9.49 ], "texture": "#0", "rotation": 180 },
				"north": { "uv": [ 15.99, 9.01, 14.01, 9.99 ], "texture": "#0" },
				"south": { "uv": [ 14.01, 9.01, 15.99, 9.99 ], "texture": "#0" },
				"west": { "uv": [ 0.01, 9.01, 2.99, 9.99 ], "texture": "#1", "rotation": 180 },
				"east": { "uv": [ 13.01, 9.01, 15.99, 9.99 ], "texture": "#1" }
			}
		},
		{
			"from": [ 1.5, 11, 0 ],
			"to": [ 2, 11.5, 3 ],
			"faces": {
				"down": { "uv": [ 12.51, 9.01, 12.99, 9.49 ], "texture": "#0", "rotation": 90 },
				"up": { "uv": [ 0.01, 1.51, 2.99, 1.99 ], "texture": "#0", "rotation": 270 },
				"north": { "uv": [ 1.51, 4.51, 1.99, 4.99 ], "texture": "#0", "rotation": 180 },
				"south": { "uv": [ 1.51, 4.51, 1.99, 4.99 ], "texture": "#0" },
				"east": { "uv": [ 3.01, 11.51, 3.49, 11.99 ], "texture": "#0" }
			}
		},
		{
			"from": [ 0.5, 10, 0 ],
			"to": [ 1, 11.5, 3 ],
			"faces": {
				"down": { "uv": [ 3.01, 13.01, 3.49, 13.49 ], "texture": "#0", "rotation": 90 },
				"up": { "uv": [ 0.01, 0.51, 2.99, 0.99 ], "texture": "#0", "rotation": 270 },
				"north": { "uv": [ 0.51, 4.51, 0.99, 5.99 ], "texture": "#0" },
				"south": { "uv": [ 0.51, 4.51, 0.99, 5.99 ], "texture": "#0" },
				"west": { "uv": [ 6.01, 1.51, 6.49, 2.99 ], "texture": "#0", "rotation": 180 },
				"east": { "uv": [ 15.01, 5.51, 15.49, 5.99 ], "texture": "#0" }
			}
		},
		{
			"from": [ 1, 10.5, 0 ],
			"to": [ 1.5, 11.5, 3 ],
			"faces": {
				"down": { "uv": [ 12.51, 9.01, 12.99, 9.49 ], "texture": "#0", "rotation": 90 },
				"up": { "uv": [ 0.01, 1.01, 2.99, 1.49 ], "texture": "#0", "rotation": 270 },
				"north": { "uv": [ 1.01, 4.51, 1.49, 5.49 ], "texture": "#0" },
				"south": { "uv": [ 1.01, 4.51, 1.49, 5.49 ], "texture": "#0" },
				"east": { "uv": [ 14.51, 4.51, 14.99, 4.99 ], "texture": "#0" }
			}
		},
		{
			"from": [ 15, 10, 0 ],
			"to": [ 15.5, 11.5, 3 ],
			"faces": {
				"down": { "uv": [ 15.01, 2.51, 15.49, 2.99 ], "texture": "#0", "rotation": 90 },
				"up": { "uv": [ 6.51, 13.01, 9.49, 13.49 ], "texture": "#0", "rotation": 90 },
				"north": { "uv": [ 15.01, 4.51, 15.49, 5.99 ], "texture": "#0" },
				"south": { "uv": [ 15.01, 4.51, 15.49, 5.99 ], "texture": "#0" },
				"west": { "uv": [ 7.51, 9.51, 7.99, 9.99 ], "texture": "#0", "rotation": 180 },
				"east": { "uv": [ 11.01, 8.51, 11.49, 9.99 ], "texture": "#0" }
			}
		},
		{
			"from": [ 14.5, 10.5, 0 ],
			"to": [ 15, 11.5, 3 ],
			"faces": {
				"down": { "uv": [ 14.51, 4.51, 14.99, 4.99 ], "texture": "#0", "rotation": 90 },
				"up": { "uv": [ 0.01, 14.51, 2.99, 14.99 ], "texture": "#0", "rotation": 270 },
				"north": { "uv": [ 14.51, 4.51, 14.99, 5.49 ], "texture": "#0" },
				"south": { "uv": [ 14.51, 4.51, 14.99, 5.49 ], "texture": "#0" },
				"west": { "uv": [ 14.51, 5.01, 14.99, 5.49 ], "texture": "#0", "rotation": 180 }
			}
		},
		{
			"from": [ 14, 11, 0 ],
			"to": [ 14.5, 11.5, 3 ],
			"faces": {
				"down": { "uv": [ 6.01, 13.51, 6.49, 13.99 ], "texture": "#0", "rotation": 90 },
				"up": { "uv": [ 0.01, 14.01, 2.99, 14.49 ], "texture": "#0", "rotation": 270 },
				"north": { "uv": [ 14.01, 4.51, 14.49, 4.99 ], "texture": "#0", "rotation": 180 },
				"south": { "uv": [ 14.01, 4.51, 14.49, 4.99 ], "texture": "#0" },
				"west": { "uv": [ 14.51, 13.01, 14.99, 13.49 ], "texture": "#0", "rotation": 180 }
			}
		},
		{
			"from": [ 14.5, 14, 0 ],
			"to": [ 15.5, 14.5, 3 ],
			"faces": {
				"up": { "uv": [ 14.01, 6.51, 14.49, 6.99 ], "texture": "#0", "rotation": 270 },
				"north": { "uv": [ 15.49, 1.51, 14.51, 1.99 ], "texture": "#0" },
				"south": { "uv": [ 14.51, 1.51, 15.49, 1.99 ], "texture": "#0" },
				"west": { "uv": [ 7.51, 11.01, 7.99, 11.49 ], "texture": "#0", "rotation": 180 },
				"east": { "uv": [ 11.01, 13.01, 11.49, 13.49 ], "texture": "#0" }
			}
		},
		{
			"from": [ 12, 14.5, 0.5 ],
			"to": [ 12.5, 15, 2.5 ],
			"faces": {
				"down": { "uv": [ 0.51, 12.01, 2.49, 12.49 ], "texture": "#1", "rotation": 90 },
				"north": { "uv": [ 12.01, 1.01, 12.49, 1.49 ], "texture": "#0", "rotation": 180 },
				"south": { "uv": [ 12.01, 1.01, 12.49, 1.49 ], "texture": "#0" },
				"west": { "uv": [ 0.51, 12.01, 2.49, 12.49 ], "texture": "#1", "rotation": 180 }
			}
		},
		{
			"from": [ 11.5, 15, 0.5 ],
			"to": [ 12, 15.5, 2.5 ],
			"faces": {
				"down": { "uv": [ 0.51, 14.01, 2.49, 14.49 ], "texture": "#1", "rotation": 90 },
				"north": { "uv": [ 11.51, 0.51, 11.99, 0.99 ], "texture": "#0", "rotation": 180 },
				"south": { "uv": [ 11.51, 0.51, 11.99, 0.99 ], "texture": "#0" },
				"west": { "uv": [ 0.51, 12.01, 2.49, 12.49 ], "texture": "#1", "rotation": 180 }
			}
		},
		{
			"from": [ 14, 15, 0 ],
			"to": [ 15, 15.5, 3 ],
			"faces": {
				"down": { "uv": [ 0.51, 7.51, 0.99, 7.99 ], "texture": "#1", "rotation": 90 },
				"up": { "uv": [ 1.01, 9.01, 2.99, 9.49 ], "texture": "#1", "rotation": 270 },
				"north": { "uv": [ 14.99, 0.51, 14.01, 0.99 ], "texture": "#0" },
				"south": { "uv": [ 14.01, 0.51, 14.99, 0.99 ], "texture": "#0" },
				"west": { "uv": [ 0.01, 11.01, 2.99, 11.49 ], "texture": "#1", "rotation": 180 },
				"east": { "uv": [ 0.01, 10.51, 2.99, 10.99 ], "texture": "#1" }
			}
		},
		{
			"from": [ 14.5, 15.5, 0 ],
			"to": [ 15.5, 16, 3 ],
			"faces": {
				"down": { "uv": [ 6.01, 0.51, 8.99, 1.49 ], "texture": "#1", "rotation": 90 },
				"up": { "uv": [ 6.01, 0.51, 8.99, 1.49 ], "texture": "#1", "rotation": 270 },
				"north": { "uv": [ 15.49, 0.01, 14.51, 0.49 ], "texture": "#0" },
				"south": { "uv": [ 14.51, 0.01, 15.49, 0.49 ], "texture": "#0" },
				"west": { "uv": [ 0.01, 13.51, 2.99, 13.99 ], "texture": "#1", "rotation": 180 },
				"east": { "uv": [ 13.01, 0.01, 15.99, 0.49 ], "texture": "#1" }
			}
		},
		{
			"from": [ 12, 15, 0 ],
			"to": [ 13, 15.5, 3 ],
			"faces": {
				"down": { "uv": [ 14.01, 2.51, 14.49, 3.49 ], "texture": "#0", "rotation": 90 },
				"up": { "uv": [ 4.51, 11.01, 5.49, 11.49 ], "texture": "#0", "rotation": 270 },
				"north": { "uv": [ 12.99, 0.51, 12.01, 0.99 ], "texture": "#0" },
				"south": { "uv": [ 12.01, 0.51, 12.99, 0.99 ], "texture": "#0" },
				"west": { "uv": [ 12.51, 5.01, 12.99, 5.49 ], "texture": "#0", "rotation": 180 },
				"east": { "uv": [ 2.01, 13.01, 2.49, 13.49 ], "texture": "#0" }
			}
		},
		{
			"from": [ 11.5, 15.5, 0 ],
			"to": [ 12.5, 16, 3 ],
			"faces": {
				"down": { "uv": [ 12.51, 7.51, 12.99, 7.99 ], "texture": "#0", "rotation": 90 },
				"up": { "uv": [ 6.01, 3.51, 8.99, 4.49 ], "texture": "#1", "rotation": 90 },
				"north": { "uv": [ 12.49, 0.01, 11.51, 0.49 ], "texture": "#0" },
				"south": { "uv": [ 11.51, 0.01, 12.49, 0.49 ], "texture": "#0" },
				"west": { "uv": [ 13.01, 8.01, 13.49, 8.49 ], "texture": "#0", "rotation": 180 },
				"east": { "uv": [ 8.01, 5.51, 8.49, 5.99 ], "texture": "#0" }
			}
		}
	]
}