{
"__comment": "Created by Filal)",
"textures": {
    "1": "block/oak_door_edge",
    "0": "block/oak_door_top",
    "2": "block/oak_door_bottom",
    "3": "block/iron_trapdoor",
    "particle": "block/oak_door_top"
},
"elements": [ 
{
    "from": [ 0, 0, 14 ],
    "to": [ 16, 5, 15 ],
    "faces": {
        "down":  { "uv": [ 7.001, 0.001, 7.999, 15.999 ], "rotation": 90, "texture": "#1" },
        "north": { "uv": [ 0.001, 11.001, 15.999, 15.999 ], "texture": "#0" },
        "south": { "uv": [ 15.999, 11.001, 0.001, 15.999 ], "texture": "#0" },
        "west":  { "uv": [ 11.001, 11.001, 11.999, 15.999 ], "texture": "#1" },
        "east":  { "uv": [ 4.001, 11.001, 4.999, 15.999 ], "texture": "#1" }
    }
},
{
    "from": [ 0, 5, 14 ],
    "to": [ 5.5, 10.5, 15 ],
    "faces": {
        "north": { "uv": [ 10.501, 5.501, 15.999, 10.999 ], "texture": "#0" },
        "south": { "uv": [ 15.999, 5.501, 10.501, 10.999 ], "texture": "#0" }
    }
},
{
    "from": [ 11, 5, 14 ],
    "to": [ 16, 10.5, 15 ],
    "faces": {
        "north": { "uv": [ 0.001, 5.501, 4.999, 10.999 ], "texture": "#0" },
        "south": { "uv": [ 4.999, 5.501, 0.001, 10.999 ], "texture": "#0" }
    }
},
{
    "from": [ 0, 10.5, 14 ],
    "to": [ 16, 16, 15 ],
    "faces": {
        "north": { "uv": [ 0.001, 0.001, 15.999, 5.499 ], "texture": "#0" },
        "south": { "uv": [ 15.999, 0.001, 0.001, 5.499 ], "texture": "#0" },
        "west":  { "uv": [ 11.001, 0.001, 11.999, 5.499 ], "texture": "#1" },
        "east":  { "uv": [ 4.001, 0.001, 4.999, 5.499 ], "texture": "#1" }
    }
},
{
    "from": [ 14.5, 0, 13 ],
    "to": [ 15.5, 15.5, 16 ],
    "faces": {
        "down":  { "uv": [ 6.001, 0.501, 8.999, 1.499 ], "rotation": 90, "texture": "#1" },
        "up":    { "uv": [ 6.001, 0.501, 8.999, 1.499 ], "rotation": 90, "texture": "#1" },
        "north": { "uv": [ 0.501, 0.501, 1.499, 15.999 ], "texture": "#0" },
        "south": { "uv": [ 1.499, 0.501, 0.501, 15.999 ], "texture": "#0" },
        "west":  { "uv": [ 1.001, 0.501, 1.499, 15.999 ], "texture": "#0" },
        "east":  { "uv": [ 3.001, 0.501, 5.999, 15.999 ], "texture": "#1" }
    }
},
{
    "from": [ 0.5, 0, 13 ],
    "to": [ 1.5, 15.5, 16 ],
    "faces": {
        "down":  { "uv": [ 6.001, 14.501, 8.999, 15.499 ], "rotation": 90, "texture": "#1" },
        "up":    { "uv": [ 6.001, 14.501, 8.999, 15.499 ], "rotation": 90, "texture": "#1" },
        "north": { "uv": [ 14.501, 0.501, 15.499, 15.999 ], "texture": "#0" },
        "south": { "uv": [ 15.499, 0.501, 14.501, 15.999 ], "texture": "#0" },
        "west":  { "uv": [ 15.001, 0.501, 15.499, 15.999 ], "texture": "#1" },
        "east":  { "uv": [ 14.501, 0.501, 14.999, 15.999 ], "texture": "#0" }
    }
},
{
    "from": [ 1.5, 14.5, 13 ],
    "to": [ 14.5, 15.5, 16 ],
    "faces": {
        "down":  { "uv": [ 1.501, 1.001, 14.499, 1.499 ], "rotation": 180, "texture": "#0" },
        "up":    { "uv": [ 6.001, 1.501, 8.999, 14.499 ], "rotation": 90, "texture": "#1" },
        "north": { "uv": [ 1.501, 0.501, 14.499, 1.499 ], "texture": "#0" },
        "south": { "uv": [ 14.499, 0.501, 1.501, 1.499 ], "texture": "#0" }
    }
},
{
    "from": [ 2, 0, 13.5 ],
    "to": [ 5, 14, 15.5 ],
    "faces": {
        "down":  { "uv": [ 6.001, 5.001, 8.999, 5.999 ], "texture": "#1" },
        "up":    { "uv": [ 11.001, 2.001, 13.999, 2.499 ], "rotation": 180, "texture": "#0" },
        "north": { "uv": [ 11.001, 2.001, 13.999, 15.999 ], "texture": "#0" },
        "south": { "uv": [ 13.999, 2.001, 11.001, 15.999 ], "texture": "#0" },
        "west":  { "uv": [ 13.501, 2.001, 13.999, 15.999 ], "texture": "#0" },
        "east":  { "uv": [ 6.501, 1.001, 6.999, 14.999 ], "texture": "#1" }
    }
},
{
    "from": [ 4.5, 4, 13 ],
    "to": [ 5, 11.5, 16 ],
    "faces": {
        "north": { "uv": [ 11.001, 4.501, 11.499, 11.999 ], "texture": "#0" },
        "south": { "uv": [ 11.499, 4.501, 11.001, 11.999 ], "texture": "#0" },
        "west":  { "uv": [ 11.001, 4.501, 11.499, 11.999 ], "texture": "#0" },
        "east":  { "uv": [ 11.071, 4.501, 11.499, 11.999 ], "texture": "#0" }
    }
},
{
    "from": [ 5.5, 4, 13 ],
    "to": [ 11, 4.5, 16 ],
    "faces": {
        "down":  { "uv": [ 5.001, 11.501, 10.499, 11.999 ], "rotation": 180, "texture": "#0" },
        "up":    { "uv": [ 5.001, 11.501, 10.499, 11.999 ], "rotation": 180, "texture": "#0" },
        "north": { "uv": [ 5.001, 11.501, 10.499, 11.999 ], "texture": "#0" },
        "south": { "uv": [ 10.499, 11.501, 5.001, 11.999 ], "texture": "#0" }
    }
},
{
    "from": [ 11.5, 4, 13 ],
    "to": [ 12, 11.5, 16 ],
    "faces": {
        "north": { "uv": [ 4.001, 4.501, 4.499, 11.999 ], "texture": "#0" },
        "south": { "uv": [ 4.499, 4.501, 4.001, 11.999 ], "texture": "#0" },
        "west":  { "uv": [ 4.001, 4.501, 4.499, 11.999 ], "texture": "#0" },
        "east":  { "uv": [ 4.001, 4.501, 4.499, 11.999 ], "texture": "#0" }
    }
},
{
    "from": [ 5.5, 11, 13 ],
    "to": [ 11, 11.5, 16 ],
    "faces": {
        "down":  { "uv": [ 5.001, 4.501, 10.499, 4.999 ], "rotation": 180, "texture": "#0" },
        "up":    { "uv": [ 5.001, 4.501, 10.499, 4.999 ], "rotation": 180, "texture": "#0" },
        "north": { "uv": [ 5.001, 4.501, 10.499, 4.999 ], "texture": "#0" },
        "south": { "uv": [ 10.499, 4.501, 5.001, 4.999 ], "texture": "#0" }
    }
},
{
    "from": [ 5.5, 0, 13.5 ],
    "to": [ 8, 4, 15.5 ],
    "faces": {
        "down":  { "uv": [ 6.501, 0.001, 8.499, 0.499 ], "rotation": 90, "texture": "#1" },
        "north": { "uv": [ 8.001, 12.001, 10.499, 15.999 ], "texture": "#0" },
        "south": { "uv": [ 10.499, 12.001, 8.001, 15.999 ], "texture": "#0" },
        "west":  { "uv": [ 10.001, 12.001, 10.499, 15.999 ], "texture": "#0" },
        "east":  { "uv": [ 8.001, 12.001, 8.499, 15.999 ], "texture": "#0" }
    }
},
{
    "from": [ 8.5, 0, 13.5 ],
    "to": [ 11, 4, 15.5 ],
    "faces": {
        "down":  { "uv": [ 6.501, 0.501, 8.499, 1.999 ], "rotation": 90, "texture": "#1" },
        "north": { "uv": [ 5.001, 12.001, 7.499, 15.999 ], "texture": "#0" },
        "south": { "uv": [ 7.499, 12.001, 5.001, 15.999 ], "texture": "#0" },
        "west":  { "uv": [ 7.001, 12.001, 7.499, 15.999 ], "texture": "#0" },
        "east":  { "uv": [ 5.001, 12.001, 5.499, 15.999 ], "texture": "#0" }
    }
},
{
    "from": [ 11.5, 0, 13.5 ],
    "to": [ 14, 14, 15.5 ],
    "faces": {
        "down":  { "uv": [ 6.001, 1.001, 8.499, 1.499 ], "texture": "#1" },
        "up":    { "uv": [ 2.001, 2.001, 4.499, 2.499 ], "rotation": 180, "texture": "#0" },
        "north": { "uv": [ 2.001, 2.001, 4.499, 15.999 ], "texture": "#0" },
        "south": { "uv": [ 4.499, 2.001, 2.001, 15.999 ], "texture": "#0" },
        "west":  { "uv": [ 4.001, 2.001, 4.499, 15.999 ], "texture": "#0" },
        "east":  { "uv": [ 2.001, 2.001, 2.499, 15.999 ], "texture": "#0" }
    }
},
{
    "from": [ 8.5, 11.5, 13.5 ],
    "to": [ 11, 14, 15.5 ],
    "faces": {
        "up":    { "uv": [ 5.001, 2.001, 7.499, 2.499 ], "rotation": 90, "texture": "#0" },
        "north": { "uv": [ 5.001, 2.001, 7.499, 4.499 ], "texture": "#0" },
        "south": { "uv": [ 7.499, 2.001, 5.001, 4.499 ], "texture": "#0" },
        "west":  { "uv": [ 7.001, 2.001, 7.499, 4.499 ], "texture": "#0" },
        "east":  { "uv": [ 5.001, 2.001, 5.499, 4.499 ], "texture": "#0" }
    }
},
{
    "from": [ 5.5, 11.5, 13.5 ],
    "to": [ 8, 14, 15.5 ],
    "faces": {
        "up":    { "uv": [ 8.001, 2.001, 10.499, 2.499 ], "rotation": 180, "texture": "#0" },
        "north": { "uv": [ 8.001, 2.001, 10.499, 4.499 ], "texture": "#0" },
        "south": { "uv": [ 10.499, 2.001, 8.001, 4.499 ], "texture": "#0" },
        "west":  { "uv": [ 10.001, 2.001, 10.499, 4.499 ], "texture": "#0" },
        "east":  { "uv": [ 8.001, 2.001, 8.499, 4.499 ], "texture": "#0" }
    }
},
{
    "from": [ 0, 0, 13.5 ],
    "to": [ 0.5, 16, 15.5 ],
    "faces": {
        "down":  { "uv": [ 6.501, 15.501, 8.499, 15.999 ], "rotation": 90, "texture": "#1" },
        "up":    { "uv": [ 6.501, 15.501, 8.499, 15.999 ], "rotation": 90, "texture": "#1" },
        "north": { "uv": [ 15.501, 0.001, 15.999, 15.999 ], "texture": "#0" },
        "south": { "uv": [ 15.501, 0.001, 15.999, 15.999 ], "texture": "#0" },
        "west":  { "uv": [ 10.501, 0.001, 12.499, 15.999 ], "texture": "#1" }
    }
},
{
    "from": [ 15.5, 0, 13.5 ],
    "to": [ 16, 16, 15.5 ],
    "faces": {
        "up":    { "uv": [ 6.501, 0.001, 8.499, 0.499 ], "rotation": 90, "texture": "#1" },
        "north": { "uv": [ 0.001, 0.001, 0.499, 15.999 ], "texture": "#0" },
        "south": { "uv": [ 0.001, 0.001, 0.499, 15.999 ], "texture": "#0" },
        "east":  { "uv": [ 3.501, 0.001, 5.499, 15.999 ], "texture": "#1" }
    }
},
{
    "from": [ 0.5, 15.5, 13.5 ],
    "to": [ 15.5, 16, 15.5 ],
    "faces": {
        "up":    { "uv": [ 6.501, 0.501, 8.499, 15.499 ], "rotation": 90, "texture": "#1" },
        "north": { "uv": [ 0.501, 0.001, 15.499, 0.499 ], "texture": "#0" },
        "south": { "uv": [ 15.499, 0.001, 0.501, 0.499 ], "texture": "#0" }
    }
},
{
    "from": [ 12, 8.5, 13 ],
    "to": [ 14.5, 10, 16 ],
    "faces": {
        "down":  { "uv": [ 1.501, 8.501, 3.999, 8.999 ], "texture": "#2" },
        "up":    { "uv": [ 1.501, 7.501, 3.999, 7.999 ], "rotation": 180, "texture": "#2" },
        "north": { "uv": [ 1.501, 7.501, 3.999, 8.999 ], "texture": "#2" },
        "south": { "uv": [ 3.999, 7.501, 1.501, 8.999 ], "texture": "#2" }
    }
},
{
    "from": [ 5.5, 7.5, 13.5 ],
    "to": [ 11, 8.5, 14.5 ],
    "faces": {
        "down":  { "uv": [ 5.001, 4.501, 10.499, 5.499 ], "texture": "#3" },
        "up":    { "uv": [ 4.501, 8.501, 9.999, 9.499 ], "texture": "#3" },
        "north": { "uv": [ 6.001, 6.501, 11.499, 7.499 ], "texture": "#3" },
        "south": { "uv": [ 4.501, 9.499, 9.999, 8.501 ], "texture": "#3" }
    }
},
{
    "from": [ 7.7, 5, 14 ],
    "to": [ 8.7, 10.5, 15 ],
    "faces": {
        "north": { "uv": [ 4.501, 6.501, 9.999, 7.499 ], "rotation": 90, "texture": "#3" },
        "south": { "uv": [ 6.501, 4.501, 11.999, 5.499 ], "rotation": 90, "texture": "#3" },
        "west":  { "uv": [ 4.501, 8.501, 9.999, 9.499 ], "rotation": 270, "texture": "#3" },
        "east":  { "uv": [ 4.501, 5.499, 9.999, 4.501 ], "rotation": 90, "texture": "#3" }
    }
},
{
    "from": [ 4.5, 4, 13 ],
    "to": [ 5.5, 5, 16 ],
    "faces": {
        "down":  { "uv": [ 11.499, 11.501, 10.501, 11.999 ], "texture": "#0" },
        "up":    { "uv": [ 10.501, 11.001, 10.999, 11.499 ], "texture": "#0" },
        "north": { "uv": [ 10.501, 11.001, 11.499, 11.999 ], "texture": "#0" },
        "south": { "uv": [ 11.499, 11.001, 10.501, 11.999 ], "texture": "#0" },
        "east":  { "uv": [ 10.501, 11.001, 10.999, 11.499 ], "texture": "#0" }
    }
},
{
    "from": [ 4.5, 7.5, 13 ],
    "to": [ 5.5, 8.5, 16 ],
    "faces": {
        "down":  { "uv": [ 10.999, 8.001, 10.501, 8.499 ], "texture": "#0" },
        "up":    { "uv": [ 10.501, 7.501, 10.999, 7.999 ], "texture": "#0" },
        "north": { "uv": [ 10.501, 7.501, 11.499, 8.499 ], "texture": "#0" },
        "south": { "uv": [ 11.499, 7.501, 10.501, 8.499 ], "texture": "#0" },
        "east":  { "uv": [ 10.501, 7.501, 10.999, 8.499 ], "texture": "#0" }
    }
},
{
    "from": [ 4.5, 10.5, 13 ],
    "to": [ 5.5, 11.5, 16 ],
    "faces": {
        "down":  { "uv": [ 10.501, 5.001, 10.999, 5.499 ], "texture": "#0" },
        "up":    { "uv": [ 11.499, 4.501, 10.501, 4.999 ], "texture": "#0" },
        "north": { "uv": [ 10.501, 4.501, 11.499, 5.499 ], "texture": "#0" },
        "south": { "uv": [ 11.499, 4.501, 10.501, 5.499 ], "texture": "#0" },
        "east":  { "uv": [ 10.501, 5.001, 10.999, 5.499 ], "texture": "#0" }
    }
},
{
    "from": [ 11, 10.5, 13 ],
    "to": [ 12, 11.5, 16 ],
    "faces": {
        "down":  { "uv": [ 4.501, 5.001, 4.999, 5.499 ], "texture": "#0" },
        "up":    { "uv": [ 4.999, 4.501, 4.001, 4.999 ], "texture": "#0" },
        "north": { "uv": [ 4.001, 4.501, 4.999, 5.499 ], "texture": "#0" },
        "south": { "uv": [ 4.999, 4.501, 4.001, 5.499 ], "texture": "#0" },
        "west":  { "uv": [ 4.501, 5.001, 4.999, 5.499 ], "texture": "#0" }
    }
},
{
    "from": [ 11, 7.5, 13 ],
    "to": [ 12, 8.5, 16 ],
    "faces": {
        "down":  { "uv": [ 4.501, 8.001, 4.999, 8.499 ], "texture": "#0" },
        "up":    { "uv": [ 4.501, 7.501, 4.999, 7.999 ], "texture": "#0" },
        "north": { "uv": [ 4.001, 7.501, 4.999, 8.499 ], "texture": "#0" },
        "south": { "uv": [ 4.999, 7.501, 4.001, 8.499 ], "texture": "#0" },
        "west":  { "uv": [ 4.501, 7.501, 4.999, 8.499 ], "texture": "#0" }
    }
},
{
    "from": [ 11, 4, 13 ],
    "to": [ 12, 5, 16 ],
    "faces": {
        "down":  { "uv": [ 4.999, 11.501, 4.001, 11.999 ], "texture": "#0" },
        "up":    { "uv": [ 4.501, 11.001, 4.999, 11.499 ], "texture": "#0" },
        "north": { "uv": [ 4.001, 11.001, 4.999, 11.999 ], "texture": "#0" },
        "south": { "uv": [ 4.999, 11.001, 4.001, 11.999 ], "texture": "#0" },
        "west":  { "uv": [ 4.501, 11.001, 4.999, 11.499 ], "texture": "#0" }
    }
},
{
    "from": [ 5.5, 4.5, 13.5 ],
    "to": [ 11, 5, 15.5 ],
    "faces": {
        "up":    { "uv": [ 2.001, 10.501, 3.999, 15.999 ], "rotation": 90, "texture": "#0" },
        "north": { "uv": [ 5.001, 11.001, 10.499, 11.499 ], "texture": "#0" },
        "south": { "uv": [ 10.499, 11.001, 5.001, 11.499 ], "texture": "#0" }
    }
},
{
    "from": [ 5, 5, 13.5 ],
    "to": [ 5.498, 10.5, 15.5 ],
    "faces": {
        "north": { "uv": [ 10.501, 5.501, 10.999, 10.999 ], "texture": "#0" },
        "south": { "uv": [ 10.999, 5.501, 10.501, 10.999 ], "texture": "#0" },
        "east":  { "uv": [ 2.001, 10.501, 3.999, 15.999 ], "texture": "#0" }
    }
},
{
    "from": [ 5.5, 10.5, 13.5 ],
    "to": [ 11, 11, 15.5 ],
    "faces": {
        "down":  { "uv": [ 11.001, 3.501, 12.999, 8.999 ], "rotation": 90, "texture": "#2" },
        "north": { "uv": [ 5.001, 5.001, 10.499, 5.499 ], "texture": "#0" },
        "south": { "uv": [ 10.499, 5.001, 5.001, 5.499 ], "texture": "#0" }
    }
},
{
    "from": [ 11.002, 5, 13.5 ],
    "to": [ 11.5, 10.5, 15.5 ],
    "faces": {
        "north": { "uv": [ 4.501, 5.501, 4.999, 10.999 ], "texture": "#0" },
        "south": { "uv": [ 4.501, 5.501, 4.999, 10.999 ], "texture": "#0" },
        "west":  { "uv": [ 2.001, 15.999, 3.999, 10.501 ], "texture": "#0" }
    }
},
{
    "from": [ 3, 0.5, 13 ],
    "to": [ 4.998, 1.5, 16 ],
    "faces": {
        "down":  { "uv": [ 12.999, 15.001, 11.001, 15.499 ], "texture": "#0" },
        "up":    { "uv": [ 12.999, 14.501, 11.001, 14.999 ], "texture": "#0" },
        "north": { "uv": [ 11.001, 14.501, 12.999, 15.499 ], "texture": "#0" },
        "south": { "uv": [ 12.999, 14.501, 11.001, 15.499 ], "texture": "#0" },
        "east":  { "uv": [ 11.001, 14.501, 11.499, 15.499 ], "texture": "#0" }
    }
},
{
    "from": [ 1.5, 0.5, 13 ],
    "to": [ 3, 2, 13.5 ],
    "faces": {
        "down":  { "uv": [ 14.499, 15.001, 13.001, 15.499 ], "texture": "#0" },
        "up":    { "uv": [ 14.499, 14.001, 13.001, 14.499 ], "texture": "#0" },
        "north": { "uv": [ 13.001, 14.001, 14.499, 15.499 ], "texture": "#0" },
        "east":  { "uv": [ 13.001, 14.001, 13.499, 14.499 ], "texture": "#0" }
    }
},
{
    "from": [ 1.5, 0.5, 15.5 ],
    "to": [ 3, 2, 16 ],
    "faces": {
        "down":  { "uv": [ 14.499, 15.001, 13.001, 15.499 ], "texture": "#0" },
        "up":    { "uv": [ 14.499, 14.001, 13.001, 14.499 ], "texture": "#0" },
        "south": { "uv": [ 14.499, 14.001, 13.001, 15.499 ], "texture": "#0" },
        "east":  { "uv": [ 13.001, 14.001, 13.499, 14.499 ], "texture": "#0" }
    }
}
]
}