{
"__comment": "Created by Filal",
"textures": {
    "1": "block/oak_door_edge",
    "0": "block/oak_door_bottom",
    "particle": "block/oak_door_bottom"
},
"elements": [ 
{
    "from": [ 0, 0, 1 ],
    "to": [ 16, 16, 2 ],
    "faces": {
        "down":  { "uv": [ 7.001, 0.001, 7.999, 15.999 ], "rotation": 90, "texture": "#1" },
        "up":    { "uv": [ 7.001, 0.001, 7.999, 15.999 ], "rotation": 90, "texture": "#1" },
        "north": { "uv": [ 0.001, 0.001, 15.999, 15.999 ], "texture": "#0" },
        "south": { "uv": [ 15.999, 0.001, 0.001, 15.999 ], "texture": "#0" },
        "west":  { "uv": [ 14.001, 0.001, 14.999, 15.999 ], "texture": "#1" },
        "east":  { "uv": [ 1.001, 0.001, 1.999, 15.999 ], "texture": "#1" }
    }
},
{
    "from": [ 2, 4.5, 0.5 ],
    "to": [ 5, 16, 2.5 ],
    "faces": {
        "down":  { "uv": [ 11.001, 11.001, 13.999, 11.499 ], "rotation": 180, "texture": "#0" },
        "up":    { "uv": [ 6.501, 11.001, 8.499, 13.999 ], "rotation": 90, "texture": "#1" },
        "north": { "uv": [ 11.001, 0.001, 13.999, 11.499 ], "texture": "#0" },
        "south": { "uv": [ 13.999, 0.001, 11.001, 11.499 ], "texture": "#0" },
        "west":  { "uv": [ 13.501, 0.001, 13.999, 11.499 ], "texture": "#0" },
        "east":  { "uv": [ 11.001, 0.001, 11.499, 11.499 ], "texture": "#0" }
    }
},
{
    "from": [ 5.5, 4.5, 0.5 ],
    "to": [ 8, 16, 2.5 ],
    "faces": {
        "down":  { "uv": [ 8.001, 11.001, 10.499, 11.499 ], "rotation": 180, "texture": "#0" },
        "up":    { "uv": [ 7.001, 8.001, 7.999, 10.499 ], "rotation": 90, "texture": "#1" },
        "north": { "uv": [ 8.001, 0.001, 10.499, 11.499 ], "texture": "#0" },
        "south": { "uv": [ 10.499, 0.001, 8.001, 11.499 ], "texture": "#0" },
        "west":  { "uv": [ 10.001, 0.001, 10.499, 11.499 ], "texture": "#0" },
        "east":  { "uv": [ 8.001, 0.001, 8.499, 11.499 ], "texture": "#0" }
    }
},
{
    "from": [ 8.5, 4.5, 0.5 ],
    "to": [ 11, 16, 2.5 ],
    "faces": {
        "down":  { "uv": [ 5.001, 11.001, 7.499, 11.499 ], "rotation": 180, "texture": "#0" },
        "up":    { "uv": [ 6.501, 5.001, 8.529, 7.499 ], "rotation": 90, "texture": "#1" },
        "north": { "uv": [ 5.001, 0.001, 7.499, 11.499 ], "texture": "#0" },
        "south": { "uv": [ 7.499, 0.001, 5.001, 11.499 ], "texture": "#0" },
        "west":  { "uv": [ 7.001, 0.001, 7.499, 11.499 ], "texture": "#0" },
        "east":  { "uv": [ 5.001, 0.001, 5.499, 11.499 ], "texture": "#0" }
    }
},
{
    "from": [ 11.5, 4.5, 0.5 ],
    "to": [ 14, 16, 2.5 ],
    "faces": {
        "down":  { "uv": [ 2.001, 11.001, 4.499, 11.499 ], "rotation": 180, "texture": "#0" },
        "up":    { "uv": [ 6.501, 2.001, 8.499, 4.499 ], "rotation": 90, "texture": "#1" },
        "north": { "uv": [ 2.001, 0.001, 4.499, 11.499 ], "texture": "#0" },
        "south": { "uv": [ 4.499, 0.001, 2.001, 11.499 ], "texture": "#0" },
        "west":  { "uv": [ 4.001, 0.001, 4.499, 11.499 ], "texture": "#0" },
        "east":  { "uv": [ 2.001, 0.001, 2.499, 11.499 ], "texture": "#0" }
    }
},
{
    "from": [ 7.5, 7, 0 ],
    "to": [ 14.5, 8.5, 3 ],
    "faces": {
        "down":  { "uv": [ 1.501, 8.501, 8.499, 8.999 ], "rotation": 180, "texture": "#0" },
        "up":    { "uv": [ 1.501, 7.501, 8.499, 7.999 ], "rotation": 180, "texture": "#0" },
        "north": { "uv": [ 1.501, 7.501, 8.499, 8.999 ], "texture": "#0" },
        "south": { "uv": [ 8.499, 7.501, 1.501, 8.999 ], "texture": "#0" },
        "west":  { "uv": [ 8.001, 7.501, 8.499, 8.999 ], "texture": "#0" }
    }
},
{
    "from": [ 7, 7.5, 0 ],
    "to": [ 7.5, 8, 3 ],
    "faces": {
        "down":  { "uv": [ 8.501, 8.001, 8.999, 8.399 ], "texture": "#0" },
        "up":    { "uv": [ 8.501, 8.001, 8.999, 8.499 ], "texture": "#0" },
        "north": { "uv": [ 8.501, 8.001, 8.999, 8.499 ], "texture": "#0" },
        "south": { "uv": [ 8.501, 8.001, 8.999, 8.499 ], "texture": "#0" },
        "west":  { "uv": [ 8.501, 8.001, 8.999, 8.499 ], "texture": "#0" }
    }
},
{
    "from": [ 14.5, 2.5, 0 ],
    "to": [ 15.5, 12.5, 3 ],
    "faces": {
        "down":  { "uv": [ 0.501, 12.501, 1.499, 13.499 ], "rotation": 180, "texture": "#0" },
        "up":    { "uv": [ 0.501, 3.501, 1.499, 3.999 ], "rotation": 180, "texture": "#0" },
        "north": { "uv": [ 0.501, 3.501, 1.499, 13.499 ], "texture": "#0" },
        "south": { "uv": [ 1.499, 3.501, 0.501, 13.499 ], "texture": "#0" },
        "west":  { "uv": [ 1.001, 3.501, 1.499, 13.499 ], "texture": "#0" },
        "east":  { "uv": [ 0.001, 3.501, 2.999, 13.499 ], "texture": "#1" }
    }
},
{
    "from": [ 14.5, 15, 0 ],
    "to": [ 15.5, 16, 3 ],
    "faces": {
        "down":  { "uv": [ 0.501, 0.501, 1.499, 0.999 ], "rotation": 180, "texture": "#0" },
        "up":    { "uv": [ 6.001, 0.501, 8.999, 1.499 ], "rotation": 90, "texture": "#1" },
        "north": { "uv": [ 0.501, 0.001, 1.499, 0.999 ], "texture": "#0" },
        "south": { "uv": [ 0.999, 0.001, 0.001, 0.999 ], "texture": "#0" },
        "west":  { "uv": [ 1.001, 0.001, 1.499, 0.999 ], "texture": "#0" },
        "east":  { "uv": [ 0.001, 0.001, 2.999, 0.999 ], "texture": "#1" }
    }
},
{
    "from": [ 0.5, 13, 0 ],
    "to": [ 15.5, 14.5, 3 ],
    "faces": {
        "down":  { "uv": [ 14.501, 0.501, 15.499, 15.499 ], "rotation": 90, "texture": "#1" },
        "up":    { "uv": [ 13.501, 0.501, 14.499, 15.499 ], "rotation": 90, "texture": "#1" },
        "north": { "uv": [ 0.501, 1.501, 15.499, 2.999 ], "texture": "#0" },
        "south": { "uv": [ 15.499, 1.501, 0.501, 2.999 ], "texture": "#0" },
        "west":  { "uv": [ 0.001, 1.501, 2.999, 2.999 ], "texture": "#1" },
        "east":  { "uv": [ 0.001, 2.001, 2.999, 3.499 ], "texture": "#1" }
    }
},
{
    "from": [ 14.5, 0, 0.5 ],
    "to": [ 16, 16, 2.5 ],
    "faces": {
        "down":  { "uv": [ 6.501, 0.001, 8.499, 1.499 ], "rotation": 90, "texture": "#1" },
        "up":    { "uv": [ 6.501, 0.001, 8.499, 1.499 ], "rotation": 90, "texture": "#1" },
        "north": { "uv": [ 0.001, 0.001, 1.499, 15.999 ], "texture": "#0" },
        "south": { "uv": [ 1.499, 0.001, 0.001, 15.999 ], "texture": "#0" },
        "west":  { "uv": [ 1.001, 0.001, 1.499, 15.999 ], "texture": "#0" },
        "east":  { "uv": [ 0.501, 0.001, 2.499, 15.999 ], "texture": "#1" }
    }
},
{
    "from": [ 0.5, 0.5, 0 ],
    "to": [ 15.5, 2, 3 ],
    "faces": {
        "down":  { "uv": [ 0.501, 15.001, 15.499, 15.499 ], "rotation": 180, "texture": "#0" },
        "up":    { "uv": [ 0.501, 14.001, 15.499, 14.499 ], "rotation": 180, "texture": "#0" },
        "north": { "uv": [ 0.501, 14.001, 15.499, 15.499 ], "texture": "#0" },
        "south": { "uv": [ 15.499, 14.001, 0.501, 15.499 ], "texture": "#0" },
        "west":  { "uv": [ 0.001, 14.001, 2.999, 15.499 ], "texture": "#0" },
        "east":  { "uv": [ 0.001, 14.001, 2.999, 15.499 ], "texture": "#1" }
    }
},
{
    "from": [ 2, 2.5, 0.5 ],
    "to": [ 14, 4, 2.5 ],
    "faces": {
        "down":  { "uv": [ 2.001, 13.001, 13.999, 13.499 ], "rotation": 180, "texture": "#0" },
        "up":    { "uv": [ 2.001, 12.001, 13.999, 12.499 ], "rotation": 180, "texture": "#0" },
        "north": { "uv": [ 2.001, 12.001, 13.999, 13.499 ], "texture": "#0" },
        "south": { "uv": [ 13.999, 12.001, 2.001, 13.499 ], "texture": "#0" },
        "west":  { "uv": [ 13.501, 12.001, 13.999, 13.499 ], "texture": "#0" },
        "east":  { "uv": [ 2.001, 12.001, 2.499, 13.499 ], "texture": "#0" }
    }
},
{
    "from": [ 0, 0, 0.5 ],
    "to": [ 1.5, 16, 2.5 ],
    "faces": {
        "down":  { "uv": [ 6.501, 14.501, 8.499, 15.999 ], "rotation": 90, "texture": "#1" },
        "up":    { "uv": [ 6.501, 14.501, 8.499, 15.999 ], "rotation": 90, "texture": "#1" },
        "north": { "uv": [ 14.501, 0.001, 15.999, 15.999 ], "texture": "#0" },
        "south": { "uv": [ 15.999, 0.001, 14.501, 15.999 ], "texture": "#0" },
        "west":  { "uv": [ 13.501, 0.001, 15.499, 15.999 ], "texture": "#1" },
        "east":  { "uv": [ 14.501, 0.001, 14.999, 15.999 ], "texture": "#0" }
    }
},
{
    "from": [ 0.5, 2.5, 0 ],
    "to": [ 1.5, 12.5, 3 ],
    "faces": {
        "down":  { "uv": [ 14.501, 13.001, 15.499, 13.499 ], "rotation": 180, "texture": "#0" },
        "up":    { "uv": [ 14.501, 3.501, 15.499, 3.999 ], "rotation": 180, "texture": "#0" },
        "north": { "uv": [ 14.501, 3.501, 15.499, 13.499 ], "texture": "#0" },
        "south": { "uv": [ 15.499, 3.501, 14.501, 13.499 ], "texture": "#0" },
        "west":  { "uv": [ 15.001, 3.501, 15.499, 13.499 ], "texture": "#0" },
        "east":  { "uv": [ 14.501, 3.501, 14.999, 13.499 ], "texture": "#0" }
    }
},
{
    "from": [ 1.5, 0, 0.5 ],
    "to": [ 14.5, 0.5, 2.5 ],
    "faces": {
        "down":  { "uv": [ 6.501, 1.501, 8.499, 14.499 ], "rotation": 90, "texture": "#1" },
        "north": { "uv": [ 1.501, 15.501, 14.499, 15.999 ], "texture": "#0" },
        "south": { "uv": [ 14.499, 15.501, 1.501, 15.999 ], "texture": "#0" }
    }
},
{
    "from": [ 0.5, 15, 0 ],
    "to": [ 1.5, 16, 3 ],
    "faces": {
        "down":  { "uv": [ 14.501, 0.501, 15.499, 0.999 ], "rotation": 180, "texture": "#0" },
        "up":    { "uv": [ 6.001, 14.501, 8.999, 15.499 ], "rotation": 90, "texture": "#1" },
        "north": { "uv": [ 14.501, 0.001, 15.499, 0.999 ], "texture": "#0" },
        "south": { "uv": [ 15.499, 0.001, 14.501, 0.999 ], "texture": "#0" },
        "west":  { "uv": [ 15.001, 0.001, 15.499, 0.999 ], "texture": "#1" },
        "east":  { "uv": [ 14.501, 0.001, 14.999, 0.999 ], "texture": "#0" }
    }
}
]
}