{
"__comment": "Created by Filal",
"textures": {
    "particle": "block/oak_trapdoor",
    "1": "block/oak_trapdoor",
    "0": "block/oak_trapdoor_edge"
},
"elements": [ 
{
    "from": [ 0, 0, 0 ],
    "to": [ 3.5, 3, 3.5 ],
    "faces": {
        "down":  { "uv": [ 0.001, 12.501, 3.499, 15.999 ], "texture": "#1" },
        "up":    { "uv": [ 0.001, 0.001, 3.499, 3.499 ], "texture": "#1" },
        "north": { "uv": [ 12.501, 15.999, 15.999, 13.001 ], "texture": "#0" },
        "south": { "uv": [ 0.001, 15.999, 3.499, 13.001 ], "texture": "#0" },
        "west":  { "uv": [ 0.001, 15.999, 3.499, 13.001 ], "texture": "#0" },
        "east":  { "uv": [ 12.501, 15.999, 15.999, 13.001 ], "texture": "#0" }
    }
},
{
    "from": [ 0, 0, 12.5 ],
    "to": [ 3.5, 3, 16 ],
    "faces": {
        "down":  { "uv": [ 0.001, 0.001, 3.499, 3.499 ], "texture": "#1" },
        "up":    { "uv": [ 0.001, 12.501, 3.499, 15.999 ], "texture": "#1" },
        "north": { "uv": [ 12.501, 15.999, 15.999, 13.001 ], "texture": "#0" },
        "south": { "uv": [ 0.001, 15.999, 3.499, 13.001 ], "texture": "#0" },
        "west":  { "uv": [ 12.501, 15.999, 15.999, 13.001 ], "texture": "#0" },
        "east":  { "uv": [ 0.001, 15.999, 3.499, 13.001 ], "texture": "#0" }
    }
},
{
    "from": [ 12.5, 0, 0 ],
    "to": [ 16, 3, 3.5 ],
    "faces": {
        "down":  { "uv": [ 12.501, 12.501, 15.999, 15.999 ], "texture": "#1" },
        "up":    { "uv": [ 12.501, 0.001, 15.999, 3.499 ], "texture": "#1" },
        "north": { "uv": [ 0.001, 15.999, 3.499, 13.001 ], "texture": "#0" },
        "south": { "uv": [ 12.501, 15.999, 15.999, 13.001 ], "texture": "#0" },
        "west":  { "uv": [ 0.001, 15.999, 3.499, 13.001 ], "texture": "#0" },
        "east":  { "uv": [ 12.501, 15.999, 15.999, 13.001 ], "texture": "#0" }
    }
},
{
    "from": [ 12.5, 0, 12.5 ],
    "to": [ 16, 3, 16 ],
    "faces": {
        "down":  { "uv": [ 12.501, 0.001, 15.999, 3.499 ], "texture": "#1" },
        "up":    { "uv": [ 12.501, 12.501, 15.999, 15.999 ], "texture": "#1" },
        "north": { "uv": [ 0.001, 15.999, 3.499, 13.001 ], "texture": "#0" },
        "south": { "uv": [ 12.501, 15.999, 15.999, 13.001 ], "texture": "#0" },
        "west":  { "uv": [ 12.501, 15.999, 15.999, 13.001 ], "texture": "#0" },
        "east":  { "uv": [ 0.001, 15.999, 3.499, 13.001 ], "texture": "#0" }
    }
},
{
    "from": [ 3.5, 0.5, 0.5 ],
    "to": [ 12.5, 2.5, 3 ],
    "faces": {
        "down":  { "uv": [ 3.501, 0.501, 12.499, 2.999 ], "texture": "#1" },
        "up":    { "uv": [ 3.501, 0.501, 12.499, 2.999 ], "texture": "#1" },
        "north": { "uv": [ 3.501, 15.499, 12.499, 13.501 ], "texture": "#0" },
        "south": { "uv": [ 3.501, 13.501, 12.499, 15.499 ], "texture": "#0" }
    }
},
{
    "from": [ 0.5, 0.5, 3.5 ],
    "to": [ 3, 2.5, 12.5 ],
    "faces": {
        "down":  { "uv": [ 13.001, 3.501, 15.499, 12.499 ], "texture": "#1" },
        "up":    { "uv": [ 0.501, 3.501, 2.999, 12.499 ], "texture": "#1" },
        "west":  { "uv": [ 3.501, 15.499, 12.499, 13.501 ], "texture": "#0" },
        "east":  { "uv": [ 3.501, 13.501, 12.499, 15.499 ], "texture": "#0" }
    }
},
{
    "from": [ 3.5, 0.5, 13 ],
    "to": [ 12.5, 2.5, 15.5 ],
    "faces": {
        "down":  { "uv": [ 3.501, 13.001, 12.499, 15.499 ], "texture": "#1" },
        "up":    { "uv": [ 3.501, 13.001, 12.499, 15.499 ], "texture": "#1" },
        "north": { "uv": [ 3.501, 13.501, 12.499, 15.499 ], "texture": "#0" },
        "south": { "uv": [ 3.501, 15.499, 12.499, 13.501 ], "texture": "#0" }
    }
},
{
    "from": [ 13, 0.5, 3.5 ],
    "to": [ 15.5, 2.5, 12.5 ],
    "faces": {
        "down":  { "uv": [ 0.501, 3.501, 2.999, 12.499 ], "texture": "#1" },
        "up":    { "uv": [ 13.001, 3.501, 15.499, 12.499 ], "texture": "#1" },
        "west":  { "uv": [ 3.501, 13.501, 12.499, 15.499 ], "texture": "#0" },
        "east":  { "uv": [ 3.501, 15.499, 12.499, 13.501 ], "texture": "#0" }
    }
},
{
    "from": [ 3, 1, 3.5 ],
    "to": [ 3.5, 2, 12.5 ],
    "faces": {
        "down":  { "uv": [ 12.501, 3.501, 12.999, 12.499 ], "texture": "#1" },
        "up":    { "uv": [ 3.501, 3.501, 3.999, 12.499 ], "texture": "#1" },
        "east":  { "uv": [ 3.501, 5.499, 12.499, 4.501 ], "texture": "#1" }
    }
},
{
    "from": [ 3.5, 1, 3 ],
    "to": [ 12.5, 2, 3.5 ],
    "faces": {
        "down":  { "uv": [ 3.501, 3.501, 12.499, 3.999 ], "texture": "#1" },
        "up":    { "uv": [ 3.501, 3.501, 12.499, 3.999 ], "texture": "#1" },
        "south": { "uv": [ 3.501, 7.499, 12.499, 6.501 ], "texture": "#1" }
    }
},
{
    "from": [ 3.5, 1, 12.5 ],
    "to": [ 12.5, 2, 13 ],
    "faces": {
        "down":  { "uv": [ 3.501, 12.001, 12.499, 12.499 ], "texture": "#1" },
        "up":    { "uv": [ 3.501, 12.001, 12.499, 12.499 ], "texture": "#1" },
        "north": { "uv": [ 3.501, 7.499, 12.499, 6.501 ], "texture": "#1" }
    }
},
{
    "from": [ 12.5, 1, 3.5 ],
    "to": [ 13, 2, 12.5 ],
    "faces": {
        "down":  { "uv": [ 3.501, 3.501, 3.999, 12.499 ], "texture": "#1" },
        "up":    { "uv": [ 12.001, 3.501, 12.499, 12.499 ], "texture": "#1" },
        "west":  { "uv": [ 3.501, 9.499, 12.499, 8.501 ], "texture": "#1" }
    }
},
{
    "from": [ 4.5, 0.5, 3 ],
    "to": [ 5.5, 1.5, 13 ],
    "faces": {
        "down":  { "uv": [ 3.501, 4.501, 12.499, 5.499 ], "rotation": 90, "texture": "#1" },
        "up":    { "uv": [ 4.501, 3.001, 5.499, 12.999 ], "texture": "#1" },
        "west":  { "uv": [ 3.001, 4.501, 12.999, 5.499 ], "texture": "#1" },
        "east":  { "uv": [ 2.501, 5.499, 12.499, 4.501 ], "texture": "#1" }
    }
},
{
    "from": [ 6.5, 0.5, 3 ],
    "to": [ 7.5, 1.5, 13 ],
    "faces": {
        "down":  { "uv": [ 3.501, 6.501, 12.499, 7.499 ], "rotation": 90, "texture": "#1" },
        "up":    { "uv": [ 6.501, 3.001, 7.499, 12.999 ], "texture": "#1" },
        "west":  { "uv": [ 3.001, 4.501, 12.999, 5.499 ], "texture": "#1" },
        "east":  { "uv": [ 3.001, 5.499, 12.999, 4.501 ], "texture": "#1" }
    }
},
{
    "from": [ 8.5, 0.5, 3 ],
    "to": [ 9.5, 1.5, 13 ],
    "faces": {
        "down":  { "uv": [ 3.501, 8.501, 12.499, 9.499 ], "rotation": 90, "texture": "#1" },
        "up":    { "uv": [ 8.501, 3.001, 9.499, 12.999 ], "texture": "#1" },
        "west":  { "uv": [ 3.001, 8.501, 12.999, 9.499 ], "texture": "#1" },
        "east":  { "uv": [ 3.001, 9.499, 12.999, 8.501 ], "texture": "#1" }
    }
},
{
    "from": [ 10.5, 0.5, 3 ],
    "to": [ 11.5, 1.5, 13 ],
    "faces": {
        "down":  { "uv": [ 3.501, 10.501, 12.499, 11.499 ], "rotation": 90, "texture": "#1" },
        "up":    { "uv": [ 10.501, 3.001, 11.499, 12.999 ], "texture": "#1" },
        "west":  { "uv": [ 3.001, 10.501, 12.999, 11.499 ], "texture": "#1" },
        "east":  { "uv": [ 3.001, 11.499, 12.999, 10.501 ], "texture": "#1" }
    }
},
{
    "from": [ 3.5, 1, 4.5 ],
    "to": [ 12.5, 2, 5.5 ],
    "faces": {
        "down":  { "uv": [ 3.501, 4.501, 12.499, 5.499 ], "texture": "#1" },
        "up":    { "uv": [ 3.501, 4.501, 12.499, 5.499 ], "texture": "#1" },
        "north": { "uv": [ 3.501, 4.501, 12.499, 5.499 ], "texture": "#1" },
        "south": { "uv": [ 3.501, 5.499, 12.499, 4.501 ], "texture": "#1" }
    }
},
{
    "from": [ 3.5, 1, 6.5 ],
    "to": [ 12.5, 2, 7.5 ],
    "faces": {
        "down":  { "uv": [ 3.501, 6.501, 12.499, 7.499 ], "texture": "#1" },
        "up":    { "uv": [ 3.501, 6.501, 12.499, 7.499 ], "texture": "#1" },
        "north": { "uv": [ 3.501, 6.501, 12.499, 7.499 ], "texture": "#1" },
        "south": { "uv": [ 3.501, 7.499, 12.499, 6.501 ], "texture": "#1" }
    }
},
{
    "from": [ 3.5, 1, 8.5 ],
    "to": [ 12.5, 2, 9.5 ],
    "faces": {
        "down":  { "uv": [ 3.501, 8.501, 12.499, 9.499 ], "texture": "#1" },
        "up":    { "uv": [ 3.501, 8.501, 12.499, 9.499 ], "texture": "#1" },
        "north": { "uv": [ 3.501, 8.501, 12.499, 9.499 ], "texture": "#1" },
        "south": { "uv": [ 3.501, 9.499, 12.499, 8.501 ], "texture": "#1" }
    }
},
{
    "from": [ 3.5, 1, 10.5 ],
    "to": [ 12.5, 2, 11.5 ],
    "faces": {
        "down":  { "uv": [ 3.501, 10.501, 12.499, 11.499 ], "texture": "#1" },
        "up":    { "uv": [ 3.501, 10.501, 12.499, 11.499 ], "texture": "#1" },
        "north": { "uv": [ 3.501, 10.501, 12.499, 11.499 ], "texture": "#1" },
        "south": { "uv": [ 3.501, 11.499, 12.499, 10.501 ], "texture": "#1" }
    }
}
],
"display": {
    "thirdperson_righthand": {
        "rotation": [ 0, 0, -90 ],
        "translation": [ 4, -1.5, 2 ],
        "scale": [ 1, 1, 1 ]
    },
    "thirdperson_lefthand": {
        "rotation": [ 0, 0, -90 ],
        "translation": [ 4, -1.5, 2 ],
        "scale": [ 1, 1, 1 ]
    },
    "ground": {
        "rotation": [ 0, 0, 0 ],
        "translation": [ 0, 3, 0 ],
        "scale": [ 0.4, 0.4, 0.4 ]
    },
    "fixed": {
        "rotation": [ -90, 0, 0 ],
        "translation": [ 0, 0, -8 ],
        "scale": [ 1, 1, 1 ]
    },
    "firstperson_righthand": {
        "rotation": [ 30, 0, 90 ],
        "translation": [ -3, 6, 4 ],
        "scale": [ 1, 1, 1 ]
    },
    "firstperson_lefthand": {
        "rotation": [ 30, 0, 90 ],
        "translation": [ -3, 6, 4 ],
        "scale": [ 1, 1, 1 ]
    },
    "gui": {
        "rotation": [ 30, 225, 0 ],
        "translation": [ 0, 0, 0 ],
        "scale": [ 0.625, 0.625, 0.625 ]
    }
}
}