{
	"__comment": "Created by Filal",
	"textures": {
		"particle": "block/podzol_side",
		"0": "block/podzol_side",
		"1": "block/podzol_top2",
		"2": "block/dirt",
		"3": "block/stone"
	},
	"elements": [ 	 
		{
			"__comment": "Box1",
			"from": [ 0, 0, 0 ],
			"to": [ 16, 16, 16 ],
			"faces": {
				"down": { "uv": [ 0, 0, 16, 16 ], "texture": "#2", "cullface": "down" },
				"up": { "uv": [ 0, 0, 16, 16 ], "texture": "#1", "cullface": "up" },
				"north": { "uv": [ 0, 0, 16, 16 ], "texture": "#0", "cullface": "north" },
				"south": { "uv": [ 0, 0, 16, 16 ], "texture": "#0", "cullface": "south" },
				"west": { "uv": [ 0, 0, 16, 16 ], "texture": "#0", "cullface": "west" },
				"east": { "uv": [ 0, 0, 16, 16 ], "texture": "#0", "cullface": "east" }
			}
		},
		{
			"__comment": "Box2",
			"from": [ 3, 16, 2.5 ],
			"to": [ 4, 17, 3.5 ],
			"shade": false,
			"faces": {
				"up": { "uv": [ 3, 2.5, 4, 3.5 ], "texture": "#3", "cullface": "up" },
				"north": { "uv": [ 12, 15, 13, 16 ], "texture": "#3", "cullface": "up" },
				"south": { "uv": [ 3, 15, 4, 16 ], "texture": "#3", "cullface": "up" },
				"west": { "uv": [ 2.5, 15, 3.5, 16 ], "texture": "#3", "cullface": "up" },
				"east": { "uv": [ 12.5, 15, 13.5, 16 ], "texture": "#3", "cullface": "up" }
			}
		},
		{
			"__comment": "Box2",
			"from": [ 3, 16, 2 ],
			"to": [ 4.5, 16.5, 3 ],
			"shade": false,
			"faces": {
				"up": { "uv": [ 3, 2, 4.5, 3 ], "texture": "#3", "cullface": "up" },
				"north": { "uv": [ 11.5, 15.5, 13, 16 ], "texture": "#3", "cullface": "up" },
				"south": { "uv": [ 3, 15.5, 4.5, 16 ], "texture": "#3", "cullface": "up" },
				"west": { "uv": [ 2, 15.5, 3, 16 ], "texture": "#3", "cullface": "up" },
				"east": { "uv": [ 13, 15.5, 14, 16 ], "texture": "#3", "cullface": "up" }
			}
		},
		{
			"__comment": "Box2",
			"from": [ 9, 16, 8.5 ],
			"to": [ 10.5, 16.5, 10.5 ],
			"shade": false,
			"faces": {
				"up": { "uv": [ 9, 8.5, 10.5, 10.5 ], "texture": "#3", "cullface": "up" },
				"north": { "uv": [ 5.5, 15.5, 7, 16 ], "texture": "#3", "cullface": "up" },
				"south": { "uv": [ 9, 15.5, 10.5, 16 ], "texture": "#3", "cullface": "up" },
				"west": { "uv": [ 8.5, 15.5, 10.5, 16 ], "texture": "#3", "cullface": "up" },
				"east": { "uv": [ 5.5, 15.5, 7.5, 16 ], "texture": "#3", "cullface": "up" }
			}
		},
		{
			"__comment": "Box2",
			"from": [ 9, 16, 8.5 ],
			"to": [ 10, 17, 10 ],
			"shade": false,
			"faces": {
				"up": { "uv": [ 9, 8.5, 10, 10 ], "texture": "#3", "cullface": "up" },
				"north": { "uv": [ 6, 15, 7, 16 ], "texture": "#3", "cullface": "up" },
				"south": { "uv": [ 9, 15, 10, 16 ], "texture": "#3", "cullface": "up" },
				"west": { "uv": [ 8.5, 15, 10, 16 ], "texture": "#3", "cullface": "up" },
				"east": { "uv": [ 6, 15, 7.5, 16 ], "texture": "#3", "cullface": "up" }
			}
		},
		{
			"__comment": "Box2",
			"from": [ 9, 16, 10.5 ],
			"to": [ 10, 16.5, 11 ],
			"shade": false,
			"faces": {
				"up": { "uv": [ 9, 10.5, 10, 11 ], "texture": "#3", "cullface": "up" },
				"north": { "uv": [ 6, 15.5, 7, 16 ], "texture": "#3", "cullface": "up" },
				"south": { "uv": [ 9, 15.5, 10, 16 ], "texture": "#3", "cullface": "up" },
				"west": { "uv": [ 10.5, 15.5, 11, 16 ], "texture": "#3", "cullface": "up" },
				"east": { "uv": [ 5, 15.5, 5.5, 16 ], "texture": "#3", "cullface": "up" }
			}
		},
		{
			"__comment": "Box2",
			"from": [ 8.5, 16, 8.5 ],
			"to": [ 9, 16.5, 10 ],
			"shade": false,
			"faces": {
				"up": { "uv": [ 8.5, 8.5, 9, 10 ], "texture": "#3", "cullface": "up" },
				"north": { "uv": [ 7, 15.5, 7.5, 16 ], "texture": "#3", "cullface": "up" },
				"south": { "uv": [ 8.5, 15.5, 9, 16 ], "texture": "#3", "cullface": "up" },
				"west": { "uv": [ 8.5, 15.5, 10, 16 ], "texture": "#3", "cullface": "up" },
				"east": { "uv": [ 6, 15.5, 7.5, 16 ], "texture": "#3", "cullface": "up" }
			}
		},
		{
			"__comment": "Box2",
			"from": [ 9, 16, 8 ],
			"to": [ 10, 16.5, 8.5 ],
			"shade": false,
			"faces": {
				"up": { "uv": [ 9, 8, 10, 8.5 ], "texture": "#3", "cullface": "up" },
				"north": { "uv": [ 6, 15.5, 7, 16 ], "texture": "#3", "cullface": "up" },
				"south": { "uv": [ 9, 15.5, 10, 16 ], "texture": "#3", "cullface": "up" },
				"west": { "uv": [ 8, 15.5, 8.5, 16 ], "texture": "#3", "cullface": "up" },
				"east": { "uv": [ 7.5, 15.5, 8, 16 ], "texture": "#3", "cullface": "up" }
			}
		},
		{
			"__comment": "Box2",
			"from": [ 10, 16, 2 ],
			"to": [ 11, 16.5, 3 ],
			"shade": false,
			"faces": {
				"up": { "uv": [ 10, 2, 11, 3 ], "texture": "#3", "cullface": "up" },
				"north": { "uv": [ 5, 15.5, 6, 16 ], "texture": "#3", "cullface": "up" },
				"south": { "uv": [ 10, 15.5, 11, 16 ], "texture": "#3", "cullface": "up" },
				"west": { "uv": [ 2, 15.5, 3, 16 ], "texture": "#3", "cullface": "up" },
				"east": { "uv": [ 13, 15.5, 14, 16 ], "texture": "#3", "cullface": "up" }
			}
		},
		{
			"__comment": "Box2",
			"from": [ 11, 16, 2 ],
			"to": [ 11.5, 16.5, 2.5 ],
			"shade": false,
			"faces": {
				"up": { "uv": [ 11, 2, 11.5, 2.5 ], "texture": "#3", "cullface": "up" },
				"north": { "uv": [ 4.5, 15.5, 5, 16 ], "texture": "#3", "cullface": "up" },
				"south": { "uv": [ 11, 15.5, 11.5, 16 ], "texture": "#3", "cullface": "up" },
				"west": { "uv": [ 2, 15.5, 2.5, 16 ], "texture": "#3", "cullface": "up" },
				"east": { "uv": [ 13.5, 15.5, 14, 16 ], "texture": "#3", "cullface": "up" }
			}
		},
		{
			"__comment": "Box2",
			"from": [ 10, 16, 1.5 ],
			"to": [ 11, 17, 2.5 ],
			"shade": false,
			"faces": {
				"up": { "uv": [ 10, 1.5, 11, 2.5 ], "texture": "#3", "cullface": "up" },
				"north": { "uv": [ 5, 15, 6, 16 ], "texture": "#3", "cullface": "up" },
				"south": { "uv": [ 10, 15, 11, 16 ], "texture": "#3", "cullface": "up" },
				"west": { "uv": [ 1.5, 15, 2.5, 16 ], "texture": "#3", "cullface": "up" },
				"east": { "uv": [ 13.5, 15, 14.5, 16 ], "texture": "#3", "cullface": "up" }
			}
		}
	]
}