{
	"__comment": "Created by Filal",
	"textures": {
		"particle": "block/podzol_side",
		"0": "block/podzol_side",
		"1": "block/podzol_top1",
		"2": "block/dirt"
	},
	"elements": [ 	 
		{
			"__comment": "Box1",
			"from": [ 0, 0, 0 ],
			"to": [ 16, 16, 16 ],
			"faces": {
				"down": { "uv": [ 0, 0, 16, 16 ], "texture": "#2" },
				"up": { "uv": [ 0, 0, 16, 16 ], "texture": "#1" },
				"north": { "uv": [ 0, 0, 16, 16 ], "texture": "#0" },
				"south": { "uv": [ 0, 0, 16, 16 ], "texture": "#0" },
				"west": { "uv": [ 0, 0, 16, 16 ], "texture": "#0" },
				"east": { "uv": [ 0, 0, 16, 16 ], "texture": "#0" }
			}
		}
	]
}