{
	"__comment": "Created by Filal",
	"textures": {
		"particle": "block/dandelion",
		"0": "block/dandelion5",
		"1": "block/poppy",
		"2": "block/dandelion4"
	},
	"elements": [ 	 
		{
			"__comment": "Element",
			"from": [ 8, 0, 8.5 ],
			"to": [ 8.5, 4, 9 ],
			"shade": false,
			"faces": {
				"up": { "uv": [ 14, 6, 14.5, 6.5 ], "texture": "#1" },
				"north": { "uv": [ 14, 6.5, 14.5, 10.5 ], "texture": "#1" },
				"south": { "uv": [ 14, 4.5, 14.5, 8.5 ], "texture": "#1" },
				"west": { "uv": [ 14, 5.5, 14.5, 9.5 ], "texture": "#1" },
				"east": { "uv": [ 14, 4.5, 14.5, 8.5 ], "texture": "#1" }
			}
		},
		{
			"__comment": "Element",
			"from": [ 8.25, 3, 8.75 ],
			"to": [ 8.75, 7, 9.25 ],
			"shade": false,
			"faces": {
				"down": { "uv": [ 13.5, 10, 14, 10.5 ], "texture": "#1" },
				"up": { "uv": [ 14, 7, 14.5, 7.5 ], "texture": "#1" },
				"north": { "uv": [ 14, 5, 14.5, 9 ], "texture": "#1" },
				"south": { "uv": [ 14, 6.5, 14.5, 10.5 ], "texture": "#1" },
				"west": { "uv": [ 14, 5, 14.5, 9 ], "texture": "#1" },
				"east": { "uv": [ 14, 6.5, 14.5, 10.5 ], "texture": "#1" }
			}
		},
		{
			"__comment": "Element",
			"from": [ 6.2953, 7.304, 6 ],
			"to": [ 11.2953, 7.305, 12.5 ],
			"rotation": { "origin": [ 8.5, 8, 6 ], "axis": "z", "angle": -22.5 },
			"shade": false,
			"faces": {
				"down": { "uv": [ 11.5, 9, 5, 4 ], "texture": "#1", "rotation": 90 },
				"up": { "uv": [ 5, 4, 11.5, 9 ], "texture": "#1", "rotation": 90 }
			}
		},
		{
			"__comment": "Element",
			"from": [ 9.5, 6.7, 8 ],
			"to": [ 11, 6.701, 10 ],
			"shade": false,
			"faces": {
				"down": { "uv": [ 7.5, 7.5, 9.5, 9 ], "texture": "#1", "rotation": 90 },
				"up": { "uv": [ 7.5, 7.5, 9.5, 9 ], "texture": "#1", "rotation": 270 }
			}
		},
		{
			"__comment": "Element",
			"from": [ 6.0722, 7.6278, 8 ],
			"to": [ 7.5722, 7.6288, 10 ],
			"rotation": { "origin": [ 7.5, 7.5, 8 ], "axis": "z", "angle": -45 },
			"shade": false,
			"faces": {
				"down": { "uv": [ 6.5, 5.5, 5, 7.5 ], "texture": "#1", "rotation": 180 },
				"up": { "uv": [ 6.5, 5.5, 5, 7.5 ], "texture": "#1", "rotation": 180 }
			}
		},
		{
			"__comment": "Element",
			"from": [ 8.5, 0, 3.75 ],
			"to": [ 8.501, 5, 12.75 ],
			"rotation": { "origin": [ 8.5, 0, 9 ], "axis": "y", "angle": -45 },
			"shade": false,
			"faces": {
				"west": { "uv": [ 2.5, 11, 11.5, 16 ], "texture": "#2" },
				"east": { "uv": [ 11.5, 11, 2.5, 16 ], "texture": "#2" }
			}
		},
		{
			"__comment": "Element",
			"from": [ 8.271, 0, 3.755 ],
			"to": [ 8.272, 5, 12.755 ],
			"rotation": { "origin": [ 8.5, 0, 9 ], "axis": "y", "angle": 22.5 },
			"shade": false,
			"faces": {
				"west": { "uv": [ 11.5, 11, 2.5, 16 ], "texture": "#2" },
				"east": { "uv": [ 2.5, 11, 11.5, 16 ], "texture": "#2" }
			}
		},
		{
			"__comment": "Element",
			"from": [ 5.501, 3.9564, 3.5 ],
			"to": [ 7.501, 3.9574, 5.5 ],
			"rotation": { "origin": [ 6.5, 4, 3.5 ], "axis": "z", "angle": 22.5 },
			"shade": false,
			"faces": {
				"down": { "uv": [ 0, 0, 2, 2 ], "texture": "#1" },
				"up": { "uv": [ 0, 0, 2, 2 ], "texture": "#1", "rotation": 90 }
			}
		},
		{
			"__comment": "Element",
			"from": [ 10, 3.9673, 6.0007 ],
			"to": [ 11.5, 3.9683, 7.5007 ],
			"rotation": { "origin": [ 10, 4, 6.75 ], "axis": "x", "angle": -22.5 },
			"shade": false,
			"faces": {
				"down": { "uv": [ 11.5, 2, 13, 3.5 ], "texture": "#1" },
				"up": { "uv": [ 11.5, 2, 13, 3.5 ], "texture": "#1", "rotation": 180 }
			}
		},
		{
			"__comment": "Element",
			"from": [ 8, 4.0436, 9.500999 ],
			"to": [ 10.5, 4.0446, 11.501 ],
			"rotation": { "origin": [ 8, 4, 10.5 ], "axis": "x", "angle": 22.5 },
			"shade": false,
			"faces": {
				"down": { "uv": [ 4.5, 0, 7, 2 ], "texture": "#1" },
				"up": { "uv": [ 4.5, 0, 7, 2 ], "texture": "#1" }
			}
		},
		{
			"__comment": "Element",
			"from": [ 5.25, 4, 11 ],
			"to": [ 6.75, 4.001, 12.5 ],
			"rotation": { "origin": [ 6, 4, 11 ], "axis": "z", "angle": 45 },
			"shade": false,
			"faces": {
				"down": { "uv": [ 11.5, 2, 13, 3.5 ], "texture": "#1" },
				"up": { "uv": [ 11.5, 2, 13, 3.5 ], "texture": "#1", "rotation": 90 }
			}
		},
		{
			"__comment": "Element",
			"from": [ 7.7613, 7.8918, 6.5 ],
			"to": [ 9.761299, 7.8928, 8 ],
			"rotation": { "origin": [ 7.5, 8, 8 ], "axis": "z", "angle": -22.5 },
			"shade": false,
			"faces": {
				"down": { "uv": [ 7.5, 7.5, 9.5, 9 ], "texture": "#1", "rotation": 180 },
				"up": { "uv": [ 7.5, 7.5, 9.5, 9 ], "texture": "#1", "rotation": 180 }
			}
		},
		{
			"__comment": "Element",
			"from": [ 7.7613, 7.8918, 10 ],
			"to": [ 9.761299, 7.8928, 11.5 ],
			"rotation": { "origin": [ 7.5, 8, 11.5 ], "axis": "z", "angle": -22.5 },
			"shade": false,
			"faces": {
				"down": { "uv": [ 6.5, 4, 8.5, 5.5 ], "texture": "#1", "rotation": 180 },
				"up": { "uv": [ 6.5, 4, 8.5, 5.5 ], "texture": "#1", "rotation": 180 }
			}
		}
	]
}