{
	"__comment": "Created by Filal",
	"ambientocclusion": false,
	"textures": {
		"particle": "block/allium",
		"4": "block/flower_pot",
		"5": "block/dirt",
		"6": "block/allium_pot",
		"7": "block/allium_pot1",
		"0": "block/allium",
		"1": "block/allium1",
		"2": "block/allium2",
		"3": "block/allium3"
	},
	"elements": [ 	 
		{
			"from": [ 5.5, 0, 5.5 ],
			"to": [ 10, 5, 6 ],
			"faces": {
				"down": { "uv": [ 5.5, 10, 10, 10.5 ], "texture": "#4" },
				"north": { "uv": [ 6, 11, 10.5, 16 ], "texture": "#4" },
				"south": { "uv": [ 5.5, 11, 10, 16 ], "texture": "#4" },
				"west": { "uv": [ 5.5, 11, 6, 16 ], "texture": "#4" }
			}
		},
		{
			"from": [ 6, 0, 10 ],
			"to": [ 10.5, 5, 10.5 ],
			"faces": {
				"down": { "uv": [ 5.5, 5.5, 10, 6 ], "texture": "#4" },
				"north": { "uv": [ 5.5, 11, 10, 16 ], "texture": "#4" },
				"south": { "uv": [ 6, 11, 10.5, 16 ], "texture": "#4" },
				"east": { "uv": [ 5.5, 11, 6, 16 ], "texture": "#4" }
			}
		},
		{
			"from": [ 5.5, 0, 6 ],
			"to": [ 6, 5, 10.5 ],
			"faces": {
				"down": { "uv": [ 5.5, 5.5, 6, 10 ], "texture": "#4" },
				"south": { "uv": [ 5.5, 11, 6, 16 ], "texture": "#4" },
				"west": { "uv": [ 6, 11, 10.5, 16 ], "texture": "#4" },
				"east": { "uv": [ 5.5, 11, 10, 16 ], "texture": "#4" }
			}
		},
		{
			"from": [ 10, 0, 5.5 ],
			"to": [ 10.5, 5, 10 ],
			"faces": {
				"down": { "uv": [ 10, 6, 10.5, 10.5 ], "texture": "#4" },
				"north": { "uv": [ 5.5, 11, 6, 16 ], "texture": "#4" },
				"west": { "uv": [ 5.5, 11, 10, 16 ], "texture": "#4" },
				"east": { "uv": [ 6, 11, 10.5, 16 ], "texture": "#4" }
			}
		},
		{
			"from": [ 6, 0, 6 ],
			"to": [ 10, 4.5, 10 ],
			"faces": {
				"down": { "uv": [ 6, 6, 10, 10 ], "texture": "#4" },
				"up": { "uv": [ 6, 10, 10, 14 ], "texture": "#5" }
			}
		},
		{
			"from": [ 5, 5, 5 ],
			"to": [ 10, 6, 6 ],
			"faces": {
				"down": { "uv": [ 5, 10, 10, 11 ], "texture": "#4" },
				"up": { "uv": [ 5, 5, 10, 6 ], "texture": "#4" },
				"north": { "uv": [ 6, 10, 11, 11 ], "texture": "#4" },
				"south": { "uv": [ 5, 10, 10, 11 ], "texture": "#4" },
				"west": { "uv": [ 10, 10, 11, 11 ], "texture": "#4", "rotation": 90 }
			}
		},
		{
			"from": [ 6, 5, 10 ],
			"to": [ 11, 6, 11 ],
			"faces": {
				"down": { "uv": [ 6, 5, 11, 6 ], "texture": "#4" },
				"up": { "uv": [ 6, 10, 11, 11 ], "texture": "#4" },
				"north": { "uv": [ 5, 5, 10, 6 ], "texture": "#4" },
				"south": { "uv": [ 6, 5, 11, 6 ], "texture": "#4" },
				"east": { "uv": [ 5, 5, 6, 6 ], "texture": "#4", "rotation": 270 }
			}
		},
		{
			"from": [ 10, 5, 5 ],
			"to": [ 11, 6, 10 ],
			"faces": {
				"down": { "uv": [ 10, 6, 11, 11 ], "texture": "#4" },
				"up": { "uv": [ 10, 5, 11, 10 ], "texture": "#4" },
				"north": { "uv": [ 5, 10, 6, 11 ], "texture": "#4" },
				"west": { "uv": [ 5, 6, 6, 11 ], "texture": "#4", "rotation": 90 },
				"east": { "uv": [ 5, 6, 6, 11 ], "texture": "#4", "rotation": 270 }
			}
		},
		{
			"from": [ 5, 5, 6 ],
			"to": [ 6, 6, 11 ],
			"faces": {
				"down": { "uv": [ 5, 5, 6, 10 ], "texture": "#4" },
				"up": { "uv": [ 5, 6, 6, 11 ], "texture": "#4" },
				"south": { "uv": [ 5, 5, 6, 6 ], "texture": "#4" },
				"west": { "uv": [ 5, 6, 6, 11 ], "texture": "#4", "rotation": 90 },
				"east": { "uv": [ 5, 5, 10, 6 ], "texture": "#4" }
			}
		},
		{
			"__comment": "PlaneX10",
			"from": [ 9.5, 4.5, 3.5 ],
			"to": [ 9.501, 16.5, 13 ],
			"rotation": { "origin": [ 9.5, 4.5, 3.5 ], "axis": "y", "angle": -22.5 },
			"faces": {
				"west": { "uv": [ 13, 4, 3.5, 16 ], "texture": "#6" },
				"east": { "uv": [ 3.5, 4, 13, 16 ], "texture": "#6" }
			}
		},
		{
			"__comment": "PlaneX11",
			"from": [ 5, 4.5, 5 ],
			"to": [ 5.001, 18, 15 ],
			"rotation": { "origin": [ 5, 4.5, 5 ], "axis": "y", "angle": 45 },
			"faces": {
				"west": { "uv": [ 4, 2.5, 14, 16 ], "texture": "#7" },
				"east": { "uv": [ 14, 2.5, 4, 16 ], "texture": "#7" }
			}
		},
		{
			"from": [ 4.5, 16, 5.5 ],
			"to": [ 5.5, 18, 6.5 ],
			"rotation": { "origin": [ 4.5, 16, 5.5 ], "axis": "y", "angle": 45 },
			"shade": false,
			"faces": {
				"down": { "uv": [ 0.51, 0.5100002, 1.49, 1.49 ], "texture": "#1" },
				"up": { "uv": [ 0.51, 0.5100002, 1.49, 1.49 ], "texture": "#1" },
				"north": { "uv": [ 0.51, 0.01000023, 1.49, 1.99 ], "texture": "#1" },
				"south": { "uv": [ 0.51, 0.01000023, 1.49, 1.99 ], "texture": "#1" },
				"west": { "uv": [ 0.51, 0.01000023, 1.49, 1.99 ], "texture": "#1" },
				"east": { "uv": [ 0.51, 0.01000023, 1.49, 1.99 ], "texture": "#1" }
			}
		},
		{
			"from": [ 4.5, 16.5, 5 ],
			"to": [ 5.5, 17.5, 7 ],
			"rotation": { "origin": [ 4.5, 16, 5.5 ], "axis": "y", "angle": 45 },
			"shade": false,
			"faces": {
				"down": { "uv": [ 0.01, 0.5100002, 1.99, 1.49 ], "texture": "#1", "rotation": 90 },
				"up": { "uv": [ 0.01, 0.5100002, 1.99, 1.49 ], "texture": "#1", "rotation": 90 },
				"north": { "uv": [ 0.51, 0.5100002, 1.49, 1.49 ], "texture": "#1" },
				"south": { "uv": [ 0.51, 0.5100002, 1.49, 1.49 ], "texture": "#1" },
				"west": { "uv": [ 0.01, 0.5100002, 1.99, 1.49 ], "texture": "#1" },
				"east": { "uv": [ 0.01, 0.5100002, 1.99, 1.49 ], "texture": "#1" }
			}
		},
		{
			"from": [ 4, 16.5, 5.5 ],
			"to": [ 6, 17.5, 6.5 ],
			"rotation": { "origin": [ 4.5, 16, 5.5 ], "axis": "y", "angle": 45 },
			"shade": false,
			"faces": {
				"down": { "uv": [ 0.01, 0.5100002, 1.99, 1.49 ], "texture": "#1", "rotation": 180 },
				"up": { "uv": [ 0.01, 0.5100002, 1.99, 1.49 ], "texture": "#1", "rotation": 180 },
				"north": { "uv": [ 0.01, 0.5100002, 1.99, 1.49 ], "texture": "#1" },
				"south": { "uv": [ 0.01, 0.5100002, 1.99, 1.49 ], "texture": "#1" },
				"west": { "uv": [ 0.51, 0.5100002, 1.49, 1.49 ], "texture": "#1" },
				"east": { "uv": [ 0.51, 0.5100002, 1.49, 1.49 ], "texture": "#1" }
			}
		},
		{
			"from": [ 9, 15, 8.5 ],
			"to": [ 10, 16, 10.5 ],
			"shade": false,
			"faces": {
				"down": { "uv": [ 2.01, 0.5100002, 3.99, 1.49 ], "texture": "#1", "rotation": 90 },
				"up": { "uv": [ 2.01, 0.5100002, 3.99, 1.49 ], "texture": "#1", "rotation": 90 },
				"north": { "uv": [ 2.51, 0.5100002, 3.49, 1.49 ], "texture": "#1" },
				"south": { "uv": [ 2.51, 0.5100002, 3.49, 1.49 ], "texture": "#1" },
				"west": { "uv": [ 2.01, 0.5100002, 3.99, 1.49 ], "texture": "#1" },
				"east": { "uv": [ 2.01, 0.5100002, 3.99, 1.49 ], "texture": "#1" }
			}
		},
		{
			"from": [ 8.5, 15, 9 ],
			"to": [ 10.5, 16, 10 ],
			"shade": false,
			"faces": {
				"down": { "uv": [ 2.01, 0.5100002, 3.99, 1.49 ], "texture": "#1", "rotation": 180 },
				"up": { "uv": [ 2.01, 0.5100002, 3.99, 1.49 ], "texture": "#1", "rotation": 180 },
				"north": { "uv": [ 2.01, 0.5100002, 3.99, 1.49 ], "texture": "#1" },
				"south": { "uv": [ 2.01, 0.5100002, 3.99, 1.49 ], "texture": "#1" },
				"west": { "uv": [ 2.51, 0.5100002, 3.49, 1.49 ], "texture": "#1" },
				"east": { "uv": [ 2.51, 0.5100002, 3.49, 1.49 ], "texture": "#1" }
			}
		},
		{
			"from": [ 9, 14.5, 9 ],
			"to": [ 10, 16.5, 10 ],
			"shade": false,
			"faces": {
				"down": { "uv": [ 2.51, 0.5100002, 3.49, 1.49 ], "texture": "#1" },
				"up": { "uv": [ 2.51, 0.5100002, 3.49, 1.49 ], "texture": "#1" },
				"north": { "uv": [ 2.51, 0.01000023, 3.49, 1.99 ], "texture": "#1" },
				"south": { "uv": [ 2.51, 0.01000023, 3.49, 1.99 ], "texture": "#1" },
				"west": { "uv": [ 2.51, 0.01000023, 3.49, 1.99 ], "texture": "#1" },
				"east": { "uv": [ 2.51, 0.01000023, 3.49, 1.99 ], "texture": "#1" }
			}
		},
		{
			"from": [ 8, 15.5, 5 ],
			"to": [ 9, 17.5, 6 ],
			"rotation": { "origin": [ 8, 15.5, 5 ], "axis": "y", "angle": -22.5 },
			"shade": false,
			"faces": {
				"down": { "uv": [ 2.5, 0.5, 3.48, 1.48 ], "texture": "#1" },
				"up": { "uv": [ 2.5, 0.5, 3.48, 1.48 ], "texture": "#1" },
				"north": { "uv": [ 2.5, 0, 3.48, 1.98 ], "texture": "#1" },
				"south": { "uv": [ 2.5, 0, 3.48, 1.98 ], "texture": "#1" },
				"west": { "uv": [ 2.5, 0, 3.48, 1.98 ], "texture": "#1" },
				"east": { "uv": [ 2.5, 0, 3.48, 1.98 ], "texture": "#1" }
			}
		},
		{
			"from": [ 8.0218, 16, 4.5005 ],
			"to": [ 9.0218, 17, 6.5005 ],
			"rotation": { "origin": [ 8, 15.5, 5 ], "axis": "y", "angle": -22.5 },
			"shade": false,
			"faces": {
				"down": { "uv": [ 2, 0.5, 3.98, 1.48 ], "texture": "#1", "rotation": 90 },
				"up": { "uv": [ 2, 0.5, 3.98, 1.48 ], "texture": "#1", "rotation": 90 },
				"north": { "uv": [ 2.5, 0.5, 3.48, 1.48 ], "texture": "#1" },
				"south": { "uv": [ 2.5, 0.5, 3.48, 1.48 ], "texture": "#1" },
				"west": { "uv": [ 2, 0.5, 3.98, 1.48 ], "texture": "#1" },
				"east": { "uv": [ 2, 0.5, 3.98, 1.48 ], "texture": "#1" }
			}
		},
		{
			"from": [ 7.5005, 16, 4.9782 ],
			"to": [ 9.5005, 17, 5.9782 ],
			"rotation": { "origin": [ 8, 15.5, 5 ], "axis": "y", "angle": -22.5 },
			"shade": false,
			"faces": {
				"down": { "uv": [ 2, 0.5, 3.98, 1.48 ], "texture": "#1", "rotation": 180 },
				"up": { "uv": [ 2, 0.5, 3.98, 1.48 ], "texture": "#1", "rotation": 180 },
				"north": { "uv": [ 2, 0.5, 3.98, 1.48 ], "texture": "#1" },
				"south": { "uv": [ 2, 0.5, 3.98, 1.48 ], "texture": "#1" },
				"west": { "uv": [ 2.5, 0.5, 3.48, 1.48 ], "texture": "#1" },
				"east": { "uv": [ 2.5, 0.5, 3.48, 1.48 ], "texture": "#1" }
			}
		},
		{
			"from": [ 6.5, 18.5, 6 ],
			"to": [ 8, 20, 8.5 ],
			"shade": false,
			"faces": {
				"down": { "uv": [ 4, 0.5, 6.48, 1.98 ], "texture": "#1", "rotation": 90 },
				"up": { "uv": [ 4, 0.5, 6.48, 1.98 ], "texture": "#1", "rotation": 90 },
				"north": { "uv": [ 4.5, 0.5, 5.98, 1.98 ], "texture": "#1" },
				"south": { "uv": [ 4.5, 0.5, 5.98, 1.98 ], "texture": "#1" },
				"west": { "uv": [ 4, 0.5, 6.48, 1.98 ], "texture": "#1" },
				"east": { "uv": [ 4, 0.5, 6.48, 1.98 ], "texture": "#1" }
			}
		},
		{
			"from": [ 6.5, 18, 6.5 ],
			"to": [ 8, 20.5, 8 ],
			"shade": false,
			"faces": {
				"down": { "uv": [ 4.5, 0.5, 5.98, 1.98 ], "texture": "#1", "rotation": 90 },
				"up": { "uv": [ 4.5, 0.5, 5.98, 1.98 ], "texture": "#1", "rotation": 90 },
				"north": { "uv": [ 4.5, 0, 5.98, 2.48 ], "texture": "#1" },
				"south": { "uv": [ 4.5, 0, 5.98, 2.48 ], "texture": "#1" },
				"west": { "uv": [ 4, 0.5, 6.48, 1.98 ], "texture": "#1", "rotation": 90 },
				"east": { "uv": [ 4, 0.5, 6.48, 1.98 ], "texture": "#1", "rotation": 90 }
			}
		},
		{
			"from": [ 6, 18.5, 6.5 ],
			"to": [ 8.5, 20, 8 ],
			"shade": false,
			"faces": {
				"down": { "uv": [ 4, 0.5, 6.48, 1.98 ], "texture": "#1", "rotation": 180 },
				"up": { "uv": [ 4, 0.5, 6.48, 1.98 ], "texture": "#1", "rotation": 180 },
				"north": { "uv": [ 4, 0.5, 6.48, 1.98 ], "texture": "#1", "rotation": 180 },
				"south": { "uv": [ 4, 0.5, 6.48, 1.98 ], "texture": "#1" },
				"west": { "uv": [ 4.5, 0.5, 5.98, 1.98 ], "texture": "#1", "rotation": 90 },
				"east": { "uv": [ 4.5, 0.5, 5.98, 1.98 ], "texture": "#1", "rotation": 90 }
			}
		},
		{
			"from": [ 6, 14, 10 ],
			"to": [ 8.5, 15.5, 11.5 ],
			"rotation": { "origin": [ 6, 14, 10 ], "axis": "y", "angle": -45 },
			"shade": false,
			"faces": {
				"down": { "uv": [ 4, 0.5, 6.48, 1.98 ], "texture": "#1", "rotation": 180 },
				"up": { "uv": [ 4, 0.5, 6.48, 1.98 ], "texture": "#1", "rotation": 180 },
				"north": { "uv": [ 4, 0.5, 6.48, 1.98 ], "texture": "#1", "rotation": 180 },
				"south": { "uv": [ 4, 0.5, 6.48, 1.98 ], "texture": "#1" },
				"west": { "uv": [ 4.5, 0.5, 5.98, 1.98 ], "texture": "#1", "rotation": 90 },
				"east": { "uv": [ 4.5, 0.5, 5.98, 1.98 ], "texture": "#1", "rotation": 90 }
			}
		},
		{
			"from": [ 6.5, 13.5, 10 ],
			"to": [ 8, 16, 11.5 ],
			"rotation": { "origin": [ 6, 14, 10 ], "axis": "y", "angle": -45 },
			"shade": false,
			"faces": {
				"down": { "uv": [ 4.5, 0.5, 5.98, 1.98 ], "texture": "#1", "rotation": 90 },
				"up": { "uv": [ 4.5, 0.5, 5.98, 1.98 ], "texture": "#1", "rotation": 90 },
				"north": { "uv": [ 4.5, 0, 5.98, 2.48 ], "texture": "#1" },
				"south": { "uv": [ 4.5, 0, 5.98, 2.48 ], "texture": "#1" },
				"west": { "uv": [ 4, 0.5, 6.48, 1.98 ], "texture": "#1", "rotation": 90 },
				"east": { "uv": [ 4, 0.5, 6.48, 1.98 ], "texture": "#1", "rotation": 90 }
			}
		},
		{
			"from": [ 6.5, 14, 9.5 ],
			"to": [ 8, 15.5, 12 ],
			"rotation": { "origin": [ 6, 14, 10 ], "axis": "y", "angle": -45 },
			"shade": false,
			"faces": {
				"down": { "uv": [ 4, 0.5, 6.48, 1.98 ], "texture": "#1", "rotation": 90 },
				"up": { "uv": [ 4, 0.5, 6.48, 1.98 ], "texture": "#1", "rotation": 90 },
				"north": { "uv": [ 4.5, 0.5, 5.98, 1.98 ], "texture": "#1" },
				"south": { "uv": [ 4.5, 0.5, 5.98, 1.98 ], "texture": "#1" },
				"west": { "uv": [ 4, 0.5, 6.48, 1.98 ], "texture": "#1" },
				"east": { "uv": [ 4, 0.5, 6.48, 1.98 ], "texture": "#1" }
			}
		}
	]
}