{
	"__comment": "Created by Filal",
	"textures": {
		"particle": "block/flower_pot",
		"0": "block/red_tulip1",
		"2": "block/flower_pot",
		"3": "block/dirt"
	},
	"elements": [ 	 
		{
			"__comment": "Element",
			"from": [ 7.5, 4.5, 7.5 ],
			"to": [ 7.501, 9, 8 ],
			"faces": {
				"west": { "uv": [ 7.5, 11.5, 8, 16 ], "texture": "#0" },
				"east": { "uv": [ 7.5, 11.5, 8, 16 ], "texture": "#0" }
			}
		},
		{
			"__comment": "Element",
			"from": [ 8, 4.5, 7.5 ],
			"to": [ 8.001, 9, 8 ],
			"faces": {
				"west": { "uv": [ 7.5, 11.5, 8, 16 ], "texture": "#0" },
				"east": { "uv": [ 7.5, 11.5, 8, 16 ], "texture": "#0" }
			}
		},
		{
			"__comment": "Element",
			"from": [ 7.5, 4.5, 7.5 ],
			"to": [ 8, 9, 7.501 ],
			"faces": {
				"north": { "uv": [ 7.5, 11.5, 8, 16 ], "texture": "#0" },
				"south": { "uv": [ 7.5, 11.5, 8, 16 ], "texture": "#0" }
			}
		},
		{
			"__comment": "Element",
			"from": [ 7.5, 4.5, 8 ],
			"to": [ 8, 9, 8.001 ],
			"faces": {
				"north": { "uv": [ 7.5, 11.5, 8, 16 ], "texture": "#0" },
				"south": { "uv": [ 7.5, 11.5, 8, 16 ], "texture": "#0" }
			}
		},
		{
			"__comment": "Element",
			"from": [ 7.7, 4.5, 7.7 ],
			"to": [ 7.701, 11, 8.2 ],
			"faces": {
				"west": { "uv": [ 8, 9.5, 8.5, 16 ], "texture": "#0" },
				"east": { "uv": [ 8, 9.5, 8.5, 16 ], "texture": "#0" }
			}
		},
		{
			"__comment": "Element",
			"from": [ 8.2, 4.5, 7.7 ],
			"to": [ 8.201, 11, 8.2 ],
			"faces": {
				"west": { "uv": [ 8, 9.5, 8.5, 16 ], "texture": "#0" },
				"east": { "uv": [ 8, 9.5, 8.5, 16 ], "texture": "#0" }
			}
		},
		{
			"__comment": "Element",
			"from": [ 7.7, 4.5, 7.7 ],
			"to": [ 8.2, 11, 7.701 ],
			"faces": {
				"north": { "uv": [ 8, 9.5, 8.5, 16 ], "texture": "#0" },
				"south": { "uv": [ 8, 9.5, 8.5, 16 ], "texture": "#0" }
			}
		},
		{
			"__comment": "Element",
			"from": [ 7.7, 4.5, 8.2 ],
			"to": [ 8.2, 11, 8.201 ],
			"faces": {
				"north": { "uv": [ 8, 9.5, 8.5, 16 ], "texture": "#0" },
				"south": { "uv": [ 8, 9.5, 8.5, 16 ], "texture": "#0" }
			}
		},
		{
			"__comment": "Element",
			"from": [ 8.7, 4.5, 6.2 ],
			"to": [ 8.701, 13.5, 9.7 ],
			"faces": {
				"west": { "uv": [ 12.5, 0.5, 16, 9.5 ], "texture": "#0" },
				"east": { "uv": [ 16, 0.5, 12.5, 10 ], "texture": "#0" }
			}
		},
		{
			"__comment": "Element",
			"from": [ 7.2, 4.5, 6.2 ],
			"to": [ 7.201, 13.5, 9.7 ],
			"faces": {
				"west": { "uv": [ 12.5, 0.5, 16, 9.5 ], "texture": "#0" },
				"east": { "uv": [ 12.5, 0.5, 16, 9.5 ], "texture": "#0" }
			}
		},
		{
			"__comment": "Element",
			"from": [ 6.2, 4.5, 8.7 ],
			"to": [ 9.7, 13.5, 8.701 ],
			"faces": {
				"north": { "uv": [ 12.5, 0.5, 16, 9.5 ], "texture": "#0" },
				"south": { "uv": [ 12.5, 0.5, 16, 9.5 ], "texture": "#0" }
			}
		},
		{
			"__comment": "Element",
			"from": [ 6.2, 4.5, 7.2 ],
			"to": [ 9.7, 13.5, 7.201 ],
			"faces": {
				"north": { "uv": [ 12.5, 0.5, 16, 9.5 ], "texture": "#0" },
				"south": { "uv": [ 12.5, 0.5, 16, 9.5 ], "texture": "#0" }
			}
		},
		{
			"__comment": "Element",
			"from": [ 7.2, 7.5, 14.4 ],
			"to": [ 8.7, 14.65, 14.401 ],
			"rotation": { "origin": [ 8, 4.5, 14.4 ], "axis": "x", "angle": -45 },
			"faces": {
				"north": { "uv": [ 13.5, 2, 15, 9.15 ], "texture": "#0" },
				"south": { "uv": [ 15, 2, 13.5, 9.150001 ], "texture": "#0" }
			}
		},
		{
			"__comment": "Element",
			"from": [ 7.2, 7.5, 1.4 ],
			"to": [ 8.7, 14.75, 1.401 ],
			"rotation": { "origin": [ 11.5, 4.5, 1.4 ], "axis": "x", "angle": 45 },
			"faces": {
				"north": { "uv": [ 13.5, 2, 15, 9.25 ], "texture": "#0" },
				"south": { "uv": [ 13.5, 7.9, 15, 15.15 ], "texture": "#0" }
			}
		},
		{
			"__comment": "Element",
			"from": [ 1.5, 7.5, 7.2 ],
			"to": [ 1.501, 14.75, 8.7 ],
			"rotation": { "origin": [ 1.5, 4.5, 10.5 ], "axis": "z", "angle": -45 },
			"faces": {
				"west": { "uv": [ 13.5, 2, 15, 9.25 ], "texture": "#0" },
				"east": { "uv": [ 13.5, 2, 15, 9.25 ], "texture": "#0" }
			}
		},
		{
			"__comment": "Element",
			"from": [ 14.5, 7.3, 7.2 ],
			"to": [ 14.501, 14.75, 8.7 ],
			"rotation": { "origin": [ 14.5, 4.5, 10.5 ], "axis": "z", "angle": 45 },
			"faces": {
				"west": { "uv": [ 13.5, 2, 15, 9.35 ], "texture": "#0" },
				"east": { "uv": [ 15, 2, 13.5, 9.349999 ], "texture": "#0" }
			}
		},
		{
			"__comment": "Element",
			"from": [ 4.84, 4.5, 7.6 ],
			"to": [ 7.8, 9.5, 7.601 ],
			"rotation": { "origin": [ 7.6, 4.5, 7.6 ], "axis": "y", "angle": -45 },
			"faces": {
				"north": { "uv": [ 0, 11, 3, 16 ], "texture": "#0" },
				"south": { "uv": [ 3, 11, 0, 16 ], "texture": "#0" }
			}
		},
		{
			"__comment": "Element",
			"from": [ 7.7, 4.5, 7.7 ],
			"to": [ 10.2, 7.5, 7.701 ],
			"faces": {
				"north": { "uv": [ 5, 13, 7.5, 16 ], "texture": "#0" },
				"south": { "uv": [ 7.5, 13, 5, 16 ], "texture": "#0" }
			}
		},
		{
			"__comment": "Element",
			"from": [ 5.5, 0, 5.5 ],
			"to": [ 10, 5, 6 ],
			"faces": {
				"down": { "uv": [ 5.5, 10, 10, 10.5 ], "texture": "#2" },
				"north": { "uv": [ 6, 11, 10.5, 16 ], "texture": "#2" },
				"south": { "uv": [ 5.5, 11, 10, 16 ], "texture": "#2" },
				"west": { "uv": [ 5.5, 11, 6, 16 ], "texture": "#2" }
			}
		},
		{
			"__comment": "Element",
			"from": [ 6, 0, 10 ],
			"to": [ 10.5, 5, 10.5 ],
			"faces": {
				"down": { "uv": [ 5.5, 5.5, 10, 6 ], "texture": "#2" },
				"north": { "uv": [ 5.5, 11, 10, 16 ], "texture": "#2" },
				"south": { "uv": [ 6, 11, 10.5, 16 ], "texture": "#2" },
				"east": { "uv": [ 5.5, 11, 6, 16 ], "texture": "#2" }
			}
		},
		{
			"__comment": "Element",
			"from": [ 5.5, 0, 6 ],
			"to": [ 6, 5, 10.5 ],
			"faces": {
				"down": { "uv": [ 5.5, 5.5, 6, 10 ], "texture": "#2" },
				"south": { "uv": [ 5.5, 11, 6, 16 ], "texture": "#2" },
				"west": { "uv": [ 6, 11, 10.5, 16 ], "texture": "#2" },
				"east": { "uv": [ 5.5, 11, 10, 16 ], "texture": "#2" }
			}
		},
		{
			"__comment": "Element",
			"from": [ 10, 0, 5.5 ],
			"to": [ 10.5, 5, 10 ],
			"faces": {
				"down": { "uv": [ 10, 6, 10.5, 10.5 ], "texture": "#2" },
				"north": { "uv": [ 5.5, 11, 6, 16 ], "texture": "#2" },
				"west": { "uv": [ 5.5, 11, 10, 16 ], "texture": "#2" },
				"east": { "uv": [ 6, 11, 10.5, 16 ], "texture": "#2" }
			}
		},
		{
			"__comment": "Element",
			"from": [ 6, 0, 6 ],
			"to": [ 10, 4.5, 10 ],
			"faces": {
				"down": { "uv": [ 6, 6, 10, 10 ], "texture": "#2" },
				"up": { "uv": [ 6, 10, 10, 14 ], "texture": "#3" }
			}
		},
		{
			"__comment": "Element",
			"from": [ 5, 5, 5 ],
			"to": [ 10, 6, 6 ],
			"faces": {
				"down": { "uv": [ 5, 10, 10, 11 ], "texture": "#2" },
				"up": { "uv": [ 5, 5, 10, 6 ], "texture": "#2" },
				"north": { "uv": [ 6, 10, 11, 11 ], "texture": "#2" },
				"south": { "uv": [ 5, 10, 10, 11 ], "texture": "#2" },
				"west": { "uv": [ 10, 10, 11, 11 ], "texture": "#2", "rotation": 90 }
			}
		},
		{
			"__comment": "Element",
			"from": [ 6, 5, 10 ],
			"to": [ 11, 6, 11 ],
			"faces": {
				"down": { "uv": [ 6, 5, 11, 6 ], "texture": "#2" },
				"up": { "uv": [ 6, 10, 11, 11 ], "texture": "#2" },
				"north": { "uv": [ 5, 5, 10, 6 ], "texture": "#2" },
				"south": { "uv": [ 6, 5, 11, 6 ], "texture": "#2" },
				"east": { "uv": [ 5, 5, 6, 6 ], "texture": "#2", "rotation": 270 }
			}
		},
		{
			"__comment": "Element",
			"from": [ 10, 5, 5 ],
			"to": [ 11, 6, 10 ],
			"faces": {
				"down": { "uv": [ 10, 6, 11, 11 ], "texture": "#2" },
				"up": { "uv": [ 10, 5, 11, 10 ], "texture": "#2" },
				"north": { "uv": [ 5, 10, 6, 11 ], "texture": "#2" },
				"west": { "uv": [ 5, 6, 6, 11 ], "texture": "#2", "rotation": 90 },
				"east": { "uv": [ 5, 6, 6, 11 ], "texture": "#2", "rotation": 270 }
			}
		},
		{
			"__comment": "Element",
			"from": [ 5, 5, 6 ],
			"to": [ 6, 6, 11 ],
			"faces": {
				"down": { "uv": [ 5, 5, 6, 10 ], "texture": "#2" },
				"up": { "uv": [ 5, 6, 6, 11 ], "texture": "#2" },
				"south": { "uv": [ 5, 5, 6, 6 ], "texture": "#2" },
				"west": { "uv": [ 5, 6, 6, 11 ], "texture": "#2", "rotation": 90 },
				"east": { "uv": [ 5, 5, 10, 6 ], "texture": "#2" }
			}
		}
	]
}