{
	"__comment": "Created by Filal",
	"textures": {
		"particle": "block/flower_pot",
		"0": "block/dandelion5",
		"3": "block/dandelion",
		"4": "block/dandelion4",
		"1": "block/flower_pot",
		"2": "block/dirt"
	},
	"elements": [ 	 
		{
			"from": [ 8, 4.5, 8 ],
			"to": [ 8.5, 8.5, 8.5 ],
			"shade": false,
			"faces": {
				"up": { "uv": [ 8, 11.5, 8.5, 12 ], "texture": "#0" },
				"north": { "uv": [ 7.5, 12, 8, 16 ], "texture": "#0" },
				"south": { "uv": [ 8, 12, 8.5, 16 ], "texture": "#0" },
				"west": { "uv": [ 7.5, 12, 8, 16 ], "texture": "#0" },
				"east": { "uv": [ 8, 12, 8.5, 16 ], "texture": "#0" }
			}
		},
		{
			"from": [ 8.25, 7.5, 8.25 ],
			"to": [ 8.75, 11.5, 8.75 ],
			"shade": false,
			"faces": {
				"down": { "uv": [ 7.5, 11.5, 8, 12 ], "texture": "#0" },
				"up": { "uv": [ 8, 11.5, 8.5, 12 ], "texture": "#0" },
				"north": { "uv": [ 7.5, 12, 8, 16 ], "texture": "#0" },
				"south": { "uv": [ 8, 12, 8.5, 16 ], "texture": "#0" },
				"west": { "uv": [ 7.5, 12, 8, 16 ], "texture": "#0" },
				"east": { "uv": [ 8, 12, 8.5, 16 ], "texture": "#0" }
			}
		},
		{
			"from": [ 6.3278, 11.7085, 5 ],
			"to": [ 11.3278, 11.7095, 11.5 ],
			"rotation": { "origin": [ 8.5, 12.5, 5 ], "axis": "z", "angle": -22.5 },
			"shade": false,
			"faces": {
				"down": { "uv": [ 11.5, 9, 5, 4 ], "texture": "#3", "rotation": 90 },
				"up": { "uv": [ 5, 4, 11.5, 9 ], "texture": "#3", "rotation": 90 }
			}
		},
		{
			"from": [ 9.5, 11.2, 7 ],
			"to": [ 11, 11.201, 9 ],
			"shade": false,
			"faces": {
				"down": { "uv": [ 10, 5.5, 11.5, 7.5 ], "texture": "#3" },
				"up": { "uv": [ 10, 5.5, 11.5, 7.5 ], "texture": "#3" }
			}
		},
		{
			"from": [ 6.0722, 12.1278, 7.5 ],
			"to": [ 7.5722, 12.1288, 9.5 ],
			"rotation": { "origin": [ 7.5, 12, 7.5 ], "axis": "z", "angle": -45 },
			"shade": false,
			"faces": {
				"down": { "uv": [ 10, 5.5, 11.5, 7.5 ], "texture": "#3", "rotation": 180 },
				"up": { "uv": [ 10, 5.5, 11.5, 7.5 ], "texture": "#3", "rotation": 180 }
			}
		},
		{
			"from": [ 8.5, 4.5, 3.25 ],
			"to": [ 8.501, 9.5, 12.25 ],
			"rotation": { "origin": [ 8.5, 4.5, 8.5 ], "axis": "y", "angle": -45 },
			"shade": false,
			"faces": {
				"west": { "uv": [ 2.5, 11, 11.5, 16 ], "texture": "#4" },
				"east": { "uv": [ 11.5, 11, 2.5, 16 ], "texture": "#4" }
			}
		},
		{
			"from": [ 8.5, 4.5, 3.25 ],
			"to": [ 8.501, 9.5, 12.25 ],
			"rotation": { "origin": [ 8.5, 4.5, 8.5 ], "axis": "y", "angle": 22.5 },
			"shade": false,
			"faces": {
				"west": { "uv": [ 11.5, 11, 2.5, 16 ], "texture": "#4" },
				"east": { "uv": [ 2.5, 11, 11.5, 16 ], "texture": "#4" }
			}
		},
		{
			"from": [ 5.5, 8.5, 3 ],
			"to": [ 7.5, 8.500999, 5 ],
			"rotation": { "origin": [ 6.5, 8.5, 3 ], "axis": "z", "angle": 22.5 },
			"shade": false,
			"faces": {
				"down": { "uv": [ 0, 0, 2, 2 ], "texture": "#3" },
				"up": { "uv": [ 0, 0, 2, 2 ], "texture": "#3", "rotation": 90 }
			}
		},
		{
			"from": [ 10, 8.5, 5.5 ],
			"to": [ 11.5, 8.500999, 7 ],
			"rotation": { "origin": [ 10, 8.5, 6.25 ], "axis": "x", "angle": -22.5 },
			"shade": false,
			"faces": {
				"down": { "uv": [ 11.5, 2, 13, 3.5 ], "texture": "#3" },
				"up": { "uv": [ 11.5, 2, 13, 3.5 ], "texture": "#3", "rotation": 180 }
			}
		},
		{
			"from": [ 8, 8.5, 9 ],
			"to": [ 10.5, 8.500999, 11 ],
			"rotation": { "origin": [ 8, 8.5, 10 ], "axis": "x", "angle": 22.5 },
			"shade": false,
			"faces": {
				"down": { "uv": [ 4.5, 0, 7, 2 ], "texture": "#3" },
				"up": { "uv": [ 4.5, 0, 7, 2 ], "texture": "#3" }
			}
		},
		{
			"from": [ 5.25, 8.5, 10.5 ],
			"to": [ 6.75, 8.500999, 12 ],
			"rotation": { "origin": [ 6, 8.5, 10.5 ], "axis": "z", "angle": 45 },
			"shade": false,
			"faces": {
				"down": { "uv": [ 11.5, 2, 13, 3.5 ], "texture": "#3" },
				"up": { "uv": [ 11.5, 2, 13, 3.5 ], "texture": "#3", "rotation": 90 }
			}
		},
		{
			"from": [ 5.5, 0, 5.5 ],
			"to": [ 10, 5, 6 ],
			"faces": {
				"down": { "uv": [ 5.5, 10, 10, 10.5 ], "texture": "#1" },
				"north": { "uv": [ 6, 11, 10.5, 16 ], "texture": "#1" },
				"south": { "uv": [ 5.5, 11, 10, 16 ], "texture": "#1" },
				"west": { "uv": [ 5.5, 11, 6, 16 ], "texture": "#1" }
			}
		},
		{
			"from": [ 6, 0, 10 ],
			"to": [ 10.5, 5, 10.5 ],
			"faces": {
				"down": { "uv": [ 5.5, 5.5, 10, 6 ], "texture": "#1" },
				"north": { "uv": [ 5.5, 11, 10, 16 ], "texture": "#1" },
				"south": { "uv": [ 6, 11, 10.5, 16 ], "texture": "#1" },
				"east": { "uv": [ 5.5, 11, 6, 16 ], "texture": "#1" }
			}
		},
		{
			"from": [ 5.5, 0, 6 ],
			"to": [ 6, 5, 10.5 ],
			"faces": {
				"down": { "uv": [ 5.5, 5.5, 6, 10 ], "texture": "#1" },
				"south": { "uv": [ 5.5, 11, 6, 16 ], "texture": "#1" },
				"west": { "uv": [ 6, 11, 10.5, 16 ], "texture": "#1" },
				"east": { "uv": [ 5.5, 11, 10, 16 ], "texture": "#1" }
			}
		},
		{
			"from": [ 10, 0, 5.5 ],
			"to": [ 10.5, 5, 10 ],
			"faces": {
				"down": { "uv": [ 10, 6, 10.5, 10.5 ], "texture": "#1" },
				"north": { "uv": [ 5.5, 11, 6, 16 ], "texture": "#1" },
				"west": { "uv": [ 5.5, 11, 10, 16 ], "texture": "#1" },
				"east": { "uv": [ 6, 11, 10.5, 16 ], "texture": "#1" }
			}
		},
		{
			"from": [ 6, 0, 6 ],
			"to": [ 10, 4.5, 10 ],
			"faces": {
				"down": { "uv": [ 6, 6, 10, 10 ], "texture": "#1" },
				"up": { "uv": [ 6, 10, 10, 14 ], "texture": "#2" }
			}
		},
		{
			"from": [ 5, 5, 5 ],
			"to": [ 10, 6, 6 ],
			"faces": {
				"down": { "uv": [ 5, 10, 10, 11 ], "texture": "#1" },
				"up": { "uv": [ 5, 5, 10, 6 ], "texture": "#1" },
				"north": { "uv": [ 6, 10, 11, 11 ], "texture": "#1" },
				"south": { "uv": [ 5, 10, 10, 11 ], "texture": "#1" },
				"west": { "uv": [ 10, 10, 11, 11 ], "texture": "#1", "rotation": 90 }
			}
		},
		{
			"from": [ 6, 5, 10 ],
			"to": [ 11, 6, 11 ],
			"faces": {
				"down": { "uv": [ 6, 5, 11, 6 ], "texture": "#1" },
				"up": { "uv": [ 6, 10, 11, 11 ], "texture": "#1" },
				"north": { "uv": [ 5, 5, 10, 6 ], "texture": "#1" },
				"south": { "uv": [ 6, 5, 11, 6 ], "texture": "#1" },
				"east": { "uv": [ 5, 5, 6, 6 ], "texture": "#1", "rotation": 270 }
			}
		},
		{
			"from": [ 10, 5, 5 ],
			"to": [ 11, 6, 10 ],
			"faces": {
				"down": { "uv": [ 10, 6, 11, 11 ], "texture": "#1" },
				"up": { "uv": [ 10, 5, 11, 10 ], "texture": "#1" },
				"north": { "uv": [ 5, 10, 6, 11 ], "texture": "#1" },
				"west": { "uv": [ 5, 6, 6, 11 ], "texture": "#1", "rotation": 90 },
				"east": { "uv": [ 5, 6, 6, 11 ], "texture": "#1", "rotation": 270 }
			}
		},
		{
			"from": [ 5, 5, 6 ],
			"to": [ 6, 6, 11 ],
			"faces": {
				"down": { "uv": [ 5, 5, 6, 10 ], "texture": "#1" },
				"up": { "uv": [ 5, 6, 6, 11 ], "texture": "#1" },
				"south": { "uv": [ 5, 5, 6, 6 ], "texture": "#1" },
				"west": { "uv": [ 5, 6, 6, 11 ], "texture": "#1", "rotation": 90 },
				"east": { "uv": [ 5, 5, 10, 6 ], "texture": "#1" }
			}
		}
	],
	"display": {
		"thirdperson_righthand": {
			"rotation":  [ 0, -90, -50 ],
			"translation":  [ 0, 4.5, 6 ],
			"scale":  [ 0.85, 0.85, 0.85 ]
		},
		"thirdperson_lefthand": {
			"rotation":  [ 0, -90, -50 ],
			"translation":  [ 0, 4.5, 6 ],
			"scale":  [ 0.85, 0.85, 0.85 ]
		},
		"firstperson_righthand": {
			"translation":  [ -2, 3, 2 ],
			"scale":  [ 0.8, 0.8, 0.8 ]
		},
		"firstperson_lefthand": {
			"translation":  [ -2, 3, 2 ],
			"scale":  [ 0.8, 0.8, 0.8 ]
		},
		"gui": {
			"rotation":  [ 30, 225, 0 ],
			"scale":  [ 0.8, 0.8, 0.8 ]
		},
		"head": {
			"rotation":  [ -180, 0, 0 ],
			"translation":  [ 0, 4.3, 0 ]
		},
		"ground": {
			"scale":  [ 0.85, 0.85, 0.85 ]
		}
	}
}