{
	"__comment": "Created by Filal",
	"textures": {
		"particle": "block/flower_pot",
		"0": "block/red_tulip3",
		"1": "block/flower_pot",
		"2": "block/dirt"
	},
	"elements": [ 	 
		{
			"from": [ 7.5, 8.5, 7.5 ],
			"to": [ 7.501, 11, 8 ],
			"shade": false,
			"faces": {
				"west": { "uv": [ 7.5, 11, 8, 16 ], "texture": "#0" },
				"east": { "uv": [ 7.5, 11, 8, 16 ], "texture": "#0" }
			}
		},
		{
			"from": [ 8, 8.5, 7.5 ],
			"to": [ 8.001, 11, 8 ],
			"shade": false,
			"faces": {
				"west": { "uv": [ 7.5, 11, 8, 16 ], "texture": "#0" },
				"east": { "uv": [ 7.5, 11, 8, 16 ], "texture": "#0" }
			}
		},
		{
			"from": [ 7.5, 8.5, 7.5 ],
			"to": [ 8, 11, 7.501 ],
			"shade": false,
			"faces": {
				"north": { "uv": [ 7.5, 13.5, 8, 16 ], "texture": "#0" },
				"south": { "uv": [ 7.5, 11, 8, 16 ], "texture": "#0" }
			}
		},
		{
			"from": [ 7.5, 8.5, 8 ],
			"to": [ 8, 11, 8.001 ],
			"shade": false,
			"faces": {
				"north": { "uv": [ 7.5, 13.5, 8, 16 ], "texture": "#0" },
				"south": { "uv": [ 7.5, 11, 8, 16 ], "texture": "#0" }
			}
		},
		{
			"from": [ 7.75, 4.5, 7.75 ],
			"to": [ 8.25, 9.5, 7.751 ],
			"shade": false,
			"faces": {
				"north": { "uv": [ 7.5, 13.5, 8, 16 ], "texture": "#0" },
				"south": { "uv": [ 7.5, 11, 8, 16 ], "texture": "#0" }
			}
		},
		{
			"from": [ 7.75, 4.5, 8.25 ],
			"to": [ 8.25, 9.5, 8.251 ],
			"shade": false,
			"faces": {
				"north": { "uv": [ 7.5, 13.5, 8, 16 ], "texture": "#0" },
				"south": { "uv": [ 7.5, 11, 8, 16 ], "texture": "#0" }
			}
		},
		{
			"from": [ 7.75, 4.5, 7.75 ],
			"to": [ 7.751, 9.5, 8.25 ],
			"shade": false,
			"faces": {
				"west": { "uv": [ 7.5, 11, 8, 16 ], "texture": "#0" },
				"east": { "uv": [ 7.5, 11, 8, 16 ], "texture": "#0" }
			}
		},
		{
			"from": [ 8.25, 4.5, 7.75 ],
			"to": [ 8.251, 9.5, 8.25 ],
			"shade": false,
			"faces": {
				"west": { "uv": [ 7.5, 11, 8, 16 ], "texture": "#0" },
				"east": { "uv": [ 7.5, 11, 8, 16 ], "texture": "#0" }
			}
		},
		{
			"from": [ 8.25, 4.5, 8.25 ],
			"to": [ 8.251, 8.5, 11.25 ],
			"rotation": { "origin": [ 8.25, 4.5, 8.25 ], "axis": "y", "angle": 22.5 },
			"shade": false,
			"faces": {
				"west": { "uv": [ 7.5, 12, 4.5, 16 ], "texture": "#0" },
				"east": { "uv": [ 4.5, 12, 7.5, 16 ], "texture": "#0" }
			}
		},
		{
			"from": [ 8, 4.5, 4.75 ],
			"to": [ 8.001, 8.5, 7.75 ],
			"shade": false,
			"faces": {
				"west": { "uv": [ 3, 12, 0, 16 ], "texture": "#0" },
				"east": { "uv": [ 0, 12, 3, 16 ], "texture": "#0" }
			}
		},
		{
			"from": [ 7, 4.5, 6.5 ],
			"to": [ 7.001, 14, 9 ],
			"shade": false,
			"faces": {
				"west": { "uv": [ 13.5, 0, 16, 9.5 ], "texture": "#0" },
				"east": { "uv": [ 16, 0, 13.5, 9.5 ], "texture": "#0" }
			}
		},
		{
			"from": [ 8.5, 4.5, 6.5 ],
			"to": [ 8.501, 14, 9 ],
			"shade": false,
			"faces": {
				"west": { "uv": [ 16, 0, 13.5, 9.5 ], "texture": "#0" },
				"east": { "uv": [ 13.5, 0, 16, 9.5 ], "texture": "#0" }
			}
		},
		{
			"from": [ 6.5, 4.5, 7 ],
			"to": [ 9, 14, 7.001 ],
			"shade": false,
			"faces": {
				"north": { "uv": [ 16, 0, 13.5, 9.5 ], "texture": "#0" },
				"south": { "uv": [ 13.5, 0, 16, 9.5 ], "texture": "#0" }
			}
		},
		{
			"from": [ 6.5, 4.5, 8.5 ],
			"to": [ 9, 14, 8.501 ],
			"shade": false,
			"faces": {
				"north": { "uv": [ 16, 0, 13.5, 9.5 ], "texture": "#0" },
				"south": { "uv": [ 13.5, 0, 16, 9.5 ], "texture": "#0" }
			}
		},
		{
			"from": [ 7, 11.5, 7 ],
			"to": [ 8.5, 11.501, 8.5 ],
			"shade": false,
			"faces": {
				"down": { "uv": [ 7.5, 8, 9, 9.5 ], "texture": "#0" },
				"up": { "uv": [ 7.5, 6.5, 9, 8 ], "texture": "#0" }
			}
		},
		{
			"from": [ 5.5, 0, 5.5 ],
			"to": [ 10, 5, 6 ],
			"faces": {
				"down": { "uv": [ 5.5, 10, 10, 10.5 ], "texture": "#1" },
				"north": { "uv": [ 6, 11, 10.5, 16 ], "texture": "#1" },
				"south": { "uv": [ 5.5, 11, 10, 16 ], "texture": "#1" },
				"west": { "uv": [ 5.5, 11, 6, 16 ], "texture": "#1" }
			}
		},
		{
			"from": [ 6, 0, 10 ],
			"to": [ 10.5, 5, 10.5 ],
			"faces": {
				"down": { "uv": [ 5.5, 5.5, 10, 6 ], "texture": "#1" },
				"north": { "uv": [ 5.5, 11, 10, 16 ], "texture": "#1" },
				"south": { "uv": [ 6, 11, 10.5, 16 ], "texture": "#1" },
				"east": { "uv": [ 5.5, 11, 6, 16 ], "texture": "#1" }
			}
		},
		{
			"from": [ 5.5, 0, 6 ],
			"to": [ 6, 5, 10.5 ],
			"faces": {
				"down": { "uv": [ 5.5, 5.5, 6, 10 ], "texture": "#1" },
				"south": { "uv": [ 5.5, 11, 6, 16 ], "texture": "#1" },
				"west": { "uv": [ 6, 11, 10.5, 16 ], "texture": "#1" },
				"east": { "uv": [ 5.5, 11, 10, 16 ], "texture": "#1" }
			}
		},
		{
			"from": [ 10, 0, 5.5 ],
			"to": [ 10.5, 5, 10 ],
			"faces": {
				"down": { "uv": [ 10, 6, 10.5, 10.5 ], "texture": "#1" },
				"north": { "uv": [ 5.5, 11, 6, 16 ], "texture": "#1" },
				"west": { "uv": [ 5.5, 11, 10, 16 ], "texture": "#1" },
				"east": { "uv": [ 6, 11, 10.5, 16 ], "texture": "#1" }
			}
		},
		{
			"from": [ 6, 0, 6 ],
			"to": [ 10, 4.5, 10 ],
			"faces": {
				"down": { "uv": [ 6, 6, 10, 10 ], "texture": "#1" },
				"up": { "uv": [ 6, 10, 10, 14 ], "texture": "#2" }
			}
		},
		{
			"from": [ 5, 5, 5 ],
			"to": [ 10, 6, 6 ],
			"faces": {
				"down": { "uv": [ 5, 10, 10, 11 ], "texture": "#1" },
				"up": { "uv": [ 5, 5, 10, 6 ], "texture": "#1" },
				"north": { "uv": [ 6, 10, 11, 11 ], "texture": "#1" },
				"south": { "uv": [ 5, 10, 10, 11 ], "texture": "#1" },
				"west": { "uv": [ 10, 10, 11, 11 ], "texture": "#1", "rotation": 90 }
			}
		},
		{
			"from": [ 6, 5, 10 ],
			"to": [ 11, 6, 11 ],
			"faces": {
				"down": { "uv": [ 6, 5, 11, 6 ], "texture": "#1" },
				"up": { "uv": [ 6, 10, 11, 11 ], "texture": "#1" },
				"north": { "uv": [ 5, 5, 10, 6 ], "texture": "#1" },
				"south": { "uv": [ 6, 5, 11, 6 ], "texture": "#1" },
				"east": { "uv": [ 5, 5, 6, 6 ], "texture": "#1", "rotation": 270 }
			}
		},
		{
			"from": [ 10, 5, 5 ],
			"to": [ 11, 6, 10 ],
			"faces": {
				"down": { "uv": [ 10, 6, 11, 11 ], "texture": "#1" },
				"up": { "uv": [ 10, 5, 11, 10 ], "texture": "#1" },
				"north": { "uv": [ 5, 10, 6, 11 ], "texture": "#1" },
				"west": { "uv": [ 5, 6, 6, 11 ], "texture": "#1", "rotation": 90 },
				"east": { "uv": [ 5, 6, 6, 11 ], "texture": "#1", "rotation": 270 }
			}
		},
		{
			"from": [ 5, 5, 6 ],
			"to": [ 6, 6, 11 ],
			"faces": {
				"down": { "uv": [ 5, 5, 6, 10 ], "texture": "#1" },
				"up": { "uv": [ 5, 6, 6, 11 ], "texture": "#1" },
				"south": { "uv": [ 5, 5, 6, 6 ], "texture": "#1" },
				"west": { "uv": [ 5, 6, 6, 11 ], "texture": "#1", "rotation": 90 },
				"east": { "uv": [ 5, 5, 10, 6 ], "texture": "#1" }
			}
		}
	],
	"display": {
		"thirdperson_righthand": {
			"rotation":  [ 0, -90, -50 ],
			"translation":  [ 0, 4.5, 6 ],
			"scale":  [ 0.85, 0.85, 0.85 ]
		},
		"thirdperson_lefthand": {
			"rotation":  [ 0, -90, -50 ],
			"translation":  [ 0, 4.5, 6 ],
			"scale":  [ 0.85, 0.85, 0.85 ]
		},
		"firstperson_righthand": {
			"translation":  [ -2, 3, 2 ],
			"scale":  [ 0.8, 0.8, 0.8 ]
		},
		"firstperson_lefthand": {
			"translation":  [ -2, 3, 2 ],
			"scale":  [ 0.8, 0.8, 0.8 ]
		},
		"gui": {
			"rotation":  [ 30, 225, 0 ],
			"scale":  [ 0.8, 0.8, 0.8 ]
		},
		"head": {
			"rotation":  [ -180, 0, 0 ],
			"translation":  [ 0, 4.3, 0 ]
		},
		"ground": {
			"scale":  [ 0.85, 0.85, 0.85 ]
		}
	}
}