{
    "__comment": "Created by Filal",
    "textures": {
        "particle": "block/flower_pot",
        "0": "block/red_tulip2",
        "2": "block/flower_pot",
        "3": "block/dirt"
    },
    "elements": [
        {
            "from": [ 8, 4.5, 8 ], 
            "to": [ 8.5, 8.5, 8 ], 
            "faces": {
                "north": { "texture": "#0", "uv": [ 8, 12, 8.5, 16 ] },
                "south": { "texture": "#0", "uv": [ 8, 12, 8.5, 16 ] }
            }
        },
        {
            "from": [ 8, 4.5, 7.5 ], 
            "to": [ 8.5, 8.5, 7.5 ], 
            "faces": {
                "north": { "texture": "#0", "uv": [ 8, 12, 8.5, 16 ] },
                "south": { "texture": "#0", "uv": [ 8, 12, 8.5, 16 ] }
            }
        },
        {
            "from": [ 8, 4.5, 7.5 ], 
            "to": [ 8, 8.5, 8 ], 
            "faces": {
                "east": { "texture": "#0", "uv": [ 8, 12, 8.5, 16 ] },
                "west": { "texture": "#0", "uv": [ 8, 12, 8.5, 16 ] }
            }
        },
        {
            "from": [ 8.5, 4.5, 7.5 ], 
            "to": [ 8.5, 8.5, 8 ], 
            "faces": {
                "east": { "texture": "#0", "uv": [ 8, 12, 8.5, 16 ] },
                "west": { "texture": "#0", "uv": [ 8, 12, 8.5, 16 ] }
            }
        },
        {
            "from": [ 7.8, 4.5, 7.3 ], 
            "to": [ 8.3, 11.5, 7.3 ], 
            "faces": {
                "north": { "texture": "#0", "uv": [ 7.5, 9, 8, 16 ] },
                "south": { "texture": "#0", "uv": [ 7.5, 9, 8, 16 ] }
            }
        },
        {
            "from": [ 7.8, 4.5, 7.8 ], 
            "to": [ 8.3, 11.5, 7.8 ], 
            "faces": {
                "north": { "texture": "#0", "uv": [ 7.5, 9, 8, 16 ] },
                "south": { "texture": "#0", "uv": [ 7.5, 9, 8, 16 ] }
            }
        },
        {
            "from": [ 7.8, 4.5, 7.3 ], 
            "to": [ 7.8, 11.5, 7.8 ], 
            "faces": {
                "east": { "texture": "#0", "uv": [ 7.5, 9, 8, 16 ] },
                "west": { "texture": "#0", "uv": [ 7.5, 9, 8, 16 ] }
            }
        },
        {
            "from": [ 8.3, 4.5, 7.3 ], 
            "to": [ 8.3, 11.5, 7.8 ], 
            "faces": {
                "east": { "texture": "#0", "uv": [ 7.5, 9, 8, 16 ] },
                "west": { "texture": "#0", "uv": [ 7.5, 9, 8, 16 ] }
            }
        },
        {
            "from": [ 6.3, 4.5, 6.8 ], 
            "to": [ 9.8, 14.5, 6.8 ], 
            "faces": {
                "north": { "texture": "#0", "uv": [ 12.5, 0, 16, 10 ] },
                "south": { "texture": "#0", "uv": [ 16, 0, 12.52, 10 ] }
            }
        },
        {
            "from": [ 6.3, 4.5, 8.3 ], 
            "to": [ 9.8, 14.5, 8.3 ], 
            "faces": {
                "north": { "texture": "#0", "uv": [ 16, 0, 12.5, 10 ] },
                "south": { "texture": "#0", "uv": [ 12.5, 0, 16, 10 ] }
            }
        },
        {
            "from": [ 7.3, 4.5, 5.8 ], 
            "to": [ 7.3, 14.5, 9.3 ], 
            "faces": {
                "east": { "texture": "#0", "uv": [ 12.5, 0, 16, 10 ] },
                "west": { "texture": "#0", "uv": [ 12.5, 0, 16, 10 ] }
            }
        },
        {
            "from": [ 8.8, 4.5, 5.8 ], 
            "to": [ 8.8, 14.5, 9.3 ], 
            "faces": {
                "east": { "texture": "#0", "uv": [ 16, 0, 12.52, 10 ] },
                "west": { "texture": "#0", "uv": [ 12.5, 0, 16, 10 ] }
            }
        },
        {
            "from": [ 7.3, 7.5, 0.6 ], 
            "to": [ 8.8, 15.3, 0.6 ], 
            "rotation": { "origin": [ 9.5, 4.5, 0.6 ], "axis": "x", "angle": 45 },
            "faces": {
                "north": { "texture": "#0", "uv": [ 15, 2, 13.54, 9.8 ] },
                "south": { "texture": "#0", "uv": [ 13.5, 2, 15, 9.8 ] }
            }
        },
        {
            "from": [ 7.3, 7.5, 14.5 ], 
            "to": [ 8.8, 15.3, 14.5 ], 
            "rotation": { "origin": [ 9.5, 4.5, 14.5 ], "axis": "x", "angle": -45 },
            "faces": {
                "north": { "texture": "#0", "uv": [ 15, 2, 13.5, 9.8 ] },
                "south": { "texture": "#0", "uv": [ 15, 2, 13.5, 7.8 ] }
            }
        },
        {
            "from": [ 1.10, 7.5, 6.8 ], 
            "to": [ 1.10, 15.3, 8.3 ], 
            "rotation": { "origin": [ 1.10, 4.5, 9 ], "axis": "z", "angle": -45 },
            "faces": {
                "east": { "texture": "#0", "uv": [ 15, 2, 13.5, 9.8 ] },
                "west": { "texture": "#0", "uv": [ 13.5, 2, 15, 9.8 ] }
            }
        },
        {
            "from": [ 15, 7.5, 6.8 ], 
            "to": [ 15, 15.3, 8.3 ], 
            "rotation": { "origin": [ 15, 4.5, 8 ], "axis": "z", "angle": 45 },
            "faces": {
                "east": { "texture": "#0", "uv": [ 13.5, 2, 15, 9.8 ] },
                "west": { "texture": "#0", "uv": [ 15, 2, 13.5, 9.8 ] }
            }
        },
        {
            "from": [ 6.1, 4.5, 7.9 ], 
            "to": [ 8.1, 8.5, 7.9 ], 
            "rotation": { "origin": [ 8.1, 4.5, 7.9 ], "axis": "y", "angle": 22.5 },
            "faces": {
                "north": { "texture": "#0", "uv": [ 8.5, 12, 10.5, 16 ] },
                "south": { "texture": "#0", "uv": [ 10.5, 12, 8.5, 16 ] }
            }
        },
        {
            "from": [ 8.4, 4.5, 7.6 ], 
            "to": [ 11.4, 10, 7.6 ], 
            "rotation": { "origin": [ 8.4, 4.5, 7.6 ], "axis": "y", "angle": -22.5 },
            "faces": {
                "north": { "texture": "#0", "uv": [ 0, 10.5, 3, 16 ] },
                "south": { "texture": "#0", "uv": [ 3, 10.5, 0, 16 ] }
            }
        },
        {
            "from": [ 7.7, 4.5, 7.7 ], 
            "to": [ 10.2, 7.5, 7.7 ], 
            "faces": {
                "north": { "texture": "#0", "uv": [ 5, 13, 7.5, 16 ] },
                "south": { "texture": "#0", "uv": [ 7.5, 13, 5, 16 ] }
            }
        },
        {
            "from": [ 5.5, 0, 5.5 ], 
            "to": [ 10, 5, 6 ], 
            "faces": {
                "north": { "texture": "#2", "uv": [ 6, 11, 10.5, 16 ] },
                "south": { "texture": "#2", "uv": [ 5.5, 11, 10, 16 ] },
                "west": { "texture": "#2", "uv": [ 5.5, 11, 6, 16 ] },
                "down": { "texture": "#2", "uv": [ 5.5, 10, 10, 10.5 ] }
            }
        },
        {
            "from": [ 6, 0, 10 ], 
            "to": [ 10.5, 5, 10.5 ], 
            "faces": {
                "north": { "texture": "#2", "uv": [ 5.5, 11, 10, 16 ] },
                "east": { "texture": "#2", "uv": [ 5.5, 11, 6, 16 ] },
                "south": { "texture": "#2", "uv": [ 6, 11, 10.5, 16 ] },
                "down": { "texture": "#2", "uv": [ 5.5, 5.5, 10, 6 ] }
            }
        },
        {
            "from": [ 5.5, 0, 6 ], 
            "to": [ 6, 5, 10.5 ], 
            "faces": {
                "east": { "texture": "#2", "uv": [ 5.5, 11, 10, 16 ] },
                "south": { "texture": "#2", "uv": [ 5.5, 11, 6, 16 ] },
                "west": { "texture": "#2", "uv": [ 6, 11, 10.5, 16 ] },
                "down": { "texture": "#2", "uv": [ 5.5, 5.5, 6, 10 ] }
            }
        },
        {
            "from": [ 10, 0, 5.5 ], 
            "to": [ 10.5, 5, 10 ], 
            "faces": {
                "north": { "texture": "#2", "uv": [ 5.5, 11, 6, 16 ] },
                "east": { "texture": "#2", "uv": [ 6, 11, 10.5, 16 ] },
                "west": { "texture": "#2", "uv": [ 5.5, 11, 10, 16 ] },
                "down": { "texture": "#2", "uv": [ 10, 6, 10.5, 10.5 ] }
            }
        },
        {
            "from": [ 6, 0, 6 ], 
            "to": [ 10, 4.5, 10 ], 
            "faces": {
                "up": { "texture": "#3", "uv": [ 6, 10, 10, 14 ] },
                "down": { "texture": "#2", "uv": [ 6, 6, 10, 10 ] }
            }
        },
        {
            "from": [ 5, 5, 5 ], 
            "to": [ 10, 6, 6 ], 
            "faces": {
                "north": { "texture": "#2", "uv": [ 6, 10, 11, 11 ] },
                "south": { "texture": "#2", "uv": [ 5, 10, 10, 11 ] },
                "west": { "texture": "#2", "uv": [ 10, 10, 11, 11 ], "rotation": 90 },
                "up": { "texture": "#2", "uv": [ 5, 5, 10, 6 ] },
                "down": { "texture": "#2", "uv": [ 5, 10, 10, 11 ] }
            }
        },
        {
            "from": [ 6, 5, 10 ], 
            "to": [ 11, 6, 11 ], 
            "faces": {
                "north": { "texture": "#2", "uv": [ 5, 5, 10, 6 ] },
                "east": { "texture": "#2", "uv": [ 5, 5, 6, 6 ], "rotation": 270 },
                "south": { "texture": "#2", "uv": [ 6, 5, 11, 6 ] },
                "up": { "texture": "#2", "uv": [ 6, 10, 11, 11 ] },
                "down": { "texture": "#2", "uv": [ 6, 5, 11, 6 ] }
            }
        },
        {
            "from": [ 10, 5, 5 ], 
            "to": [ 11, 6, 10 ], 
            "faces": {
                "north": { "texture": "#2", "uv": [ 5, 10, 6, 11 ] },
                "east": { "texture": "#2", "uv": [ 5, 6, 6, 11 ], "rotation": 270 },
                "west": { "texture": "#2", "uv": [ 5, 6, 6, 11 ], "rotation": 90 },
                "up": { "texture": "#2", "uv": [ 10, 5, 11, 10 ] },
                "down": { "texture": "#2", "uv": [ 10, 6, 11, 11 ] }
            }
        },
        {
            "from": [ 5, 5, 6 ], 
            "to": [ 6, 6, 11 ], 
            "faces": {
                "east": { "texture": "#2", "uv": [ 5, 5, 10, 6 ] },
                "south": { "texture": "#2", "uv": [ 5, 5, 6, 6 ] },
                "west": { "texture": "#2", "uv": [ 5, 6, 6, 11 ], "rotation": 90 },
                "up": { "texture": "#2", "uv": [ 5, 6, 6, 11 ] },
                "down": { "texture": "#2", "uv": [ 5, 5, 6, 10 ] }
            }
        }
    ]
}