{
	"__comment": "Created by Filal",
	"textures": {
		"particle": "block/flower_pot",
		"1": "block/flower_pot",
		"2": "block/dirt",
		"3": "block/oxeye_daisy3",
		"4": "block/oxeye_daisy4",
		"5": "block/oxeye_daisy"
	},
	"elements": [ 	 
		{
			"from": [ 5.5, 0, 5.5 ],
			"to": [ 10, 5, 6 ],
			"faces": {
				"down": { "uv": [ 5.5, 10, 10, 10.5 ], "texture": "#1" },
				"north": { "uv": [ 6, 11, 10.5, 16 ], "texture": "#1" },
				"south": { "uv": [ 5.5, 11, 10, 16 ], "texture": "#1" },
				"west": { "uv": [ 5.5, 11, 6, 16 ], "texture": "#1" }
			}
		},
		{
			"from": [ 6, 0, 10 ],
			"to": [ 10.5, 5, 10.5 ],
			"faces": {
				"down": { "uv": [ 5.5, 5.5, 10, 6 ], "texture": "#1" },
				"north": { "uv": [ 5.5, 11, 10, 16 ], "texture": "#1" },
				"south": { "uv": [ 6, 11, 10.5, 16 ], "texture": "#1" },
				"east": { "uv": [ 5.5, 11, 6, 16 ], "texture": "#1" }
			}
		},
		{
			"from": [ 5.5, 0, 6 ],
			"to": [ 6, 5, 10.5 ],
			"faces": {
				"down": { "uv": [ 5.5, 5.5, 6, 10 ], "texture": "#1" },
				"south": { "uv": [ 5.5, 11, 6, 16 ], "texture": "#1" },
				"west": { "uv": [ 6, 11, 10.5, 16 ], "texture": "#1" },
				"east": { "uv": [ 5.5, 11, 10, 16 ], "texture": "#1" }
			}
		},
		{
			"from": [ 10, 0, 5.5 ],
			"to": [ 10.5, 5, 10 ],
			"faces": {
				"down": { "uv": [ 10, 6, 10.5, 10.5 ], "texture": "#1" },
				"north": { "uv": [ 5.5, 11, 6, 16 ], "texture": "#1" },
				"west": { "uv": [ 5.5, 11, 10, 16 ], "texture": "#1" },
				"east": { "uv": [ 6, 11, 10.5, 16 ], "texture": "#1" }
			}
		},
		{
			"from": [ 6, 0, 6 ],
			"to": [ 10, 4.5, 10 ],
			"faces": {
				"down": { "uv": [ 6, 6, 10, 10 ], "texture": "#1" },
				"up": { "uv": [ 6, 10, 10, 14 ], "texture": "#2" }
			}
		},
		{
			"from": [ 5, 5, 5 ],
			"to": [ 10, 6, 6 ],
			"faces": {
				"down": { "uv": [ 5, 10, 10, 11 ], "texture": "#1" },
				"up": { "uv": [ 5, 5, 10, 6 ], "texture": "#1" },
				"north": { "uv": [ 6, 10, 11, 11 ], "texture": "#1" },
				"south": { "uv": [ 5, 10, 10, 11 ], "texture": "#1" },
				"west": { "uv": [ 10, 10, 11, 11 ], "texture": "#1", "rotation": 90 }
			}
		},
		{
			"from": [ 6, 5, 10 ],
			"to": [ 11, 6, 11 ],
			"faces": {
				"down": { "uv": [ 6, 5, 11, 6 ], "texture": "#1" },
				"up": { "uv": [ 6, 10, 11, 11 ], "texture": "#1" },
				"north": { "uv": [ 5, 5, 10, 6 ], "texture": "#1" },
				"south": { "uv": [ 6, 5, 11, 6 ], "texture": "#1" },
				"east": { "uv": [ 5, 5, 6, 6 ], "texture": "#1", "rotation": 270 }
			}
		},
		{
			"from": [ 10, 5, 5 ],
			"to": [ 11, 6, 10 ],
			"faces": {
				"down": { "uv": [ 10, 6, 11, 11 ], "texture": "#1" },
				"up": { "uv": [ 10, 5, 11, 10 ], "texture": "#1" },
				"north": { "uv": [ 5, 10, 6, 11 ], "texture": "#1" },
				"west": { "uv": [ 5, 6, 6, 11 ], "texture": "#1", "rotation": 90 },
				"east": { "uv": [ 5, 6, 6, 11 ], "texture": "#1", "rotation": 270 }
			}
		},
		{
			"from": [ 5, 5, 6 ],
			"to": [ 6, 6, 11 ],
			"faces": {
				"down": { "uv": [ 5, 5, 6, 10 ], "texture": "#1" },
				"up": { "uv": [ 5, 6, 6, 11 ], "texture": "#1" },
				"south": { "uv": [ 5, 5, 6, 6 ], "texture": "#1" },
				"west": { "uv": [ 5, 6, 6, 11 ], "texture": "#1", "rotation": 90 },
				"east": { "uv": [ 5, 5, 10, 6 ], "texture": "#1" }
			}
		},
		{
			"from": [ 9, 4.5, 5 ],
			"to": [ 9.001, 10.5, 11.5 ],
			"rotation": { "origin": [ 9, 4.5, 5 ], "axis": "y", "angle": -22.5 },
			"faces": {
				"west": { "uv": [ 5, 10, 11.5, 16 ], "texture": "#3" },
				"east": { "uv": [ 11.5, 10, 5, 16 ], "texture": "#3" }
			}
		},
		{
			"from": [ 6, 4.5, 6 ],
			"to": [ 6.001, 9, 12.5 ],
			"rotation": { "origin": [ 6, 4.5, 6 ], "axis": "y", "angle": 45 },
			"faces": {
				"west": { "uv": [ 5, 11.5, 11.5, 16 ], "texture": "#4" },
				"east": { "uv": [ 11.5, 11.5, 5, 16 ], "texture": "#4" }
			}
		},
		{
			"from": [ 6, 10.5, 7 ],
			"to": [ 9.5, 10.501, 10 ],
			"rotation": { "origin": [ 7.5, 10.5, 8.5 ], "axis": "x", "angle": 22.5 },
			"shade": false,
			"faces": {
				"down": { "uv": [ 12.5, 3, 16, 6 ], "texture": "#5", "rotation": 180 },
				"up": { "uv": [ 12.5, 3, 16, 6 ], "texture": "#5", "rotation": 180 }
			}
		},
		{
			"from": [ 5, 8, 5 ],
			"to": [ 7.5, 8.001, 8 ],
			"rotation": { "origin": [ 6, 8, 5 ], "axis": "z", "angle": 22.5 },
			"faces": {
				"down": { "uv": [ 6.5, 4, 9, 7 ], "texture": "#5" },
				"up": { "uv": [ 6.5, 4, 9, 7 ], "texture": "#5" }
			}
		}
	],
	"display": {
		"thirdperson_righthand": {
			"rotation":  [ 0, -90, -50 ],
			"translation":  [ 0, 4.5, 6 ],
			"scale":  [ 0.85, 0.85, 0.85 ]
		},
		"thirdperson_lefthand": {
			"rotation":  [ 0, -90, -50 ],
			"translation":  [ 0, 4.5, 6 ],
			"scale":  [ 0.85, 0.85, 0.85 ]
		},
		"firstperson_righthand": {
			"translation":  [ -2, 3, 2 ],
			"scale":  [ 0.8, 0.8, 0.8 ]
		},
		"firstperson_lefthand": {
			"translation":  [ -2, 3, 2 ],
			"scale":  [ 0.8, 0.8, 0.8 ]
		},
		"gui": {
			"rotation":  [ 30, 225, 0 ],
			"scale":  [ 0.8, 0.8, 0.8 ]
		},
		"head": {
			"rotation":  [ -180, 0, 0 ],
			"translation":  [ 0, 4.3, 0 ]
		},
		"ground": {
			"scale":  [ 0.85, 0.85, 0.85 ]
		}
	}
}