{
    "ambientocclusion": false,
    "textures": {
        "particle": "block/redstone_dust_dot",
        "line": "block/redstone_dust_dot",
        "overlay": "block/redstone_dust_overlay"
    },
    "elements": [
        {   "from": [ 0, 0.1, 0 ],
            "to": [ 16, 0.1, 16 ],
            "shade": false,
            "faces": {
                "up": { "uv": [ 0, 0, 16, 16], "texture": "#line", "tintindex": 0 }
            }
        },
        {   "from": [ 0, 0.1, 0 ],
            "to": [ 16, 0.1, 16 ],
            "shade": false,
            "faces": {
                "up": { "uv": [ 0, 0, 16, 16 ], "texture": "#overlay" }
            }
        },
        {   "from": [ 0, 0.2, 0 ],
            "to": [ 16, 0.2, 16 ],
            "shade": false,
            "faces": {
                "up": { "uv": [ 0, 0, 16, 16], "texture": "#line", "tintindex": 0 }
            }
        },
        {   "from": [ 0, 0.2, 0 ],
            "to": [ 16, 0.2, 16 ],
            "shade": false,
            "faces": {
                "up": { "uv": [ 0, 0, 16, 16 ], "texture": "#overlay" }
            }
        },
        {   "from": [ 0, 0.3, 0 ],
            "to": [ 16, 0.3, 16 ],
            "shade": false,
            "faces": {
                "up": { "uv": [ 0, 0, 16, 16], "texture": "#line", "tintindex": 0 }
            }
        },
        {   "from": [ 0, 0.4, 0 ],
            "to": [ 16, 0.4, 16 ],
            "shade": false,
            "faces": {
                "up": { "uv": [ 0, 0, 16, 16 ], "texture": "#overlay" }
            }
        },
        {   "from": [ 0, 0.4, 0 ],
            "to": [ 16, 0.4, 16 ],
            "shade": false,
            "faces": {
                "up": { "uv": [ 0, 0, 16, 16], "texture": "#line", "tintindex": 0 }
            }
        },
        {   "from": [ 0, 0.5, 0 ],
            "to": [ 16, 0.5, 16 ],
            "shade": false,
            "faces": {
                "up": { "uv": [ 0, 0, 16, 16 ], "texture": "#overlay" }
            }
        },
        {   "from": [ 0, 0.502, 0 ],
            "to": [ 16, 0.502, 16 ],
            "shade": false,
            "faces": {
                "up": { "uv": [ 0, 0, 16, 16], "texture": "#line", "tintindex": 0 }
            }
        },
        {   "from": [ 0, 0.502, 0 ],
            "to": [ 16, 0.502, 16 ],
            "shade": false,
            "faces": {
                "up": { "uv": [ 0, 0, 16, 16 ], "texture": "#overlay" }
            }
        }
    ]
}
