{
    "__comment": "Created by Filal",
    "textures": {
        "particle": "block/redstone_torch_particle",
        "0": "block/redstone_torch_off"
    },
    "elements": [
        {
            "from": [ 6.5, 0, 6.5 ], 
            "to": [ 9.5, 0.504, 9.5 ], 
            "faces": {
                "north": { "texture": "#0", "uv": [ 0, 0, 0.5, 0.5 ] },
                "east": { "texture": "#0", "uv": [ 0, 0, 0.5, 0.5 ] },
                "south": { "texture": "#0", "uv": [ 0, 0, 0.5, 0.5 ] },
                "west": { "texture": "#0", "uv": [ 0, 0, 0.5, 0.5 ] },
                "up": { "texture": "#0", "uv": [ 0, 0, 0.5, 0.5 ] },
                "down": { "texture": "#0", "uv": [ 0, 0, 0.5, 0.5 ] }
            }
        },
        {
            "from": [ 7, 0.506, 7 ], 
            "to": [ 9, 5.5, 9 ], 
            "faces": {
                "north": { "texture": "#0", "uv": [ 9, 10.5, 7, 15.5 ] },
                "east": { "texture": "#0", "uv": [ 7, 10.5, 9, 15.5 ] },
                "south": { "texture": "#0", "uv": [ 9, 10.5, 7, 15.5 ] },
                "west": { "texture": "#0", "uv": [ 7, 10.5, 9, 15.5 ] },
                "up": { "texture": "#0", "uv": [ 7.5, 5.5, 8.5, 6.5 ] }
            }
        },
        {
            "from": [ 7, 5.5, 7 ], 
            "to": [ 7.5, 10, 7.5 ], 
            "faces": {
                "north": { "texture": "#0", "uv": [ 7, 6, 7.5, 10.5 ] },
                "east": { "texture": "#0", "uv": [ 7, 6, 7.5, 10.5 ] },
                "south": { "texture": "#0", "uv": [ 7, 6, 7.5, 10.5 ] },
                "west": { "texture": "#0", "uv": [ 7, 6, 7.5, 10.5 ] },
                "up": { "texture": "#0", "uv": [ 7, 4, 7.5, 4.5 ] }
            }
        },
        {
            "from": [ 8.5, 5.5, 7 ], 
            "to": [ 9, 10, 7.5 ], 
            "faces": {
                "north": { "texture": "#0", "uv": [ 8.5, 6, 9, 10.5 ] },
                "east": { "texture": "#0", "uv": [ 8.5, 6, 9, 10.5 ] },
                "south": { "texture": "#0", "uv": [ 8.5, 6, 9, 10.5 ] },
                "west": { "texture": "#0", "uv": [ 8.5, 6, 9, 10.5 ] },
                "up": { "texture": "#0", "uv": [ 7, 5.5, 7.5, 6 ] }
            }
        },
        {
            "from": [ 8.5, 5.5, 8.5 ], 
            "to": [ 9, 10, 9 ], 
            "faces": {
                "north": { "texture": "#0", "uv": [ 7, 6, 7.5, 10.5 ] },
                "east": { "texture": "#0", "uv": [ 7, 6, 7.5, 10.5 ] },
                "south": { "texture": "#0", "uv": [ 7, 6, 7.5, 10.5 ] },
                "west": { "texture": "#0", "uv": [ 7, 6, 7.5, 10.5 ] },
                "up": { "texture": "#0", "uv": [ 8.5, 4, 9, 4.5 ] }
            }
        },
        {
            "from": [ 7, 5.5, 8.5 ], 
            "to": [ 7.5, 10, 9 ], 
            "faces": {
                "north": { "texture": "#0", "uv": [ 8.5, 6, 9, 10.5 ] },
                "east": { "texture": "#0", "uv": [ 8.5, 6, 9, 10.5 ] },
                "south": { "texture": "#0", "uv": [ 8.5, 6, 9, 10.5 ] },
                "west": { "texture": "#0", "uv": [ 8.5, 6, 9, 10.5 ] },
                "up": { "texture": "#0", "uv": [ 8.5, 4, 9, 4.5 ] }
            }
        },
        {
            "from": [ 7.5, 6.5, 7 ], 
            "to": [ 8.5, 7, 7.5 ], 
            "faces": {
                "north": { "texture": "#0", "uv": [ 7.5, 9, 8.5, 9.5 ] },
                "south": { "texture": "#0", "uv": [ 8.5, 9, 7.5, 9.5 ] },
                "up": { "texture": "#0", "uv": [ 8.5, 9, 7.5, 9.5 ] },
                "down": { "texture": "#0", "uv": [ 8.5, 9, 7.5, 9.5 ] }
            }
        },
        {
            "from": [ 7.5, 8, 7 ], 
            "to": [ 8.5, 8.5, 7.5 ], 
            "faces": {
                "north": { "texture": "#0", "uv": [ 8.5, 7.5, 7.5, 8 ] },
                "south": { "texture": "#0", "uv": [ 7.5, 7.5, 8.5, 8 ] },
                "up": { "texture": "#0", "uv": [ 7.5, 7.5, 8.5, 8 ] },
                "down": { "texture": "#0", "uv": [ 7.5, 7.5, 8.5, 8 ] }
            }
        },
        {
            "from": [ 7.5, 9.5, 7 ], 
            "to": [ 8.5, 10, 7.5 ], 
            "faces": {
                "north": { "texture": "#0", "uv": [ 8.5, 5.5, 7.5, 6 ] },
                "south": { "texture": "#0", "uv": [ 7.5, 5.5, 8.5, 6 ] },
                "up": { "texture": "#0", "uv": [ 8.5, 6, 7.5, 6.5 ] },
                "down": { "texture": "#0", "uv": [ 8.5, 6, 7.5, 6.5 ] }
            }
        },
        {
            "from": [ 7.5, 6.5, 8.5 ], 
            "to": [ 8.5, 7, 9 ], 
            "faces": {
                "north": { "texture": "#0", "uv": [ 8.5, 9, 7.5, 9.5 ] },
                "south": { "texture": "#0", "uv": [ 7.5, 9, 8.5, 9.5 ] },
                "up": { "texture": "#0", "uv": [ 7.5, 9, 8.5, 9.5 ] },
                "down": { "texture": "#0", "uv": [ 7.5, 9, 8.5, 9.5 ] }
            }
        },
        {
            "from": [ 7.5, 8, 8.5 ], 
            "to": [ 8.5, 8.5, 9 ], 
            "faces": {
                "north": { "texture": "#0", "uv": [ 7.5, 7.5, 8.5, 8 ] },
                "south": { "texture": "#0", "uv": [ 8.5, 7.5, 7.5, 8 ] },
                "up": { "texture": "#0", "uv": [ 8.5, 7.5, 7.5, 8 ] },
                "down": { "texture": "#0", "uv": [ 8.5, 7.5, 7.5, 8 ] }
            }
        },
        {
            "from": [ 7.5, 9.5, 8.5 ], 
            "to": [ 8.5, 10, 9 ], 
            "faces": {
                "north": { "texture": "#0", "uv": [ 8.5, 6, 7.5, 6.5 ] },
                "south": { "texture": "#0", "uv": [ 7.5, 6, 8.5, 6.5 ] },
                "up": { "texture": "#0", "uv": [ 7.5, 6, 8.5, 6.5 ] },
                "down": { "texture": "#0", "uv": [ 7.5, 6, 8.5, 6.5 ] }
            }
        },
        {
            "from": [ 7, 6.5, 7.5 ], 
            "to": [ 7.5, 7, 8.5 ], 
            "faces": {
                "east": { "texture": "#0", "uv": [ 7.5, 9, 8.5, 9.5 ] },
                "west": { "texture": "#0", "uv": [ 8.5, 9, 7.5, 9.5 ] },
                "up": { "texture": "#0", "uv": [ 7.5, 9, 8.5, 9.5 ], "rotation": 270 },
                "down": { "texture": "#0", "uv": [ 7.5, 9, 8.5, 9.5 ], "rotation": 90 }
            }
        },
        {
            "from": [ 7, 8, 7.5 ], 
            "to": [ 7.5, 8.5, 8.5 ], 
            "faces": {
                "east": { "texture": "#0", "uv": [ 8.5, 7.5, 7.5, 8 ] },
                "west": { "texture": "#0", "uv": [ 7.5, 7.5, 8.5, 8 ] },
                "up": { "texture": "#0", "uv": [ 7.5, 7.5, 8.5, 8 ], "rotation": 90 },
                "down": { "texture": "#0", "uv": [ 7.5, 7.5, 8.5, 8 ], "rotation": 270 }
            }
        },
        {
            "from": [ 7, 9.5, 7.5 ], 
            "to": [ 7.5, 10, 8.5 ], 
            "faces": {
                "east": { "texture": "#0", "uv": [ 8.5, 5.5, 7.5, 6 ] },
                "west": { "texture": "#0", "uv": [ 7.5, 5.5, 8.5, 6 ] },
                "up": { "texture": "#0", "uv": [ 7, 4.5, 7.5, 5.5 ] },
                "down": { "texture": "#0", "uv": [ 7, 4.5, 7.5, 5.5 ], "rotation": 180 }
            }
        },
        {
            "from": [ 8.5, 6.5, 7.5 ], 
            "to": [ 9, 7, 8.5 ], 
            "faces": {
                "east": { "texture": "#0", "uv": [ 8.5, 9, 7.5, 9.5 ] },
                "west": { "texture": "#0", "uv": [ 7.5, 9, 8.5, 9.5 ] },
                "up": { "texture": "#0", "uv": [ 7.5, 9, 8.5, 9.5 ], "rotation": 90 },
                "down": { "texture": "#0", "uv": [ 7.5, 9, 8.5, 9.5 ], "rotation": 270 }
            }
        },
        {
            "from": [ 8.5, 8, 7.5 ], 
            "to": [ 9, 8.5, 8.5 ], 
            "faces": {
                "east": { "texture": "#0", "uv": [ 7.5, 7.5, 8.5, 8 ] },
                "west": { "texture": "#0", "uv": [ 8.5, 7.5, 7.5, 8 ] },
                "up": { "texture": "#0", "uv": [ 7.5, 7.5, 8.5, 8 ], "rotation": 270 },
                "down": { "texture": "#0", "uv": [ 7.5, 7.5, 8.5, 8 ], "rotation": 90 }
            }
        },
        {
            "from": [ 8.5, 9.5, 7.5 ], 
            "to": [ 9, 10, 8.5 ], 
            "faces": {
                "east": { "texture": "#0", "uv": [ 8.5, 4, 7.5, 4.5 ] },
                "west": { "texture": "#0", "uv": [ 7.5, 4, 8.5, 4.5 ] },
                "up": { "texture": "#0", "uv": [ 8.5, 4.5, 9, 5.5 ] },
                "down": { "texture": "#0", "uv": [ 8.5, 4.5, 9, 5.5 ], "rotation": 180 }
            }
        }
    ]
}