{
    "ambientocclusion": false,
    "textures": {
        "particle": "block/redstone_dust_dot",
        "line": "block/redstone_dust_line0",
        "overlay": "block/redstone_dust_overlay"
    },
    "elements": [
        {   "from": [ 0, 0, 0.1 ],
            "to": [ 16, 16, 0.1 ],
            "shade": false,
            "faces": {
                "south": { "uv": [ 0, 0, 16, 16 ], "texture": "#line", "tintindex": 0 }
            }
        },
        {   "from": [ 0, 0, 0.1 ],
            "to": [ 16, 16, 0.1 ],
            "shade": false,
            "faces": {
                "south": { "uv": [ 0, 0, 16, 16 ], "texture": "#overlay" }
            }
        },
        {   "from": [ 0, 0, 0.2 ],
            "to": [ 16, 16, 0.2 ],
            "shade": false,
            "faces": {
                "south": { "uv": [ 0, 0, 16, 16 ], "texture": "#line", "tintindex": 0 }
            }
        },
        {   "from": [ 0, 0, 0.2 ],
            "to": [ 16, 16, 0.2 ],
            "shade": false,
            "faces": {
                "south": { "uv": [ 0, 0, 16, 16 ], "texture": "#overlay" }
            }
        },
        {   "from": [ 0, 0, 0.3 ],
            "to": [ 16, 16, 0.3 ],
            "shade": false,
            "faces": {
                "south": { "uv": [ 0, 0, 16, 16 ], "texture": "#line", "tintindex": 0 }
            }
        },
        {   "from": [ 0, 0, 0.3 ],
            "to": [ 16, 16, 0.3 ],
            "shade": false,
            "faces": {
                "south": { "uv": [ 0, 0, 16, 16 ], "texture": "#overlay" }
            }
        },
        {   "from": [ 0, 0, 0.4 ],
            "to": [ 16, 16, 0.4 ],
            "shade": false,
            "faces": {
                "south": { "uv": [ 0, 0, 16, 16 ], "texture": "#line", "tintindex": 0 }
            }
        },
        {   "from": [ 0, 0, 0.4 ],
            "to": [ 16, 16, 0.4 ],
            "shade": false,
            "faces": {
                "south": { "uv": [ 0, 0, 16, 16 ], "texture": "#overlay" }
            }
        },
        {   "from": [ 0, 0, 0.502 ],
            "to": [ 16, 16, 0.502 ],
            "shade": false,
            "faces": {
                "south": { "uv": [ 0, 0, 16, 16 ], "texture": "#line", "tintindex": 0 }
            }
        },
        {   "from": [ 0, 0, 0.502 ],
            "to": [ 16, 16, 0.502 ],
            "shade": false,
            "faces": {
                "south": { "uv": [ 0, 0, 16, 16 ], "texture": "#overlay" }
            }
        }
    ]
}
