{"stat.crouchOneCm":301469,"stat.useItem.minecraft.nether_brick_stairs":18,"stat.useItem.minecraft.iron_bars":57,"stat.useItem.minecraft.web":21,"stat.useItem.minecraft.acacia_door":1,"stat.useItem.minecraft.sticky_piston":72,"stat.useItem.minecraft.stone_button":5,"achievement.exploreAllBiomes":{"value":0,"progress":["Desert"]},"stat.useItem.minecraft.tnt":73,"stat.useItem.minecraft.spruce_door":1,"stat.useItem.minecraft.redstone_block":271,"stat.useItem.minecraft.quartz_block":4939,"stat.useItem.minecraft.command_block":870,"stat.useItem.minecraft.wooden_door":3,"achievement.openInventory":233,"stat.useItem.minecraft.obsidian":1964,"stat.useItem.minecraft.fence":11,"stat.useItem.minecraft.planks":23,"stat.useItem.minecraft.quartz_stairs":76,"stat.useItem.minecraft.stained_hardened_clay":3502,"stat.fallOneCm":23796,"stat.flyOneCm":8495731,"stat.useItem.minecraft.prismarine":865,"stat.useItem.minecraft.birch_door":1,"stat.useItem.minecraft.dispenser":17,"stat.useItem.minecraft.ladder":9,"stat.useItem.minecraft.redstone_lamp":386,"stat.climbOneCm":2268,"stat.useItem.minecraft.cake":3,"stat.useItem.minecraft.jungle_door":1,"stat.useItem.minecraft.redstone":495,"stat.drop":3,"stat.useItem.minecraft.dropper":1,"stat.useItem.minecraft.hopper":3,"stat.useItem.minecraft.repeater":537,"stat.useItem.minecraft.stone_pressure_plate":58,"stat.leaveGame":67,"stat.useItem.minecraft.comparator":4,"stat.diveOneCm":745,"stat.useItem.minecraft.glowstone":19,"stat.useItem.minecraft.lever":1,"stat.useItem.minecraft.sand":41,"stat.useItem.minecraft.stone_slab":6,"stat.useItem.minecraft.barrier":535,"stat.timeSinceDeath":1906222,"stat.playOneMinute":1906222,"stat.useItem.minecraft.redstone_torch":163,"stat.useItem.minecraft.wool":558,"stat.jump":9342,"stat.swimOneCm":4217,"stat.useItem.minecraft.dark_oak_door":1,"stat.useItem.minecraft.piston":120,"stat.useItem.minecraft.spawn_egg":1,"stat.useItem.minecraft.slime":45,"stat.walkOneCm":4079162,"stat.useItem.minecraft.sandstone":504,"stat.useItem.minecraft.sign":20,"stat.useItem.minecraft.dark_oak_fence":1,"stat.sprintOneCm":1494019,"stat.useItem.minecraft.iron_door":7}