{
    "variants": {
       "power=0": { "model": "daylight_detector_0" },
       "power=1": { "model": "daylight_detector_1" },
       "power=2": { "model": "daylight_detector_2" },
       "power=3": { "model": "daylight_detector_3" },
       "power=4": { "model": "daylight_detector_4" },
       "power=5": { "model": "daylight_detector_5" },
       "power=6": { "model": "daylight_detector_6" },
       "power=7": { "model": "daylight_detector_7" },
       "power=8": { "model": "daylight_detector_8" },
       "power=9": { "model": "daylight_detector_9" },
       "power=10": { "model": "daylight_detector_10" },
       "power=11": { "model": "daylight_detector_11" },
       "power=12": { "model": "daylight_detector_12" },
       "power=13": { "model": "daylight_detector_13" },
       "power=14": { "model": "daylight_detector_14" },
       "power=15": { "model": "daylight_detector_15" }
    }
}
