{
    "variants": {
        "facing=east,half=lower,hinge=left,open=false":  { "model": "oak_door_b" },
        "facing=south,half=lower,hinge=left,open=false": { "model": "oak_door_b", "y": 90 },
        "facing=west,half=lower,hinge=left,open=false":  { "model": "oak_door_b", "y": 180 },
        "facing=north,half=lower,hinge=left,open=false": { "model": "oak_door_b", "y": 270 },
        "facing=east,half=lower,hinge=right,open=false":  { "model": "oak_door_b_alt" },
        "facing=south,half=lower,hinge=right,open=false": { "model": "oak_door_b_alt", "y": 90 },
        "facing=west,half=lower,hinge=right,open=false":  { "model": "oak_door_b_alt", "y": 180 },
        "facing=north,half=lower,hinge=right,open=false": { "model": "oak_door_b_alt", "y": 270 },
        "facing=east,half=lower,hinge=left,open=true":  { "model": "oak_door_b_alt", "y": 90 },
        "facing=south,half=lower,hinge=left,open=true": { "model": "oak_door_b_alt", "y": 180 },
        "facing=west,half=lower,hinge=left,open=true":  { "model": "oak_door_b_alt", "y": 270 },
        "facing=north,half=lower,hinge=left,open=true": { "model": "oak_door_b_alt" },
        "facing=east,half=lower,hinge=right,open=true":  { "model": "oak_door_b", "y": 270 },
        "facing=south,half=lower,hinge=right,open=true": { "model": "oak_door_b" },
        "facing=west,half=lower,hinge=right,open=true":  { "model": "oak_door_b", "y": 90 },
        "facing=north,half=lower,hinge=right,open=true": { "model": "oak_door_b", "y": 180 },
        "facing=east,half=upper,hinge=left,open=false":  { "model": "oak_door_t" },
        "facing=south,half=upper,hinge=left,open=false": { "model": "oak_door_t", "y": 90 },
        "facing=west,half=upper,hinge=left,open=false":  { "model": "oak_door_t", "y": 180 },
        "facing=north,half=upper,hinge=left,open=false": { "model": "oak_door_t", "y": 270 },
        "facing=east,half=upper,hinge=right,open=false":  { "model": "oak_door_t_alt" },
        "facing=south,half=upper,hinge=right,open=false": { "model": "oak_door_t_alt", "y": 90 },
        "facing=west,half=upper,hinge=right,open=false":  { "model": "oak_door_t_alt", "y": 180 },
        "facing=north,half=upper,hinge=right,open=false": { "model": "oak_door_t_alt", "y": 270 },
        "facing=east,half=upper,hinge=left,open=true":  { "model": "oak_door_t_alt", "y": 90 },
        "facing=south,half=upper,hinge=left,open=true": { "model": "oak_door_t_alt", "y": 180 },
        "facing=west,half=upper,hinge=left,open=true":  { "model": "oak_door_t_alt", "y": 270 },
        "facing=north,half=upper,hinge=left,open=true": { "model": "oak_door_t_alt" },
        "facing=east,half=upper,hinge=right,open=true":  { "model": "oak_door_t", "y": 270 },
        "facing=south,half=upper,hinge=right,open=true": { "model": "oak_door_t" },
        "facing=west,half=upper,hinge=right,open=true":  { "model": "oak_door_t", "y": 90 },
        "facing=north,half=upper,hinge=right,open=true": { "model": "oak_door_t", "y": 180 }
    }
}
