{"stat.useItem.minecraft.string":2,"stat.useItem.minecraft.quartz_block":927,"stat.pickup.minecraft.stone_pressure_plate":4,"stat.leaveGame":42,"stat.drop.minecraft.tripwire_hook":1,"stat.useItem.minecraft.soul_sand":245,"stat.useItem.minecraft.skull":74,"stat.swimOneCm":3662,"stat.drop.minecraft.skull":37,"stat.climbOneCm":12158,"stat.useItem.minecraft.end_rod":68,"stat.useItem.minecraft.obsidian":5,"stat.useItem.minecraft.redstone_torch":2,"stat.useItem.minecraft.water_bucket":5,"stat.drop.minecraft.redstone_torch":1,"stat.pickup.minecraft.gold_block":9,"stat.drop.minecraft.elytra":19,"stat.aviateOneCm":121926,"stat.flyOneCm":5581592,"stat.drop.minecraft.heavy_weighted_pressure_plate":1,"stat.useItem.minecraft.ender_pearl":48,"stat.drop.minecraft.snow_layer":1,"stat.drop.minecraft.tnt":1,"stat.timeSinceDeath":975,"stat.useItem.minecraft.sign":83,"stat.useItem.minecraft.lever":1,"stat.pickup.minecraft.light_weighted_pressure_plate":9,"stat.drop.minecraft.diamond_block":3,"stat.drop.minecraft.wool":34,"stat.pickup.minecraft.wooden_button":9,"stat.drop.minecraft.stone_slab":3,"stat.useItem.minecraft.redstone":50,"stat.useItem.minecraft.sea_lantern":1,"stat.drop.minecraft.cactus":1,"stat.drop.minecraft.light_weighted_pressure_plate":1,"stat.sprintOneCm":208480,"stat.useItem.minecraft.stained_glass":127,"stat.useItem.minecraft.diamond_block":415,"stat.useItem.minecraft.fence":129,"stat.pickup.minecraft.skull":18,"stat.drop.minecraft.stone_pressure_plate":5,"stat.useItem.minecraft.stone_slab":19,"stat.useItem.minecraft.ice":83,"stat.useItem.minecraft.wooden_button":18,"stat.useItem.minecraft.stone_pressure_plate":49,"stat.deaths":60,"stat.drop":119,"stat.playOneMinute":1385509,"stat.useItem.minecraft.cake":13,"stat.drop.minecraft.string":1,"stat.useItem.minecraft.ladder":130,"stat.pickup.minecraft.diamond_block":1,"stat.pickup.minecraft.sea_lantern":9,"stat.drop.minecraft.white_shulker_box":1,"stat.diveOneCm":637,"stat.chestOpened":7,"stat.drop.minecraft.ice":1,"stat.useItem.minecraft.sticky_piston":1,"stat.pickup.minecraft.sign":33,"stat.useItem.minecraft.stone":1,"stat.useItem.minecraft.lime_shulker_box":19,"stat.drop.minecraft.ladder":4,"stat.useItem.minecraft.white_shulker_box":9,"stat.pickup.minecraft.stained_glass_pane":10,"stat.useItem.minecraft.carpet":1,"stat.useItem.minecraft.heavy_weighted_pressure_plate":21,"stat.useItem.minecraft.stained_glass_pane":167,"stat.jump":3201,"stat.useItem.minecraft.sand":31,"stat.fallOneCm":3315,"stat.crouchOneCm":468018,"stat.useItem.minecraft.light_weighted_pressure_plate":85,"stat.drop.minecraft.stained_glass_pane":5,"stat.pickup.minecraft.heavy_weighted_pressure_plate":1,"stat.drop.minecraft.barrier":1,"stat.pickup.minecraft.command_block":9,"stat.drop.minecraft.gold_block":1,"stat.damageTaken":10810,"stat.useItem.minecraft.gold_block":65,"stat.pickup.minecraft.slime":9,"stat.useItem.minecraft.slime":175,"stat.pickup.minecraft.quartz_block":9,"stat.useItem.minecraft.magma":62,"stat.pickup.minecraft.stained_glass":27,"stat.useItem.minecraft.wool":8186,"stat.useItem.minecraft.snow_layer":27,"stat.pickup.minecraft.ice":1,"stat.useItem.minecraft.command_block":154,"stat.walkOneCm":455799,"stat.useItem.minecraft.chest":12,"stat.useItem.minecraft.tnt":233,"stat.drop.minecraft.sign":7,"stat.useItem.minecraft.redstone_block":8,"stat.shulkerBoxOpened":16,"stat.drop.minecraft.command_block":1,"stat.pickup.minecraft.ladder":9,"stat.useItem.minecraft.cactus":109,"stat.pickup.minecraft.barrier":12,"stat.drop.minecraft.lever":1,"stat.useItem.minecraft.tripwire_hook":4,"stat.useItem.minecraft.barrier":532,"stat.sneakTime":193282,"stat.pickup.minecraft.wool":55,"stat.drop.minecraft.quartz_block":4,"stat.drop.minecraft.lime_shulker_box":2,"stat.useItem.minecraft.web":75}