{"stat.beaconInteraction":2,"stat.useItem.minecraft.bow":3,"stat.useItem.minecraft.lapis_block":19,"stat.useItem.minecraft.chain_command_block":1,"stat.useItem.minecraft.quartz_block":30,"stat.pickup.minecraft.redstone_torch":1,"stat.useItem.minecraft.repeater":3,"stat.leaveGame":30,"stat.useItem.minecraft.repeating_command_block":4,"stat.swimOneCm":4594,"stat.useItem.minecraft.snow":86,"stat.climbOneCm":10338,"stat.useItem.minecraft.end_rod":4,"stat.useItem.minecraft.dirt":105,"stat.useItem.minecraft.stone_slab2":12219,"stat.useItem.minecraft.water_bucket":144,"stat.mineBlock.minecraft.red_mushroom":2,"stat.pickup.minecraft.gold_block":2,"stat.flyOneCm":6629497,"stat.useItem.minecraft.ender_pearl":2,"stat.useItem.minecraft.red_mushroom":9,"stat.pickup.minecraft.cactus":1,"stat.timeSinceDeath":70608,"stat.pickup.minecraft.wooden_axe":3,"stat.useItem.minecraft.oak_stairs":4,"stat.furnaceInteraction":3,"stat.mineBlock.minecraft.red_mushroom_block":21,"stat.useItem.minecraft.redstone":14,"stat.sprintOneCm":300893,"stat.useItem.minecraft.diamond_block":7,"stat.useItem.minecraft.stained_glass":28,"stat.useItem.minecraft.fence":4,"stat.useItem.minecraft.stone_slab":6,"stat.useItem.minecraft.flint_and_steel":507,"stat.useItem.minecraft.diamond_pickaxe":9,"stat.useItem.minecraft.dye":121,"stat.deaths":1,"stat.drop":4,"stat.pickup.minecraft.egg":1,"stat.playOneMinute":611515,"stat.pickup.minecraft.stone_button":1,"stat.useItem.minecraft.ladder":10,"stat.pickup.minecraft.netherrack":1,"stat.diveOneCm":7861,"stat.chestOpened":17,"stat.pickup.minecraft.sign":1,"stat.useItem.minecraft.stone":75,"stat.useItem.minecraft.quartz_stairs":16,"stat.pickup.minecraft.arrow":107,"stat.useItem.minecraft.waterlily":10,"stat.pickup.minecraft.stained_glass_pane":1,"stat.useItem.minecraft.packed_ice":3,"stat.jump":3933,"stat.useItem.minecraft.sand":28,"stat.fallOneCm":3656,"stat.crouchOneCm":80024,"stat.useItem.minecraft.stone_button":6,"stat.pickup.minecraft.red_mushroom":5,"stat.pickup.minecraft.heavy_weighted_pressure_plate":3,"stat.useItem.minecraft.sapling":10,"stat.pickup.minecraft.command_block":1,"stat.drop.minecraft.gold_block":2,"stat.pickup.minecraft.comparator":1,"stat.pickup.minecraft.feather":2,"stat.damageTaken":490,"stat.useItem.minecraft.gold_block":18,"stat.dispenserInspected":22,"stat.drop.minecraft.stone_button":1,"stat.pickup.minecraft.dye":1,"stat.pickup.minecraft.prismarine_crystals":2,"stat.pickup.minecraft.wheat_seeds":2,"stat.pickup.minecraft.quartz_block":42,"stat.damageDealt":40,"stat.useItem.minecraft.snow_layer":179,"stat.useItem.minecraft.command_block":16,"stat.walkOneCm":544410,"stat.useItem.minecraft.comparator":12,"stat.useItem.minecraft.lava_bucket":18,"stat.pickup.minecraft.red_mushroom_block":9,"stat.pickup.minecraft.chicken":1,"stat.useItem.minecraft.red_mushroom_block":37,"stat.pickup.minecraft.sapling":1,"stat.useItem.minecraft.fireworks":2,"stat.useItem.minecraft.concrete":22,"stat.useItem.minecraft.netherrack":2,"stat.useItem.minecraft.deadbush":2,"stat.pickup.minecraft.water_bucket":2,"stat.pickup.minecraft.red_flower":15,"stat.sneakTime":47325,"stat.pickup.minecraft.wool":1,"stat.drop.minecraft.quartz_block":1,"stat.useItem.minecraft.sandstone":14}