{"stats":{"minecraft:used":{"minecraft:redstone_torch":7,"minecraft:glass":1,"minecraft:end_rod":30,"minecraft:lever":5,"minecraft:yellow_stained_glass":13,"minecraft:orange_concrete":111,"minecraft:command_block":103,"minecraft:light_gray_concrete":5,"minecraft:smooth_quartz_slab":124,"minecraft:red_concrete":239,"minecraft:spruce_button":7,"minecraft:spruce_slab":1,"minecraft:barrier":443,"minecraft:oak_button":5,"minecraft:ladder":335,"minecraft:quartz_block":15,"minecraft:chest":1,"minecraft:magenta_concrete":562,"minecraft:cyan_concrete":264,"minecraft:white_shulker_box":2,"minecraft:stone":6,"minecraft:redstone_block":8,"minecraft:smooth_quartz":212,"minecraft:dark_oak_button":56,"minecraft:quartz_stairs":4,"minecraft:player_head":29,"minecraft:smooth_quartz_stairs":89,"minecraft:orange_stained_glass":22,"minecraft:purple_concrete":804,"minecraft:repeater":36,"minecraft:lime_concrete":427,"minecraft:comparator":31,"minecraft:light_blue_concrete":669,"minecraft:crafting_table":1,"minecraft:lime_stained_glass":160,"minecraft:dark_oak_fence":5,"minecraft:chain_command_block":141,"minecraft:yellow_concrete":373,"minecraft:repeating_command_block":67,"minecraft:gray_concrete":2734,"minecraft:egg":118,"minecraft:white_concrete":7,"minecraft:dragon_head":3,"minecraft:stone_brick_wall":14},"minecraft:crafted":{"minecraft:leather_leggings":1,"minecraft:leather_boots":1,"minecraft:leather_chestplate":1},"minecraft:custom":{"minecraft:time_since_rest":258124,"minecraft:damage_taken":1090,"minecraft:sprint_one_cm":439356,"minecraft:walk_one_cm":420608,"minecraft:drop":118,"minecraft:interact_with_crafting_table":1,"minecraft:fly_one_cm":4229267,"minecraft:open_chest":1,"minecraft:crouch_one_cm":207677,"minecraft:play_one_minute":652528,"minecraft:open_shulker_box":4,"minecraft:deaths":3,"minecraft:sneak_time":74537,"minecraft:jump":4281,"minecraft:leave_game":18,"minecraft:time_since_death":258103,"minecraft:climb_one_cm":24340,"minecraft:damage_resisted":3990,"minecraft:fall_one_cm":77169},"minecraft:picked_up":{"minecraft:dark_oak_button":2,"minecraft:ladder":1,"minecraft:white_shulker_box":2},"minecraft:dropped":{"minecraft:gray_concrete":6,"minecraft:repeating_command_block":11,"minecraft:stone":2,"minecraft:player_head":10,"minecraft:lime_concrete":10,"minecraft:wooden_axe":1,"minecraft:lime_stained_glass":3,"minecraft:white_concrete":1,"minecraft:yellow_concrete":16,"minecraft:orange_concrete":4,"minecraft:ladder":3,"minecraft:barrier":4,"minecraft:leather_leggings":1,"minecraft:purple_concrete":2,"minecraft:comparator":7,"minecraft:yellow_stained_glass":1,"minecraft:dark_oak_button":3,"minecraft:cyan_concrete":2,"minecraft:glass":1,"minecraft:command_block":10,"minecraft:chain_command_block":18,"minecraft:light_gray_concrete":1,"minecraft:magenta_concrete":1}},"DataVersion":1976}