{"stats":{"minecraft:custom":{"minecraft:time_since_rest":254609,"minecraft:inspect_dropper":4,"minecraft:interact_with_furnace":7,"minecraft:sprint_one_cm":25967,"minecraft:walk_one_cm":238121,"minecraft:mob_kills":6,"minecraft:inspect_hopper":1,"minecraft:damage_dealt":1239,"minecraft:fly_one_cm":776181,"minecraft:play_one_minute":254609,"minecraft:crouch_one_cm":3179,"minecraft:sneak_time":8356,"minecraft:jump":478,"minecraft:leave_game":3,"minecraft:time_since_death":254609},"minecraft:used":{"minecraft:redstone_torch":40,"minecraft:sticky_piston":267,"minecraft:piston":29,"minecraft:lever":40,"minecraft:honey_block":20,"minecraft:sea_lantern":2,"minecraft:dropper":6,"minecraft:iron_block":417,"minecraft:slime_block":43,"minecraft:redstone":306,"minecraft:lime_wool":343,"minecraft:stone_button":14,"minecraft:oak_sign":11,"minecraft:sandstone":117,"minecraft:redstone_block":2,"minecraft:iron_door":6,"minecraft:quartz_stairs":2,"minecraft:yellow_wool":260,"minecraft:diamond_sword":22,"minecraft:repeater":104,"minecraft:redstone_lamp":2,"minecraft:sand":28,"minecraft:comparator":4,"minecraft:hopper":12,"minecraft:furnace":26,"minecraft:light_blue_wool":201,"minecraft:white_stained_glass":423,"minecraft:gold_block":2,"minecraft:stone_pressure_plate":14,"minecraft:white_concrete":40,"minecraft:observer":131,"minecraft:obsidian":4},"minecraft:killed":{"minecraft:trader_llama":4,"minecraft:wandering_trader":2},"minecraft:picked_up":{"minecraft:repeater":9,"minecraft:iron_door":2,"minecraft:leather":4,"minecraft:lead":4,"minecraft:sand":8,"minecraft:stone_button":4,"minecraft:redstone":112,"minecraft:stone_pressure_plate":1,"minecraft:lever":13,"minecraft:redstone_torch":11}},"DataVersion":2230}