{"stats":{"minecraft:used":{"minecraft:torch":182,"minecraft:diamond_sword":11,"minecraft:anvil":1,"minecraft:villager_spawn_egg":3,"minecraft:purple_bed":3,"minecraft:hopper":1,"minecraft:grass_block":8,"minecraft:ladder":20,"minecraft:chest":4,"minecraft:spruce_trapdoor":2,"minecraft:stone":85,"minecraft:zombie_spawn_egg":2},"minecraft:killed":{"minecraft:zombie":3},"minecraft:custom":{"minecraft:time_since_rest":20907,"minecraft:open_chest":4,"minecraft:play_one_minute":20907,"minecraft:crouch_one_cm":1808,"minecraft:sprint_one_cm":39,"minecraft:walk_one_cm":7838,"minecraft:sneak_time":1330,"minecraft:interact_with_anvil":1,"minecraft:mob_kills":3,"minecraft:jump":19,"minecraft:inspect_hopper":1,"minecraft:damage_dealt":596,"minecraft:leave_game":1,"minecraft:time_since_death":20907,"minecraft:walk_on_water_one_cm":561,"minecraft:climb_one_cm":4486,"minecraft:fly_one_cm":96451}},"DataVersion":2567}