{"stats":{"minecraft:used":{"minecraft:oak_trapdoor":1,"minecraft:purpur_block":159,"minecraft:nether_brick_fence":11,"minecraft:light_blue_stained_glass_pane":10,"minecraft:iron_bars":106,"minecraft:enchanting_table":42,"minecraft:acacia_log":117,"minecraft:smooth_quartz_slab":79,"minecraft:armor_stand":7,"minecraft:red_concrete":257,"minecraft:redstone":40,"minecraft:ladder":81,"minecraft:chest":21,"minecraft:ender_chest":2,"minecraft:stone":3,"minecraft:purple_shulker_box":2,"minecraft:creeper_head":6,"minecraft:stripped_jungle_wood":1,"minecraft:farmland":1,"minecraft:oak_door":2,"minecraft:light_gray_shulker_box":1,"minecraft:green_glazed_terracotta":15,"minecraft:torch":5,"minecraft:chiseled_red_sandstone":1,"minecraft:dirt":148,"minecraft:anvil":3,"minecraft:cocoa_beans":17,"minecraft:white_carpet":6,"minecraft:hopper":1,"minecraft:prismarine_bricks":22,"minecraft:orange_glazed_terracotta":17,"minecraft:nether_bricks":105,"minecraft:light_gray_glazed_terracotta":17,"minecraft:blue_concrete":596,"minecraft:polished_diorite":59,"minecraft:spruce_boat":15,"minecraft:purple_stained_glass_pane":36,"minecraft:red_shulker_box":2,"minecraft:packed_ice":168,"minecraft:honey_block":192,"minecraft:sea_lantern":19,"minecraft:bricks":130,"minecraft:bookshelf":368,"minecraft:quartz_pillar":4,"minecraft:yellow_stained_glass":16,"minecraft:cyan_shulker_box":9,"minecraft:light_weighted_pressure_plate":2,"minecraft:quartz_slab":11,"minecraft:lantern":4,"minecraft:iron_block":972,"minecraft:grass_block":11,"minecraft:slime_block":113,"minecraft:spruce_button":5,"minecraft:jungle_log":66,"minecraft:green_wool":123,"minecraft:orange_shulker_box":7,"minecraft:quartz_block":17,"minecraft:light_blue_bed":1,"minecraft:dark_oak_slab":84,"minecraft:smooth_quartz":962,"minecraft:barrel":2,"minecraft:stone_brick_stairs":12,"minecraft:stone_bricks":38,"minecraft:item_frame":6,"minecraft:repeater":2,"minecraft:red_nether_brick_wall":12,"minecraft:honeycomb_block":58,"minecraft:purple_concrete":120,"minecraft:red_carpet":4,"minecraft:redstone_lamp":51,"minecraft:lime_concrete":67,"minecraft:gray_glazed_terracotta":34,"minecraft:scaffolding":40,"minecraft:emerald_block":55,"minecraft:iron_trapdoor":1,"minecraft:furnace":8,"minecraft:yellow_glazed_terracotta":22,"minecraft:lime_stained_glass":45,"minecraft:white_stained_glass_pane":35,"minecraft:podzol":145,"minecraft:acacia_fence":40,"minecraft:gold_block":4,"minecraft:skeleton_skull":6,"minecraft:stone_pressure_plate":2,"minecraft:dead_bubble_coral_block":1,"minecraft:dragon_head":2,"minecraft:orange_terracotta":87,"minecraft:lime_glazed_terracotta":13,"minecraft:light_blue_carpet":2,"minecraft:water_bucket":95,"minecraft:light_blue_shulker_box":6,"minecraft:end_rod":194,"minecraft:nether_brick_wall":32,"minecraft:light_blue_glazed_terracotta":10,"minecraft:pink_glazed_terracotta":11,"minecraft:wither_skeleton_skull":8,"minecraft:prismarine_brick_slab":147,"minecraft:yellow_shulker_box":2,"minecraft:oak_planks":157,"minecraft:polished_andesite":55,"minecraft:lime_wool":9,"minecraft:red_nether_bricks":28,"minecraft:blue_wool":2,"minecraft:polished_diorite_slab":33,"minecraft:lime_concrete_powder":37,"minecraft:purple_glazed_terracotta":30,"minecraft:black_glazed_terracotta":12,"minecraft:redstone_block":5,"minecraft:stonecutter":1,"minecraft:red_glazed_terracotta":24,"minecraft:conduit":4,"minecraft:smooth_quartz_stairs":980,"minecraft:white_wool":2,"minecraft:golden_apple":1,"minecraft:mossy_cobblestone":37,"minecraft:diamond_block":11,"minecraft:lime_terracotta":199,"minecraft:rail":52,"minecraft:stripped_dark_oak_log":105,"minecraft:vine":14,"minecraft:light_blue_concrete":182,"minecraft:oak_slab":6,"minecraft:cyan_glazed_terracotta":19,"minecraft:crafting_table":6,"minecraft:red_bed":6,"minecraft:light_blue_wool":2,"minecraft:birch_sign":26,"minecraft:blast_furnace":1,"minecraft:yellow_concrete":139,"minecraft:blue_ice":208,"minecraft:white_bed":2,"minecraft:chiseled_quartz_block":10,"minecraft:lime_shulker_box":2,"minecraft:brown_glazed_terracotta":16,"minecraft:painting":10,"minecraft:black_concrete_powder":2,"minecraft:infested_stone_bricks":12,"minecraft:end_stone":133,"minecraft:smoker":1,"minecraft:redstone_torch":1,"minecraft:oak_log":145,"minecraft:blue_stained_glass_pane":10,"minecraft:dark_prismarine":86,"minecraft:blue_glazed_terracotta":23,"minecraft:green_concrete":70,"minecraft:diamond_pickaxe":12,"minecraft:dark_oak_log":25,"minecraft:command_block":18,"minecraft:zombie_head":9,"minecraft:heavy_weighted_pressure_plate":2,"minecraft:oak_button":5,"minecraft:cyan_bed":1,"minecraft:barrier":643,"minecraft:stone_button":6,"minecraft:white_glazed_terracotta":14,"minecraft:red_terracotta":4,"minecraft:polished_granite":60,"minecraft:oak_pressure_plate":3,"minecraft:iron_door":5,"minecraft:cut_red_sandstone":36,"minecraft:yellow_wool":1,"minecraft:blue_carpet":2,"minecraft:nether_wart_block":19,"minecraft:cobblestone":101,"minecraft:grindstone":2,"minecraft:pink_shulker_box":4,"minecraft:magenta_glazed_terracotta":19,"minecraft:birch_log":40,"minecraft:repeating_command_block":31,"minecraft:grass_path":4,"minecraft:ice":6,"minecraft:end_portal_frame":19,"minecraft:wither_rose":9,"minecraft:white_concrete":51,"minecraft:bone_meal":32,"minecraft:brown_mushroom_block":1,"minecraft:smooth_stone":17,"minecraft:gray_stained_glass":5},"minecraft:custom":{"minecraft:interact_with_anvil":3,"minecraft:inspect_hopper":1,"minecraft:interact_with_crafting_table":2,"minecraft:open_barrel":4,"minecraft:open_shulker_box":72,"minecraft:leave_game":23,"minecraft:time_since_death":10907,"minecraft:climb_one_cm":18379,"minecraft:sprint_one_cm":862373,"minecraft:walk_one_cm":464179,"minecraft:drop":19,"minecraft:deaths":220,"minecraft:sneak_time":79315,"minecraft:walk_under_water_one_cm":2235,"minecraft:boat_one_cm":20505,"minecraft:jump":5963,"minecraft:interact_with_blast_furnace":1,"minecraft:walk_on_water_one_cm":2704,"minecraft:interact_with_furnace":1,"minecraft:play_one_minute":929511,"minecraft:interact_with_grindstone":1,"minecraft:time_since_rest":10908,"minecraft:damage_taken":6570,"minecraft:open_enderchest":5,"minecraft:swim_one_cm":925,"minecraft:fly_one_cm":5371843,"minecraft:open_chest":3,"minecraft:crouch_one_cm":229709,"minecraft:interact_with_smoker":1,"minecraft:fall_one_cm":49571},"minecraft:picked_up":{"minecraft:packed_ice":1,"minecraft:diamond_sword":1,"minecraft:heavy_weighted_pressure_plate":1,"minecraft:blue_stained_glass_pane":1,"minecraft:light_weighted_pressure_plate":1,"minecraft:torch":1,"minecraft:redstone":4,"minecraft:stone_pressure_plate":1,"minecraft:quartz_block":1,"minecraft:repeating_command_block":1,"minecraft:light_blue_stained_glass_pane":1,"minecraft:cobblestone":4,"minecraft:repeater":1,"minecraft:chiseled_quartz_block":1,"minecraft:lantern":1,"minecraft:scaffolding":1,"minecraft:oak_pressure_plate":1,"minecraft:diamond":1,"minecraft:spruce_boat":1,"minecraft:painting":1,"minecraft:golden_apple":1},"minecraft:mined":{"minecraft:white_bed":2,"minecraft:stone":12,"minecraft:red_bed":6,"minecraft:cyan_bed":1,"minecraft:light_blue_bed":1},"minecraft:dropped":{"minecraft:blue_stained_glass_pane":1,"minecraft:oak_pressure_plate":1,"minecraft:feather":1,"minecraft:cobblestone":4,"minecraft:light_weighted_pressure_plate":1,"minecraft:dried_kelp_block":1,"minecraft:redstone_lamp":1,"minecraft:green_wool":1,"minecraft:purpur_pillar":1,"minecraft:chiseled_quartz_block":1,"minecraft:light_blue_concrete":1,"minecraft:polished_granite_stairs":1,"minecraft:heavy_weighted_pressure_plate":1,"minecraft:diamond_pickaxe":1,"minecraft:acacia_slab":1,"minecraft:stone_pressure_plate":1}},"DataVersion":2227}