{"stat.useItem.minecraft.chain_command_block":2,"stat.useItem.minecraft.quartz_block":593,"stat.pickup.minecraft.redstone_torch":195,"stat.useItem.minecraft.repeater":271,"stat.leaveGame":19,"stat.useItem.minecraft.skull":3,"stat.drop.minecraft.redstone":64,"stat.useItem.minecraft.diamond_sword":8,"stat.useItem.minecraft.glowstone":127,"stat.swimOneCm":23133,"stat.drop.minecraft.skull":1,"stat.climbOneCm":8653,"stat.useItem.minecraft.planks":1,"stat.pickup.minecraft.glowstone":3,"stat.useItem.minecraft.dirt":56,"stat.useItem.minecraft.stone_slab2":1094,"stat.useItem.minecraft.water_bucket":98,"stat.drop.minecraft.redstone_torch":64,"stat.pickup.minecraft.rotten_flesh":2,"stat.pickup.minecraft.name_tag":2,"stat.flyOneCm":1453111,"stat.pickup.minecraft.sandstone":1,"stat.useItem.minecraft.cooked_beef":4,"stat.pickup.minecraft.redstone":195,"stat.timeSinceDeath":2940,"stat.hopperInspected":1,"stat.useItem.minecraft.sign":28,"stat.drop.minecraft.repeater":64,"stat.pickup.minecraft.double_plant":4,"stat.trappedChestTriggered":50,"stat.pickup.minecraft.wooden_axe":3,"stat.pickup.minecraft.wooden_button":44,"stat.killEntity.Creeper":1,"stat.useItem.minecraft.armor_stand":1,"stat.useItem.minecraft.redstone":50,"stat.useItem.minecraft.sea_lantern":4,"stat.drop.minecraft.wooden_button":1,"stat.useItem.minecraft.red_sandstone":39,"stat.pickup.minecraft.nether_star":70,"stat.useItem.minecraft.written_book":5,"stat.sprintOneCm":112295,"stat.useItem.minecraft.fence":2,"stat.pickup.minecraft.skull":1,"stat.useItem.minecraft.stone_slab":45,"stat.useItem.minecraft.flint_and_steel":69,"stat.useItem.minecraft.wooden_button":188,"stat.pickup.minecraft.lever":2,"stat.deaths":10,"stat.drop":21,"stat.playOneMinute":358473,"stat.pickup.minecraft.stone_button":19,"stat.useItem.minecraft.ladder":19,"stat.killEntity.Zombie":1,"stat.diveOneCm":28838,"stat.chestOpened":1,"stat.useItem.minecraft.sticky_piston":1,"stat.useItem.minecraft.structure_void":17,"stat.pickup.minecraft.sign":1,"stat.useItem.minecraft.stone":53,"stat.useItem.minecraft.sponge":5,"stat.drop.minecraft.sandstone":2,"stat.jump":1851,"stat.fallOneCm":52177,"stat.useItem.minecraft.trapped_chest":2,"stat.crouchOneCm":40700,"stat.useItem.minecraft.nether_brick_fence":2,"stat.useItem.minecraft.stone_button":96,"stat.drop.minecraft.glowstone":1,"stat.craftingTableInteraction":1,"stat.useItem.minecraft.dispenser":27,"stat.pickup.minecraft.nether_brick_fence":1,"stat.pickup.minecraft.command_block":3,"stat.pickup.minecraft.repeater":196,"stat.pickup.minecraft.red_sandstone":1,"stat.damageTaken":4500,"stat.pickup.minecraft.written_book":1008,"stat.dispenserInspected":24,"stat.useItem.minecraft.furnace":1,"stat.drop.minecraft.water_bucket":1,"stat.drop.minecraft.red_sandstone":1,"stat.pickup.minecraft.reeds":3,"stat.useItem.minecraft.slime":4,"stat.drop.minecraft.nether_brick_fence":1,"stat.pickup.minecraft.quartz_block":5,"stat.useItem.minecraft.birch_fence":9,"stat.useItem.minecraft.magma":4,"stat.damageDealt":621,"stat.useItem.minecraft.wool":30,"stat.useItem.minecraft.crafting_table":1,"stat.useItem.minecraft.command_block":71,"stat.walkOneCm":456029,"stat.useItem.minecraft.chest":1,"stat.useItem.minecraft.log":8,"stat.useItem.minecraft.comparator":2,"stat.useItem.minecraft.cobblestone":93,"stat.useItem.minecraft.lava_bucket":7,"stat.drop.minecraft.netherrack":1,"stat.useItem.minecraft.stained_hardened_clay":1,"stat.useItem.minecraft.leaves":17,"stat.drop.minecraft.command_block":1,"stat.useItem.minecraft.redstone_ore":6,"stat.pickup.minecraft.ladder":4,"stat.useItem.minecraft.netherrack":120,"stat.drop.minecraft.trapped_chest":1,"stat.useItem.minecraft.barrier":20,"stat.mobKills":4,"stat.pickup.minecraft.water_bucket":1,"stat.useItem.minecraft.writable_book":3,"stat.sneakTime":24714,"stat.drop.minecraft.quartz_block":4,"stat.pickup.minecraft.trapped_chest":3,"stat.drop.minecraft.wooden_axe":1}