{"stats":{"minecraft:custom":{"minecraft:mob_kills":6,"minecraft:play_one_minute":578692,"minecraft:bell_ring":2,"minecraft:leave_game":37,"minecraft:time_since_death":180604,"minecraft:climb_one_cm":38823,"minecraft:time_since_rest":180673,"minecraft:sprint_one_cm":754290,"minecraft:damage_taken":1060,"minecraft:walk_one_cm":843938,"minecraft:trigger_trapped_chest":9,"minecraft:drop":8,"minecraft:damage_dealt":98,"minecraft:fly_one_cm":3288890,"minecraft:open_chest":1,"minecraft:crouch_one_cm":38916,"minecraft:deaths":25,"minecraft:sneak_time":21702,"minecraft:jump":7202,"minecraft:walk_on_water_one_cm":2534,"minecraft:fall_one_cm":60164},"minecraft:picked_up":{"minecraft:crafting_table":1,"minecraft:barrier":2,"minecraft:firework_star":63,"minecraft:light_blue_concrete":1,"minecraft:chicken":1,"minecraft:repeater":1,"minecraft:ladder":4,"minecraft:tripwire_hook":3,"minecraft:birch_slab":1,"minecraft:packed_ice":1,"minecraft:diamond_sword":1,"minecraft:ice":3,"minecraft:oak_log":1,"minecraft:dirt":16,"minecraft:orange_stained_glass":2,"minecraft:string":1,"minecraft:orange_concrete":2,"minecraft:sticky_piston":1,"minecraft:red_carpet":12,"minecraft:oak_fence_gate":1,"minecraft:dark_oak_sign":1,"minecraft:redstone_torch":3,"minecraft:observer":1,"minecraft:black_stained_glass":3,"minecraft:milk_bucket":2,"minecraft:lime_concrete":1,"minecraft:oak_fence":1,"minecraft:yellow_concrete":1,"minecraft:red_stained_glass_pane":1,"minecraft:torch":1,"minecraft:black_stained_glass_pane":1,"minecraft:light_blue_stained_glass":1,"minecraft:redstone":15,"minecraft:sea_lantern":2,"minecraft:command_block":1,"minecraft:lime_carpet":5,"minecraft:firework_rocket":123,"minecraft:red_stained_glass":2,"minecraft:dispenser":1,"minecraft:slime_block":1,"minecraft:trader_llama_spawn_egg":64,"minecraft:black_concrete":2,"minecraft:light_blue_carpet":17,"minecraft:oak_button":2,"minecraft:red_concrete":1,"minecraft:lime_stained_glass":1},"minecraft:dropped":{"minecraft:red_concrete":1,"minecraft:slime_block":1,"minecraft:light_blue_concrete":1,"minecraft:ice":2,"minecraft:black_stained_glass_pane":1,"minecraft:light_blue_carpet":1,"minecraft:black_stained_glass":1},"minecraft:used":{"minecraft:light_blue_carpet":68,"minecraft:oak_trapdoor":86,"minecraft:oak_fence":3,"minecraft:water_bucket":5,"minecraft:flint_and_steel":7,"minecraft:orange_concrete":118,"minecraft:red_concrete":203,"minecraft:red_stained_glass":118,"minecraft:dark_oak_sign":3,"minecraft:ladder":8,"minecraft:oak_planks":46,"minecraft:oak_sign":7,"minecraft:black_carpet":21,"minecraft:chest":6,"minecraft:red_glazed_terracotta":14,"minecraft:orange_stained_glass":4,"minecraft:torch":13,"minecraft:lime_terracotta":1,"minecraft:purpur_stairs":18,"minecraft:red_nether_brick_slab":1,"minecraft:light_blue_concrete":1737,"minecraft:tnt":301,"minecraft:cobblestone_wall":10,"minecraft:spruce_fence":1,"minecraft:light_blue_stained_glass":130,"minecraft:milk_bucket":1,"minecraft:birch_fence":11,"minecraft:sticky_piston":4,"minecraft:packed_ice":5,"minecraft:sea_lantern":177,"minecraft:black_concrete":136,"minecraft:black_stained_glass_pane":3,"minecraft:lime_carpet":22,"minecraft:birch_slab":38,"minecraft:yellow_stained_glass":3,"minecraft:slime_block":35,"minecraft:barrier":196,"minecraft:dark_oak_leaves":5,"minecraft:spruce_trapdoor":5,"minecraft:oak_pressure_plate":3,"minecraft:coal_block":1,"minecraft:red_stained_glass_pane":46,"minecraft:red_carpet":66,"minecraft:lime_concrete":1440,"minecraft:black_stained_glass":11,"minecraft:lime_stained_glass":52,"minecraft:dark_oak_fence":6,"minecraft:ice":4,"minecraft:trapped_chest":25},"minecraft:killed":{"minecraft:pig":2,"minecraft:bat":3},"minecraft:mined":{"minecraft:yellow_bed":2}},"DataVersion":2230}