{"stats":{"minecraft:crafted":{"minecraft:firework_star":1,"minecraft:firework_rocket":3},"minecraft:picked_up":{"minecraft:leather_chestplate":2,"minecraft:barrier":3,"minecraft:light_blue_concrete":2,"minecraft:repeater":12,"minecraft:ladder":9,"minecraft:tripwire_hook":3,"minecraft:leather_leggings":2,"minecraft:orange_carpet":1,"minecraft:leather":28,"minecraft:diamond_sword":1,"minecraft:ice":1,"minecraft:dirt":28,"minecraft:string":1,"minecraft:orange_concrete":4,"minecraft:armor_stand":1,"minecraft:leather_boots":1,"minecraft:sticky_piston":67,"minecraft:red_carpet":2,"minecraft:oak_fence_gate":1,"minecraft:dark_oak_sign":1,"minecraft:redstone_torch":10,"minecraft:observer":128,"minecraft:coal_block":1,"minecraft:oak_planks":9,"minecraft:dark_oak_door":1,"minecraft:milk_bucket":1,"minecraft:oak_fence":1,"minecraft:yellow_concrete":1,"minecraft:lime_concrete":1,"minecraft:oak_pressure_plate":1,"minecraft:porkchop":3,"minecraft:stone_button":7,"minecraft:light_blue_stained_glass":1,"minecraft:redstone":102,"minecraft:sea_lantern":1,"minecraft:firework_rocket":91,"minecraft:lime_carpet":2,"minecraft:dispenser":1,"minecraft:command_block":3,"minecraft:yellow_carpet":1,"minecraft:trader_llama_spawn_egg":64,"minecraft:slime_block":1,"minecraft:light_blue_carpet":3,"minecraft:birch_sign":1,"minecraft:oak_button":6,"minecraft:cobblestone":1},"minecraft:used":{"minecraft:light_blue_carpet":24,"minecraft:oak_fence":31,"minecraft:oak_trapdoor":54,"minecraft:water_bucket":14,"minecraft:end_rod":1,"minecraft:trader_llama_spawn_egg":3,"minecraft:light_blue_glazed_terracotta":197,"minecraft:orange_concrete":782,"minecraft:armor_stand":7,"minecraft:red_concrete":274,"minecraft:dark_oak_sign":8,"minecraft:red_stained_glass":99,"minecraft:dispenser":8,"minecraft:redstone":382,"minecraft:oak_planks":17,"minecraft:ladder":38,"minecraft:oak_sign":58,"minecraft:black_carpet":37,"minecraft:purple_glazed_terracotta":40,"minecraft:stone":41,"minecraft:black_glazed_terracotta":285,"minecraft:red_glazed_terracotta":251,"minecraft:player_head":7,"minecraft:orange_stained_glass":3,"minecraft:dark_oak_trapdoor":6,"minecraft:diamond_block":9,"minecraft:dirt":26,"minecraft:orange_carpet":22,"minecraft:purpur_stairs":11,"minecraft:light_blue_concrete":1838,"minecraft:crafting_table":3,"minecraft:orange_glazed_terracotta":286,"minecraft:birch_sign":3,"minecraft:cobblestone_wall":34,"minecraft:yellow_concrete":290,"minecraft:yellow_carpet":21,"minecraft:spruce_fence":1,"minecraft:light_blue_stained_glass":21,"minecraft:oak_fence_gate":4,"minecraft:dark_oak_door":1,"minecraft:milk_bucket":2,"minecraft:redstone_torch":127,"minecraft:wandering_trader_spawn_egg":1,"minecraft:sticky_piston":61,"minecraft:glass":189,"minecraft:lever":10,"minecraft:sea_lantern":169,"minecraft:black_concrete":338,"minecraft:command_block":87,"minecraft:lime_carpet":17,"minecraft:yellow_stained_glass":67,"minecraft:string":6,"minecraft:grass_block":29,"minecraft:slime_block":36,"minecraft:barrier":289,"minecraft:oak_button":16,"minecraft:stone_button":7,"minecraft:oak_pressure_plate":3,"minecraft:birch_button":12,"minecraft:tripwire_hook":10,"minecraft:repeater":140,"minecraft:glowstone":86,"minecraft:bedrock":1,"minecraft:diamond_sword":21,"minecraft:coal_block":266,"minecraft:red_carpet":16,"minecraft:redstone_lamp":154,"minecraft:lime_concrete":661,"minecraft:black_stained_glass":31,"minecraft:lime_stained_glass":46,"minecraft:furnace":1,"minecraft:yellow_glazed_terracotta":188,"minecraft:dark_oak_fence":28,"minecraft:chain_command_block":9,"minecraft:ice":8,"minecraft:repeating_command_block":3,"minecraft:stone_pressure_plate":2,"minecraft:observer":7,"minecraft:lime_glazed_terracotta":139},"minecraft:dropped":{"minecraft:oak_trapdoor":1,"minecraft:oak_pressure_plate":2,"minecraft:lime_stained_glass":1,"minecraft:orange_concrete":3,"minecraft:barrier":3,"minecraft:observer":64,"minecraft:light_blue_concrete":1,"minecraft:coal_block":1,"minecraft:black_glazed_terracotta":8,"minecraft:leather_chestplate":1,"minecraft:oak_button":1,"minecraft:dispenser":1,"minecraft:yellow_glazed_terracotta":1,"minecraft:ladder":1,"minecraft:leather_leggings":1,"minecraft:black_concrete":1,"minecraft:string":1,"minecraft:tripwire_hook":1},"minecraft:custom":{"minecraft:interact_with_furnace":2,"minecraft:mob_kills":5,"minecraft:interact_with_crafting_table":1,"minecraft:play_one_minute":1030724,"minecraft:leave_game":35,"minecraft:time_since_death":425336,"minecraft:climb_one_cm":67916,"minecraft:time_since_rest":425359,"minecraft:sprint_one_cm":968614,"minecraft:damage_taken":1584,"minecraft:walk_one_cm":676322,"minecraft:trigger_trapped_chest":1,"minecraft:drop":30,"minecraft:damage_dealt":984,"minecraft:swim_one_cm":876,"minecraft:talked_to_villager":1,"minecraft:fly_one_cm":7613211,"minecraft:crouch_one_cm":67620,"minecraft:deaths":39,"minecraft:sneak_time":40262,"minecraft:walk_under_water_one_cm":640,"minecraft:jump":9001,"minecraft:walk_on_water_one_cm":1641,"minecraft:fall_one_cm":71550,"minecraft:inspect_dispenser":10},"minecraft:killed":{"minecraft:bat":1,"minecraft:wandering_trader":1,"minecraft:trader_llama":3}},"DataVersion":2230}