{"stats":{"minecraft:custom":{"minecraft:play_one_minute":1073438,"minecraft:leave_game":23,"minecraft:time_since_death":348318,"minecraft:climb_one_cm":55846,"minecraft:time_since_rest":348343,"minecraft:sprint_one_cm":793694,"minecraft:damage_taken":1133,"minecraft:walk_one_cm":1220367,"minecraft:drop":8,"minecraft:damage_dealt":50,"minecraft:swim_one_cm":895,"minecraft:fly_one_cm":5887521,"minecraft:open_chest":1,"minecraft:crouch_one_cm":228146,"minecraft:deaths":23,"minecraft:sneak_time":86688,"minecraft:walk_under_water_one_cm":336,"minecraft:jump":8223,"minecraft:walk_on_water_one_cm":3353,"minecraft:fall_one_cm":51120},"minecraft:dropped":{"minecraft:lime_concrete":1,"minecraft:lime_stained_glass":1,"minecraft:barrier":129,"minecraft:birch_fence":1,"minecraft:black_concrete":1,"minecraft:splash_potion":1},"minecraft:picked_up":{"minecraft:wooden_axe":1,"minecraft:feather":23,"minecraft:barrier":6,"minecraft:black_carpet":11,"minecraft:light_blue_concrete":1,"minecraft:splash_potion":1,"minecraft:chicken":21,"minecraft:ladder":23,"minecraft:birch_slab":2,"minecraft:orange_carpet":9,"minecraft:leather":24,"minecraft:yellow_glazed_terracotta":1,"minecraft:cobblestone_wall":2,"minecraft:orange_stained_glass":3,"minecraft:oak_trapdoor":1,"minecraft:orange_concrete":3,"minecraft:red_carpet":26,"minecraft:birch_fence":3,"minecraft:oak_sign":1,"minecraft:black_glazed_terracotta":8,"minecraft:yellow_stained_glass":3,"minecraft:oak_fence_gate":2,"minecraft:beef":46,"minecraft:redstone_torch":2,"minecraft:light_gray_wool":1,"minecraft:coal_block":1,"minecraft:black_stained_glass":1,"minecraft:yellow_concrete":3,"minecraft:oak_fence":1,"minecraft:oak_pressure_plate":1,"minecraft:lime_concrete":1,"minecraft:porkchop":18,"minecraft:black_stained_glass_pane":2,"minecraft:light_blue_stained_glass":1,"minecraft:redstone":1,"minecraft:sea_lantern":2,"minecraft:yellow_carpet":20,"minecraft:command_block":1,"minecraft:red_stained_glass":3,"minecraft:lime_carpet":1,"minecraft:slime_block":3,"minecraft:black_concrete":3,"minecraft:light_blue_carpet":9,"minecraft:birch_sign":6,"minecraft:glowstone":1,"minecraft:oak_button":9,"minecraft:black_wool":2,"minecraft:red_concrete":4,"minecraft:mutton":27,"minecraft:white_wool":14,"minecraft:lime_stained_glass":4},"minecraft:used":{"minecraft:light_blue_carpet":64,"minecraft:oak_fence":36,"minecraft:oak_trapdoor":7,"minecraft:nether_brick_fence":1,"minecraft:orange_concrete":265,"minecraft:prismarine_brick_slab":1,"minecraft:red_stained_glass":85,"minecraft:red_concrete":62,"minecraft:redstone":2,"minecraft:dark_oak_sign":4,"minecraft:ladder":75,"minecraft:oak_sign":24,"minecraft:black_carpet":108,"minecraft:black_glazed_terracotta":3,"minecraft:orange_stained_glass":24,"minecraft:torch":46,"minecraft:orange_carpet":93,"minecraft:light_blue_concrete":1597,"minecraft:birch_sign":33,"minecraft:cobblestone_wall":1,"minecraft:yellow_concrete":190,"minecraft:yellow_carpet":93,"minecraft:light_blue_stained_glass":34,"minecraft:oak_fence_gate":17,"minecraft:birch_fence":56,"minecraft:redstone_torch":13,"minecraft:black_terracotta":4,"minecraft:glass":11,"minecraft:sea_lantern":826,"minecraft:black_concrete":112,"minecraft:black_stained_glass_pane":67,"minecraft:birch_slab":79,"minecraft:command_block":1,"minecraft:lime_carpet":55,"minecraft:yellow_stained_glass":32,"minecraft:slime_block":10,"minecraft:oak_button":4,"minecraft:barrier":495,"minecraft:dark_oak_slab":11,"minecraft:oak_pressure_plate":2,"minecraft:glowstone":3,"minecraft:red_stained_glass_pane":4,"minecraft:coal_block":1,"minecraft:red_carpet":89,"minecraft:redstone_lamp":6,"minecraft:lime_concrete":505,"minecraft:black_stained_glass":10,"minecraft:lime_stained_glass":24,"minecraft:dark_oak_fence":76,"minecraft:splash_potion":96}},"DataVersion":2230}