{"stats":{"minecraft:custom":{"minecraft:play_one_minute":622237,"minecraft:leave_game":17,"minecraft:time_since_death":97365,"minecraft:climb_one_cm":32947,"minecraft:time_since_rest":97389,"minecraft:sprint_one_cm":377229,"minecraft:damage_taken":898,"minecraft:walk_one_cm":729772,"minecraft:drop":11,"minecraft:damage_dealt":30,"minecraft:fly_one_cm":2928031,"minecraft:crouch_one_cm":100419,"minecraft:sneak_time":41949,"minecraft:deaths":22,"minecraft:walk_under_water_one_cm":3144,"minecraft:jump":4302,"minecraft:walk_on_water_one_cm":30,"minecraft:fall_one_cm":41193},"minecraft:dropped":{"minecraft:compass":1,"minecraft:wheat_seeds":2,"minecraft:lime_concrete":1,"minecraft:slime_block":2,"minecraft:red_stained_glass":1,"minecraft:birch_slab":1,"minecraft:coal_block":2,"minecraft:stone_brick_stairs":1},"minecraft:picked_up":{"minecraft:barrier":128,"minecraft:feather":1,"minecraft:chicken":1,"minecraft:ladder":3,"minecraft:birch_slab":1,"minecraft:wither_rose":2,"minecraft:birch_button":1,"minecraft:stone_brick_stairs":1,"minecraft:compass":1,"minecraft:oak_sign":1,"minecraft:wheat_seeds":2,"minecraft:coal_block":1,"minecraft:furnace":1,"minecraft:oak_pressure_plate":1,"minecraft:lime_concrete":1,"minecraft:redstone":1,"minecraft:yellow_carpet":1,"minecraft:red_stained_glass":1,"minecraft:lime_carpet":5,"minecraft:slime_block":1,"minecraft:light_blue_carpet":8,"minecraft:birch_sign":1,"minecraft:oak_button":2,"minecraft:mutton":1,"minecraft:white_wool":1},"minecraft:used":{"minecraft:light_blue_carpet":26,"minecraft:oak_fence":14,"minecraft:nether_brick_fence":1,"minecraft:end_rod":3,"minecraft:nether_brick_wall":1,"minecraft:orange_concrete":186,"minecraft:flint_and_steel":3,"minecraft:red_stained_glass":62,"minecraft:red_concrete":126,"minecraft:redstone":35,"minecraft:dark_oak_sign":13,"minecraft:ladder":96,"minecraft:oak_sign":12,"minecraft:black_carpet":3,"minecraft:mycelium":2,"minecraft:purple_glazed_terracotta":89,"minecraft:magenta_stained_glass":51,"minecraft:red_glazed_terracotta":79,"minecraft:orange_stained_glass":32,"minecraft:yellow_terracotta":6,"minecraft:light_blue_concrete":567,"minecraft:birch_sign":2,"minecraft:cobblestone_wall":45,"minecraft:yellow_concrete":361,"minecraft:yellow_carpet":6,"minecraft:stone_brick_wall":61,"minecraft:black_concrete_powder":1,"minecraft:light_blue_stained_glass":111,"minecraft:obsidian":172,"minecraft:birch_fence":42,"minecraft:redstone_torch":3,"minecraft:sticky_piston":5,"minecraft:piston":3,"minecraft:red_shulker_box":2,"minecraft:packed_ice":2,"minecraft:sea_lantern":120,"minecraft:black_concrete":120,"minecraft:black_stained_glass_pane":2,"minecraft:lime_carpet":68,"minecraft:command_block":55,"minecraft:birch_slab":44,"minecraft:yellow_stained_glass":131,"minecraft:grass_block":2,"minecraft:light_weighted_pressure_plate":16,"minecraft:oak_button":3,"minecraft:barrier":373,"minecraft:slime_block":26,"minecraft:stone_button":18,"minecraft:oak_pressure_plate":15,"minecraft:stone_brick_stairs":8,"minecraft:repeater":2,"minecraft:red_carpet":7,"minecraft:coal_block":90,"minecraft:red_stained_glass_pane":14,"minecraft:lime_concrete":414,"minecraft:snow":15,"minecraft:black_stained_glass":71,"minecraft:lime_stained_glass":21,"minecraft:podzol":2,"minecraft:bubble_coral_block":23,"minecraft:ice":4,"minecraft:wither_rose":4,"minecraft:gray_stained_glass":27},"minecraft:mined":{"minecraft:red_stained_glass_pane":4}},"DataVersion":2230}