{"stats":{"minecraft:custom":{"minecraft:jump":15,"minecraft:time_since_rest":4399,"minecraft:crouch_one_cm":551,"minecraft:play_one_minute":4399,"minecraft:leave_game":1,"minecraft:open_shulker_box":2,"minecraft:walk_on_water_one_cm":517,"minecraft:time_since_death":4399,"minecraft:walk_one_cm":6810,"minecraft:sneak_time":195,"minecraft:interact_with_anvil":1,"minecraft:fly_one_cm":29925},"minecraft:used":{"minecraft:anvil":1,"minecraft:blue_shulker_box":1,"minecraft:grass_block":11},"minecraft:picked_up":{"minecraft:wheat_seeds":3}},"DataVersion":2578}