{"stat.useItem.minecraft.command_block":100,"stat.walkOneCm":1600063,"stat.useItem.minecraft.sticky_piston":92,"stat.useItem.minecraft.quartz_block":1844,"stat.useItem.minecraft.lever":24,"stat.useItem.minecraft.repeater":601,"stat.leaveGame":146,"stat.minecartOneCm":21963,"stat.useItem.minecraft.armor_stand":5,"stat.jump":1549,"stat.useItem.minecraft.sand":3,"stat.useItem.minecraft.minecart":289,"stat.useItem.minecraft.redstone_block":23,"stat.useItem.minecraft.redstone":890,"stat.useItem.minecraft.piston":6,"stat.crouchOneCm":18279,"stat.useItem.minecraft.redstone_torch":585,"stat.useItem.minecraft.obsidian":19,"stat.useItem.minecraft.stone_button":15,"stat.sprintOneCm":232827,"achievement.exploreAllBiomes":{"value":0,"progress":["Plains"]},"stat.useItem.minecraft.stone_slab":1,"stat.useItem.minecraft.ice":15,"achievement.openInventory":62,"stat.useItem.minecraft.golden_rail":194,"stat.useItem.minecraft.detector_rail":6,"stat.useItem.minecraft.rail":91,"stat.useItem.minecraft.slime":84,"stat.flyOneCm":11257166,"stat.drop":11,"stat.playOneMinute":1037580,"stat.timeSinceDeath":1037580,"stat.useItem.minecraft.web":43}