{"stat.useItem.minecraft.anvil":1,"stat.crouchOneCm":4993,"stat.useItem.minecraft.chest":8,"stat.useItem.minecraft.sticky_piston":86,"achievement.exploreAllBiomes":{"value":0,"progress":["Desert","Plains","The End"]},"stat.useItem.minecraft.stone_button":2,"stat.useItem.minecraft.leaves":43,"stat.useItem.minecraft.redstone_block":41,"stat.useItem.minecraft.melon_block":14,"stat.useItem.minecraft.command_block":10,"stat.useItem.minecraft.wooden_door":4,"stat.useItem.minecraft.minecart":17,"achievement.openInventory":238,"stat.useItem.minecraft.obsidian":100,"stat.useItem.minecraft.fence":8,"stat.useItem.minecraft.iron_block":1635,"stat.useItem.minecraft.bed":1,"stat.useItem.minecraft.rail":9,"stat.useItem.minecraft.end_portal_frame":13,"stat.flyOneCm":1306981,"stat.useItem.minecraft.dispenser":20,"stat.useItem.minecraft.golden_rail":7,"stat.useItem.minecraft.wooden_pressure_plate":2,"stat.useItem.minecraft.flint_and_steel":1,"stat.useItem.minecraft.redstone":242,"stat.drop":51,"stat.damageTaken":7360,"stat.useItem.minecraft.hopper":7,"stat.useItem.minecraft.repeater":70,"stat.useItem.minecraft.nether_brick_fence":5,"stat.useItem.minecraft.stone_pressure_plate":61,"stat.leaveGame":15,"stat.useItem.minecraft.comparator":6,"stat.useItem.minecraft.glowstone":2,"stat.useItem.minecraft.lever":8,"stat.useItem.minecraft.gold_block":12,"stat.useItem.minecraft.glass":26,"stat.useItem.minecraft.sand":6,"stat.timeSinceDeath":3716,"stat.useItem.minecraft.ender_eye":12,"stat.playOneMinute":250951,"stat.useItem.minecraft.redstone_torch":44,"stat.useItem.minecraft.wool":107,"stat.deaths":4,"stat.jump":377,"stat.swimOneCm":179,"stat.useItem.minecraft.piston":11,"stat.useItem.minecraft.detector_rail":1,"stat.useItem.minecraft.slime":26,"stat.walkOneCm":320124,"stat.useItem.minecraft.trapdoor":1,"stat.useItem.minecraft.sandstone":334,"stat.minecartOneCm":17395,"stat.sprintOneCm":10542}