{"stat.useItem.minecraft.brick_stairs":74,"stat.useItem.minecraft.command_block":4,"stat.walkOneCm":206109,"stat.useItem.minecraft.torch":37,"stat.useItem.minecraft.painting":61,"stat.useItem.minecraft.hardened_clay":9,"stat.useItem.minecraft.repeater":4,"stat.leaveGame":20,"stat.useItem.minecraft.comparator":1,"stat.useItem.minecraft.cobblestone":78,"stat.useItem.minecraft.clay":5,"stat.jump":139,"stat.useItem.minecraft.redstone":8,"stat.useItem.minecraft.coal_block":3,"stat.useItem.minecraft.stained_hardened_clay":563,"stat.useItem.minecraft.redstone_torch":3,"stat.useItem.minecraft.coal_ore":4,"achievement.exploreAllBiomes":{"value":0,"progress":["Ocean","Plains"]},"achievement.openInventory":51,"stat.useItem.minecraft.gold_block":43,"stat.useItem.minecraft.rail":8,"stat.flyOneCm":198819,"stat.playOneMinute":110895,"stat.useItem.minecraft.wool":496,"stat.timeSinceDeath":110895}