{"stat.pickup.minecraft.repeating_command_block":1,"stat.useItem.minecraft.bow":22,"stat.useItem.minecraft.lapis_block":2,"stat.useItem.minecraft.quartz_block":62,"stat.pickup.minecraft.redstone_torch":6,"stat.useItem.minecraft.repeater":9,"stat.leaveGame":12,"stat.drop.minecraft.redstone":8,"stat.useItem.minecraft.repeating_command_block":1,"stat.pickup.minecraft.lapis_block":2,"stat.useItem.minecraft.diamond_sword":5,"stat.swimOneCm":25669,"stat.climbOneCm":10790,"stat.drop.minecraft.sticky_piston":3,"stat.useItem.minecraft.obsidian":45,"stat.pickup.minecraft.sticky_piston":1,"stat.pickup.minecraft.golden_helmet":1,"stat.useItem.minecraft.stone_slab2":4439,"stat.useItem.minecraft.water_bucket":19,"stat.drop.minecraft.redstone_torch":1,"stat.useItem.minecraft.rail":51,"stat.pickup.minecraft.gold_block":2,"stat.pickup.minecraft.diamond_leggings":2,"stat.flyOneCm":3581710,"stat.pickup.minecraft.chain_command_block":1,"stat.pickup.minecraft.cactus":2,"stat.killEntity.Villager":1,"stat.pickup.minecraft.redstone":55,"stat.timeSinceDeath":49984,"stat.useItem.minecraft.sign":39,"stat.cauldronFilled":5,"stat.drop.minecraft.repeater":3,"stat.pickup.minecraft.armor_stand":5,"stat.useItem.minecraft.lever":11,"stat.pickup.minecraft.wooden_axe":1,"stat.pickup.minecraft.light_weighted_pressure_plate":1,"stat.drop.minecraft.stained_glass":3,"stat.drop.minecraft.diamond_block":1,"stat.pickup.minecraft.trapdoor":1,"stat.useItem.minecraft.armor_stand":12,"stat.drop.minecraft.stone_slab":1,"stat.useItem.minecraft.redstone":235,"stat.useItem.minecraft.sea_lantern":3,"stat.drop.minecraft.light_weighted_pressure_plate":3,"stat.drop.minecraft.wooden_button":1,"stat.pickup.minecraft.nether_star":1,"stat.sprintOneCm":388009,"stat.useItem.minecraft.stained_glass":10,"stat.useItem.minecraft.diamond_block":9,"stat.useItem.minecraft.cauldron":1,"stat.pickup.minecraft.diamond_chestplate":3,"stat.drop.minecraft.dispenser":1,"stat.drop.minecraft.lava_bucket":1,"stat.useItem.minecraft.bucket":1,"stat.entityKilledBy.Creeper":2,"stat.pickup.minecraft.lever":2,"stat.deaths":23,"stat.drop":59,"stat.drop.minecraft.chain_command_block":3,"stat.playOneMinute":792247,"stat.pickup.minecraft.stone_button":4,"stat.pickup.minecraft.diamond_block":1,"stat.drop.minecraft.redstone_block":1,"stat.pickup.minecraft.sea_lantern":1,"stat.drop.minecraft.chest":1,"stat.pickup.minecraft.dispenser":1,"stat.diveOneCm":5554,"stat.chestOpened":6,"stat.pickup.minecraft.red_glazed_terracotta":1,"stat.useItem.minecraft.sticky_piston":5,"stat.pickup.minecraft.sign":13,"stat.useItem.minecraft.quartz_stairs":8,"stat.drop.minecraft.packed_ice":2,"stat.pickup.minecraft.obsidian":2,"stat.useItem.minecraft.packed_ice":4,"stat.useItem.minecraft.bedrock":11,"stat.jump":3450,"stat.fallOneCm":13824,"stat.crouchOneCm":34591,"stat.pickup.minecraft.rail":6,"stat.useItem.minecraft.stone_button":7,"stat.drop.minecraft.piston":2,"stat.drop.minecraft.concrete_powder":1,"stat.boatOneCm":11331,"stat.pickup.minecraft.command_block":1,"stat.drop.minecraft.gold_block":1,"stat.pickup.minecraft.comparator":1,"stat.pickup.minecraft.repeater":4,"stat.useItem.minecraft.golden_rail":1,"stat.damageTaken":2818,"stat.dispenserInspected":7,"stat.drop.minecraft.stone_button":4,"stat.pickup.minecraft.prismarine_crystals":6,"stat.cauldronUsed":2,"stat.drop.minecraft.nether_brick_fence":1,"stat.pickup.minecraft.concrete":1,"stat.pickup.minecraft.quartz_block":2,"stat.killEntity.Shulker":1,"stat.pickup.minecraft.stained_glass":2,"stat.damageDealt":508,"stat.sleepInBed":10,"stat.pickup.minecraft.minecart":5,"stat.pickup.minecraft.shulker_shell":1,"stat.walkOneCm":1044579,"stat.useItem.minecraft.comparator":1,"stat.useItem.minecraft.lava_bucket":57,"stat.minecartOneCm":38658,"stat.pickup.minecraft.redstone_block":1,"stat.drop.minecraft.sign":9,"stat.useItem.minecraft.redstone_block":29,"stat.pickup.minecraft.stone":1,"stat.useItem.minecraft.redstone_ore":5,"stat.useItem.minecraft.concrete":11,"stat.pickup.minecraft.diamond_helmet":3,"stat.drop.minecraft.comparator":1,"stat.useItem.minecraft.daylight_detector":2,"stat.mobKills":2,"stat.pickup.minecraft.diamond_boots":2,"stat.drop.minecraft.repeating_command_block":1,"stat.useItem.minecraft.golden_apple":1,"stat.pickup.minecraft.water_bucket":7,"stat.sneakTime":17216,"stat.drop.minecraft.quartz_block":5,"stat.pickup.minecraft.stone_slab":1,"stat.pickup.minecraft.golden_rail":1,"stat.useItem.minecraft.fishing_rod":126,"stat.drop.minecraft.wooden_axe":1}