{"stat.useItem.minecraft.bow":208,"stat.useItem.minecraft.quartz_block":7,"stat.leaveGame":30,"stat.drop.minecraft.gunpowder":115,"stat.pickup.minecraft.jungle_fence":1,"stat.drop.minecraft.redstone":8,"stat.useItem.minecraft.glowstone":20,"stat.killEntity.PigZombie":94,"stat.entityKilledBy.PigZombie":2,"stat.pickup.minecraft.rotten_flesh":275,"stat.useItem.minecraft.diamond_hoe":4,"stat.drop.minecraft.leather_boots":1,"stat.useItem.minecraft.purpur_stairs":2,"stat.pickup.minecraft.bucket":3,"stat.useItem.minecraft.rail":59,"stat.killEntity.Enderman":65,"stat.pickup.minecraft.leather_boots":1,"stat.useItem.minecraft.anvil":45,"stat.pickup.minecraft.brown_mushroom":23,"stat.breakItem.minecraft.bow":2,"stat.killEntity.Witch":596,"stat.drop.minecraft.sand":8,"stat.killEntity.MushroomCow":33,"stat.killEntity.Villager":5,"stat.useItem.minecraft.spider_eye":5,"stat.useItem.minecraft.iron_pickaxe":23,"stat.pickup.minecraft.stained_hardened_clay":9,"stat.drop.minecraft.wooden_shovel":1,"stat.useItem.minecraft.hardened_clay":11,"stat.pickup.minecraft.wooden_shovel":1,"stat.useItem.minecraft.nether_wart":3,"stat.furnaceInteraction":101,"stat.useItem.minecraft.pumpkin_seeds":12,"stat.drop.minecraft.red_flower":1,"stat.craftItem.minecraft.leather_helmet":1,"stat.useItem.minecraft.end_stone":35,"stat.pickup.minecraft.beef":106,"stat.useItem.minecraft.red_sandstone":21,"stat.useItem.minecraft.trapdoor":15,"stat.useItem.minecraft.stained_glass":43,"stat.useItem.minecraft.fence":91,"stat.useItem.minecraft.acacia_fence":12,"achievement.openInventory":1104,"stat.pickup.minecraft.potion":5,"stat.useItem.minecraft.cauldron":4,"stat.useItem.minecraft.flint_and_steel":6,"stat.useItem.minecraft.wooden_button":6,"stat.pickup.minecraft.emerald":4,"stat.useItem.minecraft.dye":13,"stat.pickup.minecraft.lever":6,"stat.deaths":277,"stat.pickup.minecraft.egg":1,"stat.craftItem.minecraft.wooden_shovel":13,"stat.useItem.minecraft.nether_brick":9,"stat.craftItem.minecraft.iron_pickaxe":6,"stat.pickup.minecraft.item_frame":4,"stat.craftItem.minecraft.repeater":5,"stat.drop.minecraft.torch":1,"stat.chestOpened":27,"stat.useItem.minecraft.lapis_ore":2,"stat.useItem.minecraft.splash_potion":23,"stat.useItem.minecraft.stone":134,"stat.useItem.minecraft.jungle_fence":14,"stat.pickup.minecraft.arrow":422,"stat.killEntity.Vex":6,"stat.useItem.minecraft.ender_chest":1,"stat.pickup.minecraft.gold_nugget":261,"stat.useItem.minecraft.clay":2,"stat.craftItem.minecraft.coal":1,"stat.pickup.minecraft.carrot":2,"stat.crouchOneCm":45074,"stat.craftItem.minecraft.diamond":7,"stat.pickup.minecraft.rail":14,"stat.craftItem.minecraft.iron_ingot":29,"stat.craftingTableInteraction":76,"stat.pickup.minecraft.repeater":2,"stat.useItem.minecraft.dark_oak_fence":24,"stat.pickup.minecraft.dye":20,"stat.craftItem.minecraft.diamond_shovel":1,"stat.killEntity.VindicationIllager":13,"stat.flowerPotted":5,"stat.drop.minecraft.rotten_flesh":64,"stat.useItem.minecraft.cobblestone":30,"stat.useItem.minecraft.gravel":51,"stat.minecartOneCm":49507,"stat.useItem.minecraft.golden_hoe":14,"stat.craftItem.minecraft.gold_ingot":24,"stat.pickup.minecraft.chicken":94,"stat.useItem.minecraft.tallgrass":1,"stat.useItem.minecraft.fireworks":40,"stat.breakItem.minecraft.stone_shovel":1,"stat.craftItem.minecraft.bucket":6,"stat.entityKilledBy.Wolf":7,"stat.useItem.minecraft.barrier":10,"stat.pickup.minecraft.stone_sword":59,"stat.useItem.minecraft.stonebrick":21,"stat.useItem.minecraft.monster_egg":45,"stat.craftItem.minecraft.paper":123,"stat.pickup.minecraft.red_flower":101,"stat.useItem.minecraft.wooden_axe":18,"stat.craftItem.minecraft.cooked_rabbit":4,"stat.mineBlock.minecraft.pumpkin":5,"stat.mineBlock.minecraft.cobblestone":23,"stat.pickup.minecraft.stone_pickaxe":2,"stat.pickup.minecraft.flint":25,"stat.useItem.minecraft.skull":9,"stat.pickup.minecraft.glowstone":5,"stat.useItem.minecraft.chorus_flower":3,"stat.useItem.minecraft.coal_block":1,"stat.craftItem.minecraft.arrow":16,"stat.useItem.minecraft.obsidian":17,"stat.pickup.minecraft.sticky_piston":1,"stat.useItem.minecraft.stone_slab2":42,"stat.pickup.minecraft.bow":100,"stat.pickup.minecraft.iron_boots":68,"stat.craftItem.minecraft.iron_boots":1,"stat.craftItem.minecraft.bow":47,"stat.drop.minecraft.iron_helmet":31,"stat.flyOneCm":12964392,"stat.pickup.minecraft.chain_command_block":3,"stat.timeSinceDeath":4655,"stat.cauldronFilled":4,"stat.drop.minecraft.spider_eye":2,"stat.useItem.minecraft.wooden_slab":5,"stat.useItem.minecraft.iron_door":4,"stat.drop.minecraft.repeater":4,"stat.craftItem.minecraft.iron_block":7,"stat.pickup.minecraft.nether_wart":2598,"stat.pickup.minecraft.spruce_fence":1,"stat.killEntity.Wolf":4,"stat.mineBlock.minecraft.coal_ore":2,"stat.killEntity.Creeper":177,"stat.talkedToVillager":52,"stat.pickup.minecraft.string":159,"stat.useItem.minecraft.milk_bucket":3,"stat.sprintOneCm":1840928,"stat.useItem.minecraft.hay_block":3,"stat.drop.minecraft.leather":9,"stat.drop.minecraft.lava_bucket":1,"stat.pickup.minecraft.spawn_egg":2,"stat.pickup.minecraft.sugar":196,"stat.useItem.minecraft.diamond_ore":7,"stat.pickup.minecraft.iron_block":15,"stat.killEntity.Zombie":710,"stat.craftItem.minecraft.dye":753,"stat.useItem.minecraft.birch_stairs":4,"stat.diveOneCm":19394,"stat.drop.minecraft.diamond_pickaxe":1,"stat.useItem.minecraft.sticky_piston":26,"stat.pickup.minecraft.sign":30,"stat.pickup.minecraft.stained_glass_pane":40,"stat.useItem.minecraft.rotten_flesh":1,"stat.useItem.minecraft.iron_trapdoor":53,"stat.useItem.minecraft.sand":60,"stat.jump":25563,"stat.pickup.minecraft.coal":223,"stat.pickup.minecraft.iron_ingot":403,"stat.craftItem.minecraft.lever":2,"stat.pickup.minecraft.gunpowder":528,"stat.useItem.minecraft.coal_ore":6,"stat.craftItem.minecraft.fermented_spider_eye":7,"stat.useItem.minecraft.dispenser":3,"stat.useItem.minecraft.glass":6,"stat.pickup.minecraft.stone_shovel":2,"stat.pickup.minecraft.command_block":1,"stat.brewingstandInteraction":55,"stat.damageTaken":12885,"stat.tradedWithVillager":38,"stat.noteblockTuned":24,"stat.drop.minecraft.nether_star":107,"stat.useItem.minecraft.slime":4,"stat.cauldronUsed":81,"stat.useItem.minecraft.birch_fence":11,"stat.pickup.minecraft.rabbit_hide":97,"stat.entityKilledBy.Zombie":9,"stat.killEntity.Silverfish":1,"stat.useItem.minecraft.command_block":122,"stat.useItem.minecraft.chest":7,"stat.useItem.minecraft.pumpkin":28,"stat.useItem.minecraft.tnt":8,"stat.useItem.minecraft.lava_bucket":7,"stat.pickup.minecraft.rabbit_foot":77,"stat.useItem.minecraft.item_frame":24,"stat.craftItem.minecraft.iron_chestplate":1,"stat.useItem.minecraft.stained_hardened_clay":1136,"stat.pickup.minecraft.ender_pearl":44,"stat.useItem.minecraft.redstone_ore":1,"stat.useItem.minecraft.netherrack":49,"stat.mobKills":2399,"stat.useItem.minecraft.mossy_cobblestone":30,"stat.useItem.minecraft.cobblestone_wall":24,"stat.drop.minecraft.diamond_shovel":1,"stat.useItem.minecraft.purpur_slab":28,"stat.breakItem.minecraft.stone_sword":1,"stat.useItem.minecraft.end_bricks":4,"stat.useItem.minecraft.chain_command_block":85,"stat.useItem.minecraft.soul_sand":78,"stat.useItem.minecraft.repeating_command_block":12,"stat.killEntity.Blaze":86,"stat.useItem.minecraft.planks":3,"stat.useItem.minecraft.nether_brick_stairs":4,"stat.useItem.minecraft.golden_shovel":4,"stat.pickup.minecraft.glowstone_dust":237,"stat.useItem.minecraft.fire_charge":43,"stat.pickup.minecraft.porkchop":64,"stat.pickup.minecraft.blaze_powder":63,"stat.useItem.minecraft.red_sandstone_stairs":27,"stat.useItem.minecraft.water_bucket":14,"stat.pickup.minecraft.sand":77,"stat.useItem.minecraft.red_nether_brick":4,"stat.pickup.minecraft.name_tag":2,"stat.craftItem.minecraft.fire_charge":27,"stat.pickup.minecraft.wooden_hoe":4,"stat.useItem.minecraft.brown_mushroom":1,"stat.useItem.minecraft.ender_pearl":39,"stat.mineBlock.minecraft.sand":70,"stat.craftItem.minecraft.blaze_powder":32,"stat.useItem.minecraft.spawn_egg":22,"stat.breakItem.minecraft.flint_and_steel":5,"stat.useItem.minecraft.dark_oak_stairs":4,"stat.pickup.minecraft.wooden_button":6,"stat.drop.minecraft.stone_slab":1,"stat.useItem.minecraft.minecart":8,"stat.useItem.minecraft.redstone":129,"stat.drop.minecraft.stained_hardened_clay":3,"achievement.mineWood":1,"stat.pickup.minecraft.iron_chestplate":79,"stat.pickup.minecraft.skull":6,"stat.useItem.minecraft.stone_stairs":1,"stat.drop.minecraft.wooden_hoe":2,"stat.drop.minecraft.fireworks":57,"stat.pickup.minecraft.pumpkin_seeds":75,"stat.useItem.minecraft.hopper":2,"stat.playOneMinute":1832679,"stat.pickup.minecraft.blaze_rod":54,"stat.pickup.minecraft.pumpkin":4,"stat.craftItem.minecraft.redstone_torch":24,"stat.drop.minecraft.flint":1,"stat.craftItem.minecraft.iron_nugget":11,"stat.fallOneCm":420664,"stat.drop.minecraft.stone":1,"stat.useItem.minecraft.trapped_chest":2,"stat.pickup.minecraft.melon_seeds":1,"stat.useItem.minecraft.nether_brick_fence":2,"stat.pickup.minecraft.red_mushroom":11,"stat.drop.minecraft.stained_glass_pane":40,"stat.useItem.minecraft.golden_rail":9,"stat.pickup.minecraft.feather":130,"stat.drop.minecraft.iron_leggings":28,"stat.drop.minecraft.bone":1,"stat.useItem.minecraft.furnace":15,"stat.pickup.minecraft.iron_leggings":76,"stat.mineBlock.minecraft.gravel":23,"stat.useItem.minecraft.stone_pickaxe":56,"stat.craftItem.minecraft.iron_leggings":1,"stat.useItem.minecraft.stone_sword":148,"stat.useItem.minecraft.wool":5,"stat.craftItem.minecraft.leather":8,"stat.drop.minecraft.stick":16,"stat.useItem.minecraft.bone_block":33,"stat.useItem.minecraft.torch":3,"stat.pickup.minecraft.iron_nugget":18,"stat.useItem.minecraft.log":29,"stat.pickup.minecraft.crafting_table":1,"stat.pickup.minecraft.redstone_block":2,"stat.pickup.minecraft.log":1,"stat.useItem.minecraft.nether_wart_block":29,"stat.drop.minecraft.sign":1,"stat.pickup.minecraft.compass":5,"stat.mineBlock.minecraft.iron_block":15,"stat.useItem.minecraft.deadbush":25,"stat.drop.minecraft.bow":28,"stat.killEntity.WitherSkeleton":167,"stat.craftItem.minecraft.cooked_chicken":1,"stat.sneakTime":37769,"stat.pickup.minecraft.rabbit":113,"stat.entityKilledBy.Blaze":1,"stat.drop.minecraft.bucket":2,"stat.useItem.minecraft.brewing_stand":11,"stat.pickup.minecraft.stone_slab":1,"stat.pickup.minecraft.golden_rail":4,"stat.drop.minecraft.wooden_axe":1,"stat.useItem.minecraft.web":3,"stat.drop.minecraft.stone_pickaxe":1,"stat.useItem.minecraft.lapis_block":2,"stat.pickup.minecraft.bone":616,"stat.pickup.minecraft.redstone_torch":6,"stat.useItem.minecraft.repeater":12,"stat.useItem.minecraft.log2":21,"stat.drop.minecraft.leather_helmet":1,"stat.useItem.minecraft.diamond_sword":63,"stat.swimOneCm":6393,"stat.useItem.minecraft.end_rod":1,"stat.enderchestOpened":1,"stat.drop.minecraft.brown_mushroom":4,"stat.useItem.minecraft.redstone_torch":39,"stat.useItem.minecraft.dirt":21,"achievement.exploreAllBiomes":{"value":0,"progress":["Jungle","The Void"]},"stat.useItem.minecraft.red_flower":2,"stat.pickup.minecraft.anvil":4,"stat.useItem.minecraft.leaves2":2,"stat.useItem.minecraft.iron_ore":33,"stat.drop.minecraft.ender_pearl":9,"stat.pickup.minecraft.cobblestone":27,"stat.useItem.minecraft.stone_shovel":9,"stat.craftItem.minecraft.glass_bottle":6,"stat.pickup.minecraft.glass_bottle":195,"stat.craftItem.minecraft.golden_axe":1,"stat.useItem.minecraft.red_mushroom":12,"stat.pickup.minecraft.cactus":2,"stat.pickup.minecraft.redstone":315,"stat.mineBlock.minecraft.iron_ore":26,"stat.useItem.minecraft.sign":104,"stat.pickup.minecraft.mossy_cobblestone":1,"stat.useItem.minecraft.noteblock":2,"stat.drop.minecraft.coal":64,"stat.useItem.minecraft.lever":25,"stat.pickup.minecraft.wooden_axe":2,"stat.drop.minecraft.anvil":73,"stat.drop.minecraft.compass":5,"stat.useItem.minecraft.spruce_fence":19,"stat.pickup.minecraft.paper":51,"stat.drop.minecraft.potion":2,"stat.useItem.minecraft.stone_slab":31,"stat.craftItem.minecraft.stone":15,"stat.drop.minecraft.leaves":1,"stat.killEntity.Endermite":4,"stat.useItem.minecraft.wooden_shovel":102,"stat.useItem.minecraft.bucket":41,"stat.entityKilledBy.Creeper":7,"stat.drop":423,"stat.pickup.minecraft.stone_button":14,"stat.useItem.minecraft.chorus_plant":3,"stat.pickup.minecraft.slime_ball":23,"stat.useItem.minecraft.purpur_block":2,"stat.drop.minecraft.iron_boots":20,"stat.craftItem.minecraft.diamond_pickaxe":2,"stat.drop.minecraft.nether_wart":2035,"stat.pickup.minecraft.gravel":4,"stat.killEntity.Slime":35,"stat.mineBlock.minecraft.anvil":5,"stat.useItem.minecraft.potion":18,"stat.useItem.minecraft.stained_glass_pane":40,"stat.pickup.minecraft.diamond_sword":1,"stat.useItem.minecraft.flower_pot":6,"stat.useItem.minecraft.bedrock":1,"stat.useItem.minecraft.wooden_hoe":11,"stat.pickup.minecraft.iron_helmet":82,"stat.useItem.minecraft.piston":4,"stat.pickup.minecraft.spider_eye":189,"stat.useItem.minecraft.mycelium":17,"stat.craftItem.minecraft.iron_helmet":1,"stat.useItem.minecraft.stone_button":35,"stat.pickup.minecraft.iron_ore":23,"stat.craftItem.minecraft.flint_and_steel":6,"stat.pickup.minecraft.leaves":1,"stat.pickup.minecraft.leather":52,"stat.dispenserInspected":9,"stat.craftItem.minecraft.golden_hoe":9,"stat.pickup.minecraft.dark_oak_fence":1,"stat.pickup.minecraft.reeds":248,"stat.killEntity.CaveSpider":4,"stat.useItem.minecraft.magma":3,"stat.damageDealt":29831,"stat.craftItem.minecraft.glass":8,"stat.craftItem.minecraft.anvil":4,"stat.pickup.minecraft.minecart":2,"stat.useItem.minecraft.crafting_table":39,"stat.killEntity.Pig":38,"stat.craftItem.minecraft.iron_sword":1,"stat.walkOneCm":1502155,"stat.playerKills":3,"stat.pickup.minecraft.stick":468,"stat.breakItem.minecraft.stone_pickaxe":1,"stat.useItem.minecraft.redstone_block":782,"stat.drop.minecraft.iron_chestplate":31,"stat.pickup.minecraft.stone":7,"stat.useItem.minecraft.leaves":105,"stat.craftItem.minecraft.minecart":4,"stat.drop.minecraft.command_block":1,"stat.useItem.minecraft.cactus":4,"stat.pickup.minecraft.gold_ingot":23,"stat.useItem.minecraft.prismarine":66,"stat.killEntity.Skeleton":273,"stat.killEntity.Chicken":11,"stat.useItem.minecraft.iron_block":125,"stat.craftItem.minecraft.tnt":12,"stat.drop.minecraft.beef":13,"stat.useItem.minecraft.sandstone":2}