{"stat.useItem.minecraft.anvil":4,"stat.craftItem.minecraft.iron_helmet":1,"stat.mineBlock.minecraft.sand":10,"stat.drop.minecraft.nether_wart":22,"stat.sneakTime":1831,"stat.useItem.minecraft.cobblestone":2,"stat.pickup.minecraft.redstone":35,"stat.pickup.minecraft.pumpkin":1,"stat.drop.minecraft.glass_bottle":7,"stat.useItem.minecraft.splash_potion":1,"stat.drop.minecraft.glowstone_dust":7,"stat.drop.minecraft.redstone":5,"stat.mineBlock.minecraft.redstone_torch":1,"stat.useItem.minecraft.minecart":1,"stat.craftingTableInteraction":27,"achievement.openInventory":84,"stat.damageDealt":3085,"stat.useItem.minecraft.fire_charge":1,"stat.pickup.minecraft.sand":10,"stat.craftItem.minecraft.minecart":1,"stat.entityKilledBy.Wolf":1,"stat.pickup.minecraft.spider_eye":28,"stat.drop.minecraft.iron_block":5,"stat.crouchOneCm":1987,"stat.useItem.minecraft.diamond_pickaxe":5,"stat.craftItem.minecraft.iron_nugget":3,"stat.pickup.minecraft.iron_block":12,"stat.drop.minecraft.pumpkin_seeds":1,"stat.pickup.minecraft.rotten_flesh":9,"stat.breakItem.minecraft.flint_and_steel":1,"achievement.exploreAllBiomes":{"value":0,"progress":["The Void"]},"stat.craftItem.minecraft.iron_pickaxe":2,"stat.craftItem.minecraft.flint_and_steel":1,"stat.craftItem.minecraft.iron_chestplate":1,"stat.useItem.minecraft.tnt":2,"stat.pickup.minecraft.iron_boots":7,"stat.pickup.minecraft.gold_nugget":13,"stat.killEntity.WitherSkeleton":32,"stat.talkedToVillager":11,"stat.drop.minecraft.bone":42,"stat.craftItem.minecraft.diamond":5,"stat.fallOneCm":7971,"stat.pickup.minecraft.pumpkin_seeds":10,"stat.flyOneCm":405569,"stat.pickup.minecraft.iron_ingot":96,"stat.pickup.minecraft.iron_ore":10,"stat.mineBlock.minecraft.iron_ore":10,"stat.pickup.minecraft.rabbit_hide":1,"stat.damageTaken":1445,"stat.pickup.minecraft.coal":9,"stat.drop.minecraft.brown_mushroom":1,"stat.useItem.minecraft.stone_pickaxe":26,"stat.useItem.minecraft.water_bucket":1,"stat.pickup.minecraft.carrot":1,"stat.killEntity.Chicken":11,"stat.mineBlock.minecraft.cobblestone":10,"stat.pickup.minecraft.anvil":3,"stat.useItem.minecraft.stained_hardened_clay":1,"stat.useItem.minecraft.dye":3,"stat.drop.minecraft.red_flower":28,"stat.drop.minecraft.wooden_shovel":1,"stat.drop.minecraft.beef":12,"stat.craftItem.minecraft.lever":6,"stat.craftItem.minecraft.iron_leggings":1,"stat.entityKilledBy.Creeper":1,"stat.drop.minecraft.gunpowder":5,"stat.useItem.minecraft.flint_and_steel":1,"stat.useItem.minecraft.stone_sword":15,"stat.pickup.minecraft.feather":17,"stat.useItem.minecraft.potion":1,"stat.pickup.minecraft.brown_mushroom":2,"stat.mineBlock.minecraft.pumpkin":1,"stat.drop":35,"stat.drop.minecraft.arrow":32,"stat.mineBlock.minecraft.anvil":3,"stat.pickup.minecraft.beef":12,"stat.drop.minecraft.cobblestone":2,"stat.pickup.minecraft.flint":6,"stat.useItem.minecraft.bow":6,"stat.pickup.minecraft.red_flower":28,"stat.useItem.minecraft.reeds":24,"stat.killEntity.Wolf":3,"stat.drop.minecraft.iron_boots":3,"stat.pickup.minecraft.bow":4,"stat.pickup.minecraft.reeds":63,"stat.pickup.minecraft.chicken":11,"stat.drop.minecraft.blaze_powder":1,"stat.pickup.minecraft.blaze_rod":11,"stat.craftItem.minecraft.dye":39,"stat.drop.minecraft.leather":5,"stat.pickup.minecraft.nether_wart":23,"stat.pickup.minecraft.wooden_shovel":1,"stat.killEntity.Creeper":26,"stat.pickup.minecraft.glass_bottle":26,"stat.craftItem.minecraft.iron_block":7,"stat.craftItem.minecraft.diamond_pickaxe":1,"stat.dispenserInspected":1,"stat.craftItem.minecraft.paper":12,"stat.pickup.minecraft.iron_chestplate":4,"stat.playOneMinute":75068,"stat.useItem.minecraft.fireworks":3,"stat.useItem.minecraft.redstone_torch":3,"stat.killEntity.Rabbit":3,"stat.craftItem.minecraft.fermented_spider_eye":1,"stat.useItem.minecraft.pumpkin_seeds":1,"stat.useItem.minecraft.stone_hoe":3,"stat.useItem.minecraft.wooden_hoe":8,"stat.leaveGame":7,"stat.diveOneCm":459,"stat.craftItem.minecraft.iron_ingot":56,"stat.useItem.minecraft.lever":2,"stat.timeSinceDeath":2198,"stat.pickup.minecraft.iron_leggings":3,"stat.killEntity.PigZombie":5,"stat.craftItem.minecraft.golden_hoe":1,"stat.pickup.minecraft.skull":2,"stat.drop.minecraft.redstone_torch":1,"stat.useItem.minecraft.golden_hoe":1,"stat.drop.minecraft.spider_eye":1,"stat.craftItem.minecraft.bucket":1,"stat.useItem.minecraft.pumpkin":1,"stat.furnaceInteraction":19,"stat.pickup.minecraft.stick":78,"stat.pickup.minecraft.rabbit":1,"stat.entityKilledBy.Zombie":2,"stat.pickup.minecraft.leather":5,"stat.pickup.minecraft.sugar":24,"stat.pickup.minecraft.iron_helmet":3,"stat.drop.minecraft.stained_glass_pane":1,"stat.drop.minecraft.iron_ingot":4,"stat.mobKills":254,"stat.useItem.minecraft.bucket":1,"stat.killEntity.Zombie":8,"stat.useItem.minecraft.sign":3,"stat.minecartOneCm":18607,"stat.drop.minecraft.bucket":1,"stat.cauldronUsed":2,"stat.pickup.minecraft.iron_nugget":3,"stat.killEntity.Blaze":14,"stat.useItem.minecraft.spawn_egg":5,"stat.craftItem.minecraft.redstone_torch":13,"stat.pickup.minecraft.dye":1,"stat.craftItem.minecraft.iron_boots":1,"stat.pickup.minecraft.bone":126,"stat.craftItem.minecraft.anvil":3,"stat.craftItem.minecraft.fire_charge":3,"stat.swimOneCm":105,"stat.killEntity.Skeleton":22,"stat.pickup.minecraft.rabbit_foot":2,"stat.walkOneCm":205089,"stat.pickup.minecraft.arrow":104,"stat.drop.minecraft.sugar":10,"stat.jump":262,"stat.killEntity.Witch":98,"stat.pickup.minecraft.redstone_torch":1,"stat.drop.minecraft.dye":1,"stat.mineBlock.minecraft.iron_block":12,"stat.deaths":40,"stat.mineBlock.minecraft.gravel":6,"stat.craftItem.minecraft.blaze_powder":10,"stat.drop.minecraft.stick":15,"stat.pickup.minecraft.gunpowder":58,"stat.tradedWithVillager":11,"stat.pickup.minecraft.gold_ingot":2,"stat.brewingstandInteraction":5,"stat.pickup.minecraft.cobblestone":10,"stat.pickup.minecraft.glowstone_dust":24,"stat.pickup.minecraft.stone_sword":1,"stat.craftItem.minecraft.tnt":2,"stat.useItem.minecraft.wooden_shovel":24,"stat.useItem.minecraft.iron_pickaxe":13,"stat.sprintOneCm":6172,"stat.killEntity.MushroomCow":7}