{"stat.useItem.minecraft.anvil":1,"stat.mineBlock.minecraft.sand":6,"stat.drop.minecraft.iron_chestplate":1,"stat.useItem.minecraft.cobblestone":1,"stat.sneakTime":3316,"stat.pickup.minecraft.redstone":185,"stat.pickup.minecraft.pumpkin":9,"stat.drop.minecraft.glass_bottle":1,"stat.useItem.minecraft.splash_potion":1,"stat.useItem.minecraft.minecart":1,"stat.craftingTableInteraction":33,"achievement.openInventory":65,"stat.damageDealt":8678,"stat.useItem.minecraft.fire_charge":2,"stat.pickup.minecraft.sand":6,"stat.craftItem.minecraft.minecart":1,"stat.entityKilledBy.Wolf":1,"stat.pickup.minecraft.spider_eye":84,"stat.crouchOneCm":6699,"stat.craftItem.minecraft.iron_nugget":36,"stat.pickup.minecraft.iron_block":7,"stat.pickup.minecraft.rotten_flesh":59,"stat.drop.minecraft.rotten_flesh":55,"stat.breakItem.minecraft.flint_and_steel":1,"achievement.exploreAllBiomes":{"value":0,"progress":["The Void"]},"stat.craftItem.minecraft.iron_pickaxe":1,"stat.craftItem.minecraft.flint_and_steel":1,"stat.useItem.minecraft.tnt":1,"stat.pickup.minecraft.iron_boots":17,"stat.pickup.minecraft.gold_nugget":19,"stat.killEntity.WitherSkeleton":76,"stat.drop.minecraft.iron_leggings":1,"stat.talkedToVillager":2,"stat.fallOneCm":12221,"stat.pickup.minecraft.pumpkin_seeds":3,"stat.flyOneCm":37173,"stat.pickup.minecraft.iron_ingot":606,"stat.pickup.minecraft.iron_ore":55,"stat.useItem.minecraft.dye":7,"stat.drop.minecraft.lava_bucket":1,"stat.mineBlock.minecraft.iron_ore":55,"stat.craftItem.minecraft.glowstone":1,"stat.pickup.minecraft.gravel":3,"stat.damageTaken":1294,"stat.pickup.minecraft.coal":54,"stat.useItem.minecraft.stone_pickaxe":64,"stat.entityKilledBy.Creeper":1,"stat.useItem.minecraft.flint_and_steel":1,"stat.useItem.minecraft.stone_sword":112,"stat.useItem.minecraft.potion":2,"stat.pickup.minecraft.brown_mushroom":5,"stat.mineBlock.minecraft.pumpkin":9,"stat.drop":7,"stat.pickup.minecraft.beef":19,"stat.mineBlock.minecraft.cobblestone":7,"stat.pickup.minecraft.flint":2,"stat.useItem.minecraft.bow":12,"stat.pickup.minecraft.firework_charge":1,"stat.pickup.minecraft.red_flower":138,"stat.pickup.minecraft.reeds":43,"stat.pickup.minecraft.bow":35,"stat.pickup.minecraft.blaze_rod":17,"stat.craftItem.minecraft.dye":108,"stat.pickup.minecraft.nether_wart":118,"stat.pickup.minecraft.wooden_shovel":1,"stat.killEntity.Creeper":32,"stat.pickup.minecraft.glass_bottle":83,"stat.craftItem.minecraft.iron_block":65,"stat.craftItem.minecraft.paper":3,"stat.pickup.minecraft.iron_chestplate":13,"stat.useItem.minecraft.fireworks":4,"stat.playOneMinute":70811,"stat.useItem.minecraft.redstone_torch":2,"stat.craftItem.minecraft.gold_ingot":1,"stat.craftItem.minecraft.fermented_spider_eye":1,"stat.useItem.minecraft.pumpkin_seeds":3,"stat.leaveGame":6,"stat.diveOneCm":1560,"stat.craftItem.minecraft.iron_ingot":22,"stat.drop.minecraft.firework_charge":1,"stat.pickup.minecraft.lever":2,"stat.drop.minecraft.lever":1,"stat.timeSinceDeath":115,"stat.pickup.minecraft.iron_leggings":14,"stat.killEntity.PigZombie":8,"stat.craftItem.minecraft.golden_hoe":1,"stat.useItem.minecraft.golden_hoe":3,"stat.pickup.minecraft.skull":2,"stat.craftItem.minecraft.bucket":1,"stat.useItem.minecraft.pumpkin":7,"stat.craftItem.minecraft.fire_charge":3,"stat.swimOneCm":188,"stat.furnaceInteraction":49,"stat.useItem.minecraft.lava_bucket":2,"stat.pickup.minecraft.stick":337,"stat.killEntity.Skeleton":137,"stat.craftItem.minecraft.baked_potato":1,"stat.walkOneCm":207128,"stat.pickup.minecraft.arrow":81,"stat.jump":277,"stat.pickup.minecraft.potato":1,"stat.killEntity.Witch":355,"stat.pickup.minecraft.leather":4,"stat.craftItem.minecraft.stone_sword":11,"stat.pickup.minecraft.sugar":84,"stat.pickup.minecraft.iron_helmet":14,"stat.mineBlock.minecraft.iron_block":4,"stat.deaths":21,"stat.mineBlock.minecraft.gravel":4,"stat.craftItem.minecraft.blaze_powder":4,"stat.mobKills":857,"stat.useItem.minecraft.bucket":3,"stat.killEntity.Zombie":59,"stat.minecartOneCm":5554,"stat.chestOpened":4,"stat.pickup.minecraft.gunpowder":125,"stat.cauldronUsed":15,"stat.tradedWithVillager":1,"stat.pickup.minecraft.iron_nugget":1,"stat.pickup.minecraft.gold_ingot":1,"stat.pickup.minecraft.cobblestone":7,"stat.brewingstandInteraction":8,"stat.killEntity.Blaze":33,"stat.pickup.minecraft.glowstone_dust":98,"stat.useItem.minecraft.spawn_egg":1,"stat.craftItem.minecraft.redstone_torch":121,"stat.pickup.minecraft.stone_sword":39,"stat.useItem.minecraft.iron_pickaxe":7,"stat.craftItem.minecraft.tnt":1,"stat.useItem.minecraft.wooden_shovel":6,"stat.craftItem.minecraft.sugar":33,"stat.sprintOneCm":11550,"stat.pickup.minecraft.bone":141,"stat.killEntity.MushroomCow":9,"stat.craftItem.minecraft.anvil":1}