{"stat.useItem.minecraft.nether_wart":1,"stat.enderchestOpened":3,"stat.drop.minecraft.iron_chestplate":180,"stat.pickup.minecraft.redstone":362,"stat.useItem.minecraft.stone_button":22,"stat.craftItem.minecraft.gold_nugget":9,"stat.drop.minecraft.glass_bottle":67,"stat.useItem.minecraft.leaves":6,"stat.useItem.minecraft.netherrack":3,"stat.drop.minecraft.glowstone_dust":67,"stat.useItem.minecraft.end_stone":21,"stat.craftingTableInteraction":86,"stat.useItem.minecraft.minecart":5,"stat.pickup.minecraft.diamond_shovel":2,"stat.useItem.minecraft.red_sandstone":3,"stat.drop.minecraft.anvil":73,"stat.useItem.minecraft.fire_charge":11,"stat.damageDealt":59298,"stat.useItem.minecraft.brick_block":1,"stat.useItem.minecraft.item_frame":13,"stat.useItem.minecraft.iron_block":18,"stat.craftItem.minecraft.minecart":4,"stat.pickup.minecraft.spider_eye":269,"stat.crouchOneCm":42996,"stat.drop.minecraft.pumpkin":1,"stat.pickup.minecraft.rotten_flesh":502,"stat.drop.minecraft.rotten_flesh":230,"stat.breakItem.minecraft.flint_and_steel":9,"achievement.exploreAllBiomes":{"value":0,"progress":["The Void","Jungle"]},"stat.craftItem.minecraft.iron_pickaxe":4,"stat.craftItem.minecraft.flint_and_steel":12,"stat.useItem.minecraft.spider_eye":6,"stat.useItem.minecraft.melon_block":1,"stat.drop.minecraft.gold_nugget":30,"stat.drop.minecraft.string":91,"stat.pickup.minecraft.gold_nugget":767,"stat.drop.minecraft.command_block":1,"stat.craftItem.minecraft.repeater":3,"stat.useItem.minecraft.anvil":123,"stat.useItem.minecraft.chest":4,"stat.drop.minecraft.leather_boots":3,"stat.useItem.minecraft.iron_bars":9,"stat.craftItem.minecraft.glass_bottle":6,"stat.drop.minecraft.nether_wart":1503,"stat.mineBlock.minecraft.sand":72,"stat.sneakTime":34381,"stat.useItem.minecraft.cobblestone":24,"stat.drop.minecraft.stained_hardened_clay":10,"stat.pickup.minecraft.pumpkin":2,"stat.useItem.minecraft.splash_potion":13,"stat.craftItem.minecraft.arrow":36,"stat.drop.minecraft.redstone":93,"stat.useItem.minecraft.command_block":119,"stat.useItem.minecraft.wooden_door":4,"stat.useItem.minecraft.stained_glass":4,"achievement.openInventory":1877,"stat.cauldronFilled":1,"stat.pickup.minecraft.sand":81,"stat.useItem.minecraft.experience_bottle":13,"stat.pickup.minecraft.leather_boots":3,"stat.pickup.minecraft.iron_door":1,"stat.useItem.minecraft.brewing_stand":4,"stat.entityKilledBy.Wolf":8,"stat.drop.minecraft.tnt":3,"stat.drop.minecraft.iron_block":2,"stat.breakItem.minecraft.stone_sword":1,"stat.useItem.minecraft.diamond_pickaxe":24,"stat.useItem.minecraft.stained_glass_pane":8,"stat.drop.minecraft.repeater":1,"stat.craftItem.minecraft.iron_nugget":73,"stat.drop.minecraft.glowstone":5,"stat.pickup.minecraft.iron_block":21,"stat.drop.minecraft.pumpkin_seeds":17,"stat.useItem.minecraft.sticky_piston":2,"stat.useItem.minecraft.log":3,"stat.pickup.minecraft.stone_button":6,"stat.killEntity.Vex":11,"stat.useItem.minecraft.tnt":27,"stat.useItem.minecraft.redstone_block":78,"stat.useItem.minecraft.red_mushroom":1,"stat.useItem.minecraft.diamond_shovel":41,"stat.drop.minecraft.item_frame":2,"stat.drop.minecraft.reeds":187,"stat.useItem.minecraft.obsidian":44,"stat.pickup.minecraft.iron_boots":262,"stat.killEntity.WitherSkeleton":226,"stat.useItem.minecraft.hay_block":4,"stat.useItem.minecraft.end_bricks":2,"stat.useItem.minecraft.planks":17,"stat.talkedToVillager":59,"stat.drop.minecraft.bone":74,"stat.drop.minecraft.compass":1,"stat.fallOneCm":167902,"stat.craftItem.minecraft.diamond":9,"stat.pickup.minecraft.iron_ingot":249,"stat.pickup.minecraft.iron_ore":22,"stat.useItem.minecraft.bone_block":13,"stat.useItem.minecraft.coal_ore":3,"stat.craftItem.minecraft.sandstone":8,"stat.drop.minecraft.lava_bucket":1,"stat.pickup.minecraft.emerald":15,"stat.useItem.minecraft.torch":1,"stat.craftItem.minecraft.coal":1,"stat.useItem.minecraft.stone_pickaxe":74,"stat.useItem.minecraft.dispenser":7,"stat.craftItem.minecraft.golden_sword":1,"stat.useItem.minecraft.water_bucket":53,"stat.pickup.minecraft.carrot":5,"stat.pickup.minecraft.minecart":1,"stat.pickup.minecraft.anvil":73,"stat.useItem.minecraft.skull":1,"stat.drop.minecraft.skull":1,"stat.useItem.minecraft.stonebrick":25,"stat.useItem.minecraft.stone":89,"stat.useItem.minecraft.furnace":5,"stat.drop.minecraft.chain_command_block":22,"stat.drop.minecraft.iron_axe":1,"stat.pickup.minecraft.ender_pearl":43,"stat.drop.minecraft.iron_helmet":183,"stat.useItem.minecraft.hardened_clay":4,"stat.drop.minecraft.gunpowder":282,"stat.pickup.minecraft.item_frame":2,"stat.useItem.minecraft.repeating_command_block":32,"stat.useItem.minecraft.redstone":54,"stat.useItem.minecraft.potion":30,"stat.pickup.minecraft.brown_mushroom":23,"stat.mineBlock.minecraft.pumpkin":1,"stat.pickup.minecraft.beef":107,"stat.drop.minecraft.cobblestone":23,"stat.useItem.minecraft.noteblock":3,"stat.pickup.minecraft.pumpkin_seeds":108,"stat.flyOneCm":4981045,"stat.mineBlock.minecraft.iron_ore":19,"stat.craftItem.minecraft.glowstone":5,"stat.useItem.minecraft.prismarine":40,"stat.pickup.minecraft.rabbit_hide":168,"stat.damageTaken":17920,"stat.useItem.minecraft.red_nether_brick":4,"stat.pickup.minecraft.coal":352,"stat.useItem.minecraft.milk_bucket":4,"stat.drop.minecraft.brown_mushroom":5,"stat.drop.minecraft.potion":5,"stat.pickup.minecraft.string":91,"stat.useItem.minecraft.monster_egg":34,"stat.useItem.minecraft.diamond_sword":344,"stat.pickup.minecraft.diamond":12,"stat.useItem.minecraft.sponge":1,"stat.killEntity.Chicken":127,"stat.craftItem.minecraft.stone_pickaxe":2,"stat.useItem.minecraft.chain_command_block":348,"stat.mineBlock.minecraft.cobblestone":36,"stat.useItem.minecraft.purpur_pillar":4,"stat.drop.minecraft.diamond":12,"stat.craftItem.minecraft.wooden_shovel":11,"stat.drop.minecraft.iron_leggings":201,"stat.useItem.minecraft.stained_hardened_clay":555,"stat.pickup.minecraft.snowball":2,"stat.useItem.minecraft.clay":1,"stat.useItem.minecraft.dye":11,"stat.craftItem.minecraft.leather_boots":1,"stat.drop.minecraft.wooden_shovel":1,"stat.drop.minecraft.red_flower":12,"stat.useItem.minecraft.flower_pot":2,"stat.pickup.minecraft.gravel":15,"stat.drop.minecraft.beef":46,"stat.craftItem.minecraft.lever":5,"stat.pickup.minecraft.water_bucket":1,"stat.entityKilledBy.Creeper":8,"stat.useItem.minecraft.lapis_ore":1,"stat.useItem.minecraft.log2":2,"stat.useItem.minecraft.redstone_lamp":1,"stat.useItem.minecraft.stone_sword":549,"stat.useItem.minecraft.flint_and_steel":26,"stat.pickup.minecraft.feather":187,"stat.drop.minecraft.stone":58,"stat.drop":1152,"stat.drop.minecraft.diamond_shovel":1,"stat.drop.minecraft.arrow":6,"stat.mineBlock.minecraft.anvil":1,"stat.pickup.minecraft.sign":36,"stat.drop.minecraft.wooden_hoe":2,"stat.pickup.minecraft.porkchop":311,"stat.useItem.minecraft.repeater":13,"stat.drop.minecraft.iron_nugget":28,"stat.drop.minecraft.blaze_powder":65,"stat.useItem.minecraft.stone_slab":23,"stat.pickup.minecraft.chicken":150,"stat.pickup.minecraft.nether_wart":3203,"stat.killEntity.Creeper":235,"stat.pickup.minecraft.glass_bottle":230,"stat.craftItem.minecraft.iron_block":6,"stat.pickup.minecraft.slime_ball":40,"stat.useItem.minecraft.lapis_block":8,"stat.drop.minecraft.spawn_egg":5,"stat.dispenserInspected":6,"stat.craftItem.minecraft.stone_slab":6,"stat.killEntity.Rabbit":321,"stat.drop.minecraft.coal":106,"stat.pickup.minecraft.potion":4,"stat.leaveGame":36,"stat.craftItem.minecraft.iron_ingot":102,"stat.drop.minecraft.diamond_sword":2,"stat.killEntity.Endermite":2,"stat.useItem.minecraft.iron_trapdoor":21,"stat.drop.minecraft.iron_ore":4,"stat.breakItem.minecraft.bow":1,"stat.useItem.minecraft.comparator":4,"stat.drop.minecraft.emerald":2,"stat.pickup.minecraft.name_tag":3,"stat.useItem.minecraft.iron_axe":4,"stat.useItem.minecraft.snow":2,"stat.craftItem.minecraft.dye":386,"stat.drop.minecraft.carrot":4,"stat.craftItem.minecraft.diamond_pickaxe":4,"stat.drop.minecraft.rabbit_foot":77,"stat.pickup.minecraft.iron_chestplate":234,"stat.drop.minecraft.gold_ingot":21,"stat.useItem.minecraft.stone_shovel":23,"stat.craftItem.minecraft.golden_pickaxe":1,"stat.drop.minecraft.rabbit":113,"stat.useItem.minecraft.iron_ore":2,"stat.pickup.minecraft.blaze_powder":68,"stat.diveOneCm":36607,"stat.useItem.minecraft.lever":6,"stat.useItem.minecraft.soul_sand":54,"stat.useItem.minecraft.rotten_flesh":1,"stat.craftItem.minecraft.leather":4,"stat.killEntity.Slime":46,"stat.pickup.minecraft.lever":3,"stat.drop.minecraft.lever":1,"stat.pickup.minecraft.wooden_button":4,"stat.craftItem.minecraft.golden_hoe":3,"stat.pickup.minecraft.paper":114,"stat.drop.minecraft.nether_star":24,"stat.useItem.minecraft.nether_brick":3,"stat.useItem.minecraft.bow":79,"stat.pickup.minecraft.red_flower":75,"stat.useItem.minecraft.gold_block":1,"stat.drop.minecraft.feather":95,"stat.drop.minecraft.stone_sword":1,"stat.pickup.minecraft.repeating_command_block":1,"stat.killEntity.Wolf":10,"stat.drop.minecraft.iron_boots":199,"stat.pickup.minecraft.bow":80,"stat.pickup.minecraft.diamond_pickaxe":2,"stat.pickup.minecraft.reeds":445,"stat.pickup.minecraft.blaze_rod":134,"stat.useItem.minecraft.barrier":1,"stat.drop.minecraft.leather":12,"stat.useItem.minecraft.egg":3,"stat.useItem.minecraft.crafting_table":19,"stat.craftItem.minecraft.paper":60,"stat.useItem.minecraft.fireworks":135,"stat.flowerPotted":9,"stat.useItem.minecraft.wooden_hoe":91,"stat.killEntity.Enderman":112,"stat.aviateOneCm":82137,"stat.drop.minecraft.potato":8,"stat.killEntity.Villager":10,"stat.useItem.minecraft.ender_pearl":73,"stat.killEntity.VindicationIllager":28,"stat.timeSinceDeath":2616,"stat.pickup.minecraft.iron_leggings":261,"stat.useItem.minecraft.purpur_block":8,"stat.useItem.minecraft.gravel":14,"stat.killEntity.PigZombie":315,"stat.pickup.minecraft.skull":5,"stat.useItem.minecraft.mossy_cobblestone":2,"stat.craftItem.minecraft.bucket":16,"stat.pickup.minecraft.flint":113,"stat.useItem.minecraft.glowstone":41,"stat.pickup.minecraft.bucket":7,"stat.useItem.minecraft.sand":14,"stat.drop.minecraft.log":1,"stat.pickup.minecraft.wooden_shovel":1,"stat.playOneMinute":1899821,"stat.useItem.minecraft.redstone_torch":27,"stat.craftItem.minecraft.gold_ingot":76,"stat.useItem.minecraft.pumpkin_seeds":6,"stat.craftItem.minecraft.fermented_spider_eye":2,"stat.killEntity.Pig":2,"stat.useItem.minecraft.birch_fence":1,"stat.useItem.minecraft.nether_wart_block":13,"stat.noteblockTuned":61,"stat.useItem.minecraft.gold_ore":1,"stat.craftItem.minecraft.golden_shovel":1,"stat.drop.minecraft.diamond_pickaxe":1,"stat.craftItem.minecraft.glass":6,"stat.drop.minecraft.water_bucket":1,"stat.useItem.minecraft.emerald_block":1,"stat.useItem.minecraft.golden_hoe":34,"stat.drop.minecraft.spider_eye":88,"stat.pickup.minecraft.spawn_egg":6,"stat.useItem.minecraft.pumpkin":20,"stat.pickup.minecraft.leather_helmet":1,"stat.drop.minecraft.bow":2,"stat.furnaceInteraction":203,"stat.pickup.minecraft.stick":629,"stat.playerKills":2,"stat.pickup.minecraft.rabbit":159,"stat.useItem.minecraft.sandstone":3,"stat.mineBlock.minecraft.coal_ore":20,"stat.useItem.minecraft.redstone_ore":1,"stat.useItem.minecraft.iron_door":3,"stat.entityKilledBy.Zombie":7,"stat.drop.minecraft.milk_bucket":1,"stat.pickup.minecraft.compass":3,"stat.pickup.minecraft.leather":40,"stat.pickup.minecraft.sugar":280,"stat.drop.minecraft.paper":102,"stat.pickup.minecraft.iron_helmet":264,"stat.drop.minecraft.sand":11,"stat.useItem.minecraft.coal_block":3,"stat.craftItem.minecraft.golden_axe":2,"stat.drop.minecraft.sign":1,"stat.drop.minecraft.iron_ingot":43,"stat.mobKills":3680,"stat.drop.minecraft.rabbit_hide":117,"stat.useItem.minecraft.bucket":263,"stat.craftItem.minecraft.diamond_shovel":3,"stat.killEntity.Zombie":436,"stat.minecartOneCm":6286,"stat.mineBlock.minecraft.deadbush":10,"stat.useItem.minecraft.sign":315,"stat.pickup.minecraft.fireworks":57,"stat.drop.minecraft.bucket":9,"stat.cauldronUsed":39,"stat.pickup.minecraft.iron_nugget":1,"stat.useItem.minecraft.armor_stand":1,"stat.useItem.minecraft.piston":3,"stat.killEntity.Blaze":287,"stat.useItem.minecraft.tallgrass":1,"stat.useItem.minecraft.spawn_egg":56,"stat.craftItem.minecraft.redstone_torch":86,"stat.pickup.minecraft.dye":25,"stat.useItem.minecraft.emerald_ore":1,"stat.useItem.minecraft.trapdoor":9,"stat.drop.minecraft.stone_shovel":2,"stat.pickup.minecraft.bone":759,"stat.craftItem.minecraft.anvil":6,"stat.craftItem.minecraft.fire_charge":21,"stat.swimOneCm":9600,"stat.useItem.minecraft.lava_bucket":12,"stat.killEntity.Skeleton":435,"stat.drop.minecraft.name_tag":1,"stat.pickup.minecraft.rabbit_foot":105,"stat.walkOneCm":1822369,"stat.useItem.minecraft.slime":8,"stat.drop.minecraft.sugar":77,"stat.pickup.minecraft.arrow":532,"stat.useItem.minecraft.carpet":5,"stat.jump":10497,"stat.drop.minecraft.repeating_command_block":2,"stat.useItem.minecraft.wooden_button":11,"stat.craftItem.minecraft.stone":57,"stat.pickup.minecraft.potato":10,"stat.killEntity.Witch":976,"stat.pickup.minecraft.redstone_torch":1,"stat.mineBlock.minecraft.iron_block":20,"stat.drop.minecraft.dye":30,"stat.drop.minecraft.redstone_block":3,"stat.deaths":289,"stat.mineBlock.minecraft.gravel":97,"stat.craftItem.minecraft.blaze_powder":218,"stat.drop.minecraft.chicken":71,"stat.craftItem.minecraft.cooked_rabbit":4,"stat.mineBlock.minecraft.lever":2,"stat.pickup.minecraft.egg":3,"stat.useItem.minecraft.deadbush":2,"stat.drop.minecraft.stick":153,"stat.pickup.minecraft.gunpowder":646,"stat.chestOpened":39,"stat.tradedWithVillager":35,"stat.useItem.minecraft.stone_slab2":10,"stat.pickup.minecraft.gold_ingot":6,"stat.brewingstandInteraction":62,"stat.pickup.minecraft.cobblestone":44,"stat.useItem.minecraft.cauldron":3,"stat.pickup.minecraft.glowstone_dust":276,"stat.drop.minecraft.flint":36,"stat.pickup.minecraft.stone_sword":83,"stat.useItem.minecraft.wooden_shovel":121,"stat.useItem.minecraft.iron_pickaxe":15,"stat.craftItem.minecraft.tnt":4,"stat.sprintOneCm":1047568,"stat.useItem.minecraft.dirt":7,"stat.pickup.minecraft.repeater":5,"stat.killEntity.MushroomCow":39}