{"stats":{"minecraft:dropped":{"minecraft:packed_ice":1,"minecraft:light_blue_wool":1,"minecraft:purpur_block":1,"minecraft:oak_planks":1,"minecraft:glass_pane":1},"minecraft:picked_up":{"minecraft:redstone_block":1,"minecraft:packed_ice":1,"minecraft:purpur_block":1,"minecraft:white_carpet":2,"minecraft:glass_pane":1,"minecraft:oak_sign":3,"minecraft:poppy":1,"minecraft:stick":2,"minecraft:oak_door":1,"minecraft:torch":12,"minecraft:stone_button":7,"minecraft:redstone":2,"minecraft:cactus":3,"minecraft:light_blue_wool":1,"minecraft:repeater":1,"minecraft:lantern":2,"minecraft:oak_planks":1,"minecraft:scaffolding":2,"minecraft:lever":1,"minecraft:painting":1,"minecraft:oak_button":1},"minecraft:crafted":{"minecraft:leather_leggings":4,"minecraft:leather_boots":4,"minecraft:leather_chestplate":4},"minecraft:used":{"minecraft:oak_trapdoor":17,"minecraft:oak_fence":25,"minecraft:purpur_block":2774,"minecraft:nether_brick_fence":15,"minecraft:red_sand":147,"minecraft:iron_bars":6,"minecraft:flint_and_steel":53,"minecraft:orange_concrete":276,"minecraft:dead_bush":140,"minecraft:redstone_ore":15,"minecraft:red_concrete":274,"minecraft:redstone":234,"minecraft:ladder":66,"minecraft:poppy":16,"minecraft:light_gray_carpet":4,"minecraft:oak_sign":94,"minecraft:black_carpet":14,"minecraft:chest":20,"minecraft:spruce_planks":1,"minecraft:white_terracotta":239,"minecraft:stone":4923,"minecraft:quartz_stairs":25,"minecraft:grass":36,"minecraft:player_head":12,"minecraft:netherrack":4826,"minecraft:oak_door":6,"minecraft:torch":365,"minecraft:soul_sand":65,"minecraft:dirt":56,"minecraft:white_carpet":45,"minecraft:nether_quartz_ore":58,"minecraft:prismarine_bricks":1851,"minecraft:nether_bricks":101,"minecraft:stone_stairs":83,"minecraft:spruce_fence":31,"minecraft:light_blue_stained_glass":10,"minecraft:nether_brick_stairs":102,"minecraft:milk_bucket":46,"minecraft:obsidian":54,"minecraft:glass":842,"minecraft:packed_ice":2943,"minecraft:sea_lantern":239,"minecraft:lava_bucket":417,"minecraft:light_gray_stained_glass":8,"minecraft:bricks":2790,"minecraft:coal_ore":2,"minecraft:bookshelf":129,"minecraft:quartz_slab":14,"minecraft:lantern":10,"minecraft:grass_block":429,"minecraft:oak_stairs":124,"minecraft:slime_block":10,"minecraft:brick_stairs":9,"minecraft:smooth_sandstone":1589,"minecraft:quartz_block":5,"minecraft:smooth_quartz":10,"minecraft:dark_oak_button":1,"minecraft:item_frame":31,"minecraft:bedrock":26,"minecraft:light_gray_wool":130,"minecraft:lime_concrete":334,"minecraft:birch_trapdoor":3,"minecraft:purple_concrete":335,"minecraft:glowstone":133,"minecraft:repeater":206,"minecraft:redstone_lamp":4,"minecraft:red_nether_brick_wall":5,"minecraft:snow":471,"minecraft:iron_trapdoor":14,"minecraft:emerald_block":46,"minecraft:scaffolding":53,"minecraft:minecart":27,"minecraft:gold_block":17,"minecraft:stone_pressure_plate":21,"minecraft:acacia_planks":31,"minecraft:orange_terracotta":1159,"minecraft:light_blue_carpet":50,"minecraft:emerald_ore":4,"minecraft:water_bucket":297,"minecraft:end_rod":39,"minecraft:end_stone_bricks":81,"minecraft:iron_ore":123,"minecraft:sandstone_stairs":13,"minecraft:snow_block":3542,"minecraft:lime_wool":65,"minecraft:polished_andesite":144,"minecraft:powered_rail":5,"minecraft:prismarine":867,"minecraft:red_nether_bricks":17,"minecraft:oak_planks":2640,"minecraft:cactus":92,"minecraft:blue_wool":7,"minecraft:andesite_slab":5,"minecraft:smooth_sandstone_slab":2,"minecraft:sandstone":286,"minecraft:redstone_block":15,"minecraft:gold_ore":9,"minecraft:oak_leaves":13,"minecraft:white_wool":1049,"minecraft:pink_concrete":368,"minecraft:yellow_terracotta":108,"minecraft:sand":3206,"minecraft:rail":13,"minecraft:comparator":8,"minecraft:light_blue_concrete":503,"minecraft:oak_slab":26,"minecraft:tnt":320,"minecraft:crafting_table":4,"minecraft:light_blue_wool":3255,"minecraft:yellow_concrete":275,"minecraft:blue_ice":2963,"minecraft:painting":28,"minecraft:end_stone":3865,"minecraft:oak_log":13,"minecraft:birch_fence":11,"minecraft:redstone_torch":1,"minecraft:purple_stained_glass":561,"minecraft:sticky_piston":12,"minecraft:piston":8,"minecraft:dark_prismarine":519,"minecraft:lever":14,"minecraft:green_concrete":324,"minecraft:flower_pot":7,"minecraft:black_concrete":31,"minecraft:black_wool":386,"minecraft:command_block":160,"minecraft:map":1,"minecraft:barrier":842,"minecraft:oak_button":8,"minecraft:string":37,"minecraft:suspicious_stew":1,"minecraft:stone_button":86,"minecraft:lapis_ore":14,"minecraft:cyan_concrete":455,"minecraft:magenta_concrete":317,"minecraft:stone_slab":91,"minecraft:red_terracotta":2771,"minecraft:diamond_ore":1,"minecraft:green_carpet":2,"minecraft:cobblestone":1,"minecraft:potion":2,"minecraft:white_stained_glass":3,"minecraft:andesite_stairs":7,"minecraft:andesite":2502,"minecraft:glass_pane":371,"minecraft:magenta_glazed_terracotta":7,"minecraft:repeating_command_block":21,"minecraft:gray_wool":32,"minecraft:splash_potion":26},"minecraft:custom":{"minecraft:interact_with_crafting_table":4,"minecraft:leave_game":52,"minecraft:time_since_death":1245,"minecraft:climb_one_cm":59955,"minecraft:sprint_one_cm":270761,"minecraft:walk_one_cm":839102,"minecraft:drop":5,"minecraft:walk_under_water_one_cm":4649,"minecraft:sneak_time":79681,"minecraft:deaths":1576,"minecraft:jump":4344,"minecraft:walk_on_water_one_cm":1795,"minecraft:play_one_minute":1268140,"minecraft:pot_flower":6,"minecraft:time_since_rest":1267,"minecraft:damage_taken":251230,"minecraft:minecart_one_cm":4940,"minecraft:swim_one_cm":2153,"minecraft:fly_one_cm":3274899,"minecraft:open_chest":2,"minecraft:crouch_one_cm":116736,"minecraft:fall_one_cm":3364212}},"DataVersion":1976}