{"stat.chestOpened":9,"stat.walkOneCm":137725,"stat.pickup.minecraft.bone":2,"stat.pickup.minecraft.sign":2,"stat.leaveGame":1,"stat.pickup.minecraft.arrow":2,"stat.damageTaken":960,"stat.useItem.minecraft.lava_bucket":4,"stat.flyOneCm":682368,"stat.deaths":4,"stat.drop":4,"stat.jump":349,"stat.drop.minecraft.skull":3,"stat.playOneMinute":135604,"stat.pickup.minecraft.stone_button":5,"stat.sneakTime":3468,"stat.damageDealt":170,"stat.crouchOneCm":8633,"stat.timeSinceDeath":135041,"stat.useItem.minecraft.stone_button":8,"stat.sprintOneCm":43726,"stat.useItem.minecraft.sign":10,"stat.useItem.minecraft.stone_slab2":1382,"stat.pickup.minecraft.skull":2}