{"stat.chestOpened":26,"stat.useItem.minecraft.string":4,"stat.useItem.minecraft.stone":341,"stat.useItem.minecraft.repeater":254,"stat.leaveGame":7,"stat.useItem.minecraft.diamond_sword":125,"stat.useItem.minecraft.carpet":4,"stat.useItem.minecraft.stained_glass_pane":27,"stat.useItem.minecraft.glowstone":32,"stat.useItem.minecraft.bedrock":124,"stat.jump":423,"stat.fallOneCm":269,"stat.crouchOneCm":2885,"stat.useItem.minecraft.mycelium":75,"stat.useItem.minecraft.dirt":1180,"achievement.exploreAllBiomes":{"value":0,"progress":["Ocean"]},"stat.useItem.minecraft.sapling":4,"stat.useItem.minecraft.leaves2":21,"stat.damageTaken":210,"stat.useItem.minecraft.gold_block":59,"stat.tradedWithVillager":32,"stat.flyOneCm":1145545,"stat.killEntity.Villager":26,"stat.damageDealt":11035,"stat.useItem.minecraft.wool":17,"stat.timeSinceDeath":259237,"stat.useItem.minecraft.sign":23,"stat.useItem.minecraft.spawn_egg":2,"stat.useItem.minecraft.wooden_slab":8,"stat.useItem.minecraft.command_block":84,"stat.walkOneCm":141297,"stat.useItem.minecraft.chest":5,"stat.useItem.minecraft.comparator":4,"stat.useItem.minecraft.oak_stairs":17,"stat.killEntity.Creeper":1,"stat.talkedToVillager":164,"stat.useItem.minecraft.double_plant":7,"stat.useItem.minecraft.redstone_block":153,"stat.useItem.minecraft.redstone":42,"stat.useItem.minecraft.stained_hardened_clay":31,"stat.useItem.minecraft.stained_glass":48,"stat.sprintOneCm":12904,"stat.useItem.minecraft.tallgrass":7,"stat.useItem.minecraft.redstone_ore":3,"stat.useItem.minecraft.fence":19,"stat.killEntity.Skeleton":3,"achievement.openInventory":154,"stat.useItem.minecraft.barrier":50,"stat.killEntity.Chicken":2,"stat.useItem.minecraft.iron_block":596,"stat.useItem.minecraft.wooden_button":43,"stat.killEntity.Spider":7,"stat.useItem.minecraft.stone_pressure_plate":2,"stat.mobKills":48,"stat.useItem.minecraft.dye":11,"stat.deaths":3,"stat.drop":31,"stat.playOneMinute":422532,"stat.killEntity.Zombie":4}