{"stats":{"minecraft:killed":{"minecraft:wandering_trader":1,"minecraft:trader_llama":2},"minecraft:mined":{"minecraft:grass_block":2,"minecraft:dirt":1},"minecraft:used":{"minecraft:oak_fence":66,"minecraft:oak_trapdoor":16,"minecraft:light_blue_stained_glass_pane":17,"minecraft:nether_brick_fence":35,"minecraft:writable_book":13,"minecraft:iron_bars":220,"minecraft:orange_concrete":122,"minecraft:armor_stand":2,"minecraft:smooth_quartz_slab":272,"minecraft:dispenser":4,"minecraft:red_concrete":1989,"minecraft:bone_block":55,"minecraft:redstone":849,"minecraft:diamond_hoe":22,"minecraft:ladder":18,"minecraft:oak_sign":121,"minecraft:spruce_planks":16,"minecraft:chest":25,"minecraft:brown_concrete":1,"minecraft:stone":3647,"minecraft:red_nether_brick_stairs":43,"minecraft:quartz_stairs":36,"minecraft:bell":6,"minecraft:green_terracotta":147,"minecraft:netherrack":2150,"minecraft:oak_door":13,"minecraft:torch":2,"minecraft:dirt":83,"minecraft:brewing_stand":1,"minecraft:anvil":11,"minecraft:red_nether_brick_slab":39,"minecraft:blue_stained_glass":791,"minecraft:hopper":20,"minecraft:nether_quartz_ore":134,"minecraft:nether_bricks":139,"minecraft:cobblestone_wall":35,"minecraft:carrot":5,"minecraft:stone_stairs":2,"minecraft:oak_wood":78,"minecraft:blue_concrete":27,"minecraft:oak_fence_gate":8,"minecraft:light_blue_stained_glass":18,"minecraft:nether_brick_stairs":35,"minecraft:milk_bucket":20,"minecraft:birch_door":5,"minecraft:andesite_wall":11,"minecraft:glass":163,"minecraft:stone_brick_slab":8,"minecraft:brown_terracotta":1,"minecraft:sea_lantern":141,"minecraft:lava_bucket":58,"minecraft:bricks":126,"minecraft:bookshelf":62,"minecraft:light_gray_stained_glass":1,"minecraft:quartz_pillar":262,"minecraft:quartz_slab":131,"minecraft:grass_block":201,"minecraft:iron_block":482,"minecraft:lantern":57,"minecraft:oak_stairs":131,"minecraft:acacia_slab":42,"minecraft:smooth_sandstone":242,"minecraft:chicken_spawn_egg":1,"minecraft:dark_oak_slab":6,"minecraft:smooth_quartz":2474,"minecraft:dark_oak_button":2,"minecraft:barrel":61,"minecraft:stone_brick_stairs":67,"minecraft:stone_bricks":244,"minecraft:item_frame":104,"minecraft:repeater":288,"minecraft:emerald_block":9,"minecraft:red_carpet":40,"minecraft:birch_trapdoor":7,"minecraft:purple_concrete":54,"minecraft:glowstone":355,"minecraft:written_book":1,"minecraft:redstone_lamp":14,"minecraft:bow":5,"minecraft:lime_concrete":559,"minecraft:snow":37,"minecraft:black_stained_glass":10,"minecraft:hay_block":48,"minecraft:iron_trapdoor":114,"minecraft:lime_stained_glass":1029,"minecraft:furnace":1,"minecraft:white_stained_glass_pane":12,"minecraft:minecart":1,"minecraft:gold_block":22,"minecraft:trapped_chest":6,"minecraft:stone_pressure_plate":48,"minecraft:potato":5,"minecraft:acacia_planks":220,"minecraft:observer":173,"minecraft:orange_terracotta":34,"minecraft:wheat_seeds":8,"minecraft:emerald_ore":21,"minecraft:water_bucket":124,"minecraft:nether_brick_wall":19,"minecraft:cow_spawn_egg":1,"minecraft:jigsaw":2,"minecraft:birch_planks":71,"minecraft:lead":1,"minecraft:red_stained_glass":34,"minecraft:powered_rail":79,"minecraft:polished_andesite":2,"minecraft:dark_oak_sign":8,"minecraft:oak_planks":2678,"minecraft:red_nether_bricks":108,"minecraft:redstone_block":197,"minecraft:cauldron":1,"minecraft:stonecutter":9,"minecraft:horse_spawn_egg":2,"minecraft:yellow_terracotta":140,"minecraft:smooth_quartz_stairs":489,"minecraft:oak_leaves":5,"minecraft:pink_concrete":3,"minecraft:terracotta":57,"minecraft:mossy_cobblestone":23,"minecraft:diamond_block":2,"minecraft:lime_terracotta":148,"minecraft:orange_carpet":21,"minecraft:sand":1,"minecraft:rail":63,"minecraft:comparator":23,"minecraft:lime_stained_glass_pane":3,"minecraft:light_blue_concrete":1806,"minecraft:crafting_table":4,"minecraft:oak_slab":363,"minecraft:loom":5,"minecraft:blast_furnace":1,"minecraft:birch_sign":2,"minecraft:black_banner":30,"minecraft:yellow_concrete":46,"minecraft:campfire":7,"minecraft:stone_brick_wall":16,"minecraft:note_block":20,"minecraft:gray_concrete":17,"minecraft:painting":98,"minecraft:end_stone":8,"minecraft:smooth_red_sandstone_stairs":22,"minecraft:smoker":1,"minecraft:redstone_torch":147,"minecraft:oak_log":36,"minecraft:black_terracotta":1176,"minecraft:sticky_piston":262,"minecraft:firework_rocket":20,"minecraft:piston":63,"minecraft:flower_pot":1,"minecraft:lever":114,"minecraft:green_concrete":30,"minecraft:acacia_stairs":17,"minecraft:black_concrete":3477,"minecraft:activator_rail":1,"minecraft:acacia_sign":24,"minecraft:command_block":346,"minecraft:lime_carpet":127,"minecraft:light_gray_concrete":5,"minecraft:heavy_weighted_pressure_plate":2,"minecraft:stone_button":149,"minecraft:string":6,"minecraft:map":39,"minecraft:oak_button":5,"minecraft:barrier":240,"minecraft:pig_spawn_egg":1,"minecraft:detector_rail":4,"minecraft:lectern":2,"minecraft:magenta_concrete":125,"minecraft:cyan_concrete":1,"minecraft:stone_slab":10,"minecraft:spruce_trapdoor":6,"minecraft:iron_door":39,"minecraft:blue_carpet":18,"minecraft:chiseled_stone_bricks":12,"minecraft:diamond_sword":8,"minecraft:potion":2,"minecraft:white_banner":54,"minecraft:grindstone":9,"minecraft:dark_oak_fence":5,"minecraft:andesite":47,"minecraft:white_stained_glass":13,"minecraft:magenta_glazed_terracotta":13,"minecraft:repeating_command_block":2,"minecraft:glass_pane":121,"minecraft:smooth_stone_slab":255,"minecraft:white_concrete":488,"minecraft:smooth_stone":355,"minecraft:green_stained_glass":3},"minecraft:custom":{"minecraft:mob_kills":4,"minecraft:inspect_hopper":16,"minecraft:interact_with_crafting_table":20,"minecraft:open_barrel":32,"minecraft:fill_cauldron":1,"minecraft:bell_ring":6,"minecraft:leave_game":46,"minecraft:time_since_death":2416349,"minecraft:climb_one_cm":1269,"minecraft:damage_resisted":60,"minecraft:sprint_one_cm":1394376,"minecraft:walk_one_cm":3964264,"minecraft:drop":33,"minecraft:talked_to_villager":25,"minecraft:sneak_time":49949,"minecraft:walk_under_water_one_cm":49383,"minecraft:interact_with_lectern":9,"minecraft:interact_with_brewingstand":3,"minecraft:jump":6940,"minecraft:walk_on_water_one_cm":16876,"minecraft:tune_noteblock":49,"minecraft:play_one_minute":2416349,"minecraft:interact_with_loom":1,"minecraft:pot_flower":1,"minecraft:interact_with_stonecutter":3,"minecraft:time_since_rest":2416349,"minecraft:trigger_trapped_chest":20,"minecraft:minecart_one_cm":2488,"minecraft:damage_dealt":575,"minecraft:swim_one_cm":16988,"minecraft:fly_one_cm":4801854,"minecraft:open_chest":75,"minecraft:crouch_one_cm":24987,"minecraft:fall_one_cm":1127,"minecraft:inspect_dispenser":9,"minecraft:horse_one_cm":732},"minecraft:crafted":{"minecraft:firework_star":13,"minecraft:firework_rocket":66},"minecraft:dropped":{"minecraft:birch_planks":1,"minecraft:lantern":1,"minecraft:command_block":5,"minecraft:grass_block":1,"minecraft:red_carpet":1,"minecraft:stone_button":36,"minecraft:white_concrete":1,"minecraft:smooth_quartz":1,"minecraft:map":128,"minecraft:potion":1,"minecraft:redstone":2,"minecraft:oak_planks":1,"minecraft:blue_concrete":1,"minecraft:light_blue_concrete":2,"minecraft:acacia_stairs":1,"minecraft:nether_bricks":1,"minecraft:glass_pane":1,"minecraft:sea_lantern":1,"minecraft:stone":1,"minecraft:oak_wood":1,"minecraft:quartz_stairs":1,"minecraft:redstone_torch":1,"minecraft:glass":1,"minecraft:netherrack":1,"minecraft:quartz_slab":1},"minecraft:picked_up":{"minecraft:light_blue_concrete":3,"minecraft:redstone_block":1,"minecraft:ladder":2,"minecraft:anvil":2,"minecraft:lead":3,"minecraft:potion":1,"minecraft:blue_concrete":1,"minecraft:snow":1,"minecraft:item_frame":8,"minecraft:sticky_piston":1,"minecraft:quartz_slab":1,"minecraft:oak_sign":13,"minecraft:glass_pane":1,"minecraft:smooth_stone":1,"minecraft:comparator":5,"minecraft:acacia_sign":9,"minecraft:redstone_torch":21,"minecraft:player_head":1,"minecraft:observer":1,"minecraft:smooth_quartz":1,"minecraft:quartz_stairs":1,"minecraft:piston":1,"minecraft:smooth_quartz_stairs":1,"minecraft:egg":15,"minecraft:stone":2,"minecraft:oak_door":2,"minecraft:torch":2,"minecraft:quartz_pillar":2,"minecraft:stone_button":91,"minecraft:redstone":76,"minecraft:blue_carpet":4,"minecraft:stone_pressure_plate":6,"minecraft:lime_carpet":1,"minecraft:command_block":5,"minecraft:light_blue_stained_glass_pane":1,"minecraft:nether_bricks":1,"minecraft:rail":26,"minecraft:repeater":3,"minecraft:iron_door":3,"minecraft:orange_carpet":7,"minecraft:leather":2,"minecraft:map":128,"minecraft:dirt":3,"minecraft:lantern":5,"minecraft:white_banner":1,"minecraft:name_tag":1,"minecraft:glass":3,"minecraft:red_carpet":6,"minecraft:powered_rail":4,"minecraft:oak_planks":1,"minecraft:milk_bucket":2,"minecraft:black_stained_glass_pane":1,"minecraft:grass_block":1,"minecraft:acacia_stairs":1,"minecraft:spectral_arrow":7,"minecraft:sea_lantern":2,"minecraft:oak_wood":1,"minecraft:diamond":3,"minecraft:lever":15,"minecraft:writable_book":1,"minecraft:painting":3,"minecraft:white_concrete":2,"minecraft:oak_button":1,"minecraft:netherrack":1,"minecraft:magenta_concrete":1,"minecraft:smooth_quartz_slab":1,"minecraft:hopper":1}},"DataVersion":1963}