{"stat.useItem.minecraft.command_block":12,"stat.walkOneCm":45616,"stat.useItem.minecraft.stone":333,"stat.useItem.minecraft.repeater":8,"stat.leaveGame":3,"stat.useItem.minecraft.observer":6,"stat.useItem.minecraft.comparator":7,"stat.useItem.minecraft.tnt":191,"stat.useItem.minecraft.cobblestone":20,"stat.useItem.minecraft.glowstone":314,"stat.useItem.minecraft.bedrock":2,"stat.jump":165,"stat.fallOneCm":882,"stat.useItem.minecraft.redstone":15,"stat.crouchOneCm":1691,"stat.useItem.minecraft.redstone_torch":7,"stat.useItem.minecraft.dirt":106,"stat.sprintOneCm":17764,"stat.drop.minecraft.command_block":1,"stat.pickup.minecraft.command_block":1,"stat.useItem.minecraft.barrier":40,"stat.useItem.minecraft.wooden_button":4,"stat.damageTaken":20,"stat.flyOneCm":100648,"stat.deaths":7,"stat.drop":1,"stat.playOneMinute":55991,"stat.sneakTime":1285,"stat.timeSinceDeath":23855,"stat.useItem.minecraft.sign":19}