{"stat.useItem.minecraft.repeater":63,"stat.leaveGame":15,"stat.drop.minecraft.redstone":23,"stat.useItem.minecraft.diamond_sword":19,"stat.swimOneCm":6309,"stat.useItem.minecraft.planks":36,"stat.climbOneCm":36,"stat.useItem.minecraft.redstone_torch":14,"stat.useItem.minecraft.dirt":715,"stat.useItem.minecraft.water_bucket":42,"stat.pickup.minecraft.sand":4,"stat.useItem.minecraft.sandstone_stairs":37,"stat.useItem.minecraft.anvil":1,"stat.flyOneCm":726570,"stat.drop.minecraft.heavy_weighted_pressure_plate":1,"stat.pickup.minecraft.redstone":22,"stat.timeSinceDeath":18597,"stat.useItem.minecraft.sign":61,"stat.useItem.minecraft.spawn_egg":2,"stat.pickup.minecraft.stained_hardened_clay":1,"stat.useItem.minecraft.wooden_slab":50,"stat.useItem.minecraft.iron_door":2,"stat.trappedChestTriggered":6,"stat.useItem.minecraft.lever":1,"stat.furnaceInteraction":2,"stat.drop.minecraft.diamond_block":1,"stat.pickup.minecraft.wooden_button":5,"stat.useItem.minecraft.redstone":71,"stat.drop.minecraft.stained_hardened_clay":1,"stat.drop.minecraft.anvil":1,"stat.sprintOneCm":90193,"stat.useItem.minecraft.diamond_block":209,"stat.useItem.minecraft.fence":13,"stat.useItem.minecraft.dark_oak_door":2,"stat.useItem.minecraft.stone_slab":52,"stat.useItem.minecraft.wooden_button":66,"stat.useItem.minecraft.stone_pressure_plate":4,"stat.deaths":36,"stat.drop":37,"stat.playOneMinute":336138,"stat.pickup.minecraft.stone_button":3,"stat.useItem.minecraft.ladder":1,"stat.useItem.minecraft.diamond_ore":1,"stat.pickup.minecraft.diamond_block":1,"stat.diveOneCm":3776,"stat.useItem.minecraft.sticky_piston":19,"stat.pickup.minecraft.sign":1,"stat.useItem.minecraft.stone":981,"stat.useItem.minecraft.heavy_weighted_pressure_plate":11,"stat.useItem.minecraft.bedrock":40,"stat.jump":1950,"stat.useItem.minecraft.sand":608,"stat.useItem.minecraft.wooden_hoe":3,"stat.fallOneCm":10390,"stat.drop.minecraft.stone":1,"stat.useItem.minecraft.trapped_chest":4,"stat.crouchOneCm":26928,"stat.useItem.minecraft.stone_button":34,"stat.useItem.minecraft.light_weighted_pressure_plate":7,"stat.useItem.minecraft.glass":28,"stat.pickup.minecraft.heavy_weighted_pressure_plate":1,"stat.drop.minecraft.barrier":2,"stat.pickup.minecraft.command_block":3,"stat.damageTaken":990,"stat.useItem.minecraft.furnace":1,"stat.drop.minecraft.stone_button":3,"stat.useItem.minecraft.magma":5,"stat.killEntity.Shulker":2,"stat.damageDealt":602,"stat.useItem.minecraft.wool":584,"stat.pickup.minecraft.shulker_shell":1,"stat.useItem.minecraft.command_block":92,"stat.walkOneCm":316151,"stat.useItem.minecraft.log":19,"stat.useItem.minecraft.gravel":45,"stat.useItem.minecraft.lava_bucket":122,"stat.useItem.minecraft.golden_hoe":15,"stat.drop.minecraft.sign":1,"stat.pickup.minecraft.stone":1,"stat.useItem.minecraft.stained_hardened_clay":108,"stat.drop.minecraft.command_block":3,"stat.useItem.minecraft.concrete":322,"stat.pickup.minecraft.barrier":2,"stat.useItem.minecraft.barrier":314,"stat.useItem.minecraft.iron_block":563,"stat.useItem.minecraft.wooden_pressure_plate":1,"stat.mobKills":2,"stat.sneakTime":17611,"stat.useItem.minecraft.sandstone":297,"stat.useItem.minecraft.web":8}