{"stats":{"minecraft:dropped":{"minecraft:oak_log":1,"minecraft:dirt":1,"minecraft:brown_mushroom_block":5,"minecraft:end_stone":1,"minecraft:prismarine":1,"minecraft:ladder":2,"minecraft:vine":1,"minecraft:bookshelf":1,"minecraft:command_block":2,"minecraft:lava_bucket":1,"minecraft:torch":1,"minecraft:furnace":1,"minecraft:smooth_stone_slab":1,"minecraft:comparator":1,"minecraft:stone":2},"minecraft:mined":{"minecraft:red_bed":1,"minecraft:oak_log":1,"minecraft:dirt":386,"minecraft:oak_leaves":826,"minecraft:white_wool":1,"minecraft:gray_bed":1},"minecraft:broken":{"minecraft:shears":1},"minecraft:custom":{"minecraft:interact_with_crafting_table":23,"minecraft:open_barrel":2,"minecraft:open_shulker_box":24,"minecraft:bell_ring":2,"minecraft:leave_game":386,"minecraft:time_since_death":64842,"minecraft:sprint_one_cm":5580691,"minecraft:drop":18,"minecraft:deaths":116,"minecraft:jump":64523,"minecraft:walk_on_water_one_cm":246565,"minecraft:interact_with_furnace":11,"minecraft:play_one_minute":12347417,"minecraft:open_enderchest":18,"minecraft:interact_with_beacon":10,"minecraft:crouch_one_cm":778177,"minecraft:inspect_dispenser":6,"minecraft:inspect_dropper":3,"minecraft:inspect_hopper":1,"minecraft:fill_cauldron":1,"minecraft:climb_one_cm":227503,"minecraft:walk_one_cm":11504981,"minecraft:sneak_time":682431,"minecraft:walk_under_water_one_cm":243177,"minecraft:pot_flower":12,"minecraft:time_since_rest":64866,"minecraft:damage_taken":18960,"minecraft:swim_one_cm":9556,"minecraft:fly_one_cm":91131275,"minecraft:open_chest":69,"minecraft:fall_one_cm":188586},"minecraft:used":{"minecraft:nether_brick_fence":229,"minecraft:light_blue_stained_glass_pane":1,"minecraft:blue_terracotta":71,"minecraft:writable_book":2,"minecraft:red_sand":4,"minecraft:iron_shovel":271,"minecraft:dead_tube_coral_fan":4,"minecraft:light_gray_stained_glass_pane":2,"minecraft:melon":79,"minecraft:cut_red_sandstone_slab":703,"minecraft:red_sandstone_slab":583,"minecraft:smooth_quartz_slab":216,"minecraft:dead_horn_coral_block":10,"minecraft:spruce_slab":392,"minecraft:dispenser":12,"minecraft:ladder":576,"minecraft:dead_brain_coral":12,"minecraft:poppy":209,"minecraft:bone_block":278,"minecraft:oak_sign":150,"minecraft:white_concrete_powder":597,"minecraft:chest":23,"minecraft:white_terracotta":5686,"minecraft:stone":55938,"minecraft:nether_wart":74,"minecraft:bell":7,"minecraft:red_nether_brick_stairs":11,"minecraft:quartz_stairs":6,"minecraft:grass":144,"minecraft:smooth_sandstone_stairs":17,"minecraft:player_head":47,"minecraft:mossy_stone_brick_slab":31,"minecraft:tube_coral":3,"minecraft:spruce_leaves":575,"minecraft:soul_sand":784,"minecraft:lily_of_the_valley":13,"minecraft:cocoa_beans":2,"minecraft:brick_slab":1,"minecraft:nether_bricks":2067,"minecraft:prismarine_brick_stairs":5,"minecraft:carrot":1,"minecraft:orange_wool":527,"minecraft:pink_terracotta":61,"minecraft:cyan_wool":6524,"minecraft:azure_bluet":41,"minecraft:stripped_spruce_log":28,"minecraft:milk_bucket":1,"minecraft:obsidian":513,"minecraft:red_sandstone_stairs":2,"minecraft:glass":103,"minecraft:packed_ice":1252,"minecraft:honey_block":4,"minecraft:cyan_terracotta":86,"minecraft:lava_bucket":3796,"minecraft:bricks":8,"minecraft:coal_ore":263,"minecraft:quartz_pillar":187,"minecraft:quartz_slab":78,"minecraft:red_wool":61,"minecraft:spruce_wood":181,"minecraft:lantern":39,"minecraft:grass_block":1979,"minecraft:quartz_block":236,"minecraft:dark_oak_wood":257,"minecraft:dark_oak_slab":232,"minecraft:mossy_cobblestone_slab":106,"minecraft:gray_concrete_powder":13,"minecraft:dark_oak_button":11,"minecraft:pink_wool":165,"minecraft:stone_brick_stairs":210,"minecraft:stone_bricks":3586,"minecraft:bedrock":394,"minecraft:birch_button":1,"minecraft:red_nether_brick_wall":3,"minecraft:honeycomb_block":1,"minecraft:repeater":443,"minecraft:redstone_lamp":19,"minecraft:snow":2140,"minecraft:magma_block":166,"minecraft:brown_carpet":9,"minecraft:horn_coral":1,"minecraft:hay_block":55,"minecraft:sweet_berries":2,"minecraft:furnace":78,"minecraft:oak_sapling":139,"minecraft:beetroot_seeds":18,"minecraft:acacia_fence":180,"minecraft:polished_diorite_stairs":3,"minecraft:gold_block":351,"minecraft:skeleton_skull":29,"minecraft:fire_coral_fan":4,"minecraft:pink_concrete_powder":34,"minecraft:end_stone_brick_stairs":14,"minecraft:potato":11,"minecraft:seagrass":11,"minecraft:dark_prismarine_stairs":75,"minecraft:large_fern":3,"minecraft:dark_oak_stairs":116,"minecraft:mossy_stone_bricks":147,"minecraft:ink_sac":1688,"minecraft:diorite":77,"minecraft:end_rod":107,"minecraft:end_stone_bricks":521,"minecraft:cow_spawn_egg":2,"minecraft:spruce_door":4,"minecraft:dropper":4,"minecraft:stripped_birch_log":3,"minecraft:birch_leaves":767,"minecraft:dark_oak_sign":14,"minecraft:prismarine":3774,"minecraft:jungle_fence":40,"minecraft:oak_planks":2701,"minecraft:prismarine_stairs":8,"minecraft:lily_pad":209,"minecraft:polished_diorite_slab":1,"minecraft:cactus":527,"minecraft:lime_concrete_powder":9,"minecraft:mossy_stone_brick_stairs":5,"minecraft:sandstone":3833,"minecraft:black_glazed_terracotta":9,"minecraft:redstone_block":19,"minecraft:end_stone_brick_slab":63,"minecraft:clay":2,"minecraft:sugar_cane":348,"minecraft:purpur_pillar":77,"minecraft:smooth_quartz_stairs":185,"minecraft:oak_leaves":7093,"minecraft:white_wool":2138,"minecraft:dark_oak_trapdoor":4,"minecraft:purpur_stairs":15,"minecraft:sand":3916,"minecraft:yellow_terracotta":147,"minecraft:light_blue_concrete":187,"minecraft:cut_sandstone_slab":35,"minecraft:light_blue_wool":2,"minecraft:black_banner":1,"minecraft:smooth_red_sandstone":220,"minecraft:light_gray_terracotta":33,"minecraft:yellow_concrete":29,"minecraft:acacia_leaves":648,"minecraft:dead_bubble_coral":2,"minecraft:sponge":122,"minecraft:chiseled_quartz_block":54,"minecraft:purple_terracotta":47,"minecraft:gray_concrete":33,"minecraft:stone_brick_wall":55,"minecraft:end_stone":6788,"minecraft:shears":825,"minecraft:red_sandstone_wall":285,"minecraft:pumpkin_seeds":1,"minecraft:birch_fence":42,"minecraft:redstone_torch":44,"minecraft:black_terracotta":142,"minecraft:sticky_piston":4,"minecraft:dead_fire_coral_fan":3,"minecraft:lever":27,"minecraft:green_concrete":15,"minecraft:red_sandstone":138,"minecraft:black_concrete":63,"minecraft:daylight_detector":2,"minecraft:chiseled_sandstone":4,"minecraft:acacia_door":4,"minecraft:dark_oak_log":7,"minecraft:lime_carpet":7,"minecraft:heavy_weighted_pressure_plate":1,"minecraft:barrier":646,"minecraft:brown_stained_glass":3,"minecraft:string":13,"minecraft:cyan_carpet":43,"minecraft:stone_button":92,"minecraft:red_terracotta":43,"minecraft:diamond_ore":3,"minecraft:iron_door":22,"minecraft:gravel":688,"minecraft:lilac":1,"minecraft:polished_andesite_slab":1,"minecraft:dead_horn_coral":1,"minecraft:nether_wart_block":17,"minecraft:coal_block":136,"minecraft:light_blue_concrete_powder":7,"minecraft:dead_horn_coral_fan":4,"minecraft:grindstone":1,"minecraft:dark_oak_fence":58,"minecraft:white_stained_glass":157,"minecraft:andesite":498,"minecraft:birch_log":3,"minecraft:smooth_stone_slab":2999,"minecraft:mossy_cobblestone_wall":2,"minecraft:pink_stained_glass":111,"minecraft:ice":3462,"minecraft:white_concrete":13548,"minecraft:coarse_dirt":394,"minecraft:chorus_plant":181,"minecraft:bone_meal":407,"minecraft:purple_wool":1762,"minecraft:diorite_slab":4,"minecraft:cobweb":45,"minecraft:gray_stained_glass":46,"minecraft:oak_fence":1300,"minecraft:oak_trapdoor":21,"minecraft:purpur_block":271,"minecraft:petrified_oak_slab":3,"minecraft:orange_concrete_powder":4,"minecraft:iron_bars":285,"minecraft:jungle_leaves":531,"minecraft:rose_bush":1,"minecraft:enchanting_table":13,"minecraft:dead_bush":164,"minecraft:acacia_log":1288,"minecraft:dead_tube_coral_block":118,"minecraft:brain_coral_fan":1,"minecraft:orange_concrete":153,"minecraft:flint_and_steel":34,"minecraft:carved_pumpkin":186,"minecraft:redstone_ore":6,"minecraft:red_concrete":170,"minecraft:redstone":111,"minecraft:mycelium":460,"minecraft:spruce_planks":335,"minecraft:ender_chest":3,"minecraft:brown_shulker_box":2,"minecraft:netherrack":7614,"minecraft:oak_door":5,"minecraft:torch":195,"minecraft:light_gray_shulker_box":1,"minecraft:brewing_stand":2,"minecraft:dirt":14621,"minecraft:anvil":15,"minecraft:red_nether_brick_slab":41,"minecraft:white_carpet":216,"minecraft:chorus_flower":48,"minecraft:hopper":3,"minecraft:nether_quartz_ore":101,"minecraft:prismarine_bricks":900,"minecraft:spruce_stairs":422,"minecraft:cobblestone_wall":245,"minecraft:nether_brick_slab":244,"minecraft:stone_stairs":19,"minecraft:dead_tube_coral":5,"minecraft:yellow_carpet":1,"minecraft:oak_wood":240,"minecraft:spruce_fence":637,"minecraft:granite":2,"minecraft:dead_brain_coral_block":39,"minecraft:blue_concrete":438,"minecraft:nether_brick_stairs":387,"minecraft:oak_fence_gate":7,"minecraft:fern":80,"minecraft:andesite_wall":4,"minecraft:iron_hoe":228,"minecraft:purple_stained_glass_pane":3,"minecraft:dark_oak_planks":8,"minecraft:stone_brick_slab":209,"minecraft:brown_terracotta":31,"minecraft:sea_lantern":94,"minecraft:chipped_anvil":2,"minecraft:bookshelf":68,"minecraft:light_gray_stained_glass":7,"minecraft:red_tulip":1,"minecraft:cyan_shulker_box":1,"minecraft:yellow_stained_glass":4,"minecraft:iron_block":20,"minecraft:light_weighted_pressure_plate":90,"minecraft:oak_stairs":178,"minecraft:smooth_sandstone":452,"minecraft:spruce_button":4,"minecraft:slime_block":464,"minecraft:acacia_slab":6,"minecraft:smooth_quartz":948,"minecraft:barrel":2,"minecraft:melon_seeds":12,"minecraft:prismarine_slab":7,"minecraft:bamboo":283,"minecraft:yellow_concrete_powder":4,"minecraft:tripwire_hook":3,"minecraft:purple_concrete":9,"minecraft:glowstone":389,"minecraft:lime_concrete":68,"minecraft:black_stained_glass":5,"minecraft:magenta_wool":247,"minecraft:tall_grass":74,"minecraft:iron_trapdoor":12,"minecraft:magenta_terracotta":34,"minecraft:dark_oak_pressure_plate":7,"minecraft:white_stained_glass_pane":295,"minecraft:podzol":306,"minecraft:minecart":1,"minecraft:acacia_wood":69,"minecraft:cyan_concrete_powder":12,"minecraft:horn_coral_block":11,"minecraft:dead_bubble_coral_block":24,"minecraft:observer":13,"minecraft:orange_terracotta":33,"minecraft:mossy_stone_brick_wall":2,"minecraft:dead_bubble_coral_fan":7,"minecraft:brain_coral_block":11,"minecraft:wheat_seeds":222,"minecraft:water_bucket":2047,"minecraft:nether_brick_wall":74,"minecraft:iron_ore":90,"minecraft:cobblestone_stairs":367,"minecraft:pink_glazed_terracotta":2,"minecraft:sandstone_stairs":588,"minecraft:prismarine_brick_slab":103,"minecraft:snow_block":809,"minecraft:birch_planks":277,"minecraft:lead":4,"minecraft:smooth_sandstone_slab":9,"minecraft:lime_wool":19,"minecraft:red_nether_bricks":140,"minecraft:cartography_table":1,"minecraft:blue_wool":11,"minecraft:andesite_slab":20,"minecraft:purple_glazed_terracotta":8,"minecraft:red_mushroom_block":318,"minecraft:cut_sandstone":3,"minecraft:brown_mushroom":140,"minecraft:blue_concrete_powder":6,"minecraft:cauldron":10,"minecraft:beacon":6,"minecraft:cobblestone_slab":346,"minecraft:gold_ore":17,"minecraft:cracked_stone_bricks":138,"minecraft:pink_concrete":668,"minecraft:jungle_wood":171,"minecraft:stripped_dark_oak_log":4,"minecraft:mossy_cobblestone":190,"minecraft:rail":521,"minecraft:terracotta":12021,"minecraft:orange_carpet":64,"minecraft:lime_terracotta":31,"minecraft:comparator":58,"minecraft:vine":445,"minecraft:tnt":30,"minecraft:oak_slab":2350,"minecraft:dark_prismarine_slab":17,"minecraft:crafting_table":84,"minecraft:red_bed":1,"minecraft:dead_fire_coral_block":19,"minecraft:red_mushroom":64,"minecraft:campfire":8,"minecraft:white_bed":60,"minecraft:dark_oak_fence_gate":8,"minecraft:painting":58,"minecraft:spruce_log":299,"minecraft:dark_oak_door":2,"minecraft:mushroom_stem":119,"minecraft:cyan_stained_glass":9,"minecraft:oak_log":3139,"minecraft:purple_stained_glass":3,"minecraft:gray_terracotta":9,"minecraft:dark_prismarine":974,"minecraft:flower_pot":29,"minecraft:ender_eye":9,"minecraft:acacia_stairs":2,"minecraft:activator_rail":1,"minecraft:diamond_shovel":387,"minecraft:dead_fire_coral":3,"minecraft:command_block":707,"minecraft:sunflower":226,"minecraft:oak_button":15,"minecraft:cyan_concrete":76,"minecraft:detector_rail":1,"minecraft:jungle_stairs":1,"minecraft:magenta_concrete":43,"minecraft:stone_slab":773,"minecraft:purpur_slab":93,"minecraft:magenta_concrete_powder":4,"minecraft:yellow_wool":10,"minecraft:green_carpet":3,"minecraft:chiseled_stone_bricks":13,"minecraft:cobblestone":1128,"minecraft:potion":1,"minecraft:cyan_stained_glass_pane":1,"minecraft:red_concrete_powder":2,"minecraft:jungle_door":2,"minecraft:lapis_block":3,"minecraft:sandstone_slab":2,"minecraft:chain_command_block":14,"minecraft:glass_pane":61,"minecraft:grass_path":445,"minecraft:repeating_command_block":11,"minecraft:end_portal_frame":25,"minecraft:wither_rose":1,"minecraft:stripped_oak_log":16,"minecraft:purple_carpet":8,"minecraft:gray_wool":13,"minecraft:brown_mushroom_block":449,"minecraft:jukebox":2,"minecraft:birch_stairs":8,"minecraft:green_stained_glass":49},"minecraft:picked_up":{"minecraft:lead":1,"minecraft:smooth_stone_slab":1,"minecraft:comparator":1,"minecraft:furnace":1,"minecraft:torch":1,"minecraft:vine":1,"minecraft:command_block":2,"minecraft:bookshelf":1,"minecraft:dirt":1,"minecraft:prismarine":1,"minecraft:brown_mushroom_block":5,"minecraft:ladder":2,"minecraft:brown_mushroom":1,"minecraft:end_stone":1,"minecraft:stone":2,"minecraft:oak_log":1},"minecraft:crafted":{"minecraft:leather_chestplate":3,"minecraft:leather_leggings":4,"minecraft:leather_boots":4}},"DataVersion":2230}