{"stats":{"minecraft:custom":{"minecraft:time_since_rest":78979,"minecraft:sprint_one_cm":15238,"minecraft:damage_taken":240,"minecraft:walk_one_cm":30738,"minecraft:drop":81,"minecraft:fly_one_cm":534826,"minecraft:open_chest":49,"minecraft:play_one_minute":79034,"minecraft:crouch_one_cm":3491,"minecraft:deaths":1,"minecraft:sneak_time":2580,"minecraft:jump":69,"minecraft:leave_game":3,"minecraft:time_since_death":78832},"minecraft:dropped":{"minecraft:lava_bucket":7,"minecraft:water_bucket":1,"minecraft:clay":64,"minecraft:red_bed":1,"minecraft:vine":1,"minecraft:brown_mushroom":6,"minecraft:sugar_cane":5,"minecraft:wheat_seeds":5,"minecraft:ice":13,"minecraft:nether_wart":1,"minecraft:torch":1,"minecraft:cocoa_beans":1,"minecraft:melon_seeds":5,"minecraft:melon_slice":2,"minecraft:obsidian":10,"minecraft:oak_sapling":3,"minecraft:bone_meal":1,"minecraft:sand":64,"minecraft:red_sand":64,"minecraft:cactus":4,"minecraft:string":60,"minecraft:pumpkin_seeds":8,"minecraft:red_mushroom":5,"minecraft:bone":10,"minecraft:redstone":3},"minecraft:used":{"minecraft:dark_oak_sign":25,"minecraft:command_block":24,"minecraft:oak_sign":1,"minecraft:stone_button":20,"minecraft:grass_block":29,"minecraft:redstone":4,"minecraft:barrier":250,"minecraft:quartz_block":1370,"minecraft:chest":11,"minecraft:clay":1,"minecraft:bedrock":7,"minecraft:torch":7,"minecraft:dirt":54,"minecraft:oak_sapling":1,"minecraft:chain_command_block":1,"minecraft:repeating_command_block":1,"minecraft:bone_meal":8},"minecraft:picked_up":{"minecraft:cocoa_beans":1,"minecraft:nether_wart":2,"minecraft:water_bucket":1,"minecraft:brown_mushroom":8,"minecraft:torch":1,"minecraft:red_mushroom":7,"minecraft:lava_bucket":9,"minecraft:ice":17,"minecraft:sand":172,"minecraft:spruce_sapling":1,"minecraft:vine":1,"minecraft:redstone":1,"minecraft:string":72,"minecraft:red_bed":1,"minecraft:chicken_spawn_egg":2,"minecraft:cactus":6,"minecraft:pumpkin_seeds":10,"minecraft:bone":11,"minecraft:clay":128,"minecraft:wheat_seeds":5,"minecraft:red_sand":64,"minecraft:bone_meal":1,"minecraft:jungle_sapling":4,"minecraft:melon_seeds":6,"minecraft:oak_sapling":4,"minecraft:melon_slice":3,"minecraft:sugar_cane":7,"minecraft:birch_sapling":1,"minecraft:obsidian":10,"minecraft:acacia_sapling":1}},"DataVersion":2230}