{"stats":{"minecraft:used":{"minecraft:water_bucket":9,"minecraft:lava_bucket":2,"minecraft:cobblestone":6,"minecraft:tnt":1,"minecraft:white_stained_glass":2,"minecraft:minecart":2},"minecraft:custom":{"minecraft:open_chest":27,"minecraft:time_since_rest":13845,"minecraft:play_one_minute":13845,"minecraft:crouch_one_cm":130,"minecraft:sprint_one_cm":235,"minecraft:walk_one_cm":10024,"minecraft:sneak_time":548,"minecraft:jump":22,"minecraft:inspect_hopper":6,"minecraft:leave_game":1,"minecraft:time_since_death":13845,"minecraft:walk_on_water_one_cm":332,"minecraft:fly_one_cm":55259},"minecraft:picked_up":{"minecraft:repeater":2,"minecraft:slime_block":3,"minecraft:wheat_seeds":1,"minecraft:detector_rail":1,"minecraft:oak_fence_gate":4,"minecraft:cobblestone_wall":3,"minecraft:redstone":2,"minecraft:rail":1,"minecraft:cobblestone":10538}},"DataVersion":2230}