{"stats":{"minecraft:dropped":{"minecraft:diamond":128,"minecraft:bucket":16},"minecraft:custom":{"minecraft:jump":6,"minecraft:open_chest":2,"minecraft:time_since_rest":15137,"minecraft:crouch_one_cm":82,"minecraft:play_one_minute":15137,"minecraft:leave_game":1,"minecraft:sprint_one_cm":157,"minecraft:time_since_death":15137,"minecraft:walk_one_cm":1340,"minecraft:sneak_time":259,"minecraft:drop":130,"minecraft:fly_one_cm":146722},"minecraft:used":{"minecraft:oak_log":4,"minecraft:oak_leaves":64,"minecraft:bucket":1,"minecraft:chest":1,"minecraft:dirt":55,"minecraft:bone_meal":8,"minecraft:oak_sapling":2,"minecraft:grass_block":30}},"DataVersion":2230}