{"stats":{"minecraft:killed_by":{"minecraft:wither_skeleton":8},"minecraft:used":{"minecraft:purpur_block":67,"minecraft:water_bucket":2,"minecraft:end_rod":138,"minecraft:enchanting_table":1,"minecraft:end_stone_bricks":152,"minecraft:iron_bars":23,"minecraft:red_stained_glass":21,"minecraft:red_concrete":44,"minecraft:poppy":4,"minecraft:dispenser":3,"minecraft:redstone":90,"minecraft:red_nether_bricks":158,"minecraft:oak_planks":958,"minecraft:oak_sign":54,"minecraft:chest":4,"minecraft:wooden_pickaxe":13,"minecraft:stone":618,"minecraft:iron_sword":16,"minecraft:redstone_block":65,"minecraft:end_stone_brick_slab":32,"minecraft:player_head":35,"minecraft:mossy_cobblestone":4,"minecraft:diamond_block":1,"minecraft:dirt":1,"minecraft:red_nether_brick_slab":3,"minecraft:vine":214,"minecraft:blue_stained_glass":13,"minecraft:nether_bricks":7,"minecraft:nether_brick_slab":119,"minecraft:spruce_fence":2,"minecraft:end_stone":407,"minecraft:obsidian":2757,"minecraft:purple_stained_glass":2,"minecraft:oak_log":532,"minecraft:sticky_piston":4,"minecraft:glass":126,"minecraft:piston":2,"minecraft:sea_lantern":21,"minecraft:command_block":251,"minecraft:red_wool":1,"minecraft:yellow_stained_glass":4,"minecraft:iron_block":1,"minecraft:grass_block":29,"minecraft:barrier":3,"minecraft:oak_button":2,"minecraft:spruce_button":68,"minecraft:stone_button":12,"minecraft:lectern":2,"minecraft:red_terracotta":1,"minecraft:smooth_quartz":4,"minecraft:dark_oak_button":16,"minecraft:item_frame":7,"minecraft:golden_sword":99,"minecraft:birch_button":1,"minecraft:tripwire_hook":1,"minecraft:coal_block":1,"minecraft:glowstone":95,"minecraft:repeater":116,"minecraft:redstone_lamp":1,"minecraft:cobblestone":7,"minecraft:magma_block":63,"minecraft:emerald_block":1,"minecraft:white_stained_glass":6,"minecraft:chain_command_block":6,"minecraft:trapped_chest":2,"minecraft:gold_block":1,"minecraft:pink_stained_glass":2,"minecraft:repeating_command_block":1,"minecraft:stripped_oak_log":375,"minecraft:observer":11,"minecraft:turtle_egg":55,"minecraft:green_stained_glass":4},"minecraft:broken":{"minecraft:wooden_pickaxe":2},"minecraft:custom":{"minecraft:mob_kills":12,"minecraft:play_one_minute":1153764,"minecraft:damage_dealt_resisted":372,"minecraft:leave_game":39,"minecraft:time_since_death":53830,"minecraft:time_since_rest":53855,"minecraft:sprint_one_cm":302323,"minecraft:damage_taken":4674,"minecraft:walk_one_cm":1171606,"minecraft:trigger_trapped_chest":48,"minecraft:drop":1,"minecraft:damage_dealt":2312,"minecraft:fly_one_cm":4386414,"minecraft:open_chest":15,"minecraft:crouch_one_cm":62024,"minecraft:deaths":71,"minecraft:sneak_time":22410,"minecraft:jump":3105,"minecraft:walk_on_water_one_cm":749,"minecraft:fall_one_cm":836,"minecraft:inspect_dispenser":55},"minecraft:killed":{"minecraft:wither_skeleton":10},"minecraft:dropped":{"minecraft:redstone_block":1},"minecraft:mined":{"minecraft:red_stained_glass":6,"minecraft:end_rod":8},"minecraft:picked_up":{"minecraft:redstone_block":1,"minecraft:acacia_button":4,"minecraft:iron_sword":2,"minecraft:redstone":1,"minecraft:end_rod":3}},"DataVersion":1968}