{"stats":{"minecraft:used":{"minecraft:blue_stained_glass_pane":37,"minecraft:glass":9,"minecraft:honey_block":464,"minecraft:trident":2,"minecraft:black_concrete":1,"minecraft:yellow_stained_glass":72,"minecraft:command_block":267,"minecraft:orange_concrete":68,"minecraft:red_concrete":115,"minecraft:light_weighted_pressure_plate":1,"minecraft:red_stained_glass":425,"minecraft:slime_block":123,"minecraft:barrier":502,"minecraft:stone_button":4,"minecraft:magenta_concrete":97,"minecraft:smooth_quartz":787,"minecraft:redstone_block":232,"minecraft:cyan_concrete":109,"minecraft:stone":40,"minecraft:brown_concrete":65,"minecraft:structure_void":10,"minecraft:pink_stained_glass_pane":6,"minecraft:pink_wool":95,"minecraft:quartz_stairs":9,"minecraft:magenta_stained_glass_pane":16,"minecraft:tube_coral":5,"minecraft:smooth_quartz_stairs":30,"minecraft:orange_stained_glass":393,"minecraft:pink_concrete":46,"minecraft:brown_stained_glass_pane":10,"minecraft:repeater":6,"minecraft:soul_sand":6,"minecraft:lime_concrete":82,"minecraft:pink_stained_glass":5,"minecraft:lime_stained_glass_pane":12,"minecraft:cyan_stained_glass_pane":14,"minecraft:gold_block":3,"minecraft:birch_sign":18,"minecraft:white_stained_glass_pane":19,"minecraft:blue_ice":79,"minecraft:white_stained_glass":54,"minecraft:yellow_stained_glass_pane":19,"minecraft:chain_command_block":18,"minecraft:yellow_concrete":100,"minecraft:glass_pane":6,"minecraft:repeating_command_block":48,"minecraft:white_concrete":79,"minecraft:lingering_potion":562,"minecraft:blue_concrete":427,"minecraft:light_blue_stained_glass":6,"minecraft:snowball":905,"minecraft:orange_stained_glass_pane":10,"minecraft:splash_potion":329},"minecraft:dropped":{"minecraft:repeating_command_block":2,"minecraft:trident":1,"minecraft:gunpowder":5,"minecraft:light_blue_stained_glass":1,"minecraft:stone_button":1,"minecraft:smooth_quartz":1,"minecraft:lime_concrete":1,"minecraft:honey_block":1,"minecraft:lingering_potion":4,"minecraft:blue_ice":1,"minecraft:snowball":1,"minecraft:barrier":2,"minecraft:command_block":1,"minecraft:armor_stand":1},"minecraft:custom":{"minecraft:time_since_rest":28471,"minecraft:sprint_one_cm":632102,"minecraft:damage_taken":760,"minecraft:walk_one_cm":348228,"minecraft:drop":19,"minecraft:fly_one_cm":5018702,"minecraft:crouch_one_cm":138838,"minecraft:play_one_minute":859445,"minecraft:deaths":1797,"minecraft:sneak_time":75011,"minecraft:jump":4594,"minecraft:leave_game":10,"minecraft:time_since_death":28470,"minecraft:damage_resisted":8660,"minecraft:fall_one_cm":141177},"minecraft:picked_up":{"minecraft:redstone_block":2,"minecraft:yellow_concrete":2,"minecraft:lime_concrete":1,"minecraft:light_blue_stained_glass":1,"minecraft:gunpowder":5,"minecraft:command_block":2,"minecraft:honey_block":5,"minecraft:blue_ice":1,"minecraft:smooth_quartz":1,"minecraft:blue_banner":1,"minecraft:snowball":1}},"DataVersion":2230}