{"stats":{"minecraft:used":{"minecraft:piston":2,"minecraft:torch":6,"minecraft:lever":2,"minecraft:dirt":20,"minecraft:jungle_fence_gate":1,"minecraft:hopper":2,"minecraft:minecart":1,"minecraft:detector_rail":1,"minecraft:chest":4,"minecraft:stone":14,"minecraft:oak_fence_gate":1},"minecraft:picked_up":{"minecraft:stone":1,"minecraft:wheat_seeds":2,"minecraft:gray_wool":1,"minecraft:mutton":2},"minecraft:custom":{"minecraft:open_chest":2,"minecraft:time_since_rest":9243,"minecraft:play_one_minute":9243,"minecraft:crouch_one_cm":840,"minecraft:inspect_dropper":4,"minecraft:walk_one_cm":18113,"minecraft:sneak_time":466,"minecraft:jump":32,"minecraft:leave_game":1,"minecraft:time_since_death":9243,"minecraft:walk_on_water_one_cm":974,"minecraft:fly_one_cm":60451,"minecraft:inspect_dispenser":4}},"DataVersion":2230}