{"stats":{"minecraft:dropped":{"minecraft:repeating_command_block":2,"minecraft:command_block":3,"minecraft:light_weighted_pressure_plate":2,"minecraft:wooden_axe":3,"minecraft:sand":371,"minecraft:stripped_oak_wood":138,"minecraft:black_concrete":2,"minecraft:heavy_weighted_pressure_plate":63,"minecraft:quartz_block":39,"minecraft:red_sand":1,"minecraft:magenta_wool":4,"minecraft:quartz_slab":5},"minecraft:used":{"minecraft:oak_trapdoor":3,"minecraft:oak_fence":63,"minecraft:purpur_block":37,"minecraft:enchanting_table":4,"minecraft:red_concrete":7,"minecraft:red_sandstone_slab":7,"minecraft:redstone":28,"minecraft:ladder":194,"minecraft:chest":2,"minecraft:stone":137,"minecraft:purple_shulker_box":4,"minecraft:quartz_stairs":56,"minecraft:player_head":35,"minecraft:orange_stained_glass":1,"minecraft:debug_stick":235,"minecraft:orange_bed":10,"minecraft:brewing_stand":13,"minecraft:soul_sand":69,"minecraft:dirt":13,"minecraft:anvil":12,"minecraft:chorus_flower":5,"minecraft:prismarine_bricks":6,"minecraft:prismarine_brick_stairs":15,"minecraft:cobblestone_wall":24,"minecraft:shulker_box":18,"minecraft:orange_wool":117,"minecraft:yellow_carpet":3,"minecraft:spruce_fence":10,"minecraft:nether_brick_stairs":12,"minecraft:red_shulker_box":9,"minecraft:bookshelf":16,"minecraft:quartz_pillar":39,"minecraft:grass_block":7,"minecraft:red_wool":285,"minecraft:quartz_slab":265,"minecraft:yellow_stained_glass":1,"minecraft:iron_block":94,"minecraft:light_weighted_pressure_plate":9,"minecraft:slime_block":364,"minecraft:orange_shulker_box":5,"minecraft:quartz_block":1612,"minecraft:wet_sponge":9,"minecraft:light_blue_bed":1,"minecraft:smooth_quartz":116,"minecraft:bow":1,"minecraft:yellow_concrete_powder":1,"minecraft:bedrock":1,"minecraft:birch_button":8,"minecraft:birch_trapdoor":7,"minecraft:red_carpet":13,"minecraft:red_stained_glass_pane":7,"minecraft:repeater":15,"minecraft:redstone_lamp":22,"minecraft:magma_block":23,"minecraft:snow":190,"minecraft:magenta_wool":7675,"minecraft:furnace":5,"minecraft:iron_trapdoor":16,"minecraft:lime_stained_glass":1,"minecraft:oak_sapling":4,"minecraft:minecart":9,"minecraft:acacia_fence":102,"minecraft:gold_block":15,"minecraft:horn_coral_block":2,"minecraft:stone_pressure_plate":6,"minecraft:orange_stained_glass_pane":13,"minecraft:turtle_egg":51,"minecraft:light_blue_carpet":3,"minecraft:water_bucket":12,"minecraft:end_rod":127,"minecraft:prismarine_brick_slab":36,"minecraft:red_stained_glass":1,"minecraft:yellow_shulker_box":9,"minecraft:powered_rail":8,"minecraft:lime_wool":6,"minecraft:cactus":114,"minecraft:redstone_block":30,"minecraft:structure_void":66,"minecraft:beacon":15,"minecraft:purpur_pillar":6,"minecraft:gold_ore":36,"minecraft:oak_leaves":73,"minecraft:dark_oak_trapdoor":9,"minecraft:comparator":2,"minecraft:orange_carpet":4,"minecraft:sand":91,"minecraft:rail":18,"minecraft:vine":5,"minecraft:tnt":35,"minecraft:lime_bed":1,"minecraft:red_bed":8,"minecraft:light_blue_wool":5,"minecraft:yellow_stained_glass_pane":7,"minecraft:sponge":11,"minecraft:chiseled_quartz_block":72,"minecraft:note_block":10,"minecraft:magenta_carpet":10,"minecraft:end_stone":1,"minecraft:cake":3,"minecraft:bat_spawn_egg":1,"minecraft:birch_fence":17,"minecraft:redstone_torch":3,"minecraft:piston":13,"minecraft:lever":4,"minecraft:flower_pot":29,"minecraft:activator_rail":2,"minecraft:black_concrete":139,"minecraft:command_block":359,"minecraft:lime_carpet":1,"minecraft:heavy_weighted_pressure_plate":6,"minecraft:barrier":231,"minecraft:string":8,"minecraft:stone_button":20,"minecraft:tnt_minecart":9,"minecraft:sign":38,"minecraft:stone_slab":5,"minecraft:purpur_slab":2,"minecraft:iron_door":5,"minecraft:yellow_wool":88,"minecraft:fire_coral_block":23,"minecraft:diamond_sword":146,"minecraft:end_crystal":1,"minecraft:acacia_pressure_plate":2,"minecraft:white_banner":8,"minecraft:chain_command_block":30,"minecraft:repeating_command_block":22,"minecraft:oak_boat":6,"minecraft:white_concrete":13,"minecraft:chorus_plant":62,"minecraft:bone_meal":4,"minecraft:cobweb":32},"minecraft:picked_up":{"minecraft:wooden_axe":3,"minecraft:heavy_weighted_pressure_plate":63,"minecraft:quartz_slab":6,"minecraft:magenta_wool":4,"minecraft:activator_rail":1,"minecraft:red_sand":1,"minecraft:tnt_minecart":1,"minecraft:light_weighted_pressure_plate":2,"minecraft:smooth_quartz":1,"minecraft:stone":3,"minecraft:quartz_block":50,"minecraft:command_block":3,"minecraft:repeating_command_block":2,"minecraft:birch_log":51,"minecraft:spruce_wood":64,"minecraft:stripped_oak_wood":239,"minecraft:stripped_acacia_wood":64,"minecraft:sand":563,"minecraft:oak_wood":64},"minecraft:killed":{"minecraft:slime":147,"minecraft:bat":1},"minecraft:custom":{"minecraft:mob_kills":148,"minecraft:open_shulker_box":79,"minecraft:leave_game":80,"minecraft:time_since_death":42898,"minecraft:climb_one_cm":27066,"minecraft:damage_resisted":125440,"minecraft:sprint_one_cm":1122053,"minecraft:walk_one_cm":1008667,"minecraft:drop":72,"minecraft:play_noteblock":11,"minecraft:sneak_time":139112,"minecraft:deaths":6,"minecraft:walk_under_water_one_cm":6849,"minecraft:boat_one_cm":206491,"minecraft:jump":14445,"minecraft:interact_with_brewingstand":14,"minecraft:walk_on_water_one_cm":10926,"minecraft:interact_with_furnace":13,"minecraft:tune_noteblock":64,"minecraft:play_one_minute":2743693,"minecraft:pot_flower":6,"minecraft:time_since_rest":42921,"minecraft:damage_taken":280,"minecraft:damage_dealt":5010,"minecraft:minecart_one_cm":19712,"minecraft:interact_with_beacon":2,"minecraft:fly_one_cm":19909203,"minecraft:open_chest":23,"minecraft:crouch_one_cm":354222,"minecraft:fall_one_cm":274668},"minecraft:mined":{"minecraft:orange_bed":10,"minecraft:red_bed":8}},"DataVersion":1631}