{"stats":{"minecraft:custom":{"minecraft:time_since_rest":12684,"minecraft:play_one_minute":111672,"minecraft:crouch_one_cm":2281,"minecraft:sprint_one_cm":62637,"minecraft:deaths":1,"minecraft:damage_taken":280,"minecraft:walk_one_cm":26032,"minecraft:sneak_time":1437,"minecraft:drop":1036,"minecraft:jump":770,"minecraft:leave_game":2,"minecraft:time_since_death":12658,"minecraft:interact_with_beacon":1,"minecraft:damage_resisted":3072,"minecraft:fly_one_cm":342269,"minecraft:fall_one_cm":38300},"minecraft:used":{"minecraft:activator_rail":2,"minecraft:quartz_slab":16,"minecraft:red_stained_glass":11,"minecraft:tnt_minecart":96,"minecraft:quartz_block":118,"minecraft:smooth_quartz":6,"minecraft:beacon":1},"minecraft:picked_up":{"minecraft:quartz_block":19,"minecraft:quartz_slab":6,"minecraft:magenta_wool":1,"minecraft:sand":348,"minecraft:stripped_oak_wood":91},"minecraft:dropped":{"minecraft:sand":540,"minecraft:activator_rail":1,"minecraft:stripped_oak_wood":219,"minecraft:stripped_acacia_wood":64,"minecraft:oak_wood":64,"minecraft:birch_log":64,"minecraft:quartz_block":32,"minecraft:magenta_wool":2,"minecraft:tnt_minecart":1,"minecraft:smooth_quartz":1,"minecraft:quartz_slab":7,"minecraft:spruce_wood":64}},"DataVersion":1628}