{"stat.chestOpened":11,"stat.useItem.minecraft.splash_potion":18,"stat.useItem.minecraft.lapis_block":265,"stat.useItem.minecraft.quartz_block":23,"stat.pickup.minecraft.sign":1,"stat.useItem.minecraft.stone":119,"stat.useItem.minecraft.repeater":21,"stat.useItem.minecraft.quartz_stairs":5,"stat.leaveGame":16,"stat.mineBlock.minecraft.slime":1,"stat.useItem.minecraft.skull":1,"stat.drop.minecraft.redstone":3,"stat.useItem.minecraft.glowstone":16,"stat.useItem.minecraft.stained_glass_pane":25,"stat.useItem.minecraft.packed_ice":1,"stat.jump":3218,"stat.swimOneCm":30134,"stat.useItem.minecraft.snow":2,"stat.fallOneCm":5845159,"stat.climbOneCm":9556,"stat.crouchOneCm":52703,"stat.enderchestOpened":24,"stat.useItem.minecraft.dirt":50,"stat.useItem.minecraft.water_bucket":65,"stat.dropperInspected":14,"stat.damageTaken":540538,"stat.useItem.minecraft.gold_block":1,"stat.dispenserInspected":15,"stat.noteblockTuned":2,"stat.useItem.minecraft.slime":1,"stat.flyOneCm":2687392,"stat.mineBlock.minecraft.snow":794,"stat.damageDealt":2706,"stat.pickup.minecraft.redstone":3,"stat.timeSinceDeath":17175,"stat.hopperInspected":1,"stat.useItem.minecraft.sign":467,"stat.useItem.minecraft.command_block":23,"stat.walkOneCm":904772,"stat.playerKills":11,"stat.useItem.minecraft.lever":1,"stat.useItem.minecraft.lava_bucket":137,"stat.noteblockPlayed":5,"stat.drop.minecraft.sign":1,"stat.useItem.minecraft.redstone_block":173,"stat.useItem.minecraft.redstone":48,"stat.useItem.minecraft.sea_lantern":7,"stat.useItem.minecraft.milk_bucket":6,"stat.useItem.minecraft.stained_hardened_clay":499,"stat.sprintOneCm":762089,"stat.useItem.minecraft.diamond_shovel":824,"stat.useItem.minecraft.stained_glass":1,"stat.useItem.minecraft.concrete":66,"stat.pickup.minecraft.gold_ingot":4,"stat.useItem.minecraft.barrier":610,"stat.useItem.minecraft.iron_block":4,"stat.useItem.minecraft.wooden_button":11,"stat.useItem.minecraft.stonebrick":2,"stat.deaths":690,"stat.drop":4,"stat.playOneMinute":794665,"stat.sneakTime":30005,"stat.diveOneCm":48366}