{"stat.useItem.minecraft.string":2,"stat.useItem.minecraft.end_bricks":384,"stat.useItem.minecraft.quartz_block":5003,"stat.leaveGame":139,"stat.useItem.minecraft.bookshelf":381,"stat.useItem.minecraft.soul_sand":1,"stat.drop.minecraft.redstone":3,"stat.useItem.minecraft.repeating_command_block":72,"stat.useItem.minecraft.glowstone":870,"stat.useItem.minecraft.planks":2653,"stat.useItem.minecraft.water_bucket":241,"stat.pickup.minecraft.rotten_flesh":4,"stat.pickup.minecraft.sand":1,"stat.useItem.minecraft.red_nether_brick":475,"stat.useItem.minecraft.vine":74,"stat.useItem.minecraft.rail":63,"stat.useItem.minecraft.anvil":136,"stat.drop.minecraft.sand":1,"stat.drop.minecraft.gold_ingot":7,"stat.hopperInspected":92,"stat.drop.minecraft.golden_sword":3,"stat.trappedChestTriggered":1,"stat.useItem.minecraft.oak_stairs":103,"stat.furnaceInteraction":1,"stat.useItem.minecraft.dark_oak_stairs":58,"stat.pickup.minecraft.wooden_button":3,"stat.drop.minecraft.wooden_pressure_plate":2,"stat.useItem.minecraft.minecart":3,"stat.useItem.minecraft.double_plant":29,"stat.useItem.minecraft.redstone":1198,"stat.drop.minecraft.stained_hardened_clay":2,"stat.drop.minecraft.wooden_button":1,"stat.useItem.minecraft.red_sandstone":81,"stat.useItem.minecraft.trapdoor":20,"stat.useItem.minecraft.stained_glass":3108,"stat.pickup.minecraft.iron_chestplate":2,"stat.useItem.minecraft.fence":278,"stat.useItem.minecraft.stone_stairs":940,"stat.pickup.minecraft.skull":1,"stat.useItem.minecraft.dark_oak_door":4,"stat.useItem.minecraft.ice":567,"stat.useItem.minecraft.flint_and_steel":34,"stat.useItem.minecraft.wooden_button":188,"stat.useItem.minecraft.hopper":232,"stat.useItem.minecraft.dye":376,"stat.deaths":1468,"stat.pickup.minecraft.egg":1,"stat.playOneMinute":5051180,"stat.useItem.minecraft.nether_brick":316,"stat.chestOpened":127,"stat.useItem.minecraft.lapis_ore":14,"stat.useItem.minecraft.stone":3250,"stat.useItem.minecraft.jungle_fence":1,"stat.useItem.minecraft.sponge":8,"stat.pickup.minecraft.wooden_pressure_plate":2,"stat.useItem.minecraft.ender_chest":6,"stat.useItem.minecraft.clay":18,"stat.useItem.minecraft.packed_ice":2357,"stat.fallOneCm":13477943,"stat.drop.minecraft.stone":2,"stat.useItem.minecraft.trapped_chest":1,"stat.crouchOneCm":508997,"stat.useItem.minecraft.nether_brick_fence":19,"stat.craftingTableInteraction":3,"stat.useItem.minecraft.emerald_ore":4,"stat.dropperInspected":24,"stat.pickup.minecraft.comparator":3,"stat.useItem.minecraft.golden_rail":57,"stat.useItem.minecraft.dark_oak_fence":514,"stat.useItem.minecraft.furnace":2,"stat.useItem.minecraft.reeds":39,"stat.pickup.minecraft.slime":1,"stat.drop.minecraft.concrete":3,"stat.mineBlock.minecraft.snow":424,"stat.killEntity.Rabbit":6,"stat.useItem.minecraft.wool":5419,"stat.useItem.minecraft.iron_bars":194,"stat.flowerPotted":2,"stat.pickup.minecraft.flint_and_steel":1,"stat.useItem.minecraft.torch":90,"stat.useItem.minecraft.log":2710,"stat.useItem.minecraft.comparator":193,"stat.useItem.minecraft.cobblestone":216,"stat.useItem.minecraft.gravel":5,"stat.drop.minecraft.sign":3,"stat.drop.minecraft.iron_door":1,"stat.pickup.minecraft.hopper":1,"stat.pickup.minecraft.chicken":1,"stat.useItem.minecraft.glass_pane":4,"stat.killEntity.PolarBear":1,"stat.useItem.minecraft.barrier":882,"stat.drop.minecraft.comparator":3,"stat.useItem.minecraft.wooden_pressure_plate":89,"stat.useItem.minecraft.stonebrick":3673,"stat.pickup.minecraft.golden_sword":3,"stat.useItem.minecraft.monster_egg":89,"stat.useItem.minecraft.spruce_door":4,"stat.pickup.minecraft.iron_door":1,"stat.sneakTime":278265,"stat.pickup.minecraft.wool":102,"stat.pickup.minecraft.rabbit":5,"stat.drop.minecraft.grass":1,"stat.useItem.minecraft.web":4,"stat.useItem.minecraft.brick_stairs":101,"stat.useItem.minecraft.lapis_block":150,"stat.pickup.minecraft.bone":21,"stat.pickup.minecraft.redstone_torch":1,"stat.useItem.minecraft.repeater":804,"stat.useItem.minecraft.log2":1784,"stat.useItem.minecraft.skull":36,"stat.useItem.minecraft.diamond_sword":15,"stat.swimOneCm":56685,"stat.useItem.minecraft.snow":205,"stat.useItem.minecraft.concrete_powder":45,"stat.climbOneCm":31132,"stat.drop.minecraft.sticky_piston":1,"stat.useItem.minecraft.end_rod":13,"stat.useItem.minecraft.coal_block":5,"stat.enderchestOpened":43,"stat.useItem.minecraft.redstone_torch":226,"stat.useItem.minecraft.obsidian":953,"stat.useItem.minecraft.dirt":404,"stat.useItem.minecraft.stone_slab2":4431,"stat.useItem.minecraft.leaves2":112,"stat.useItem.minecraft.iron_ore":57,"stat.mineBlock.minecraft.clay":2,"stat.useItem.minecraft.brick_block":201,"stat.flyOneCm":28489789,"stat.drop.minecraft.iron_helmet":1,"stat.pickup.minecraft.fish":16,"stat.pickup.minecraft.redstone":2,"stat.timeSinceDeath":9941,"stat.useItem.minecraft.sign":695,"stat.useItem.minecraft.wooden_slab":213,"stat.pickup.minecraft.mutton":14,"stat.useItem.minecraft.iron_door":3,"stat.drop.minecraft.repeater":1,"stat.useItem.minecraft.lever":30,"stat.pickup.minecraft.chainmail_helmet":1,"stat.drop.minecraft.flint_and_steel":1,"stat.drop.minecraft.dirt":1,"stat.drop.minecraft.wool":6,"stat.useItem.minecraft.armor_stand":3,"stat.drop.minecraft.bedrock":2,"stat.useItem.minecraft.sea_lantern":3321,"stat.useItem.minecraft.spruce_fence":14,"stat.useItem.minecraft.dropper":52,"stat.sprintOneCm":2344729,"stat.useItem.minecraft.diamond_shovel":444,"stat.useItem.minecraft.diamond_block":38,"stat.useItem.minecraft.stone_slab":697,"stat.useItem.minecraft.bed":1,"stat.useItem.minecraft.magenta_glazed_terracotta":30,"stat.useItem.minecraft.structure_block":108,"stat.useItem.minecraft.stone_pressure_plate":4,"stat.useItem.minecraft.bucket":1,"stat.drop":57,"stat.pickup.minecraft.stone_button":4,"stat.useItem.minecraft.ladder":93,"stat.useItem.minecraft.diamond_ore":9,"stat.useItem.minecraft.purpur_block":9,"stat.pickup.minecraft.snowball":11,"stat.useItem.minecraft.birch_stairs":11,"stat.diveOneCm":95521,"stat.useItem.minecraft.structure_void":67,"stat.useItem.minecraft.sticky_piston":36,"stat.pickup.minecraft.sign":451,"stat.useItem.minecraft.quartz_stairs":359,"stat.useItem.minecraft.waterlily":251,"stat.drop.minecraft.golden_shovel":1,"stat.drop.minecraft.chainmail_helmet":2,"stat.useItem.minecraft.carpet":202,"stat.useItem.minecraft.stained_glass_pane":343,"stat.useItem.minecraft.flower_pot":2,"stat.useItem.minecraft.bedrock":1031,"stat.jump":17601,"stat.useItem.minecraft.iron_trapdoor":49,"stat.useItem.minecraft.sand":66,"stat.pickup.minecraft.iron_ingot":2,"stat.useItem.minecraft.piston":48,"stat.useItem.minecraft.stone_button":45,"stat.useItem.minecraft.coal_ore":102,"stat.useItem.minecraft.glass":539,"stat.useItem.minecraft.dispenser":4,"stat.drop.minecraft.barrier":1,"stat.boatOneCm":32951,"stat.useItem.minecraft.sapling":44,"stat.pickup.minecraft.command_block":1,"stat.useItem.minecraft.redstone_lamp":137,"stat.damageTaken":1267700,"stat.useItem.minecraft.stone_brick_stairs":192,"stat.useItem.minecraft.gold_block":185,"stat.dispenserInspected":40,"stat.drop.minecraft.stone_button":2,"stat.noteblockTuned":11,"stat.useItem.minecraft.slime":46,"stat.pickup.minecraft.concrete":2,"stat.useItem.minecraft.birch_fence":36,"stat.useItem.minecraft.magma":1,"stat.pickup.minecraft.rabbit_hide":3,"stat.damageDealt":2830,"stat.useItem.minecraft.crafting_table":18,"stat.useItem.minecraft.command_block":1257,"stat.walkOneCm":5318848,"stat.useItem.minecraft.chest":52,"stat.playerKills":11,"stat.useItem.minecraft.pumpkin":5,"stat.useItem.minecraft.observer":1,"stat.useItem.minecraft.tnt":4,"stat.useItem.minecraft.emerald_block":160,"stat.useItem.minecraft.lava_bucket":198,"stat.useItem.minecraft.gold_ore":30,"stat.pickup.minecraft.rabbit_foot":1,"stat.useItem.minecraft.redstone_block":149,"stat.useItem.minecraft.item_frame":5,"stat.drop.minecraft.iron_chestplate":1,"stat.useItem.minecraft.spruce_stairs":60,"stat.drop.minecraft.slime":1,"stat.useItem.minecraft.stained_hardened_clay":1252,"stat.useItem.minecraft.leaves":1552,"stat.drop.minecraft.command_block":2,"stat.useItem.minecraft.redstone_ore":39,"stat.useItem.minecraft.cactus":17,"stat.useItem.minecraft.concrete":12406,"stat.pickup.minecraft.gold_ingot":2757,"stat.useItem.minecraft.netherrack":15,"stat.useItem.minecraft.prismarine":70,"stat.useItem.minecraft.tripwire_hook":4,"stat.killEntity.Chicken":1,"stat.useItem.minecraft.iron_block":342,"stat.pickup.minecraft.concrete_powder":1,"stat.mobKills":12,"stat.drop.minecraft.diamond_boots":1,"stat.pickup.minecraft.diamond_boots":1,"stat.drop.minecraft.repeating_command_block":1,"stat.pickup.minecraft.golden_shovel":1,"stat.useItem.minecraft.cobblestone_wall":30,"stat.useItem.minecraft.purpur_slab":11,"stat.useItem.minecraft.sandstone":1174}