{"stats":{"minecraft:dropped":{"minecraft:amethyst_shard":2600,"minecraft:grass_block":1},"minecraft:custom":{"minecraft:open_chest":68,"minecraft:time_since_rest":37914,"minecraft:play_one_minute":37914,"minecraft:crouch_one_cm":11181,"minecraft:sprint_one_cm":79753,"minecraft:walk_one_cm":73184,"minecraft:sneak_time":3661,"minecraft:drop":324,"minecraft:jump":374,"minecraft:inspect_hopper":7,"minecraft:leave_game":1,"minecraft:time_since_death":37914,"minecraft:interact_with_crafting_table":1,"minecraft:fall_one_cm":2148,"minecraft:fly_one_cm":61840},"minecraft:used":{"minecraft:calcite":25,"minecraft:amethyst_cluster":18,"minecraft:sticky_piston":9,"minecraft:torch":91,"minecraft:lever":13,"minecraft:repeater":11,"minecraft:crafting_table":1,"minecraft:hopper":271,"minecraft:grass_block":72,"minecraft:redstone":34,"minecraft:slime_block":3,"minecraft:chest":29,"minecraft:stone":17,"minecraft:stone_brick_stairs":22},"minecraft:picked_up":{"minecraft:sticky_piston":1,"minecraft:stone":1,"minecraft:slime_block":1,"minecraft:torch":1,"minecraft:lever":2,"minecraft:amethyst_shard":56206,"minecraft:grass_block":2,"minecraft:redstone":2,"minecraft:chest":1,"minecraft:hopper":1}},"DataVersion":2681}