{"stats":{"minecraft:picked_up":{"minecraft:feather":4,"minecraft:chicken":2,"minecraft:rotten_flesh":526,"minecraft:gold_nugget":523,"minecraft:gold_ingot":32,"minecraft:golden_sword":168,"minecraft:chest":4,"minecraft:rail":3},"minecraft:dropped":{"minecraft:golden_sword":22},"minecraft:custom":{"minecraft:open_chest":3,"minecraft:time_since_rest":13464,"minecraft:play_one_minute":13464,"minecraft:crouch_one_cm":532,"minecraft:sprint_one_cm":347,"minecraft:walk_one_cm":8146,"minecraft:sneak_time":576,"minecraft:interact_with_anvil":1,"minecraft:mob_kills":1,"minecraft:drop":22,"minecraft:jump":22,"minecraft:inspect_hopper":7,"minecraft:damage_dealt":9,"minecraft:leave_game":1,"minecraft:time_since_death":13464,"minecraft:climb_one_cm":1352,"minecraft:fly_one_cm":30588},"minecraft:used":{"minecraft:piston":16,"minecraft:zombie_pigman_spawn_egg":5,"minecraft:rail":9,"minecraft:anvil":1,"minecraft:black_stained_glass":9,"minecraft:flint_and_steel":1,"minecraft:minecart":96,"minecraft:gold_block":5,"minecraft:chest":12,"minecraft:redstone_block":5,"minecraft:hopper_minecart":4,"minecraft:obsidian":16}},"DataVersion":2230}