{"stats":{"minecraft:used":{"minecraft:oak_trapdoor":15,"minecraft:oak_fence":51,"minecraft:emerald_ore":7,"minecraft:nether_brick_fence":33,"minecraft:mossy_stone_bricks":21,"minecraft:diorite":2,"minecraft:end_stone_bricks":28,"minecraft:end_rod":42,"minecraft:iron_bars":22,"minecraft:iron_ore":6,"minecraft:snow_block":9,"minecraft:red_stained_glass":171,"minecraft:red_concrete":87,"minecraft:armor_stand":2,"minecraft:dispenser":4,"minecraft:redstone":110,"minecraft:ladder":48,"minecraft:oak_planks":62,"minecraft:oak_sign":24,"minecraft:ender_pearl":45,"minecraft:chest":12,"minecraft:ender_chest":2,"minecraft:cut_sandstone":1,"minecraft:end_stone_brick_slab":12,"minecraft:magenta_stained_glass":13,"minecraft:sheep_spawn_egg":2,"minecraft:gold_ore":6,"minecraft:netherrack":162,"minecraft:dirt":9,"minecraft:vine":6,"minecraft:oak_slab":7,"minecraft:blue_stained_glass":7,"minecraft:shulker_box":4,"minecraft:nether_brick_slab":54,"minecraft:stone_stairs":11,"minecraft:dark_oak_fence_gate":16,"minecraft:gray_concrete":74,"minecraft:end_stone":45,"minecraft:obsidian":28,"minecraft:redstone_torch":79,"minecraft:sticky_piston":2,"minecraft:glass":146,"minecraft:lever":2,"minecraft:sea_lantern":132,"minecraft:lava_bucket":1,"minecraft:chiseled_sandstone":4,"minecraft:command_block":55,"minecraft:light_weighted_pressure_plate":6,"minecraft:lantern":1,"minecraft:grass_block":78,"minecraft:barrier":38,"minecraft:string":419,"minecraft:stone_button":15,"minecraft:lapis_ore":7,"minecraft:smooth_quartz":22,"minecraft:diamond_ore":4,"minecraft:stone_brick_stairs":9,"minecraft:stone_bricks":3,"minecraft:bedrock":45,"minecraft:glowstone":8,"minecraft:chiseled_stone_bricks":8,"minecraft:tripwire_hook":66,"minecraft:red_carpet":18,"minecraft:repeater":98,"minecraft:red_nether_brick_wall":8,"minecraft:magma_block":2,"minecraft:snow":4,"minecraft:end_crystal":1,"minecraft:iron_trapdoor":2,"minecraft:repeating_command_block":1,"minecraft:mossy_cobblestone_wall":11,"minecraft:end_portal_frame":40,"minecraft:white_concrete":16,"minecraft:cobweb":7},"minecraft:picked_up":{"minecraft:lingering_potion":1,"minecraft:barrier":1,"minecraft:tripwire_hook":25,"minecraft:oak_sign":3,"minecraft:redstone_torch":2,"minecraft:fire_charge":364,"minecraft:sand":6,"minecraft:stone_button":3,"minecraft:grass_block":1,"minecraft:redstone":1,"minecraft:command_block":1,"minecraft:oak_button":1,"minecraft:rail":2,"minecraft:ender_pearl":368},"minecraft:custom":{"minecraft:play_one_minute":414610,"minecraft:open_shulker_box":9,"minecraft:leave_game":6,"minecraft:time_since_death":411950,"minecraft:climb_one_cm":19051,"minecraft:damage_resisted":198631,"minecraft:time_since_rest":411975,"minecraft:sprint_one_cm":218360,"minecraft:damage_taken":200,"minecraft:walk_one_cm":507394,"minecraft:drop":26,"minecraft:damage_dealt":71,"minecraft:minecart_one_cm":7292,"minecraft:fly_one_cm":967769,"minecraft:open_chest":5,"minecraft:crouch_one_cm":23292,"minecraft:deaths":7,"minecraft:sneak_time":14171,"minecraft:jump":3547,"minecraft:fall_one_cm":100366,"minecraft:inspect_dispenser":2},"minecraft:dropped":{"minecraft:ender_pearl":257,"minecraft:barrier":1,"minecraft:command_block":1,"minecraft:rail":2,"minecraft:fire_charge":306}},"DataVersion":2230}