{"stats":{"minecraft:used":{"minecraft:oak_trapdoor":2,"minecraft:emerald_ore":15,"minecraft:nether_brick_fence":9,"minecraft:mossy_stone_bricks":8,"minecraft:end_rod":65,"minecraft:iron_bars":1,"minecraft:end_stone_bricks":16,"minecraft:iron_ore":27,"minecraft:flint_and_steel":5,"minecraft:armor_stand":3,"minecraft:acacia_trapdoor":10,"minecraft:red_stained_glass":739,"minecraft:red_concrete":33,"minecraft:dispenser":3,"minecraft:redstone":40,"minecraft:oak_planks":29,"minecraft:ladder":17,"minecraft:oak_sign":33,"minecraft:ender_pearl":57,"minecraft:chest":5,"minecraft:stone":2,"minecraft:end_stone_brick_slab":44,"minecraft:cauldron":9,"minecraft:magenta_stained_glass":20,"minecraft:player_head":10,"minecraft:gold_ore":2,"minecraft:netherrack":48,"minecraft:cracked_stone_bricks":10,"minecraft:dark_oak_trapdoor":8,"minecraft:dirt":23,"minecraft:anvil":1,"minecraft:rail":9,"minecraft:hopper":4,"minecraft:nether_quartz_ore":6,"minecraft:nether_brick_slab":5,"minecraft:gray_concrete":26,"minecraft:end_stone":21,"minecraft:spruce_log":2,"minecraft:nether_brick_stairs":8,"minecraft:obsidian":5,"minecraft:redstone_torch":7,"minecraft:sticky_piston":8,"minecraft:glass":194,"minecraft:piston":2,"minecraft:sea_lantern":127,"minecraft:lava_bucket":8,"minecraft:coal_ore":20,"minecraft:bookshelf":19,"minecraft:command_block":1,"minecraft:heavy_weighted_pressure_plate":1,"minecraft:lantern":2,"minecraft:grass_block":23,"minecraft:oak_button":3,"minecraft:barrier":12,"minecraft:string":915,"minecraft:stone_button":7,"minecraft:lapis_ore":2,"minecraft:polished_granite":3,"minecraft:gray_concrete_powder":1,"minecraft:smooth_quartz":22,"minecraft:diamond_ore":12,"minecraft:stone_bricks":2,"minecraft:acacia_fence_gate":11,"minecraft:bedrock":4,"minecraft:tripwire_hook":8,"minecraft:red_carpet":44,"minecraft:red_nether_brick_wall":3,"minecraft:minecart":7,"minecraft:smooth_stone_slab":1,"minecraft:end_portal_frame":10,"minecraft:end_stone_brick_stairs":23,"minecraft:splash_potion":1},"minecraft:picked_up":{"minecraft:lingering_potion":32,"minecraft:repeater":2,"minecraft:tripwire_hook":3,"minecraft:ladder":2,"minecraft:potion":2,"minecraft:bedrock":1,"minecraft:red_carpet":2,"minecraft:glass":2,"minecraft:player_head":1,"minecraft:chest":1,"minecraft:fire_charge":235,"minecraft:stone_button":4,"minecraft:redstone":4,"minecraft:prismarine_crystals":32,"minecraft:dispenser":1,"minecraft:rail":4,"minecraft:ender_pearl":320},"minecraft:custom":{"minecraft:interact_with_anvil":1,"minecraft:mob_kills":2,"minecraft:inspect_hopper":5,"minecraft:play_one_minute":376938,"minecraft:interact_with_stonecutter":1,"minecraft:leave_game":9,"minecraft:time_since_death":376047,"minecraft:climb_one_cm":16792,"minecraft:damage_resisted":104257,"minecraft:time_since_rest":376076,"minecraft:walk_one_cm":451942,"minecraft:sprint_one_cm":83269,"minecraft:open_enderchest":1,"minecraft:damage_taken":1500,"minecraft:drop":125,"minecraft:minecart_one_cm":1790,"minecraft:damage_dealt":53,"minecraft:fly_one_cm":649206,"minecraft:open_chest":13,"minecraft:crouch_one_cm":19556,"minecraft:deaths":6,"minecraft:sneak_time":15050,"minecraft:jump":1830,"minecraft:fall_one_cm":65685,"minecraft:inspect_dispenser":12},"minecraft:dropped":{"minecraft:oak_trapdoor":1,"minecraft:player_head":2,"minecraft:ender_pearl":1,"minecraft:prismarine_crystals":32,"minecraft:oak_planks":1,"minecraft:red_stained_glass":2,"minecraft:bedrock":2,"minecraft:oak_sign":1,"minecraft:grass_block":1,"minecraft:sea_lantern":2,"minecraft:stone_button":2,"minecraft:lingering_potion":61,"minecraft:ladder":2,"minecraft:chest":4,"minecraft:fire_charge":293,"minecraft:glass":5,"minecraft:redstone":1},"minecraft:mined":{"minecraft:grass_block":1,"minecraft:dirt":3},"minecraft:killed":{"minecraft:slime":1}},"DataVersion":2230}